hole_id,prospect,sample_id,depth_from,depth_to,length,lith1,alt_1_type,alt_1_style,Au_ppm_preferred,Ag_ppm,Al_pct,As_ppm,B_ppm,Ba_ppm,Be_ppm,Bi_ppm,Ca_pct,Cd_ppm,Ce_ppm,Co_ppm,Cr_ppm,Cs_ppm,Cu_ppm,Fe_pct,Ga_ppm,Ge_ppm,Hf_ppm,Hg_ppm,In_ppm,K_pct,La_ppm,Li_ppm,Lu_ppm,Mg_pct,Mn_pct,Mo_ppm,Na_pct,Nb_ppm,Ni_ppm,P_pct,Pb_ppm,Rb_ppm,Re_ppm,S_pct,Sb_ppm,Sc_ppm,Se_ppm,Sn_ppm,Sr_ppm,Ta_ppm,Tb_ppm,Te_ppm,Th_ppm,Ti_pct,Tl_ppm,U_ppm,V_ppm,W_ppm,Y_ppm,Yb_ppm,Zn_ppm,Zr_ppm
HOLE_001,Jerimum de Cima,100000,0.00,3.00,3.00,QC,,,0.11,,,,,,,,,,,,,,,,,,,,,,,,,,,,,,,,,,,,,,,,,,,,,,,,,,,,,
HOLE_001,Jerimum de Cima,100001,3.00,6.00,3.00,SAP,,,0.13,,,,,,,,,,,,,,,,,,,,,,,,,,,,,,,,,,,,,,,,,,,,,,,,,,,,,
HOLE_001,Jerimum de Cima,100002,6.00,9.00,3.00,SAP,,,0.08,,,,,,,,,,,,,,,,,,,,,,,,,,,,,,,,,,,,,,,,,,,,,,,,,,,,,
HOLE_001,Jerimum de Cima,100003,9.00,12.00,3.00,SAP,,,0.25,,,,,,,,,,,,,,,,,,,,,,,,,,,,,,,,,,,,,,,,,,,,,,,,,,,,,
HOLE_001,Jerimum de Cima,100004,12.00,18.00,6.00,SAP,,,0.50,,,,,,,,,,,,,,,,,,,,,,,,,,,,,,,,,,,,,,,,,,,,,,,,,,,,,
HOLE_001,Jerimum de Cima,100005,18.00,22.00,4.00,SAP,,,0.16,,,,,,,,,,,,,,,,,,,,,,,,,,,,,,,,,,,,,,,,,,,,,,,,,,,,,
HOLE_001,Jerimum de Cima,100006,22.00,25.00,3.00,SAP,,,0.01,,,,,,,,,,,,,,,,,,,,,,,,,,,,,,,,,,,,,,,,,,,,,,,,,,,,,
HOLE_001,Jerimum de Cima,100007,25.00,27.00,2.00,SAP,,,0.01,,,,,,,,,,,,,,,,,,,,,,,,,,,,,,,,,,,,,,,,,,,,,,,,,,,,,
HOLE_001,Jerimum de Cima,100008,27.00,30.00,3.00,SAP,,,0.00,,,,,,,,,,,,,,,,,,,,,,,,,,,,,,,,,,,,,,,,,,,,,,,,,,,,,
HOLE_001,Jerimum de Cima,100009,30.00,33.00,3.00,SAP,,,0.01,,,,,,,,,,,,,,,,,,,,,,,,,,,,,,,,,,,,,,,,,,,,,,,,,,,,,
HOLE_001,Jerimum de Cima,100010,33.00,36.00,3.00,SAP,,,0.01,,,,,,,,,,,,,,,,,,,,,,,,,,,,,,,,,,,,,,,,,,,,,,,,,,,,,
HOLE_001,Jerimum de Cima,100011,36.00,38.00,2.00,SAP,,,0.01,,,,,,,,,,,,,,,,,,,,,,,,,,,,,,,,,,,,,,,,,,,,,,,,,,,,,
HOLE_001,Jerimum de Cima,100012,38.00,40.00,2.00,SAP,,,0.00,,,,,,,,,,,,,,,,,,,,,,,,,,,,,,,,,,,,,,,,,,,,,,,,,,,,,
HOLE_001,Jerimum de Cima,100013,40.00,42.00,2.00,SAP,,,0.00,,,,,,,,,,,,,,,,,,,,,,,,,,,,,,,,,,,,,,,,,,,,,,,,,,,,,
HOLE_001,Jerimum de Cima,100014,42.00,44.00,2.00,SAP,,,0.00,,,,,,,,,,,,,,,,,,,,,,,,,,,,,,,,,,,,,,,,,,,,,,,,,,,,,
HOLE_001,Jerimum de Cima,100015,44.00,46.00,2.00,SAP,,,0.09,,,,,,,,,,,,,,,,,,,,,,,,,,,,,,,,,,,,,,,,,,,,,,,,,,,,,
HOLE_001,Jerimum de Cima,100016,46.00,48.00,2.00,SAP,,,0.00,,,,,,,,,,,,,,,,,,,,,,,,,,,,,,,,,,,,,,,,,,,,,,,,,,,,,
HOLE_001,Jerimum de Cima,100017,48.00,50.00,2.00,SAP,,,0.00,,,,,,,,,,,,,,,,,,,,,,,,,,,,,,,,,,,,,,,,,,,,,,,,,,,,,
HOLE_001,Jerimum de Cima,100018,50.00,52.00,2.00,SAP,,,0.01,,,,,,,,,,,,,,,,,,,,,,,,,,,,,,,,,,,,,,,,,,,,,,,,,,,,,
HOLE_001,Jerimum de Cima,100019,52.00,54.00,2.00,SAP,,,0.01,,,,,,,,,,,,,,,,,,,,,,,,,,,,,,,,,,,,,,,,,,,,,,,,,,,,,
HOLE_001,Jerimum de Cima,100020,54.00,56.00,2.00,SAP,,,0.01,,,,,,,,,,,,,,,,,,,,,,,,,,,,,,,,,,,,,,,,,,,,,,,,,,,,,
HOLE_001,Jerimum de Cima,100021,56.00,58.00,2.00,SAP,,,0.00,,,,,,,,,,,,,,,,,,,,,,,,,,,,,,,,,,,,,,,,,,,,,,,,,,,,,
HOLE_001,Jerimum de Cima,100022,58.00,60.00,2.00,SAP,,,0.00,,,,,,,,,,,,,,,,,,,,,,,,,,,,,,,,,,,,,,,,,,,,,,,,,,,,,
HOLE_001,Jerimum de Cima,100023,60.00,62.00,2.00,SAP,,,0.00,,,,,,,,,,,,,,,,,,,,,,,,,,,,,,,,,,,,,,,,,,,,,,,,,,,,,
HOLE_001,Jerimum de Cima,100024,62.00,65.00,3.00,SAP,,,0.01,,,,,,,,,,,,,,,,,,,,,,,,,,,,,,,,,,,,,,,,,,,,,,,,,,,,,
HOLE_001,Jerimum de Cima,100025,65.00,67.00,2.00,SAP,,,0.02,,,,,,,,,,,,,,,,,,,,,,,,,,,,,,,,,,,,,,,,,,,,,,,,,,,,,
HOLE_001,Jerimum de Cima,100026,67.00,70.00,3.00,SAP,,,0.01,,,,,,,,,,,,,,,,,,,,,,,,,,,,,,,,,,,,,,,,,,,,,,,,,,,,,
HOLE_001,Jerimum de Cima,100027,70.00,72.30,2.30,SAP,,,0.00,,,,,,,,,,,,,,,,,,,,,,,,,,,,,,,,,,,,,,,,,,,,,,,,,,,,,
HOLE_001,Jerimum de Cima,100028,72.30,74.30,2.00,IG,CT,PH,0.01,,,,,,,,,,,,,,,,,,,,,,,,,,,,,,,,,,,,,,,,,,,,,,,,,,,,,
HOLE_001,Jerimum de Cima,100029,74.30,76.30,2.00,IG,CT,PH,0.01,,,,,,,,,,,,,,,,,,,,,,,,,,,,,,,,,,,,,,,,,,,,,,,,,,,,,
HOLE_001,Jerimum de Cima,100030,76.30,78.30,2.00,IG,CT,PH,0.01,,,,,,,,,,,,,,,,,,,,,,,,,,,,,,,,,,,,,,,,,,,,,,,,,,,,,
HOLE_001,Jerimum de Cima,100031,78.30,80.30,2.00,IG,CT,PH,0.01,,,,,,,,,,,,,,,,,,,,,,,,,,,,,,,,,,,,,,,,,,,,,,,,,,,,,
HOLE_001,Jerimum de Cima,100032,80.30,82.30,2.00,IG,CT,PH,0.06,,,,,,,,,,,,,,,,,,,,,,,,,,,,,,,,,,,,,,,,,,,,,,,,,,,,,
HOLE_001,Jerimum de Cima,100033,82.30,84.30,2.00,IG,CTHM,PH,0.01,,,,,,,,,,,,,,,,,,,,,,,,,,,,,,,,,,,,,,,,,,,,,,,,,,,,,
HOLE_001,Jerimum de Cima,100034,84.30,86.30,2.00,IG,CTHM,PH,0.01,,,,,,,,,,,,,,,,,,,,,,,,,,,,,,,,,,,,,,,,,,,,,,,,,,,,,
HOLE_001,Jerimum de Cima,100035,86.30,88.30,2.00,IG,CTHM,PV,0.01,,,,,,,,,,,,,,,,,,,,,,,,,,,,,,,,,,,,,,,,,,,,,,,,,,,,,
HOLE_001,Jerimum de Cima,100036,88.30,90.30,2.00,IG,CTHM,PV,0.02,,,,,,,,,,,,,,,,,,,,,,,,,,,,,,,,,,,,,,,,,,,,,,,,,,,,,
HOLE_001,Jerimum de Cima,100037,90.30,91.30,1.00,IG,CTHM,PV,0.01,,,,,,,,,,,,,,,,,,,,,,,,,,,,,,,,,,,,,,,,,,,,,,,,,,,,,
HOLE_001,Jerimum de Cima,100038,91.30,92.30,1.00,IG,CTHM,PV,0.10,,,,,,,,,,,,,,,,,,,,,,,,,,,,,,,,,,,,,,,,,,,,,,,,,,,,,
HOLE_001,Jerimum de Cima,100039,92.30,94.30,2.00,IG,CTHM,PV,0.05,,,,,,,,,,,,,,,,,,,,,,,,,,,,,,,,,,,,,,,,,,,,,,,,,,,,,
HOLE_001,Jerimum de Cima,100040,94.30,95.30,1.00,IG,CTHM,PH,0.01,,,,,,,,,,,,,,,,,,,,,,,,,,,,,,,,,,,,,,,,,,,,,,,,,,,,,
HOLE_001,Jerimum de Cima,100041,95.30,96.30,1.00,IG,CTHM,PH,0.04,,,,,,,,,,,,,,,,,,,,,,,,,,,,,,,,,,,,,,,,,,,,,,,,,,,,,
HOLE_001,Jerimum de Cima,100042,96.30,97.30,1.00,IG,CTHM,PV,0.03,,,,,,,,,,,,,,,,,,,,,,,,,,,,,,,,,,,,,,,,,,,,,,,,,,,,,
HOLE_001,Jerimum de Cima,100043,97.30,99.30,2.00,IG,,,0.35,,,,,,,,,,,,,,,,,,,,,,,,,,,,,,,,,,,,,,,,,,,,,,,,,,,,,
HOLE_001,Jerimum de Cima,100044,99.30,100.30,1.00,IG,,,0.01,,,,,,,,,,,,,,,,,,,,,,,,,,,,,,,,,,,,,,,,,,,,,,,,,,,,,
HOLE_001,Jerimum de Cima,100045,100.30,102.30,2.00,IG,,,0.00,,,,,,,,,,,,,,,,,,,,,,,,,,,,,,,,,,,,,,,,,,,,,,,,,,,,,
HOLE_001,Jerimum de Cima,100046,102.30,103.30,1.00,IG,,,0.05,,,,,,,,,,,,,,,,,,,,,,,,,,,,,,,,,,,,,,,,,,,,,,,,,,,,,
HOLE_001,Jerimum de Cima,100047,103.30,104.30,1.00,IG,,,0.00,,,,,,,,,,,,,,,,,,,,,,,,,,,,,,,,,,,,,,,,,,,,,,,,,,,,,
HOLE_001,Jerimum de Cima,100048,104.30,105.30,1.00,IG,,,0.02,,,,,,,,,,,,,,,,,,,,,,,,,,,,,,,,,,,,,,,,,,,,,,,,,,,,,
HOLE_001,Jerimum de Cima,100049,105.30,106.30,1.00,IG,,,0.00,,,,,,,,,,,,,,,,,,,,,,,,,,,,,,,,,,,,,,,,,,,,,,,,,,,,,
HOLE_001,Jerimum de Cima,100050,106.30,108.30,2.00,IG,,,0.00,,,,,,,,,,,,,,,,,,,,,,,,,,,,,,,,,,,,,,,,,,,,,,,,,,,,,
HOLE_001,Jerimum de Cima,100051,108.30,110.30,2.00,IG,,,0.00,,,,,,,,,,,,,,,,,,,,,,,,,,,,,,,,,,,,,,,,,,,,,,,,,,,,,
HOLE_001,Jerimum de Cima,100052,110.30,111.30,1.00,IG,,,0.00,,,,,,,,,,,,,,,,,,,,,,,,,,,,,,,,,,,,,,,,,,,,,,,,,,,,,
HOLE_001,Jerimum de Cima,100053,111.30,112.30,1.00,IG,,,0.01,,,,,,,,,,,,,,,,,,,,,,,,,,,,,,,,,,,,,,,,,,,,,,,,,,,,,
HOLE_001,Jerimum de Cima,100054,112.30,114.30,2.00,IG,,,0.00,,,,,,,,,,,,,,,,,,,,,,,,,,,,,,,,,,,,,,,,,,,,,,,,,,,,,
HOLE_001,Jerimum de Cima,100055,114.30,116.30,2.00,IG,,,0.00,,,,,,,,,,,,,,,,,,,,,,,,,,,,,,,,,,,,,,,,,,,,,,,,,,,,,
HOLE_001,Jerimum de Cima,100056,116.30,118.30,2.00,IG,,,0.00,,,,,,,,,,,,,,,,,,,,,,,,,,,,,,,,,,,,,,,,,,,,,,,,,,,,,
HOLE_001,Jerimum de Cima,100057,118.30,120.30,2.00,IG,,,0.00,,,,,,,,,,,,,,,,,,,,,,,,,,,,,,,,,,,,,,,,,,,,,,,,,,,,,
HOLE_001,Jerimum de Cima,100058,120.30,122.30,2.00,IG,,,0.00,,,,,,,,,,,,,,,,,,,,,,,,,,,,,,,,,,,,,,,,,,,,,,,,,,,,,
HOLE_001,Jerimum de Cima,100059,122.30,124.30,2.00,IG,,,0.00,,,,,,,,,,,,,,,,,,,,,,,,,,,,,,,,,,,,,,,,,,,,,,,,,,,,,
HOLE_001,Jerimum de Cima,100060,124.30,126.30,2.00,IG,,,0.00,,,,,,,,,,,,,,,,,,,,,,,,,,,,,,,,,,,,,,,,,,,,,,,,,,,,,
HOLE_001,Jerimum de Cima,100061,126.30,127.30,1.00,IG,,,0.00,,,,,,,,,,,,,,,,,,,,,,,,,,,,,,,,,,,,,,,,,,,,,,,,,,,,,
HOLE_001,Jerimum de Cima,100062,127.30,128.30,1.00,IG,,,0.00,,,,,,,,,,,,,,,,,,,,,,,,,,,,,,,,,,,,,,,,,,,,,,,,,,,,,
HOLE_001,Jerimum de Cima,100063,128.30,130.30,2.00,IG,,,0.00,,,,,,,,,,,,,,,,,,,,,,,,,,,,,,,,,,,,,,,,,,,,,,,,,,,,,
HOLE_001,Jerimum de Cima,100064,130.30,131.80,1.50,IG,,,0.00,,,,,,,,,,,,,,,,,,,,,,,,,,,,,,,,,,,,,,,,,,,,,,,,,,,,,
HOLE_001,Jerimum de Cima,100065,131.80,132.80,1.00,IG,,,0.01,,,,,,,,,,,,,,,,,,,,,,,,,,,,,,,,,,,,,,,,,,,,,,,,,,,,,
HOLE_001,Jerimum de Cima,100066,132.80,133.60,0.80,IG,,,0.08,,,,,,,,,,,,,,,,,,,,,,,,,,,,,,,,,,,,,,,,,,,,,,,,,,,,,
HOLE_001,Jerimum de Cima,100067,133.60,135.60,2.00,IG,,,0.02,,,,,,,,,,,,,,,,,,,,,,,,,,,,,,,,,,,,,,,,,,,,,,,,,,,,,
HOLE_001,Jerimum de Cima,100068,135.60,137.60,2.00,IG,,,0.08,,,,,,,,,,,,,,,,,,,,,,,,,,,,,,,,,,,,,,,,,,,,,,,,,,,,,
HOLE_001,Jerimum de Cima,100069,137.60,138.60,1.00,IG,,,0.01,,,,,,,,,,,,,,,,,,,,,,,,,,,,,,,,,,,,,,,,,,,,,,,,,,,,,
HOLE_001,Jerimum de Cima,100070,138.60,139.60,1.00,IG,,,0.01,,,,,,,,,,,,,,,,,,,,,,,,,,,,,,,,,,,,,,,,,,,,,,,,,,,,,
HOLE_001,Jerimum de Cima,100071,139.60,140.60,1.00,IG,,,0.23,,,,,,,,,,,,,,,,,,,,,,,,,,,,,,,,,,,,,,,,,,,,,,,,,,,,,
HOLE_001,Jerimum de Cima,100072,140.60,141.60,1.00,IG,,,0.07,,,,,,,,,,,,,,,,,,,,,,,,,,,,,,,,,,,,,,,,,,,,,,,,,,,,,
HOLE_001,Jerimum de Cima,100073,141.60,143.60,2.00,IG,,,0.01,,,,,,,,,,,,,,,,,,,,,,,,,,,,,,,,,,,,,,,,,,,,,,,,,,,,,
HOLE_001,Jerimum de Cima,100074,143.60,144.60,1.00,IG,,,0.01,,,,,,,,,,,,,,,,,,,,,,,,,,,,,,,,,,,,,,,,,,,,,,,,,,,,,
HOLE_001,Jerimum de Cima,100075,144.60,145.60,1.00,IG,,,0.02,,,,,,,,,,,,,,,,,,,,,,,,,,,,,,,,,,,,,,,,,,,,,,,,,,,,,
HOLE_001,Jerimum de Cima,100076,145.60,147.60,2.00,IG,,,0.01,,,,,,,,,,,,,,,,,,,,,,,,,,,,,,,,,,,,,,,,,,,,,,,,,,,,,
HOLE_001,Jerimum de Cima,100077,147.60,149.60,2.00,IG,,,0.00,,,,,,,,,,,,,,,,,,,,,,,,,,,,,,,,,,,,,,,,,,,,,,,,,,,,,
HOLE_001,Jerimum de Cima,100078,149.60,151.60,2.00,IG,,,0.00,,,,,,,,,,,,,,,,,,,,,,,,,,,,,,,,,,,,,,,,,,,,,,,,,,,,,
HOLE_001,Jerimum de Cima,100079,151.60,153.60,2.00,IG,,,0.00,,,,,,,,,,,,,,,,,,,,,,,,,,,,,,,,,,,,,,,,,,,,,,,,,,,,,
HOLE_001,Jerimum de Cima,100080,153.60,154.60,1.00,IG,,,0.00,,,,,,,,,,,,,,,,,,,,,,,,,,,,,,,,,,,,,,,,,,,,,,,,,,,,,
HOLE_001,Jerimum de Cima,100081,154.60,155.60,1.00,IG,,,0.00,,,,,,,,,,,,,,,,,,,,,,,,,,,,,,,,,,,,,,,,,,,,,,,,,,,,,
HOLE_001,Jerimum de Cima,100082,155.60,156.60,1.00,IG,,,0.01,,,,,,,,,,,,,,,,,,,,,,,,,,,,,,,,,,,,,,,,,,,,,,,,,,,,,
HOLE_001,Jerimum de Cima,100083,156.60,157.60,1.00,IG,,,0.01,,,,,,,,,,,,,,,,,,,,,,,,,,,,,,,,,,,,,,,,,,,,,,,,,,,,,
HOLE_001,Jerimum de Cima,100084,157.60,159.60,2.00,IG,,,0.00,,,,,,,,,,,,,,,,,,,,,,,,,,,,,,,,,,,,,,,,,,,,,,,,,,,,,
HOLE_001,Jerimum de Cima,100085,159.60,161.60,2.00,IG,,,0.00,,,,,,,,,,,,,,,,,,,,,,,,,,,,,,,,,,,,,,,,,,,,,,,,,,,,,
HOLE_001,Jerimum de Cima,100086,161.60,163.60,2.00,IG,,,0.00,,,,,,,,,,,,,,,,,,,,,,,,,,,,,,,,,,,,,,,,,,,,,,,,,,,,,
HOLE_001,Jerimum de Cima,100087,163.60,165.60,2.00,IG,,,0.00,,,,,,,,,,,,,,,,,,,,,,,,,,,,,,,,,,,,,,,,,,,,,,,,,,,,,
HOLE_001,Jerimum de Cima,100088,165.60,167.60,2.00,IG,,,0.00,,,,,,,,,,,,,,,,,,,,,,,,,,,,,,,,,,,,,,,,,,,,,,,,,,,,,
HOLE_001,Jerimum de Cima,100089,167.60,169.60,2.00,IG,,,0.00,,,,,,,,,,,,,,,,,,,,,,,,,,,,,,,,,,,,,,,,,,,,,,,,,,,,,
HOLE_001,Jerimum de Cima,100090,169.60,171.60,2.00,IG,,,0.00,,,,,,,,,,,,,,,,,,,,,,,,,,,,,,,,,,,,,,,,,,,,,,,,,,,,,
HOLE_001,Jerimum de Cima,100091,171.60,173.60,2.00,IG,,,0.00,,,,,,,,,,,,,,,,,,,,,,,,,,,,,,,,,,,,,,,,,,,,,,,,,,,,,
HOLE_001,Jerimum de Cima,100092,173.60,175.60,2.00,IG,,,0.00,,,,,,,,,,,,,,,,,,,,,,,,,,,,,,,,,,,,,,,,,,,,,,,,,,,,,
HOLE_001,Jerimum de Cima,100093,175.60,177.60,2.00,IG,,,0.00,,,,,,,,,,,,,,,,,,,,,,,,,,,,,,,,,,,,,,,,,,,,,,,,,,,,,
HOLE_001,Jerimum de Cima,100094,177.60,179.60,2.00,IG,,,0.00,,,,,,,,,,,,,,,,,,,,,,,,,,,,,,,,,,,,,,,,,,,,,,,,,,,,,
HOLE_001,Jerimum de Cima,100095,179.60,181.60,2.00,IG,,,0.00,,,,,,,,,,,,,,,,,,,,,,,,,,,,,,,,,,,,,,,,,,,,,,,,,,,,,
HOLE_001,Jerimum de Cima,100096,181.60,182.60,1.00,IG,,,0.00,,,,,,,,,,,,,,,,,,,,,,,,,,,,,,,,,,,,,,,,,,,,,,,,,,,,,
HOLE_001,Jerimum de Cima,100097,182.60,183.60,1.00,IG,,,0.00,,,,,,,,,,,,,,,,,,,,,,,,,,,,,,,,,,,,,,,,,,,,,,,,,,,,,
HOLE_001,Jerimum de Cima,100098,183.60,185.60,2.00,IG,,,0.00,,,,,,,,,,,,,,,,,,,,,,,,,,,,,,,,,,,,,,,,,,,,,,,,,,,,,
HOLE_001,Jerimum de Cima,100099,185.60,187.60,2.00,IG,,,0.00,,,,,,,,,,,,,,,,,,,,,,,,,,,,,,,,,,,,,,,,,,,,,,,,,,,,,
HOLE_001,Jerimum de Cima,100100,187.60,189.60,2.00,IG,,,0.00,,,,,,,,,,,,,,,,,,,,,,,,,,,,,,,,,,,,,,,,,,,,,,,,,,,,,
HOLE_001,Jerimum de Cima,100101,189.60,190.60,1.00,IG,,,0.00,,,,,,,,,,,,,,,,,,,,,,,,,,,,,,,,,,,,,,,,,,,,,,,,,,,,,
HOLE_001,Jerimum de Cima,100102,190.60,191.60,1.00,IG,,,0.00,,,,,,,,,,,,,,,,,,,,,,,,,,,,,,,,,,,,,,,,,,,,,,,,,,,,,
HOLE_001,Jerimum de Cima,100103,191.60,192.60,1.00,IG,,,0.12,,,,,,,,,,,,,,,,,,,,,,,,,,,,,,,,,,,,,,,,,,,,,,,,,,,,,
HOLE_001,Jerimum de Cima,100104,192.60,193.60,1.00,IG,,,0.00,,,,,,,,,,,,,,,,,,,,,,,,,,,,,,,,,,,,,,,,,,,,,,,,,,,,,
HOLE_001,Jerimum de Cima,100105,193.60,195.60,2.00,VEN,,,0.00,,,,,,,,,,,,,,,,,,,,,,,,,,,,,,,,,,,,,,,,,,,,,,,,,,,,,
HOLE_001,Jerimum de Cima,100106,195.60,196.60,1.00,IG,,,0.00,,,,,,,,,,,,,,,,,,,,,,,,,,,,,,,,,,,,,,,,,,,,,,,,,,,,,
HOLE_001,Jerimum de Cima,100107,196.60,198.60,2.00,IG,,,0.00,,,,,,,,,,,,,,,,,,,,,,,,,,,,,,,,,,,,,,,,,,,,,,,,,,,,,
HOLE_001,Jerimum de Cima,100108,198.60,199.60,1.00,IA,,,0.01,,,,,,,,,,,,,,,,,,,,,,,,,,,,,,,,,,,,,,,,,,,,,,,,,,,,,
HOLE_001,Jerimum de Cima,100109,199.60,201.60,2.00,IG,,,0.00,,,,,,,,,,,,,,,,,,,,,,,,,,,,,,,,,,,,,,,,,,,,,,,,,,,,,
HOLE_001,Jerimum de Cima,100110,201.60,203.60,2.00,IG,,,0.00,,,,,,,,,,,,,,,,,,,,,,,,,,,,,,,,,,,,,,,,,,,,,,,,,,,,,
HOLE_001,Jerimum de Cima,100111,203.60,205.60,2.00,IG,,,0.01,,,,,,,,,,,,,,,,,,,,,,,,,,,,,,,,,,,,,,,,,,,,,,,,,,,,,
HOLE_001,Jerimum de Cima,100112,205.60,207.60,2.00,IG,,,0.00,,,,,,,,,,,,,,,,,,,,,,,,,,,,,,,,,,,,,,,,,,,,,,,,,,,,,
HOLE_001,Jerimum de Cima,100113,207.60,209.60,2.00,IG,,,0.04,,,,,,,,,,,,,,,,,,,,,,,,,,,,,,,,,,,,,,,,,,,,,,,,,,,,,
HOLE_001,Jerimum de Cima,100114,209.60,211.60,2.00,IG,,,0.01,,,,,,,,,,,,,,,,,,,,,,,,,,,,,,,,,,,,,,,,,,,,,,,,,,,,,
HOLE_001,Jerimum de Cima,100115,211.60,213.60,2.00,IG,,,0.01,,,,,,,,,,,,,,,,,,,,,,,,,,,,,,,,,,,,,,,,,,,,,,,,,,,,,
HOLE_001,Jerimum de Cima,100116,213.60,214.60,1.00,IG,,,0.02,,,,,,,,,,,,,,,,,,,,,,,,,,,,,,,,,,,,,,,,,,,,,,,,,,,,,
HOLE_001,Jerimum de Cima,100117,214.60,215.60,1.00,IG,,,0.03,,,,,,,,,,,,,,,,,,,,,,,,,,,,,,,,,,,,,,,,,,,,,,,,,,,,,
HOLE_001,Jerimum de Cima,100118,215.60,217.60,2.00,IG,,,0.01,,,,,,,,,,,,,,,,,,,,,,,,,,,,,,,,,,,,,,,,,,,,,,,,,,,,,
HOLE_001,Jerimum de Cima,100119,217.60,218.60,1.00,IG,,,0.01,,,,,,,,,,,,,,,,,,,,,,,,,,,,,,,,,,,,,,,,,,,,,,,,,,,,,
HOLE_001,Jerimum de Cima,100120,218.60,219.60,1.00,IG,,,0.02,,,,,,,,,,,,,,,,,,,,,,,,,,,,,,,,,,,,,,,,,,,,,,,,,,,,,
HOLE_001,Jerimum de Cima,100121,219.60,220.60,1.00,IG,,,0.00,,,,,,,,,,,,,,,,,,,,,,,,,,,,,,,,,,,,,,,,,,,,,,,,,,,,,
HOLE_001,Jerimum de Cima,100122,220.60,221.60,1.00,IG,,,0.11,,,,,,,,,,,,,,,,,,,,,,,,,,,,,,,,,,,,,,,,,,,,,,,,,,,,,
HOLE_001,Jerimum de Cima,100123,221.60,223.60,2.00,IG,,,0.04,,,,,,,,,,,,,,,,,,,,,,,,,,,,,,,,,,,,,,,,,,,,,,,,,,,,,
HOLE_001,Jerimum de Cima,100124,223.60,224.60,1.00,IG,,,0.01,,,,,,,,,,,,,,,,,,,,,,,,,,,,,,,,,,,,,,,,,,,,,,,,,,,,,
HOLE_001,Jerimum de Cima,100125,224.60,225.60,1.00,IG,,,0.08,,,,,,,,,,,,,,,,,,,,,,,,,,,,,,,,,,,,,,,,,,,,,,,,,,,,,
HOLE_001,Jerimum de Cima,100126,225.60,227.60,2.00,IG,,,0.00,,,,,,,,,,,,,,,,,,,,,,,,,,,,,,,,,,,,,,,,,,,,,,,,,,,,,
HOLE_001,Jerimum de Cima,100127,227.60,229.60,2.00,IG,,,0.00,,,,,,,,,,,,,,,,,,,,,,,,,,,,,,,,,,,,,,,,,,,,,,,,,,,,,
HOLE_001,Jerimum de Cima,100128,229.60,231.60,2.00,IG,,,0.01,,,,,,,,,,,,,,,,,,,,,,,,,,,,,,,,,,,,,,,,,,,,,,,,,,,,,
HOLE_001,Jerimum de Cima,100129,231.60,233.60,2.00,IG,,,0.01,,,,,,,,,,,,,,,,,,,,,,,,,,,,,,,,,,,,,,,,,,,,,,,,,,,,,
HOLE_001,Jerimum de Cima,100130,233.60,235.60,2.00,IG,,,0.00,,,,,,,,,,,,,,,,,,,,,,,,,,,,,,,,,,,,,,,,,,,,,,,,,,,,,
HOLE_001,Jerimum de Cima,100131,235.60,237.60,2.00,IG,,,0.00,,,,,,,,,,,,,,,,,,,,,,,,,,,,,,,,,,,,,,,,,,,,,,,,,,,,,
HOLE_001,Jerimum de Cima,100132,237.60,239.60,2.00,IG,,,0.01,,,,,,,,,,,,,,,,,,,,,,,,,,,,,,,,,,,,,,,,,,,,,,,,,,,,,
HOLE_001,Jerimum de Cima,100133,239.60,240.10,0.50,IG,,,0.00,,,,,,,,,,,,,,,,,,,,,,,,,,,,,,,,,,,,,,,,,,,,,,,,,,,,,
HOLE_001,Jerimum de Cima,100134,240.10,242.10,2.00,IG,,,0.01,,,,,,,,,,,,,,,,,,,,,,,,,,,,,,,,,,,,,,,,,,,,,,,,,,,,,
HOLE_001,Jerimum de Cima,100135,242.10,244.10,2.00,IG,,,0.01,,,,,,,,,,,,,,,,,,,,,,,,,,,,,,,,,,,,,,,,,,,,,,,,,,,,,
HOLE_001,Jerimum de Cima,100136,244.10,246.70,2.60,IG,,,0.02,,,,,,,,,,,,,,,,,,,,,,,,,,,,,,,,,,,,,,,,,,,,,,,,,,,,,
HOLE_001,Jerimum de Cima,100137,246.70,247.20,0.50,IG,,,0.24,,,,,,,,,,,,,,,,,,,,,,,,,,,,,,,,,,,,,,,,,,,,,,,,,,,,,
HOLE_001,Jerimum de Cima,100138,247.20,248.20,1.00,IG,,,0.03,,,,,,,,,,,,,,,,,,,,,,,,,,,,,,,,,,,,,,,,,,,,,,,,,,,,,
HOLE_001,Jerimum de Cima,100139,248.20,249.20,1.00,IG,,,0.01,,,,,,,,,,,,,,,,,,,,,,,,,,,,,,,,,,,,,,,,,,,,,,,,,,,,,
HOLE_001,Jerimum de Cima,100140,249.20,251.20,2.00,IG,,,0.01,,,,,,,,,,,,,,,,,,,,,,,,,,,,,,,,,,,,,,,,,,,,,,,,,,,,,
HOLE_001,Jerimum de Cima,100141,251.20,253.20,2.00,IG,,,0.00,,,,,,,,,,,,,,,,,,,,,,,,,,,,,,,,,,,,,,,,,,,,,,,,,,,,,
HOLE_001,Jerimum de Cima,100142,253.20,255.20,2.00,IG,,,0.00,,,,,,,,,,,,,,,,,,,,,,,,,,,,,,,,,,,,,,,,,,,,,,,,,,,,,
HOLE_001,Jerimum de Cima,100143,255.20,257.20,2.00,IG,,,0.02,,,,,,,,,,,,,,,,,,,,,,,,,,,,,,,,,,,,,,,,,,,,,,,,,,,,,
HOLE_001,Jerimum de Cima,100144,257.20,259.20,2.00,IG,,,0.00,,,,,,,,,,,,,,,,,,,,,,,,,,,,,,,,,,,,,,,,,,,,,,,,,,,,,
HOLE_001,Jerimum de Cima,100145,259.20,260.20,1.00,IG,,,0.11,,,,,,,,,,,,,,,,,,,,,,,,,,,,,,,,,,,,,,,,,,,,,,,,,,,,,
HOLE_001,Jerimum de Cima,100146,260.20,261.20,1.00,IG,,,0.01,,,,,,,,,,,,,,,,,,,,,,,,,,,,,,,,,,,,,,,,,,,,,,,,,,,,,
HOLE_001,Jerimum de Cima,100147,261.20,262.20,1.00,IG,,,0.04,,,,,,,,,,,,,,,,,,,,,,,,,,,,,,,,,,,,,,,,,,,,,,,,,,,,,
HOLE_001,Jerimum de Cima,100148,262.20,263.60,1.40,IG,,,0.33,,,,,,,,,,,,,,,,,,,,,,,,,,,,,,,,,,,,,,,,,,,,,,,,,,,,,
HOLE_001,Jerimum de Cima,100149,263.60,265.80,2.20,IG,,,0.01,,,,,,,,,,,,,,,,,,,,,,,,,,,,,,,,,,,,,,,,,,,,,,,,,,,,,
HOLE_001,Jerimum de Cima,100150,265.80,266.80,1.00,IG,,,0.09,,,,,,,,,,,,,,,,,,,,,,,,,,,,,,,,,,,,,,,,,,,,,,,,,,,,,
HOLE_001,Jerimum de Cima,100151,266.80,268.80,2.00,IG,,,0.00,,,,,,,,,,,,,,,,,,,,,,,,,,,,,,,,,,,,,,,,,,,,,,,,,,,,,
HOLE_001,Jerimum de Cima,100152,268.80,270.80,2.00,IG,,,0.01,,,,,,,,,,,,,,,,,,,,,,,,,,,,,,,,,,,,,,,,,,,,,,,,,,,,,
HOLE_001,Jerimum de Cima,100153,270.80,272.78,1.98,IG,,,0.04,,,,,,,,,,,,,,,,,,,,,,,,,,,,,,,,,,,,,,,,,,,,,,,,,,,,,
HOLE_002,Jerimum de Cima,100154,0.00,2.00,2.00,QS,,,0.11,,,,,,,,,,,,,,,,,,,,,,,,,,,,,,,,,,,,,,,,,,,,,,,,,,,,,
HOLE_002,Jerimum de Cima,100155,2.00,4.00,2.00,QC,,,0.10,,,,,,,,,,,,,,,,,,,,,,,,,,,,,,,,,,,,,,,,,,,,,,,,,,,,,
HOLE_002,Jerimum de Cima,100156,4.00,6.00,2.00,QC,,,0.12,,,,,,,,,,,,,,,,,,,,,,,,,,,,,,,,,,,,,,,,,,,,,,,,,,,,,
HOLE_002,Jerimum de Cima,100157,6.00,8.00,2.00,QC,,,0.13,,,,,,,,,,,,,,,,,,,,,,,,,,,,,,,,,,,,,,,,,,,,,,,,,,,,,
HOLE_002,Jerimum de Cima,100158,8.00,10.00,2.00,QC,,,0.25,,,,,,,,,,,,,,,,,,,,,,,,,,,,,,,,,,,,,,,,,,,,,,,,,,,,,
HOLE_002,Jerimum de Cima,100159,10.00,12.00,2.00,QC,,,0.13,,,,,,,,,,,,,,,,,,,,,,,,,,,,,,,,,,,,,,,,,,,,,,,,,,,,,
HOLE_002,Jerimum de Cima,100160,12.00,14.00,2.00,QC,,,0.15,,,,,,,,,,,,,,,,,,,,,,,,,,,,,,,,,,,,,,,,,,,,,,,,,,,,,
HOLE_002,Jerimum de Cima,100161,14.00,16.00,2.00,QC,,,0.15,,,,,,,,,,,,,,,,,,,,,,,,,,,,,,,,,,,,,,,,,,,,,,,,,,,,,
HOLE_002,Jerimum de Cima,100162,16.00,18.00,2.00,QC,,,0.16,,,,,,,,,,,,,,,,,,,,,,,,,,,,,,,,,,,,,,,,,,,,,,,,,,,,,
HOLE_002,Jerimum de Cima,100163,18.00,20.00,2.00,QC,,,0.16,,,,,,,,,,,,,,,,,,,,,,,,,,,,,,,,,,,,,,,,,,,,,,,,,,,,,
HOLE_002,Jerimum de Cima,100164,20.00,22.00,2.00,QC,,,0.16,,,,,,,,,,,,,,,,,,,,,,,,,,,,,,,,,,,,,,,,,,,,,,,,,,,,,
HOLE_002,Jerimum de Cima,100165,22.00,24.00,2.00,SAP,,,0.43,,,,,,,,,,,,,,,,,,,,,,,,,,,,,,,,,,,,,,,,,,,,,,,,,,,,,
HOLE_002,Jerimum de Cima,100166,24.00,26.00,2.00,SAP,,,0.31,,,,,,,,,,,,,,,,,,,,,,,,,,,,,,,,,,,,,,,,,,,,,,,,,,,,,
HOLE_002,Jerimum de Cima,100167,26.00,28.00,2.00,SAP,,,0.13,,,,,,,,,,,,,,,,,,,,,,,,,,,,,,,,,,,,,,,,,,,,,,,,,,,,,
HOLE_002,Jerimum de Cima,100168,28.00,30.00,2.00,SAP,,,0.10,,,,,,,,,,,,,,,,,,,,,,,,,,,,,,,,,,,,,,,,,,,,,,,,,,,,,
HOLE_002,Jerimum de Cima,100169,30.00,32.00,2.00,SAP,,,0.11,,,,,,,,,,,,,,,,,,,,,,,,,,,,,,,,,,,,,,,,,,,,,,,,,,,,,
HOLE_002,Jerimum de Cima,100170,32.00,34.00,2.00,SAP,,,0.11,,,,,,,,,,,,,,,,,,,,,,,,,,,,,,,,,,,,,,,,,,,,,,,,,,,,,
HOLE_002,Jerimum de Cima,100171,34.00,36.00,2.00,SAP,,,0.04,,,,,,,,,,,,,,,,,,,,,,,,,,,,,,,,,,,,,,,,,,,,,,,,,,,,,
HOLE_002,Jerimum de Cima,100172,36.00,38.00,2.00,SAP,,,0.02,,,,,,,,,,,,,,,,,,,,,,,,,,,,,,,,,,,,,,,,,,,,,,,,,,,,,
HOLE_002,Jerimum de Cima,100173,38.00,40.00,2.00,SAP,,,0.01,,,,,,,,,,,,,,,,,,,,,,,,,,,,,,,,,,,,,,,,,,,,,,,,,,,,,
HOLE_002,Jerimum de Cima,100174,40.00,42.00,2.00,SAP,,,0.01,,,,,,,,,,,,,,,,,,,,,,,,,,,,,,,,,,,,,,,,,,,,,,,,,,,,,
HOLE_002,Jerimum de Cima,100175,42.00,44.00,2.00,SAP,,,0.01,,,,,,,,,,,,,,,,,,,,,,,,,,,,,,,,,,,,,,,,,,,,,,,,,,,,,
HOLE_002,Jerimum de Cima,100176,44.00,46.00,2.00,SAP,,,0.46,,,,,,,,,,,,,,,,,,,,,,,,,,,,,,,,,,,,,,,,,,,,,,,,,,,,,
HOLE_002,Jerimum de Cima,100177,46.00,48.00,2.00,SAP,,,0.07,,,,,,,,,,,,,,,,,,,,,,,,,,,,,,,,,,,,,,,,,,,,,,,,,,,,,
HOLE_002,Jerimum de Cima,100178,48.00,50.00,2.00,SAP,,,0.14,,,,,,,,,,,,,,,,,,,,,,,,,,,,,,,,,,,,,,,,,,,,,,,,,,,,,
HOLE_002,Jerimum de Cima,100179,50.00,52.00,2.00,SAP,,,0.06,,,,,,,,,,,,,,,,,,,,,,,,,,,,,,,,,,,,,,,,,,,,,,,,,,,,,
HOLE_002,Jerimum de Cima,100180,52.00,54.00,2.00,SAP,,,0.01,,,,,,,,,,,,,,,,,,,,,,,,,,,,,,,,,,,,,,,,,,,,,,,,,,,,,
HOLE_002,Jerimum de Cima,100181,54.00,56.00,2.00,SAP,,,0.01,,,,,,,,,,,,,,,,,,,,,,,,,,,,,,,,,,,,,,,,,,,,,,,,,,,,,
HOLE_002,Jerimum de Cima,100182,56.00,58.00,2.00,SAP,,,0.00,,,,,,,,,,,,,,,,,,,,,,,,,,,,,,,,,,,,,,,,,,,,,,,,,,,,,
HOLE_002,Jerimum de Cima,100183,58.00,60.00,2.00,SAP,,,0.01,,,,,,,,,,,,,,,,,,,,,,,,,,,,,,,,,,,,,,,,,,,,,,,,,,,,,
HOLE_002,Jerimum de Cima,100184,60.00,62.00,2.00,SAP,,,0.00,,,,,,,,,,,,,,,,,,,,,,,,,,,,,,,,,,,,,,,,,,,,,,,,,,,,,
HOLE_002,Jerimum de Cima,100185,62.00,64.00,2.00,SAP,,,0.00,,,,,,,,,,,,,,,,,,,,,,,,,,,,,,,,,,,,,,,,,,,,,,,,,,,,,
HOLE_002,Jerimum de Cima,100186,64.00,66.00,2.00,SAP,,,0.00,,,,,,,,,,,,,,,,,,,,,,,,,,,,,,,,,,,,,,,,,,,,,,,,,,,,,
HOLE_002,Jerimum de Cima,100187,66.00,68.00,2.00,SAP,,,0.00,,,,,,,,,,,,,,,,,,,,,,,,,,,,,,,,,,,,,,,,,,,,,,,,,,,,,
HOLE_002,Jerimum de Cima,100188,68.00,70.00,2.00,SAP,,,0.00,,,,,,,,,,,,,,,,,,,,,,,,,,,,,,,,,,,,,,,,,,,,,,,,,,,,,
HOLE_002,Jerimum de Cima,100189,70.00,72.00,2.00,SAP,,,0.01,,,,,,,,,,,,,,,,,,,,,,,,,,,,,,,,,,,,,,,,,,,,,,,,,,,,,
HOLE_002,Jerimum de Cima,100190,72.00,74.00,2.00,SAP,,,0.00,,,,,,,,,,,,,,,,,,,,,,,,,,,,,,,,,,,,,,,,,,,,,,,,,,,,,
HOLE_002,Jerimum de Cima,100191,74.00,76.00,2.00,SAP,,,0.01,,,,,,,,,,,,,,,,,,,,,,,,,,,,,,,,,,,,,,,,,,,,,,,,,,,,,
HOLE_002,Jerimum de Cima,100192,76.00,78.00,2.00,SAP,,,0.01,,,,,,,,,,,,,,,,,,,,,,,,,,,,,,,,,,,,,,,,,,,,,,,,,,,,,
HOLE_002,Jerimum de Cima,100193,78.00,80.00,2.00,SAP,,,0.01,,,,,,,,,,,,,,,,,,,,,,,,,,,,,,,,,,,,,,,,,,,,,,,,,,,,,
HOLE_002,Jerimum de Cima,100194,80.00,82.00,2.00,SAP,,,0.00,,,,,,,,,,,,,,,,,,,,,,,,,,,,,,,,,,,,,,,,,,,,,,,,,,,,,
HOLE_002,Jerimum de Cima,100195,82.00,84.00,2.00,SAP,,,0.01,,,,,,,,,,,,,,,,,,,,,,,,,,,,,,,,,,,,,,,,,,,,,,,,,,,,,
HOLE_002,Jerimum de Cima,100196,84.00,86.00,2.00,SAP,,,0.01,,,,,,,,,,,,,,,,,,,,,,,,,,,,,,,,,,,,,,,,,,,,,,,,,,,,,
HOLE_002,Jerimum de Cima,100197,86.00,88.00,2.00,SAP,,,0.01,,,,,,,,,,,,,,,,,,,,,,,,,,,,,,,,,,,,,,,,,,,,,,,,,,,,,
HOLE_002,Jerimum de Cima,100198,88.00,90.00,2.00,SAP,,,0.01,,,,,,,,,,,,,,,,,,,,,,,,,,,,,,,,,,,,,,,,,,,,,,,,,,,,,
HOLE_002,Jerimum de Cima,100199,90.00,92.00,2.00,SAP,,,0.00,,,,,,,,,,,,,,,,,,,,,,,,,,,,,,,,,,,,,,,,,,,,,,,,,,,,,
HOLE_002,Jerimum de Cima,100200,92.00,94.00,2.00,SAP,,,0.00,,,,,,,,,,,,,,,,,,,,,,,,,,,,,,,,,,,,,,,,,,,,,,,,,,,,,
HOLE_002,Jerimum de Cima,100201,94.00,96.00,2.00,SAP,,,0.00,,,,,,,,,,,,,,,,,,,,,,,,,,,,,,,,,,,,,,,,,,,,,,,,,,,,,
HOLE_002,Jerimum de Cima,100202,96.00,98.00,2.00,SAP,,,0.01,,,,,,,,,,,,,,,,,,,,,,,,,,,,,,,,,,,,,,,,,,,,,,,,,,,,,
HOLE_002,Jerimum de Cima,100203,98.00,100.00,2.00,SAP,,,0.01,,,,,,,,,,,,,,,,,,,,,,,,,,,,,,,,,,,,,,,,,,,,,,,,,,,,,
HOLE_002,Jerimum de Cima,100204,100.00,102.30,2.30,SAP,,,0.01,,,,,,,,,,,,,,,,,,,,,,,,,,,,,,,,,,,,,,,,,,,,,,,,,,,,,
HOLE_002,Jerimum de Cima,100205,102.30,104.30,2.00,IG,,,0.00,,,,,,,,,,,,,,,,,,,,,,,,,,,,,,,,,,,,,,,,,,,,,,,,,,,,,
HOLE_002,Jerimum de Cima,100206,104.30,106.30,2.00,IG,,,0.00,,,,,,,,,,,,,,,,,,,,,,,,,,,,,,,,,,,,,,,,,,,,,,,,,,,,,
HOLE_002,Jerimum de Cima,100207,106.30,108.30,2.00,IG,,,0.01,,,,,,,,,,,,,,,,,,,,,,,,,,,,,,,,,,,,,,,,,,,,,,,,,,,,,
HOLE_002,Jerimum de Cima,100208,108.30,110.30,2.00,IG,,,0.00,,,,,,,,,,,,,,,,,,,,,,,,,,,,,,,,,,,,,,,,,,,,,,,,,,,,,
HOLE_002,Jerimum de Cima,100209,110.30,111.70,1.40,IG,,,0.00,,,,,,,,,,,,,,,,,,,,,,,,,,,,,,,,,,,,,,,,,,,,,,,,,,,,,
HOLE_002,Jerimum de Cima,100210,111.70,113.70,2.00,IG,,,0.01,,,,,,,,,,,,,,,,,,,,,,,,,,,,,,,,,,,,,,,,,,,,,,,,,,,,,
HOLE_002,Jerimum de Cima,100211,113.70,115.70,2.00,IG,,,0.00,,,,,,,,,,,,,,,,,,,,,,,,,,,,,,,,,,,,,,,,,,,,,,,,,,,,,
HOLE_002,Jerimum de Cima,100212,115.70,117.70,2.00,IG,,,0.00,,,,,,,,,,,,,,,,,,,,,,,,,,,,,,,,,,,,,,,,,,,,,,,,,,,,,
HOLE_002,Jerimum de Cima,100213,117.70,120.40,2.70,IG,,,0.00,,,,,,,,,,,,,,,,,,,,,,,,,,,,,,,,,,,,,,,,,,,,,,,,,,,,,
HOLE_002,Jerimum de Cima,100214,120.40,121.70,1.30,IG,,,0.00,,,,,,,,,,,,,,,,,,,,,,,,,,,,,,,,,,,,,,,,,,,,,,,,,,,,,
HOLE_002,Jerimum de Cima,100215,121.70,123.70,2.00,IG,,,0.01,,,,,,,,,,,,,,,,,,,,,,,,,,,,,,,,,,,,,,,,,,,,,,,,,,,,,
HOLE_002,Jerimum de Cima,100216,123.70,125.70,2.00,IG,,,0.00,,,,,,,,,,,,,,,,,,,,,,,,,,,,,,,,,,,,,,,,,,,,,,,,,,,,,
HOLE_002,Jerimum de Cima,100217,125.70,127.70,2.00,IG,,,0.01,,,,,,,,,,,,,,,,,,,,,,,,,,,,,,,,,,,,,,,,,,,,,,,,,,,,,
HOLE_002,Jerimum de Cima,100218,127.70,129.70,2.00,IG,,,0.01,,,,,,,,,,,,,,,,,,,,,,,,,,,,,,,,,,,,,,,,,,,,,,,,,,,,,
HOLE_002,Jerimum de Cima,100219,129.70,132.10,2.40,IG,,,0.00,,,,,,,,,,,,,,,,,,,,,,,,,,,,,,,,,,,,,,,,,,,,,,,,,,,,,
HOLE_002,Jerimum de Cima,100220,132.10,132.90,0.80,IG,,,0.01,,,,,,,,,,,,,,,,,,,,,,,,,,,,,,,,,,,,,,,,,,,,,,,,,,,,,
HOLE_002,Jerimum de Cima,100221,132.90,134.90,2.00,IG,,,0.00,,,,,,,,,,,,,,,,,,,,,,,,,,,,,,,,,,,,,,,,,,,,,,,,,,,,,
HOLE_002,Jerimum de Cima,100222,134.90,136.90,2.00,IG,,,0.00,,,,,,,,,,,,,,,,,,,,,,,,,,,,,,,,,,,,,,,,,,,,,,,,,,,,,
HOLE_002,Jerimum de Cima,100223,136.90,138.90,2.00,IG,,,0.01,,,,,,,,,,,,,,,,,,,,,,,,,,,,,,,,,,,,,,,,,,,,,,,,,,,,,
HOLE_002,Jerimum de Cima,100224,138.90,140.90,2.00,IG,,,0.00,,,,,,,,,,,,,,,,,,,,,,,,,,,,,,,,,,,,,,,,,,,,,,,,,,,,,
HOLE_002,Jerimum de Cima,100225,140.90,142.90,2.00,IG,,,0.00,,,,,,,,,,,,,,,,,,,,,,,,,,,,,,,,,,,,,,,,,,,,,,,,,,,,,
HOLE_002,Jerimum de Cima,100226,142.90,145.10,2.20,IG,,,0.00,,,,,,,,,,,,,,,,,,,,,,,,,,,,,,,,,,,,,,,,,,,,,,,,,,,,,
HOLE_002,Jerimum de Cima,100227,145.10,146.10,1.00,IG,,,0.01,,,,,,,,,,,,,,,,,,,,,,,,,,,,,,,,,,,,,,,,,,,,,,,,,,,,,
HOLE_002,Jerimum de Cima,100228,146.10,148.20,2.10,IG,,,0.01,,,,,,,,,,,,,,,,,,,,,,,,,,,,,,,,,,,,,,,,,,,,,,,,,,,,,
HOLE_002,Jerimum de Cima,100229,148.20,148.70,0.50,IG,,,0.15,,,,,,,,,,,,,,,,,,,,,,,,,,,,,,,,,,,,,,,,,,,,,,,,,,,,,
HOLE_002,Jerimum de Cima,100230,148.70,149.70,1.00,IG,,,0.01,,,,,,,,,,,,,,,,,,,,,,,,,,,,,,,,,,,,,,,,,,,,,,,,,,,,,
HOLE_002,Jerimum de Cima,100231,149.70,150.20,0.50,IG,,,0.01,,,,,,,,,,,,,,,,,,,,,,,,,,,,,,,,,,,,,,,,,,,,,,,,,,,,,
HOLE_002,Jerimum de Cima,100232,150.20,152.70,2.50,IG,,,0.01,,,,,,,,,,,,,,,,,,,,,,,,,,,,,,,,,,,,,,,,,,,,,,,,,,,,,
HOLE_002,Jerimum de Cima,100233,152.70,154.70,2.00,IG,,,0.01,,,,,,,,,,,,,,,,,,,,,,,,,,,,,,,,,,,,,,,,,,,,,,,,,,,,,
HOLE_002,Jerimum de Cima,100234,154.70,156.70,2.00,IG,,,0.00,,,,,,,,,,,,,,,,,,,,,,,,,,,,,,,,,,,,,,,,,,,,,,,,,,,,,
HOLE_002,Jerimum de Cima,100235,156.70,158.70,2.00,IG,,,0.01,,,,,,,,,,,,,,,,,,,,,,,,,,,,,,,,,,,,,,,,,,,,,,,,,,,,,
HOLE_002,Jerimum de Cima,100236,158.70,160.70,2.00,IG,,,0.02,,,,,,,,,,,,,,,,,,,,,,,,,,,,,,,,,,,,,,,,,,,,,,,,,,,,,
HOLE_002,Jerimum de Cima,100237,160.70,162.70,2.00,IG,,,0.01,,,,,,,,,,,,,,,,,,,,,,,,,,,,,,,,,,,,,,,,,,,,,,,,,,,,,
HOLE_002,Jerimum de Cima,100238,162.70,164.70,2.00,IG,,,0.01,,,,,,,,,,,,,,,,,,,,,,,,,,,,,,,,,,,,,,,,,,,,,,,,,,,,,
HOLE_002,Jerimum de Cima,100239,164.70,166.70,2.00,IG,,,0.01,,,,,,,,,,,,,,,,,,,,,,,,,,,,,,,,,,,,,,,,,,,,,,,,,,,,,
HOLE_002,Jerimum de Cima,100240,166.70,168.70,2.00,IG,,,0.04,,,,,,,,,,,,,,,,,,,,,,,,,,,,,,,,,,,,,,,,,,,,,,,,,,,,,
HOLE_002,Jerimum de Cima,100241,168.70,170.20,1.50,IG,,,0.02,,,,,,,,,,,,,,,,,,,,,,,,,,,,,,,,,,,,,,,,,,,,,,,,,,,,,
HOLE_002,Jerimum de Cima,100242,170.20,171.30,1.10,IG,,,0.00,,,,,,,,,,,,,,,,,,,,,,,,,,,,,,,,,,,,,,,,,,,,,,,,,,,,,
HOLE_002,Jerimum de Cima,100243,171.30,173.30,2.00,IG,,,0.00,,,,,,,,,,,,,,,,,,,,,,,,,,,,,,,,,,,,,,,,,,,,,,,,,,,,,
HOLE_002,Jerimum de Cima,100244,173.30,176.10,2.80,IG,,,0.00,,,,,,,,,,,,,,,,,,,,,,,,,,,,,,,,,,,,,,,,,,,,,,,,,,,,,
HOLE_002,Jerimum de Cima,100245,176.10,178.60,2.50,IG,,,0.01,,,,,,,,,,,,,,,,,,,,,,,,,,,,,,,,,,,,,,,,,,,,,,,,,,,,,
HOLE_002,Jerimum de Cima,100246,178.60,179.60,1.00,IG,,,0.00,,,,,,,,,,,,,,,,,,,,,,,,,,,,,,,,,,,,,,,,,,,,,,,,,,,,,
HOLE_002,Jerimum de Cima,100247,179.60,180.60,1.00,IG,,,0.00,,,,,,,,,,,,,,,,,,,,,,,,,,,,,,,,,,,,,,,,,,,,,,,,,,,,,
HOLE_002,Jerimum de Cima,100248,180.60,181.60,1.00,IG,,,0.00,,,,,,,,,,,,,,,,,,,,,,,,,,,,,,,,,,,,,,,,,,,,,,,,,,,,,
HOLE_002,Jerimum de Cima,100249,181.60,182.60,1.00,IG,,,0.00,,,,,,,,,,,,,,,,,,,,,,,,,,,,,,,,,,,,,,,,,,,,,,,,,,,,,
HOLE_002,Jerimum de Cima,100250,182.60,183.60,1.00,IG,,,0.00,,,,,,,,,,,,,,,,,,,,,,,,,,,,,,,,,,,,,,,,,,,,,,,,,,,,,
HOLE_002,Jerimum de Cima,100251,183.60,184.60,1.00,IG,,,0.00,,,,,,,,,,,,,,,,,,,,,,,,,,,,,,,,,,,,,,,,,,,,,,,,,,,,,
HOLE_002,Jerimum de Cima,100252,184.60,185.60,1.00,IG,,,0.00,,,,,,,,,,,,,,,,,,,,,,,,,,,,,,,,,,,,,,,,,,,,,,,,,,,,,
HOLE_002,Jerimum de Cima,100253,185.60,186.60,1.00,IG,,,0.00,,,,,,,,,,,,,,,,,,,,,,,,,,,,,,,,,,,,,,,,,,,,,,,,,,,,,
HOLE_002,Jerimum de Cima,100254,186.60,187.10,0.50,IG,,,0.00,,,,,,,,,,,,,,,,,,,,,,,,,,,,,,,,,,,,,,,,,,,,,,,,,,,,,
HOLE_002,Jerimum de Cima,100255,187.10,188.10,1.00,IG,,,0.00,,,,,,,,,,,,,,,,,,,,,,,,,,,,,,,,,,,,,,,,,,,,,,,,,,,,,
HOLE_002,Jerimum de Cima,100256,188.10,190.10,2.00,IG,,,0.00,,,,,,,,,,,,,,,,,,,,,,,,,,,,,,,,,,,,,,,,,,,,,,,,,,,,,
HOLE_002,Jerimum de Cima,100257,190.10,192.10,2.00,IG,SER,PA,0.01,,,,,,,,,,,,,,,,,,,,,,,,,,,,,,,,,,,,,,,,,,,,,,,,,,,,,
HOLE_002,Jerimum de Cima,100258,192.10,194.10,2.00,IG,SER,PA,0.00,,,,,,,,,,,,,,,,,,,,,,,,,,,,,,,,,,,,,,,,,,,,,,,,,,,,,
HOLE_002,Jerimum de Cima,100259,194.10,195.10,1.00,IG,SER,PA,0.01,,,,,,,,,,,,,,,,,,,,,,,,,,,,,,,,,,,,,,,,,,,,,,,,,,,,,
HOLE_002,Jerimum de Cima,100260,195.10,197.10,2.00,IG,SER,PA,0.01,,,,,,,,,,,,,,,,,,,,,,,,,,,,,,,,,,,,,,,,,,,,,,,,,,,,,
HOLE_002,Jerimum de Cima,100261,197.10,198.10,1.00,IG,SER,PA,0.00,,,,,,,,,,,,,,,,,,,,,,,,,,,,,,,,,,,,,,,,,,,,,,,,,,,,,
HOLE_002,Jerimum de Cima,100262,198.10,199.10,1.00,IG,SER,PA,0.00,,,,,,,,,,,,,,,,,,,,,,,,,,,,,,,,,,,,,,,,,,,,,,,,,,,,,
HOLE_002,Jerimum de Cima,100263,199.10,200.10,1.00,IG,CTHM,PV,0.00,,,,,,,,,,,,,,,,,,,,,,,,,,,,,,,,,,,,,,,,,,,,,,,,,,,,,
HOLE_002,Jerimum de Cima,100264,200.10,202.10,2.00,IG,CTHM,PV,0.00,,,,,,,,,,,,,,,,,,,,,,,,,,,,,,,,,,,,,,,,,,,,,,,,,,,,,
HOLE_002,Jerimum de Cima,100265,202.10,204.60,2.50,IG,SER,PA,0.00,,,,,,,,,,,,,,,,,,,,,,,,,,,,,,,,,,,,,,,,,,,,,,,,,,,,,
HOLE_002,Jerimum de Cima,100266,204.60,205.10,0.50,IG,SER,PA,0.00,,,,,,,,,,,,,,,,,,,,,,,,,,,,,,,,,,,,,,,,,,,,,,,,,,,,,
HOLE_002,Jerimum de Cima,100267,205.10,205.60,0.50,IG,SER,PA,0.00,,,,,,,,,,,,,,,,,,,,,,,,,,,,,,,,,,,,,,,,,,,,,,,,,,,,,
HOLE_002,Jerimum de Cima,100268,205.60,207.60,2.00,IG,SER,PA,0.00,,,,,,,,,,,,,,,,,,,,,,,,,,,,,,,,,,,,,,,,,,,,,,,,,,,,,
HOLE_002,Jerimum de Cima,100269,207.60,209.70,2.10,IG,SER,PA,0.00,,,,,,,,,,,,,,,,,,,,,,,,,,,,,,,,,,,,,,,,,,,,,,,,,,,,,
HOLE_002,Jerimum de Cima,100270,209.70,210.70,1.00,IG,SER,PA,0.00,,,,,,,,,,,,,,,,,,,,,,,,,,,,,,,,,,,,,,,,,,,,,,,,,,,,,
HOLE_002,Jerimum de Cima,100271,210.70,212.40,1.70,IG,SER,PA,0.06,,,,,,,,,,,,,,,,,,,,,,,,,,,,,,,,,,,,,,,,,,,,,,,,,,,,,
HOLE_002,Jerimum de Cima,100272,212.40,213.20,0.80,IG,SER,PA,0.01,,,,,,,,,,,,,,,,,,,,,,,,,,,,,,,,,,,,,,,,,,,,,,,,,,,,,
HOLE_002,Jerimum de Cima,100273,213.20,214.20,1.00,IG,SER,PA,0.00,,,,,,,,,,,,,,,,,,,,,,,,,,,,,,,,,,,,,,,,,,,,,,,,,,,,,
HOLE_002,Jerimum de Cima,100274,214.20,215.20,1.00,IG,SER,PA,0.00,,,,,,,,,,,,,,,,,,,,,,,,,,,,,,,,,,,,,,,,,,,,,,,,,,,,,
HOLE_002,Jerimum de Cima,100275,215.20,216.20,1.00,IG,SER,PA,0.00,,,,,,,,,,,,,,,,,,,,,,,,,,,,,,,,,,,,,,,,,,,,,,,,,,,,,
HOLE_002,Jerimum de Cima,100276,216.20,217.20,1.00,IG,SER,PA,0.00,,,,,,,,,,,,,,,,,,,,,,,,,,,,,,,,,,,,,,,,,,,,,,,,,,,,,
HOLE_002,Jerimum de Cima,100277,217.20,219.70,2.50,IG,SER,PA,0.00,,,,,,,,,,,,,,,,,,,,,,,,,,,,,,,,,,,,,,,,,,,,,,,,,,,,,
HOLE_002,Jerimum de Cima,100278,219.70,220.70,1.00,IG,CTHM,PV,0.00,,,,,,,,,,,,,,,,,,,,,,,,,,,,,,,,,,,,,,,,,,,,,,,,,,,,,
HOLE_002,Jerimum de Cima,100279,220.70,221.70,1.00,IG,CTHM,PV,0.00,,,,,,,,,,,,,,,,,,,,,,,,,,,,,,,,,,,,,,,,,,,,,,,,,,,,,
HOLE_002,Jerimum de Cima,100280,221.70,222.70,1.00,IG,CTHM,PV,0.00,,,,,,,,,,,,,,,,,,,,,,,,,,,,,,,,,,,,,,,,,,,,,,,,,,,,,
HOLE_002,Jerimum de Cima,100281,222.70,223.70,1.00,IG,CTHM,PV,0.00,,,,,,,,,,,,,,,,,,,,,,,,,,,,,,,,,,,,,,,,,,,,,,,,,,,,,
HOLE_002,Jerimum de Cima,100282,223.70,224.70,1.00,IG,SER,PV,0.73,,,,,,,,,,,,,,,,,,,,,,,,,,,,,,,,,,,,,,,,,,,,,,,,,,,,,
HOLE_002,Jerimum de Cima,100283,224.70,225.70,1.00,IG,SER,PV,1.27,,,,,,,,,,,,,,,,,,,,,,,,,,,,,,,,,,,,,,,,,,,,,,,,,,,,,
HOLE_002,Jerimum de Cima,100284,225.70,226.70,1.00,IG,SER,PV,0.10,,,,,,,,,,,,,,,,,,,,,,,,,,,,,,,,,,,,,,,,,,,,,,,,,,,,,
HOLE_002,Jerimum de Cima,100285,226.70,228.70,2.00,IG,SER,PA,0.01,,,,,,,,,,,,,,,,,,,,,,,,,,,,,,,,,,,,,,,,,,,,,,,,,,,,,
HOLE_002,Jerimum de Cima,100286,228.70,229.70,1.00,IG,SER,PA,0.00,,,,,,,,,,,,,,,,,,,,,,,,,,,,,,,,,,,,,,,,,,,,,,,,,,,,,
HOLE_002,Jerimum de Cima,100287,229.70,230.70,1.00,IG,SER,PA,0.00,,,,,,,,,,,,,,,,,,,,,,,,,,,,,,,,,,,,,,,,,,,,,,,,,,,,,
HOLE_002,Jerimum de Cima,100288,230.70,232.70,2.00,IG,SER,PA,0.00,,,,,,,,,,,,,,,,,,,,,,,,,,,,,,,,,,,,,,,,,,,,,,,,,,,,,
HOLE_002,Jerimum de Cima,100289,232.70,234.70,2.00,IG,SER,PA,0.00,,,,,,,,,,,,,,,,,,,,,,,,,,,,,,,,,,,,,,,,,,,,,,,,,,,,,
HOLE_002,Jerimum de Cima,100290,234.70,235.70,1.00,IG,CTHM,PV,0.13,,,,,,,,,,,,,,,,,,,,,,,,,,,,,,,,,,,,,,,,,,,,,,,,,,,,,
HOLE_002,Jerimum de Cima,100291,235.70,236.70,1.00,IG,CTHM,PV,0.00,,,,,,,,,,,,,,,,,,,,,,,,,,,,,,,,,,,,,,,,,,,,,,,,,,,,,
HOLE_002,Jerimum de Cima,100292,236.70,238.70,2.00,IG,CTHM,PH,0.00,,,,,,,,,,,,,,,,,,,,,,,,,,,,,,,,,,,,,,,,,,,,,,,,,,,,,
HOLE_002,Jerimum de Cima,100293,238.70,240.00,1.30,IG,CTHM,PH,0.00,,,,,,,,,,,,,,,,,,,,,,,,,,,,,,,,,,,,,,,,,,,,,,,,,,,,,
HOLE_002,Jerimum de Cima,100294,240.00,242.00,2.00,IG,CTHM,PH,0.00,,,,,,,,,,,,,,,,,,,,,,,,,,,,,,,,,,,,,,,,,,,,,,,,,,,,,
HOLE_002,Jerimum de Cima,100295,242.00,244.00,2.00,IG,SER,PA,0.00,,,,,,,,,,,,,,,,,,,,,,,,,,,,,,,,,,,,,,,,,,,,,,,,,,,,,
HOLE_002,Jerimum de Cima,100296,244.00,246.00,2.00,IG,SER,PA,0.00,,,,,,,,,,,,,,,,,,,,,,,,,,,,,,,,,,,,,,,,,,,,,,,,,,,,,
HOLE_002,Jerimum de Cima,100297,246.00,248.00,2.00,IG,SER,PA,0.01,,,,,,,,,,,,,,,,,,,,,,,,,,,,,,,,,,,,,,,,,,,,,,,,,,,,,
HOLE_002,Jerimum de Cima,100298,248.00,249.00,1.00,IG,CTHM,PV,0.00,,,,,,,,,,,,,,,,,,,,,,,,,,,,,,,,,,,,,,,,,,,,,,,,,,,,,
HOLE_002,Jerimum de Cima,100299,249.00,251.00,2.00,IG,CTHM,PV,0.00,,,,,,,,,,,,,,,,,,,,,,,,,,,,,,,,,,,,,,,,,,,,,,,,,,,,,
HOLE_002,Jerimum de Cima,100300,251.00,253.00,2.00,IG,SER,PA,0.00,,,,,,,,,,,,,,,,,,,,,,,,,,,,,,,,,,,,,,,,,,,,,,,,,,,,,
HOLE_002,Jerimum de Cima,100301,253.00,255.00,2.00,IG,SER,PA,0.00,,,,,,,,,,,,,,,,,,,,,,,,,,,,,,,,,,,,,,,,,,,,,,,,,,,,,
HOLE_002,Jerimum de Cima,100302,255.00,257.00,2.00,IG,SER,PA,0.00,,,,,,,,,,,,,,,,,,,,,,,,,,,,,,,,,,,,,,,,,,,,,,,,,,,,,
HOLE_002,Jerimum de Cima,100303,257.00,259.00,2.00,IG,SER,PA,0.00,,,,,,,,,,,,,,,,,,,,,,,,,,,,,,,,,,,,,,,,,,,,,,,,,,,,,
HOLE_002,Jerimum de Cima,100304,259.00,261.00,2.00,IG,SER,PA,0.00,,,,,,,,,,,,,,,,,,,,,,,,,,,,,,,,,,,,,,,,,,,,,,,,,,,,,
HOLE_002,Jerimum de Cima,100305,261.00,263.00,2.00,IG,CTHM,PV,0.00,,,,,,,,,,,,,,,,,,,,,,,,,,,,,,,,,,,,,,,,,,,,,,,,,,,,,
HOLE_002,Jerimum de Cima,100306,263.00,265.00,2.00,IG,,,0.00,,,,,,,,,,,,,,,,,,,,,,,,,,,,,,,,,,,,,,,,,,,,,,,,,,,,,
HOLE_002,Jerimum de Cima,100307,265.00,267.00,2.00,IG,,,0.00,,,,,,,,,,,,,,,,,,,,,,,,,,,,,,,,,,,,,,,,,,,,,,,,,,,,,
HOLE_002,Jerimum de Cima,100308,267.00,269.00,2.00,IG,,,0.00,,,,,,,,,,,,,,,,,,,,,,,,,,,,,,,,,,,,,,,,,,,,,,,,,,,,,
HOLE_002,Jerimum de Cima,100309,269.00,271.00,2.00,IG,,,0.00,,,,,,,,,,,,,,,,,,,,,,,,,,,,,,,,,,,,,,,,,,,,,,,,,,,,,
HOLE_002,Jerimum de Cima,100310,271.00,273.00,2.00,IG,,,0.00,,,,,,,,,,,,,,,,,,,,,,,,,,,,,,,,,,,,,,,,,,,,,,,,,,,,,
HOLE_002,Jerimum de Cima,100311,273.00,275.00,2.00,IG,,,0.00,,,,,,,,,,,,,,,,,,,,,,,,,,,,,,,,,,,,,,,,,,,,,,,,,,,,,
HOLE_002,Jerimum de Cima,100312,275.00,277.00,2.00,IG,,,0.00,,,,,,,,,,,,,,,,,,,,,,,,,,,,,,,,,,,,,,,,,,,,,,,,,,,,,
HOLE_002,Jerimum de Cima,100313,277.00,279.00,2.00,IA,,,0.00,,,,,,,,,,,,,,,,,,,,,,,,,,,,,,,,,,,,,,,,,,,,,,,,,,,,,
HOLE_002,Jerimum de Cima,100314,279.00,281.00,2.00,IG,,,0.02,,,,,,,,,,,,,,,,,,,,,,,,,,,,,,,,,,,,,,,,,,,,,,,,,,,,,
HOLE_002,Jerimum de Cima,100315,281.00,283.00,2.00,IG,,,0.00,,,,,,,,,,,,,,,,,,,,,,,,,,,,,,,,,,,,,,,,,,,,,,,,,,,,,
HOLE_002,Jerimum de Cima,100316,283.00,285.00,2.00,IG,,,0.00,,,,,,,,,,,,,,,,,,,,,,,,,,,,,,,,,,,,,,,,,,,,,,,,,,,,,
HOLE_002,Jerimum de Cima,100317,285.00,287.00,2.00,IG,,,0.04,,,,,,,,,,,,,,,,,,,,,,,,,,,,,,,,,,,,,,,,,,,,,,,,,,,,,
HOLE_002,Jerimum de Cima,100318,287.00,289.00,2.00,IG,,,0.00,,,,,,,,,,,,,,,,,,,,,,,,,,,,,,,,,,,,,,,,,,,,,,,,,,,,,
HOLE_002,Jerimum de Cima,100319,289.00,290.60,1.60,IG,,,0.01,,,,,,,,,,,,,,,,,,,,,,,,,,,,,,,,,,,,,,,,,,,,,,,,,,,,,
HOLE_002,Jerimum de Cima,100320,290.60,291.60,1.00,IG,,,0.11,,,,,,,,,,,,,,,,,,,,,,,,,,,,,,,,,,,,,,,,,,,,,,,,,,,,,
HOLE_002,Jerimum de Cima,100321,291.60,292.10,0.50,IG,,,0.09,,,,,,,,,,,,,,,,,,,,,,,,,,,,,,,,,,,,,,,,,,,,,,,,,,,,,
HOLE_002,Jerimum de Cima,100322,292.10,293.10,1.00,IG,,,0.15,,,,,,,,,,,,,,,,,,,,,,,,,,,,,,,,,,,,,,,,,,,,,,,,,,,,,
HOLE_002,Jerimum de Cima,100323,293.10,294.10,1.00,IG,,,0.05,,,,,,,,,,,,,,,,,,,,,,,,,,,,,,,,,,,,,,,,,,,,,,,,,,,,,
HOLE_002,Jerimum de Cima,100324,294.10,294.60,0.50,IG,,,0.03,,,,,,,,,,,,,,,,,,,,,,,,,,,,,,,,,,,,,,,,,,,,,,,,,,,,,
HOLE_002,Jerimum de Cima,100325,294.60,295.10,0.50,IG,,,1.82,,,,,,,,,,,,,,,,,,,,,,,,,,,,,,,,,,,,,,,,,,,,,,,,,,,,,
HOLE_002,Jerimum de Cima,100326,295.10,296.10,1.00,VEN,,,0.08,,,,,,,,,,,,,,,,,,,,,,,,,,,,,,,,,,,,,,,,,,,,,,,,,,,,,
HOLE_002,Jerimum de Cima,100327,296.10,297.10,1.00,IG,,,0.13,,,,,,,,,,,,,,,,,,,,,,,,,,,,,,,,,,,,,,,,,,,,,,,,,,,,,
HOLE_002,Jerimum de Cima,100328,297.10,297.60,0.50,VEN,,,0.04,,,,,,,,,,,,,,,,,,,,,,,,,,,,,,,,,,,,,,,,,,,,,,,,,,,,,
HOLE_002,Jerimum de Cima,100329,297.60,298.60,1.00,IG,,,0.04,,,,,,,,,,,,,,,,,,,,,,,,,,,,,,,,,,,,,,,,,,,,,,,,,,,,,
HOLE_002,Jerimum de Cima,100330,298.60,299.10,0.50,IG,,,4.35,,,,,,,,,,,,,,,,,,,,,,,,,,,,,,,,,,,,,,,,,,,,,,,,,,,,,
HOLE_002,Jerimum de Cima,100331,299.10,299.60,0.50,VEN,,,0.46,,,,,,,,,,,,,,,,,,,,,,,,,,,,,,,,,,,,,,,,,,,,,,,,,,,,,
HOLE_002,Jerimum de Cima,100332,299.60,300.60,1.00,IG,,,0.00,,,,,,,,,,,,,,,,,,,,,,,,,,,,,,,,,,,,,,,,,,,,,,,,,,,,,
HOLE_002,Jerimum de Cima,100333,300.60,301.60,1.00,IG,,,0.00,,,,,,,,,,,,,,,,,,,,,,,,,,,,,,,,,,,,,,,,,,,,,,,,,,,,,
HOLE_002,Jerimum de Cima,100334,301.60,302.60,1.00,IG,,,0.00,,,,,,,,,,,,,,,,,,,,,,,,,,,,,,,,,,,,,,,,,,,,,,,,,,,,,
HOLE_002,Jerimum de Cima,100335,302.60,303.60,1.00,IG,,,4.30,,,,,,,,,,,,,,,,,,,,,,,,,,,,,,,,,,,,,,,,,,,,,,,,,,,,,
HOLE_002,Jerimum de Cima,100336,303.60,304.60,1.00,IG,,,0.01,,,,,,,,,,,,,,,,,,,,,,,,,,,,,,,,,,,,,,,,,,,,,,,,,,,,,
HOLE_002,Jerimum de Cima,100337,304.60,305.60,1.00,IG,,,0.04,,,,,,,,,,,,,,,,,,,,,,,,,,,,,,,,,,,,,,,,,,,,,,,,,,,,,
HOLE_002,Jerimum de Cima,100338,305.60,306.10,0.50,IG,,,0.00,,,,,,,,,,,,,,,,,,,,,,,,,,,,,,,,,,,,,,,,,,,,,,,,,,,,,
HOLE_002,Jerimum de Cima,100339,306.10,306.60,0.50,IG,,,0.26,,,,,,,,,,,,,,,,,,,,,,,,,,,,,,,,,,,,,,,,,,,,,,,,,,,,,
HOLE_002,Jerimum de Cima,100340,306.60,307.60,1.00,IG,,,0.04,,,,,,,,,,,,,,,,,,,,,,,,,,,,,,,,,,,,,,,,,,,,,,,,,,,,,
HOLE_002,Jerimum de Cima,100341,307.60,308.60,1.00,IG,,,0.01,,,,,,,,,,,,,,,,,,,,,,,,,,,,,,,,,,,,,,,,,,,,,,,,,,,,,
HOLE_002,Jerimum de Cima,100342,308.60,309.10,0.50,IG,,,0.12,,,,,,,,,,,,,,,,,,,,,,,,,,,,,,,,,,,,,,,,,,,,,,,,,,,,,
HOLE_002,Jerimum de Cima,100343,309.10,309.60,0.50,IG,,,0.00,,,,,,,,,,,,,,,,,,,,,,,,,,,,,,,,,,,,,,,,,,,,,,,,,,,,,
HOLE_002,Jerimum de Cima,100344,309.60,310.60,1.00,IG,,,0.01,,,,,,,,,,,,,,,,,,,,,,,,,,,,,,,,,,,,,,,,,,,,,,,,,,,,,
HOLE_002,Jerimum de Cima,100345,310.60,311.60,1.00,IG,,,0.01,,,,,,,,,,,,,,,,,,,,,,,,,,,,,,,,,,,,,,,,,,,,,,,,,,,,,
HOLE_002,Jerimum de Cima,100346,311.60,312.10,0.50,IG,,,35.10,,,,,,,,,,,,,,,,,,,,,,,,,,,,,,,,,,,,,,,,,,,,,,,,,,,,,
HOLE_002,Jerimum de Cima,100347,312.10,312.60,0.50,IG,,,0.01,,,,,,,,,,,,,,,,,,,,,,,,,,,,,,,,,,,,,,,,,,,,,,,,,,,,,
HOLE_002,Jerimum de Cima,100348,312.60,313.10,0.50,IG,,,3.33,,,,,,,,,,,,,,,,,,,,,,,,,,,,,,,,,,,,,,,,,,,,,,,,,,,,,
HOLE_002,Jerimum de Cima,100349,313.10,313.60,0.50,IG,,,0.28,,,,,,,,,,,,,,,,,,,,,,,,,,,,,,,,,,,,,,,,,,,,,,,,,,,,,
HOLE_002,Jerimum de Cima,100350,313.60,314.10,0.50,IG,,,0.08,,,,,,,,,,,,,,,,,,,,,,,,,,,,,,,,,,,,,,,,,,,,,,,,,,,,,
HOLE_002,Jerimum de Cima,100351,314.10,314.60,0.50,IG,,,0.22,,,,,,,,,,,,,,,,,,,,,,,,,,,,,,,,,,,,,,,,,,,,,,,,,,,,,
HOLE_002,Jerimum de Cima,100352,314.60,315.10,0.50,IG,,,1.00,,,,,,,,,,,,,,,,,,,,,,,,,,,,,,,,,,,,,,,,,,,,,,,,,,,,,
HOLE_002,Jerimum de Cima,100353,315.10,315.60,0.50,IG,,,0.52,,,,,,,,,,,,,,,,,,,,,,,,,,,,,,,,,,,,,,,,,,,,,,,,,,,,,
HOLE_002,Jerimum de Cima,100354,315.60,316.60,1.00,IG,,,0.14,,,,,,,,,,,,,,,,,,,,,,,,,,,,,,,,,,,,,,,,,,,,,,,,,,,,,
HOLE_002,Jerimum de Cima,100355,316.60,317.10,0.50,IG,,,0.07,,,,,,,,,,,,,,,,,,,,,,,,,,,,,,,,,,,,,,,,,,,,,,,,,,,,,
HOLE_002,Jerimum de Cima,100356,317.10,317.60,0.50,IG,,,0.07,,,,,,,,,,,,,,,,,,,,,,,,,,,,,,,,,,,,,,,,,,,,,,,,,,,,,
HOLE_002,Jerimum de Cima,100357,317.60,318.10,0.50,IG,,,0.06,,,,,,,,,,,,,,,,,,,,,,,,,,,,,,,,,,,,,,,,,,,,,,,,,,,,,
HOLE_002,Jerimum de Cima,100358,318.10,320.10,2.00,IG,,,0.00,,,,,,,,,,,,,,,,,,,,,,,,,,,,,,,,,,,,,,,,,,,,,,,,,,,,,
HOLE_002,Jerimum de Cima,100359,320.10,322.10,2.00,IG,,,0.01,,,,,,,,,,,,,,,,,,,,,,,,,,,,,,,,,,,,,,,,,,,,,,,,,,,,,
HOLE_002,Jerimum de Cima,100360,322.10,322.60,0.50,IG,,,0.00,,,,,,,,,,,,,,,,,,,,,,,,,,,,,,,,,,,,,,,,,,,,,,,,,,,,,
HOLE_002,Jerimum de Cima,100361,322.60,323.10,0.50,IG,,,0.00,,,,,,,,,,,,,,,,,,,,,,,,,,,,,,,,,,,,,,,,,,,,,,,,,,,,,
HOLE_002,Jerimum de Cima,100362,323.10,324.10,1.00,IG,,,0.00,,,,,,,,,,,,,,,,,,,,,,,,,,,,,,,,,,,,,,,,,,,,,,,,,,,,,
HOLE_002,Jerimum de Cima,100363,324.10,326.10,2.00,IG,,,0.00,,,,,,,,,,,,,,,,,,,,,,,,,,,,,,,,,,,,,,,,,,,,,,,,,,,,,
HOLE_002,Jerimum de Cima,100364,326.10,327.10,1.00,IG,,,0.00,,,,,,,,,,,,,,,,,,,,,,,,,,,,,,,,,,,,,,,,,,,,,,,,,,,,,
HOLE_002,Jerimum de Cima,100365,327.10,328.10,1.00,IG,,,0.00,,,,,,,,,,,,,,,,,,,,,,,,,,,,,,,,,,,,,,,,,,,,,,,,,,,,,
HOLE_002,Jerimum de Cima,100366,328.10,330.10,2.00,IG,,,0.01,,,,,,,,,,,,,,,,,,,,,,,,,,,,,,,,,,,,,,,,,,,,,,,,,,,,,
HOLE_002,Jerimum de Cima,100367,330.10,332.10,2.00,IG,,,0.00,,,,,,,,,,,,,,,,,,,,,,,,,,,,,,,,,,,,,,,,,,,,,,,,,,,,,
HOLE_002,Jerimum de Cima,100368,332.10,334.10,2.00,IG,,,0.00,,,,,,,,,,,,,,,,,,,,,,,,,,,,,,,,,,,,,,,,,,,,,,,,,,,,,
HOLE_002,Jerimum de Cima,100369,334.10,336.10,2.00,IG,,,0.00,,,,,,,,,,,,,,,,,,,,,,,,,,,,,,,,,,,,,,,,,,,,,,,,,,,,,
HOLE_002,Jerimum de Cima,100370,336.10,338.10,2.00,IG,,,0.00,,,,,,,,,,,,,,,,,,,,,,,,,,,,,,,,,,,,,,,,,,,,,,,,,,,,,
HOLE_002,Jerimum de Cima,100371,338.10,340.10,2.00,IG,,,0.00,,,,,,,,,,,,,,,,,,,,,,,,,,,,,,,,,,,,,,,,,,,,,,,,,,,,,
HOLE_002,Jerimum de Cima,100372,340.10,342.10,2.00,IG,,,0.00,,,,,,,,,,,,,,,,,,,,,,,,,,,,,,,,,,,,,,,,,,,,,,,,,,,,,
HOLE_002,Jerimum de Cima,100373,342.10,344.10,2.00,IG,,,0.00,,,,,,,,,,,,,,,,,,,,,,,,,,,,,,,,,,,,,,,,,,,,,,,,,,,,,
HOLE_002,Jerimum de Cima,100374,344.10,346.10,2.00,IG,,,0.00,,,,,,,,,,,,,,,,,,,,,,,,,,,,,,,,,,,,,,,,,,,,,,,,,,,,,
HOLE_002,Jerimum de Cima,100375,346.10,348.10,2.00,IG,,,0.00,,,,,,,,,,,,,,,,,,,,,,,,,,,,,,,,,,,,,,,,,,,,,,,,,,,,,
HOLE_002,Jerimum de Cima,100376,348.10,350.10,2.00,IG,,,0.00,,,,,,,,,,,,,,,,,,,,,,,,,,,,,,,,,,,,,,,,,,,,,,,,,,,,,
HOLE_002,Jerimum de Cima,100377,350.10,352.10,2.00,IG,,,0.00,,,,,,,,,,,,,,,,,,,,,,,,,,,,,,,,,,,,,,,,,,,,,,,,,,,,,
HOLE_002,Jerimum de Cima,100378,352.10,353.10,1.00,IG,,,0.01,,,,,,,,,,,,,,,,,,,,,,,,,,,,,,,,,,,,,,,,,,,,,,,,,,,,,
HOLE_002,Jerimum de Cima,100379,353.10,354.10,1.00,IG,,,0.01,,,,,,,,,,,,,,,,,,,,,,,,,,,,,,,,,,,,,,,,,,,,,,,,,,,,,
HOLE_002,Jerimum de Cima,100380,354.10,356.10,2.00,IG,,,0.00,,,,,,,,,,,,,,,,,,,,,,,,,,,,,,,,,,,,,,,,,,,,,,,,,,,,,
HOLE_002,Jerimum de Cima,100381,356.10,357.10,1.00,IG,,,0.00,,,,,,,,,,,,,,,,,,,,,,,,,,,,,,,,,,,,,,,,,,,,,,,,,,,,,
HOLE_002,Jerimum de Cima,100382,357.10,359.10,2.00,IG,,,0.00,,,,,,,,,,,,,,,,,,,,,,,,,,,,,,,,,,,,,,,,,,,,,,,,,,,,,
HOLE_002,Jerimum de Cima,100383,359.10,361.10,2.00,IG,,,0.00,,,,,,,,,,,,,,,,,,,,,,,,,,,,,,,,,,,,,,,,,,,,,,,,,,,,,
HOLE_002,Jerimum de Cima,100384,361.10,363.10,2.00,IG,,,0.00,,,,,,,,,,,,,,,,,,,,,,,,,,,,,,,,,,,,,,,,,,,,,,,,,,,,,
HOLE_002,Jerimum de Cima,100385,363.10,364.10,1.00,IG,,,0.09,,,,,,,,,,,,,,,,,,,,,,,,,,,,,,,,,,,,,,,,,,,,,,,,,,,,,
HOLE_002,Jerimum de Cima,100386,364.10,365.10,1.00,IG,,,0.06,,,,,,,,,,,,,,,,,,,,,,,,,,,,,,,,,,,,,,,,,,,,,,,,,,,,,
HOLE_002,Jerimum de Cima,100387,365.10,367.10,2.00,IG,,,0.00,,,,,,,,,,,,,,,,,,,,,,,,,,,,,,,,,,,,,,,,,,,,,,,,,,,,,
HOLE_002,Jerimum de Cima,100388,367.10,369.10,2.00,IG,,,0.02,,,,,,,,,,,,,,,,,,,,,,,,,,,,,,,,,,,,,,,,,,,,,,,,,,,,,
HOLE_002,Jerimum de Cima,100389,369.10,371.85,2.75,IG,,,0.00,,,,,,,,,,,,,,,,,,,,,,,,,,,,,,,,,,,,,,,,,,,,,,,,,,,,,
HOLE_003,Jerimum de Cima,100390,0.00,3.00,3.00,QS,,,0.04,,,,,,,,,,,,,,,,,,,,,,,,,,,,,,,,,,,,,,,,,,,,,,,,,,,,,
HOLE_003,Jerimum de Cima,100391,3.00,6.00,3.00,QC,,,0.09,,,,,,,,,,,,,,,,,,,,,,,,,,,,,,,,,,,,,,,,,,,,,,,,,,,,,
HOLE_003,Jerimum de Cima,100392,6.00,8.00,2.00,QC,,,0.23,,,,,,,,,,,,,,,,,,,,,,,,,,,,,,,,,,,,,,,,,,,,,,,,,,,,,
HOLE_003,Jerimum de Cima,100393,8.00,10.00,2.00,QC,,,0.09,,,,,,,,,,,,,,,,,,,,,,,,,,,,,,,,,,,,,,,,,,,,,,,,,,,,,
HOLE_003,Jerimum de Cima,100394,10.00,12.00,2.00,QC,,,0.13,,,,,,,,,,,,,,,,,,,,,,,,,,,,,,,,,,,,,,,,,,,,,,,,,,,,,
HOLE_003,Jerimum de Cima,100395,12.00,14.00,2.00,QC,,,0.13,,,,,,,,,,,,,,,,,,,,,,,,,,,,,,,,,,,,,,,,,,,,,,,,,,,,,
HOLE_003,Jerimum de Cima,100396,14.00,16.00,2.00,QC,,,0.13,,,,,,,,,,,,,,,,,,,,,,,,,,,,,,,,,,,,,,,,,,,,,,,,,,,,,
HOLE_003,Jerimum de Cima,100397,16.00,18.00,2.00,QC,,,0.21,,,,,,,,,,,,,,,,,,,,,,,,,,,,,,,,,,,,,,,,,,,,,,,,,,,,,
HOLE_003,Jerimum de Cima,100398,18.00,20.00,2.00,QC,,,0.14,,,,,,,,,,,,,,,,,,,,,,,,,,,,,,,,,,,,,,,,,,,,,,,,,,,,,
HOLE_003,Jerimum de Cima,100399,20.00,22.00,2.00,QC,,,0.09,,,,,,,,,,,,,,,,,,,,,,,,,,,,,,,,,,,,,,,,,,,,,,,,,,,,,
HOLE_003,Jerimum de Cima,100400,22.00,24.00,2.00,QC,,,0.14,,,,,,,,,,,,,,,,,,,,,,,,,,,,,,,,,,,,,,,,,,,,,,,,,,,,,
HOLE_003,Jerimum de Cima,100401,24.00,26.00,2.00,QC,,,0.14,,,,,,,,,,,,,,,,,,,,,,,,,,,,,,,,,,,,,,,,,,,,,,,,,,,,,
HOLE_003,Jerimum de Cima,100402,26.00,28.00,2.00,QC,,,0.05,,,,,,,,,,,,,,,,,,,,,,,,,,,,,,,,,,,,,,,,,,,,,,,,,,,,,
HOLE_003,Jerimum de Cima,100403,28.00,30.00,2.00,QC,,,0.11,,,,,,,,,,,,,,,,,,,,,,,,,,,,,,,,,,,,,,,,,,,,,,,,,,,,,
HOLE_003,Jerimum de Cima,100404,30.00,32.00,2.00,QC,,,0.08,,,,,,,,,,,,,,,,,,,,,,,,,,,,,,,,,,,,,,,,,,,,,,,,,,,,,
HOLE_003,Jerimum de Cima,100405,32.00,34.00,2.00,QC,,,0.11,,,,,,,,,,,,,,,,,,,,,,,,,,,,,,,,,,,,,,,,,,,,,,,,,,,,,
HOLE_003,Jerimum de Cima,100406,34.00,36.00,2.00,QC,,,0.07,,,,,,,,,,,,,,,,,,,,,,,,,,,,,,,,,,,,,,,,,,,,,,,,,,,,,
HOLE_003,Jerimum de Cima,100407,36.00,38.00,2.00,SAP,,,0.04,,,,,,,,,,,,,,,,,,,,,,,,,,,,,,,,,,,,,,,,,,,,,,,,,,,,,
HOLE_003,Jerimum de Cima,100408,38.00,40.00,2.00,SAP,,,0.05,,,,,,,,,,,,,,,,,,,,,,,,,,,,,,,,,,,,,,,,,,,,,,,,,,,,,
HOLE_003,Jerimum de Cima,100409,40.00,42.00,2.00,SAP,,,0.04,,,,,,,,,,,,,,,,,,,,,,,,,,,,,,,,,,,,,,,,,,,,,,,,,,,,,
HOLE_003,Jerimum de Cima,100410,42.00,45.00,3.00,SAP,,,0.22,,,,,,,,,,,,,,,,,,,,,,,,,,,,,,,,,,,,,,,,,,,,,,,,,,,,,
HOLE_003,Jerimum de Cima,100411,45.00,47.00,2.00,SAP,,,0.02,,,,,,,,,,,,,,,,,,,,,,,,,,,,,,,,,,,,,,,,,,,,,,,,,,,,,
HOLE_003,Jerimum de Cima,100412,47.00,50.00,3.00,SAP,,,0.01,,,,,,,,,,,,,,,,,,,,,,,,,,,,,,,,,,,,,,,,,,,,,,,,,,,,,
HOLE_003,Jerimum de Cima,100413,50.00,52.00,2.00,SAP,,,0.00,,,,,,,,,,,,,,,,,,,,,,,,,,,,,,,,,,,,,,,,,,,,,,,,,,,,,
HOLE_003,Jerimum de Cima,100414,52.00,54.00,2.00,SAP,,,0.01,,,,,,,,,,,,,,,,,,,,,,,,,,,,,,,,,,,,,,,,,,,,,,,,,,,,,
HOLE_003,Jerimum de Cima,100415,54.00,56.00,2.00,SAP,,,0.01,,,,,,,,,,,,,,,,,,,,,,,,,,,,,,,,,,,,,,,,,,,,,,,,,,,,,
HOLE_003,Jerimum de Cima,100416,56.00,58.00,2.00,SAP,,,0.01,,,,,,,,,,,,,,,,,,,,,,,,,,,,,,,,,,,,,,,,,,,,,,,,,,,,,
HOLE_003,Jerimum de Cima,100417,58.00,60.00,2.00,SAP,,,0.00,,,,,,,,,,,,,,,,,,,,,,,,,,,,,,,,,,,,,,,,,,,,,,,,,,,,,
HOLE_003,Jerimum de Cima,100418,60.00,62.00,2.00,SAP,,,0.00,,,,,,,,,,,,,,,,,,,,,,,,,,,,,,,,,,,,,,,,,,,,,,,,,,,,,
HOLE_003,Jerimum de Cima,100419,62.00,64.00,2.00,SAP,,,0.00,,,,,,,,,,,,,,,,,,,,,,,,,,,,,,,,,,,,,,,,,,,,,,,,,,,,,
HOLE_003,Jerimum de Cima,100420,64.00,66.00,2.00,SAP,,,0.00,,,,,,,,,,,,,,,,,,,,,,,,,,,,,,,,,,,,,,,,,,,,,,,,,,,,,
HOLE_003,Jerimum de Cima,100421,66.00,68.00,2.00,SAP,,,0.01,,,,,,,,,,,,,,,,,,,,,,,,,,,,,,,,,,,,,,,,,,,,,,,,,,,,,
HOLE_003,Jerimum de Cima,100422,68.00,70.00,2.00,SAP,,,0.00,,,,,,,,,,,,,,,,,,,,,,,,,,,,,,,,,,,,,,,,,,,,,,,,,,,,,
HOLE_003,Jerimum de Cima,100423,70.00,72.00,2.00,SAP,,,0.00,,,,,,,,,,,,,,,,,,,,,,,,,,,,,,,,,,,,,,,,,,,,,,,,,,,,,
HOLE_003,Jerimum de Cima,100424,72.00,74.00,2.00,SAP,,,0.00,,,,,,,,,,,,,,,,,,,,,,,,,,,,,,,,,,,,,,,,,,,,,,,,,,,,,
HOLE_003,Jerimum de Cima,100425,74.00,76.00,2.00,SAP,,,0.00,,,,,,,,,,,,,,,,,,,,,,,,,,,,,,,,,,,,,,,,,,,,,,,,,,,,,
HOLE_003,Jerimum de Cima,100426,76.00,78.00,2.00,SAP,,,0.00,,,,,,,,,,,,,,,,,,,,,,,,,,,,,,,,,,,,,,,,,,,,,,,,,,,,,
HOLE_003,Jerimum de Cima,100427,78.00,80.00,2.00,SAP,,,0.00,,,,,,,,,,,,,,,,,,,,,,,,,,,,,,,,,,,,,,,,,,,,,,,,,,,,,
HOLE_003,Jerimum de Cima,100428,80.00,82.00,2.00,SAP,,,0.00,,,,,,,,,,,,,,,,,,,,,,,,,,,,,,,,,,,,,,,,,,,,,,,,,,,,,
HOLE_003,Jerimum de Cima,100429,82.00,84.00,2.00,SAP,,,0.00,,,,,,,,,,,,,,,,,,,,,,,,,,,,,,,,,,,,,,,,,,,,,,,,,,,,,
HOLE_003,Jerimum de Cima,100430,84.00,86.00,2.00,SAP,,,0.00,,,,,,,,,,,,,,,,,,,,,,,,,,,,,,,,,,,,,,,,,,,,,,,,,,,,,
HOLE_003,Jerimum de Cima,100431,86.00,88.00,2.00,SAP,,,0.00,,,,,,,,,,,,,,,,,,,,,,,,,,,,,,,,,,,,,,,,,,,,,,,,,,,,,
HOLE_003,Jerimum de Cima,100432,88.00,90.00,2.00,SAP,,,0.00,,,,,,,,,,,,,,,,,,,,,,,,,,,,,,,,,,,,,,,,,,,,,,,,,,,,,
HOLE_003,Jerimum de Cima,100433,90.00,92.00,2.00,SAP,,,0.10,,,,,,,,,,,,,,,,,,,,,,,,,,,,,,,,,,,,,,,,,,,,,,,,,,,,,
HOLE_003,Jerimum de Cima,100434,92.00,94.00,2.00,SAP,,,0.00,,,,,,,,,,,,,,,,,,,,,,,,,,,,,,,,,,,,,,,,,,,,,,,,,,,,,
HOLE_003,Jerimum de Cima,100435,94.00,96.00,2.00,IG,SAP,PV,0.00,,,,,,,,,,,,,,,,,,,,,,,,,,,,,,,,,,,,,,,,,,,,,,,,,,,,,
HOLE_003,Jerimum de Cima,100436,96.00,98.00,2.00,IG,CTHM,PV,0.00,,,,,,,,,,,,,,,,,,,,,,,,,,,,,,,,,,,,,,,,,,,,,,,,,,,,,
HOLE_003,Jerimum de Cima,100437,98.00,100.00,2.00,IG,CTHM,PV,0.00,,,,,,,,,,,,,,,,,,,,,,,,,,,,,,,,,,,,,,,,,,,,,,,,,,,,,
HOLE_003,Jerimum de Cima,100438,100.00,102.00,2.00,IG,CTHM,PV,0.00,,,,,,,,,,,,,,,,,,,,,,,,,,,,,,,,,,,,,,,,,,,,,,,,,,,,,
HOLE_003,Jerimum de Cima,100439,102.00,104.00,2.00,IG,CTHM,PV,0.00,,,,,,,,,,,,,,,,,,,,,,,,,,,,,,,,,,,,,,,,,,,,,,,,,,,,,
HOLE_003,Jerimum de Cima,100440,104.00,106.00,2.00,IG,CTHM,PA,0.02,,,,,,,,,,,,,,,,,,,,,,,,,,,,,,,,,,,,,,,,,,,,,,,,,,,,,
HOLE_003,Jerimum de Cima,100441,106.00,108.00,2.00,IG,CTHM,PA,0.01,,,,,,,,,,,,,,,,,,,,,,,,,,,,,,,,,,,,,,,,,,,,,,,,,,,,,
HOLE_003,Jerimum de Cima,100442,108.00,110.00,2.00,IA,CTHM,PV,0.00,,,,,,,,,,,,,,,,,,,,,,,,,,,,,,,,,,,,,,,,,,,,,,,,,,,,,
HOLE_003,Jerimum de Cima,100443,110.00,112.00,2.00,IG,CTHM,PA,0.00,,,,,,,,,,,,,,,,,,,,,,,,,,,,,,,,,,,,,,,,,,,,,,,,,,,,,
HOLE_003,Jerimum de Cima,100444,112.00,114.00,2.00,IG,CTHM,PA,0.00,,,,,,,,,,,,,,,,,,,,,,,,,,,,,,,,,,,,,,,,,,,,,,,,,,,,,
HOLE_003,Jerimum de Cima,100445,114.00,116.00,2.00,IG,CTHM,PA,0.00,,,,,,,,,,,,,,,,,,,,,,,,,,,,,,,,,,,,,,,,,,,,,,,,,,,,,
HOLE_003,Jerimum de Cima,100446,116.00,118.00,2.00,IG,CTHM,PA,0.00,,,,,,,,,,,,,,,,,,,,,,,,,,,,,,,,,,,,,,,,,,,,,,,,,,,,,
HOLE_003,Jerimum de Cima,100447,118.00,120.00,2.00,IG,CTHM,PA,0.00,,,,,,,,,,,,,,,,,,,,,,,,,,,,,,,,,,,,,,,,,,,,,,,,,,,,,
HOLE_003,Jerimum de Cima,100448,120.00,122.00,2.00,IG,CTHM,PA,0.00,,,,,,,,,,,,,,,,,,,,,,,,,,,,,,,,,,,,,,,,,,,,,,,,,,,,,
HOLE_003,Jerimum de Cima,100449,122.00,124.00,2.00,IG,CTHM,PV,0.00,,,,,,,,,,,,,,,,,,,,,,,,,,,,,,,,,,,,,,,,,,,,,,,,,,,,,
HOLE_003,Jerimum de Cima,100450,124.00,126.00,2.00,IG,CTHM,PA,0.00,,,,,,,,,,,,,,,,,,,,,,,,,,,,,,,,,,,,,,,,,,,,,,,,,,,,,
HOLE_003,Jerimum de Cima,100451,126.00,128.00,2.00,IA,CTHM,PA,0.00,,,,,,,,,,,,,,,,,,,,,,,,,,,,,,,,,,,,,,,,,,,,,,,,,,,,,
HOLE_003,Jerimum de Cima,100452,128.00,130.00,2.00,IG,CTHM,PA,0.00,,,,,,,,,,,,,,,,,,,,,,,,,,,,,,,,,,,,,,,,,,,,,,,,,,,,,
HOLE_003,Jerimum de Cima,100453,130.00,132.00,2.00,IG,SER,PA,0.00,,,,,,,,,,,,,,,,,,,,,,,,,,,,,,,,,,,,,,,,,,,,,,,,,,,,,
HOLE_003,Jerimum de Cima,100454,132.00,134.00,2.00,IG,SER,PA,0.00,,,,,,,,,,,,,,,,,,,,,,,,,,,,,,,,,,,,,,,,,,,,,,,,,,,,,
HOLE_003,Jerimum de Cima,100455,134.00,136.00,2.00,IG,SER,PA,0.02,,,,,,,,,,,,,,,,,,,,,,,,,,,,,,,,,,,,,,,,,,,,,,,,,,,,,
HOLE_003,Jerimum de Cima,100456,136.00,138.00,2.00,IG,SER,PA,0.02,,,,,,,,,,,,,,,,,,,,,,,,,,,,,,,,,,,,,,,,,,,,,,,,,,,,,
HOLE_003,Jerimum de Cima,100457,138.00,140.00,2.00,IG,SER,PA,0.00,,,,,,,,,,,,,,,,,,,,,,,,,,,,,,,,,,,,,,,,,,,,,,,,,,,,,
HOLE_003,Jerimum de Cima,100458,140.00,142.00,2.00,IG,SER,PA,0.00,,,,,,,,,,,,,,,,,,,,,,,,,,,,,,,,,,,,,,,,,,,,,,,,,,,,,
HOLE_003,Jerimum de Cima,100459,142.00,144.00,2.00,IG,SER,PA,0.00,,,,,,,,,,,,,,,,,,,,,,,,,,,,,,,,,,,,,,,,,,,,,,,,,,,,,
HOLE_003,Jerimum de Cima,100460,144.00,146.00,2.00,MD,CT,PV,0.00,,,,,,,,,,,,,,,,,,,,,,,,,,,,,,,,,,,,,,,,,,,,,,,,,,,,,
HOLE_003,Jerimum de Cima,100461,146.00,148.00,2.00,IG,CTHM,PA,0.00,,,,,,,,,,,,,,,,,,,,,,,,,,,,,,,,,,,,,,,,,,,,,,,,,,,,,
HOLE_003,Jerimum de Cima,100462,148.00,150.00,2.00,IG,CTHM,PA,0.00,,,,,,,,,,,,,,,,,,,,,,,,,,,,,,,,,,,,,,,,,,,,,,,,,,,,,
HOLE_003,Jerimum de Cima,100463,150.00,152.00,2.00,IG,CTHM,PA,0.00,,,,,,,,,,,,,,,,,,,,,,,,,,,,,,,,,,,,,,,,,,,,,,,,,,,,,
HOLE_003,Jerimum de Cima,100464,152.00,154.00,2.00,IG,CTHM,PA,0.01,,,,,,,,,,,,,,,,,,,,,,,,,,,,,,,,,,,,,,,,,,,,,,,,,,,,,
HOLE_003,Jerimum de Cima,100465,154.00,156.00,2.00,IG,CTHM,PA,0.02,,,,,,,,,,,,,,,,,,,,,,,,,,,,,,,,,,,,,,,,,,,,,,,,,,,,,
HOLE_003,Jerimum de Cima,100466,156.00,158.00,2.00,IG,CTHM,PA,0.00,,,,,,,,,,,,,,,,,,,,,,,,,,,,,,,,,,,,,,,,,,,,,,,,,,,,,
HOLE_003,Jerimum de Cima,100467,158.00,160.00,2.00,IG,CTHM,PA,0.00,,,,,,,,,,,,,,,,,,,,,,,,,,,,,,,,,,,,,,,,,,,,,,,,,,,,,
HOLE_003,Jerimum de Cima,100468,160.00,162.00,2.00,IG,CTHM,PA,0.00,,,,,,,,,,,,,,,,,,,,,,,,,,,,,,,,,,,,,,,,,,,,,,,,,,,,,
HOLE_003,Jerimum de Cima,100469,162.00,164.00,2.00,IA,CTHM,PA,0.02,,,,,,,,,,,,,,,,,,,,,,,,,,,,,,,,,,,,,,,,,,,,,,,,,,,,,
HOLE_003,Jerimum de Cima,100470,164.00,166.00,2.00,IA,CTHM,PA,0.00,,,,,,,,,,,,,,,,,,,,,,,,,,,,,,,,,,,,,,,,,,,,,,,,,,,,,
HOLE_003,Jerimum de Cima,100471,166.00,168.00,2.00,IG,CTHM,PA,0.13,,,,,,,,,,,,,,,,,,,,,,,,,,,,,,,,,,,,,,,,,,,,,,,,,,,,,
HOLE_003,Jerimum de Cima,100472,168.00,170.00,2.00,IG,CTHM,PA,0.04,,,,,,,,,,,,,,,,,,,,,,,,,,,,,,,,,,,,,,,,,,,,,,,,,,,,,
HOLE_003,Jerimum de Cima,100473,170.00,172.00,2.00,IA,CTHM,PA,0.69,,,,,,,,,,,,,,,,,,,,,,,,,,,,,,,,,,,,,,,,,,,,,,,,,,,,,
HOLE_003,Jerimum de Cima,100474,172.00,174.00,2.00,IG,SER,VN,0.21,,,,,,,,,,,,,,,,,,,,,,,,,,,,,,,,,,,,,,,,,,,,,,,,,,,,,
HOLE_003,Jerimum de Cima,100475,174.00,176.00,2.00,IG,CTHM,PA,0.04,,,,,,,,,,,,,,,,,,,,,,,,,,,,,,,,,,,,,,,,,,,,,,,,,,,,,
HOLE_003,Jerimum de Cima,100476,176.00,178.00,2.00,IG,CTHM,PA,0.20,,,,,,,,,,,,,,,,,,,,,,,,,,,,,,,,,,,,,,,,,,,,,,,,,,,,,
HOLE_003,Jerimum de Cima,100477,178.00,180.00,2.00,IA,CTHM,PA,0.00,,,,,,,,,,,,,,,,,,,,,,,,,,,,,,,,,,,,,,,,,,,,,,,,,,,,,
HOLE_003,Jerimum de Cima,100478,180.00,182.00,2.00,IG,CTHM,PA,0.00,,,,,,,,,,,,,,,,,,,,,,,,,,,,,,,,,,,,,,,,,,,,,,,,,,,,,
HOLE_003,Jerimum de Cima,100479,182.00,184.00,2.00,IG,CTHM,PA,0.43,,,,,,,,,,,,,,,,,,,,,,,,,,,,,,,,,,,,,,,,,,,,,,,,,,,,,
HOLE_003,Jerimum de Cima,100480,184.00,186.00,2.00,IG,CTHM,PA,0.00,,,,,,,,,,,,,,,,,,,,,,,,,,,,,,,,,,,,,,,,,,,,,,,,,,,,,
HOLE_003,Jerimum de Cima,100481,186.00,188.00,2.00,IG,CTHM,PA,0.00,,,,,,,,,,,,,,,,,,,,,,,,,,,,,,,,,,,,,,,,,,,,,,,,,,,,,
HOLE_003,Jerimum de Cima,100482,188.00,190.00,2.00,IG,CTHM,PA,0.01,,,,,,,,,,,,,,,,,,,,,,,,,,,,,,,,,,,,,,,,,,,,,,,,,,,,,
HOLE_003,Jerimum de Cima,100483,190.00,192.00,2.00,IG,CTHM,PA,0.02,,,,,,,,,,,,,,,,,,,,,,,,,,,,,,,,,,,,,,,,,,,,,,,,,,,,,
HOLE_003,Jerimum de Cima,100484,192.00,194.00,2.00,IG,SER,VN,0.04,,,,,,,,,,,,,,,,,,,,,,,,,,,,,,,,,,,,,,,,,,,,,,,,,,,,,
HOLE_003,Jerimum de Cima,100485,194.00,196.00,2.00,IG,CTHM,PA,0.01,,,,,,,,,,,,,,,,,,,,,,,,,,,,,,,,,,,,,,,,,,,,,,,,,,,,,
HOLE_003,Jerimum de Cima,100486,196.00,198.00,2.00,IG,CTHM,PA,0.04,,,,,,,,,,,,,,,,,,,,,,,,,,,,,,,,,,,,,,,,,,,,,,,,,,,,,
HOLE_003,Jerimum de Cima,100487,198.00,200.00,2.00,IG,CTHM,PA,0.01,,,,,,,,,,,,,,,,,,,,,,,,,,,,,,,,,,,,,,,,,,,,,,,,,,,,,
HOLE_003,Jerimum de Cima,100488,200.00,202.00,2.00,IG,CTHM,PV,0.00,,,,,,,,,,,,,,,,,,,,,,,,,,,,,,,,,,,,,,,,,,,,,,,,,,,,,
HOLE_003,Jerimum de Cima,100489,202.00,204.00,2.00,IG,CTHM,PV,0.00,,,,,,,,,,,,,,,,,,,,,,,,,,,,,,,,,,,,,,,,,,,,,,,,,,,,,
HOLE_003,Jerimum de Cima,100490,204.00,206.00,2.00,IG,CTHM,PA,0.00,,,,,,,,,,,,,,,,,,,,,,,,,,,,,,,,,,,,,,,,,,,,,,,,,,,,,
HOLE_003,Jerimum de Cima,100491,206.00,208.00,2.00,IA,CTHM,PV,0.00,,,,,,,,,,,,,,,,,,,,,,,,,,,,,,,,,,,,,,,,,,,,,,,,,,,,,
HOLE_003,Jerimum de Cima,100492,208.00,210.00,2.00,IA,CTHM,PV,0.00,,,,,,,,,,,,,,,,,,,,,,,,,,,,,,,,,,,,,,,,,,,,,,,,,,,,,
HOLE_003,Jerimum de Cima,100493,210.00,212.00,2.00,IG,CTHM,PA,0.00,,,,,,,,,,,,,,,,,,,,,,,,,,,,,,,,,,,,,,,,,,,,,,,,,,,,,
HOLE_003,Jerimum de Cima,100494,212.00,214.00,2.00,IA,CTHM,PV,0.00,,,,,,,,,,,,,,,,,,,,,,,,,,,,,,,,,,,,,,,,,,,,,,,,,,,,,
HOLE_003,Jerimum de Cima,100495,214.00,216.00,2.00,IG,CTHM,PA,0.00,,,,,,,,,,,,,,,,,,,,,,,,,,,,,,,,,,,,,,,,,,,,,,,,,,,,,
HOLE_003,Jerimum de Cima,100496,216.00,218.00,2.00,IG,CTHM,PA,0.00,,,,,,,,,,,,,,,,,,,,,,,,,,,,,,,,,,,,,,,,,,,,,,,,,,,,,
HOLE_003,Jerimum de Cima,100497,218.00,220.00,2.00,IG,CTHM,PA,0.00,,,,,,,,,,,,,,,,,,,,,,,,,,,,,,,,,,,,,,,,,,,,,,,,,,,,,
HOLE_003,Jerimum de Cima,100498,220.00,222.00,2.00,IG,CTHM,PV,0.00,,,,,,,,,,,,,,,,,,,,,,,,,,,,,,,,,,,,,,,,,,,,,,,,,,,,,
HOLE_003,Jerimum de Cima,100499,222.00,224.00,2.00,IG,CTHM,PA,0.00,,,,,,,,,,,,,,,,,,,,,,,,,,,,,,,,,,,,,,,,,,,,,,,,,,,,,
HOLE_003,Jerimum de Cima,100500,224.00,226.00,2.00,IG,CTHM,PA,0.00,,,,,,,,,,,,,,,,,,,,,,,,,,,,,,,,,,,,,,,,,,,,,,,,,,,,,
HOLE_003,Jerimum de Cima,100501,226.00,228.00,2.00,IG,CTHM,PA,0.00,,,,,,,,,,,,,,,,,,,,,,,,,,,,,,,,,,,,,,,,,,,,,,,,,,,,,
HOLE_003,Jerimum de Cima,100502,228.00,230.00,2.00,IG,CTHM,PV,0.00,,,,,,,,,,,,,,,,,,,,,,,,,,,,,,,,,,,,,,,,,,,,,,,,,,,,,
HOLE_003,Jerimum de Cima,100503,230.00,232.00,2.00,IG,CTHM,PV,0.00,,,,,,,,,,,,,,,,,,,,,,,,,,,,,,,,,,,,,,,,,,,,,,,,,,,,,
HOLE_003,Jerimum de Cima,100504,232.00,234.00,2.00,IG,CTHM,PV,0.00,,,,,,,,,,,,,,,,,,,,,,,,,,,,,,,,,,,,,,,,,,,,,,,,,,,,,
HOLE_003,Jerimum de Cima,100505,234.00,236.00,2.00,IG,CTHM,PV,0.00,,,,,,,,,,,,,,,,,,,,,,,,,,,,,,,,,,,,,,,,,,,,,,,,,,,,,
HOLE_003,Jerimum de Cima,100506,236.00,238.00,2.00,IG,CTHM,PV,0.21,,,,,,,,,,,,,,,,,,,,,,,,,,,,,,,,,,,,,,,,,,,,,,,,,,,,,
HOLE_003,Jerimum de Cima,100507,238.00,240.00,2.00,IG,CTHM,PV,0.01,,,,,,,,,,,,,,,,,,,,,,,,,,,,,,,,,,,,,,,,,,,,,,,,,,,,,
HOLE_003,Jerimum de Cima,100508,240.00,242.00,2.00,IG,CTHM,PV,1.23,,,,,,,,,,,,,,,,,,,,,,,,,,,,,,,,,,,,,,,,,,,,,,,,,,,,,
HOLE_003,Jerimum de Cima,100509,242.00,243.50,1.50,IG,CTHM,PV,0.02,,,,,,,,,,,,,,,,,,,,,,,,,,,,,,,,,,,,,,,,,,,,,,,,,,,,,
HOLE_003,Jerimum de Cima,100510,243.50,244.50,1.00,IG,CTHM,PV,1.15,,,,,,,,,,,,,,,,,,,,,,,,,,,,,,,,,,,,,,,,,,,,,,,,,,,,,
HOLE_003,Jerimum de Cima,100511,244.50,246.50,2.00,IG,SER,PV,0.01,,,,,,,,,,,,,,,,,,,,,,,,,,,,,,,,,,,,,,,,,,,,,,,,,,,,,
HOLE_003,Jerimum de Cima,100512,246.50,248.50,2.00,IG,CTHM,PA,0.01,,,,,,,,,,,,,,,,,,,,,,,,,,,,,,,,,,,,,,,,,,,,,,,,,,,,,
HOLE_003,Jerimum de Cima,100513,248.50,250.50,2.00,IA,CTHM,PA,0.01,,,,,,,,,,,,,,,,,,,,,,,,,,,,,,,,,,,,,,,,,,,,,,,,,,,,,
HOLE_003,Jerimum de Cima,100514,250.50,252.50,2.00,IG,CTHM,PA,0.01,,,,,,,,,,,,,,,,,,,,,,,,,,,,,,,,,,,,,,,,,,,,,,,,,,,,,
HOLE_003,Jerimum de Cima,100515,252.50,254.50,2.00,IA,CTHM,PV,0.01,,,,,,,,,,,,,,,,,,,,,,,,,,,,,,,,,,,,,,,,,,,,,,,,,,,,,
HOLE_003,Jerimum de Cima,100516,254.50,256.50,2.00,IG,CTHM,PA,0.02,,,,,,,,,,,,,,,,,,,,,,,,,,,,,,,,,,,,,,,,,,,,,,,,,,,,,
HOLE_003,Jerimum de Cima,100517,256.50,258.50,2.00,IG,CTHM,PA,0.02,,,,,,,,,,,,,,,,,,,,,,,,,,,,,,,,,,,,,,,,,,,,,,,,,,,,,
HOLE_003,Jerimum de Cima,100518,258.50,260.50,2.00,IG,CTHM,PA,0.02,,,,,,,,,,,,,,,,,,,,,,,,,,,,,,,,,,,,,,,,,,,,,,,,,,,,,
HOLE_003,Jerimum de Cima,100519,260.50,262.50,2.00,IG,CTHM,PA,0.01,,,,,,,,,,,,,,,,,,,,,,,,,,,,,,,,,,,,,,,,,,,,,,,,,,,,,
HOLE_003,Jerimum de Cima,100520,262.50,263.50,1.00,IG,CTHM,PA,0.39,,,,,,,,,,,,,,,,,,,,,,,,,,,,,,,,,,,,,,,,,,,,,,,,,,,,,
HOLE_003,Jerimum de Cima,100521,263.50,265.50,2.00,IG,SER,VN,0.01,,,,,,,,,,,,,,,,,,,,,,,,,,,,,,,,,,,,,,,,,,,,,,,,,,,,,
HOLE_003,Jerimum de Cima,100522,265.50,267.50,2.00,IG,CTHM,PA,0.01,,,,,,,,,,,,,,,,,,,,,,,,,,,,,,,,,,,,,,,,,,,,,,,,,,,,,
HOLE_003,Jerimum de Cima,100523,267.50,269.50,2.00,IG,CTHM,PA,0.01,,,,,,,,,,,,,,,,,,,,,,,,,,,,,,,,,,,,,,,,,,,,,,,,,,,,,
HOLE_003,Jerimum de Cima,100524,269.50,271.50,2.00,IG,CTHM,PA,0.01,,,,,,,,,,,,,,,,,,,,,,,,,,,,,,,,,,,,,,,,,,,,,,,,,,,,,
HOLE_003,Jerimum de Cima,100525,271.50,273.50,2.00,IG,CTHM,PA,0.00,,,,,,,,,,,,,,,,,,,,,,,,,,,,,,,,,,,,,,,,,,,,,,,,,,,,,
HOLE_003,Jerimum de Cima,100526,273.50,275.50,2.00,IG,CTHM,PA,0.00,,,,,,,,,,,,,,,,,,,,,,,,,,,,,,,,,,,,,,,,,,,,,,,,,,,,,
HOLE_003,Jerimum de Cima,100527,275.50,277.50,2.00,IG,CTHM,PA,0.00,,,,,,,,,,,,,,,,,,,,,,,,,,,,,,,,,,,,,,,,,,,,,,,,,,,,,
HOLE_003,Jerimum de Cima,100528,277.50,279.50,2.00,IG,CTHM,PA,0.00,,,,,,,,,,,,,,,,,,,,,,,,,,,,,,,,,,,,,,,,,,,,,,,,,,,,,
HOLE_003,Jerimum de Cima,100529,279.50,281.50,2.00,IG,CTHM,PA,0.00,,,,,,,,,,,,,,,,,,,,,,,,,,,,,,,,,,,,,,,,,,,,,,,,,,,,,
HOLE_003,Jerimum de Cima,100530,281.50,283.50,2.00,IG,CTHM,PA,0.00,,,,,,,,,,,,,,,,,,,,,,,,,,,,,,,,,,,,,,,,,,,,,,,,,,,,,
HOLE_003,Jerimum de Cima,100531,283.50,284.50,1.00,IG,CTHM,PA,0.01,,,,,,,,,,,,,,,,,,,,,,,,,,,,,,,,,,,,,,,,,,,,,,,,,,,,,
HOLE_003,Jerimum de Cima,100532,284.50,285.50,1.00,IG,CTHM,PA,0.01,,,,,,,,,,,,,,,,,,,,,,,,,,,,,,,,,,,,,,,,,,,,,,,,,,,,,
HOLE_003,Jerimum de Cima,100533,285.50,287.40,1.90,IG,CTHM,PA,0.00,,,,,,,,,,,,,,,,,,,,,,,,,,,,,,,,,,,,,,,,,,,,,,,,,,,,,
HOLE_003,Jerimum de Cima,100534,287.40,287.90,0.50,IG,CTHM,PA,0.01,,,,,,,,,,,,,,,,,,,,,,,,,,,,,,,,,,,,,,,,,,,,,,,,,,,,,
HOLE_003,Jerimum de Cima,100535,287.90,289.90,2.00,HD,CT,PV,0.00,,,,,,,,,,,,,,,,,,,,,,,,,,,,,,,,,,,,,,,,,,,,,,,,,,,,,
HOLE_003,Jerimum de Cima,100536,289.90,291.90,2.00,IG,CTHM,PA,0.00,,,,,,,,,,,,,,,,,,,,,,,,,,,,,,,,,,,,,,,,,,,,,,,,,,,,,
HOLE_003,Jerimum de Cima,100537,291.90,293.90,2.00,IG,CTHM,PA,0.01,,,,,,,,,,,,,,,,,,,,,,,,,,,,,,,,,,,,,,,,,,,,,,,,,,,,,
HOLE_003,Jerimum de Cima,100538,293.90,295.90,2.00,IG,CTHM,PA,0.00,,,,,,,,,,,,,,,,,,,,,,,,,,,,,,,,,,,,,,,,,,,,,,,,,,,,,
HOLE_003,Jerimum de Cima,100539,295.90,297.90,2.00,IG,CTHM,PA,0.00,,,,,,,,,,,,,,,,,,,,,,,,,,,,,,,,,,,,,,,,,,,,,,,,,,,,,
HOLE_003,Jerimum de Cima,100540,297.90,299.90,2.00,IG,CTHM,PA,0.00,,,,,,,,,,,,,,,,,,,,,,,,,,,,,,,,,,,,,,,,,,,,,,,,,,,,,
HOLE_003,Jerimum de Cima,100541,299.90,301.90,2.00,IG,CTHM,PA,0.00,,,,,,,,,,,,,,,,,,,,,,,,,,,,,,,,,,,,,,,,,,,,,,,,,,,,,
HOLE_003,Jerimum de Cima,100542,301.90,303.90,2.00,IA,CTHM,PV,0.00,,,,,,,,,,,,,,,,,,,,,,,,,,,,,,,,,,,,,,,,,,,,,,,,,,,,,
HOLE_003,Jerimum de Cima,100543,303.90,305.90,2.00,IG,CTHM,PA,0.00,,,,,,,,,,,,,,,,,,,,,,,,,,,,,,,,,,,,,,,,,,,,,,,,,,,,,
HOLE_003,Jerimum de Cima,100544,305.90,307.90,2.00,IG,CTHM,PA,0.00,,,,,,,,,,,,,,,,,,,,,,,,,,,,,,,,,,,,,,,,,,,,,,,,,,,,,
HOLE_003,Jerimum de Cima,100545,307.90,309.90,2.00,IA,CTHM,PV,0.02,,,,,,,,,,,,,,,,,,,,,,,,,,,,,,,,,,,,,,,,,,,,,,,,,,,,,
HOLE_003,Jerimum de Cima,100546,309.90,311.90,2.00,IA,CTHM,PV,0.00,,,,,,,,,,,,,,,,,,,,,,,,,,,,,,,,,,,,,,,,,,,,,,,,,,,,,
HOLE_003,Jerimum de Cima,100547,311.90,313.90,2.00,IG,CTHM,PA,0.00,,,,,,,,,,,,,,,,,,,,,,,,,,,,,,,,,,,,,,,,,,,,,,,,,,,,,
HOLE_003,Jerimum de Cima,100548,313.90,315.90,2.00,IG,CTHM,PA,0.01,,,,,,,,,,,,,,,,,,,,,,,,,,,,,,,,,,,,,,,,,,,,,,,,,,,,,
HOLE_003,Jerimum de Cima,100549,315.90,317.90,2.00,IG,CTHM,PA,0.00,,,,,,,,,,,,,,,,,,,,,,,,,,,,,,,,,,,,,,,,,,,,,,,,,,,,,
HOLE_003,Jerimum de Cima,100550,317.90,319.90,2.00,IG,CTHM,PA,0.00,,,,,,,,,,,,,,,,,,,,,,,,,,,,,,,,,,,,,,,,,,,,,,,,,,,,,
HOLE_003,Jerimum de Cima,100551,319.90,321.90,2.00,IG,CTHM,PA,0.01,,,,,,,,,,,,,,,,,,,,,,,,,,,,,,,,,,,,,,,,,,,,,,,,,,,,,
HOLE_003,Jerimum de Cima,100552,321.90,323.08,1.18,IG,CTHM,PA,0.01,,,,,,,,,,,,,,,,,,,,,,,,,,,,,,,,,,,,,,,,,,,,,,,,,,,,,
HOLE_004,Jerimum de Cima,100553,0.00,2.00,2.00,SAP,,,0.09,,,,,,,,,,,,,,,,,,,,,,,,,,,,,,,,,,,,,,,,,,,,,,,,,,,,,
HOLE_004,Jerimum de Cima,100554,2.00,5.00,3.00,SAP,,,0.11,,,,,,,,,,,,,,,,,,,,,,,,,,,,,,,,,,,,,,,,,,,,,,,,,,,,,
HOLE_004,Jerimum de Cima,100555,5.00,7.00,2.00,SAP,,,0.12,,,,,,,,,,,,,,,,,,,,,,,,,,,,,,,,,,,,,,,,,,,,,,,,,,,,,
HOLE_004,Jerimum de Cima,100556,7.00,9.00,2.00,SAP,,,0.23,,,,,,,,,,,,,,,,,,,,,,,,,,,,,,,,,,,,,,,,,,,,,,,,,,,,,
HOLE_004,Jerimum de Cima,100557,9.00,11.00,2.00,SAP,,,0.13,,,,,,,,,,,,,,,,,,,,,,,,,,,,,,,,,,,,,,,,,,,,,,,,,,,,,
HOLE_004,Jerimum de Cima,100558,11.00,13.00,2.00,SAP,,,0.09,,,,,,,,,,,,,,,,,,,,,,,,,,,,,,,,,,,,,,,,,,,,,,,,,,,,,
HOLE_004,Jerimum de Cima,100559,13.00,15.00,2.00,SAP,,,0.11,,,,,,,,,,,,,,,,,,,,,,,,,,,,,,,,,,,,,,,,,,,,,,,,,,,,,
HOLE_004,Jerimum de Cima,100560,15.00,17.00,2.00,SAP,,,0.32,,,,,,,,,,,,,,,,,,,,,,,,,,,,,,,,,,,,,,,,,,,,,,,,,,,,,
HOLE_004,Jerimum de Cima,100561,17.00,19.00,2.00,SAP,,,0.17,,,,,,,,,,,,,,,,,,,,,,,,,,,,,,,,,,,,,,,,,,,,,,,,,,,,,
HOLE_004,Jerimum de Cima,100562,19.00,21.00,2.00,SAP,,,0.16,,,,,,,,,,,,,,,,,,,,,,,,,,,,,,,,,,,,,,,,,,,,,,,,,,,,,
HOLE_004,Jerimum de Cima,100563,21.00,23.00,2.00,SAP,,,0.16,,,,,,,,,,,,,,,,,,,,,,,,,,,,,,,,,,,,,,,,,,,,,,,,,,,,,
HOLE_004,Jerimum de Cima,100564,23.00,25.00,2.00,SAP,,,0.16,,,,,,,,,,,,,,,,,,,,,,,,,,,,,,,,,,,,,,,,,,,,,,,,,,,,,
HOLE_004,Jerimum de Cima,100565,25.00,27.00,2.00,SAP,,,0.10,,,,,,,,,,,,,,,,,,,,,,,,,,,,,,,,,,,,,,,,,,,,,,,,,,,,,
HOLE_004,Jerimum de Cima,100566,27.00,29.00,2.00,SAP,,,0.09,,,,,,,,,,,,,,,,,,,,,,,,,,,,,,,,,,,,,,,,,,,,,,,,,,,,,
HOLE_004,Jerimum de Cima,100567,29.00,30.00,1.00,SAP,,,0.06,,,,,,,,,,,,,,,,,,,,,,,,,,,,,,,,,,,,,,,,,,,,,,,,,,,,,
HOLE_004,Jerimum de Cima,100568,30.00,32.00,2.00,SAP,,,0.06,,,,,,,,,,,,,,,,,,,,,,,,,,,,,,,,,,,,,,,,,,,,,,,,,,,,,
HOLE_004,Jerimum de Cima,100569,32.00,34.00,2.00,SAP,,,0.05,,,,,,,,,,,,,,,,,,,,,,,,,,,,,,,,,,,,,,,,,,,,,,,,,,,,,
HOLE_004,Jerimum de Cima,100570,34.00,36.00,2.00,SAP,,,0.03,,,,,,,,,,,,,,,,,,,,,,,,,,,,,,,,,,,,,,,,,,,,,,,,,,,,,
HOLE_004,Jerimum de Cima,100571,36.00,38.00,2.00,SAP,,,0.06,,,,,,,,,,,,,,,,,,,,,,,,,,,,,,,,,,,,,,,,,,,,,,,,,,,,,
HOLE_004,Jerimum de Cima,100572,38.00,40.00,2.00,SAP,,,0.06,,,,,,,,,,,,,,,,,,,,,,,,,,,,,,,,,,,,,,,,,,,,,,,,,,,,,
HOLE_004,Jerimum de Cima,100573,40.00,42.00,2.00,SAP,,,0.05,,,,,,,,,,,,,,,,,,,,,,,,,,,,,,,,,,,,,,,,,,,,,,,,,,,,,
HOLE_004,Jerimum de Cima,100574,42.00,44.00,2.00,SAP,,,0.04,,,,,,,,,,,,,,,,,,,,,,,,,,,,,,,,,,,,,,,,,,,,,,,,,,,,,
HOLE_004,Jerimum de Cima,100575,44.00,46.00,2.00,SAP,,,0.08,,,,,,,,,,,,,,,,,,,,,,,,,,,,,,,,,,,,,,,,,,,,,,,,,,,,,
HOLE_004,Jerimum de Cima,100576,46.00,48.00,2.00,SAP,,,0.07,,,,,,,,,,,,,,,,,,,,,,,,,,,,,,,,,,,,,,,,,,,,,,,,,,,,,
HOLE_004,Jerimum de Cima,100577,48.00,50.30,2.30,SAP,,,0.05,,,,,,,,,,,,,,,,,,,,,,,,,,,,,,,,,,,,,,,,,,,,,,,,,,,,,
HOLE_004,Jerimum de Cima,100578,51.80,53.30,1.50,SAP,,,0.01,,,,,,,,,,,,,,,,,,,,,,,,,,,,,,,,,,,,,,,,,,,,,,,,,,,,,
HOLE_004,Jerimum de Cima,100579,54.90,57.00,2.10,SAP,,,0.01,,,,,,,,,,,,,,,,,,,,,,,,,,,,,,,,,,,,,,,,,,,,,,,,,,,,,
HOLE_004,Jerimum de Cima,100580,57.00,59.00,2.00,SAP,,,0.01,,,,,,,,,,,,,,,,,,,,,,,,,,,,,,,,,,,,,,,,,,,,,,,,,,,,,
HOLE_004,Jerimum de Cima,100581,59.00,61.00,2.00,SAP,,,0.01,,,,,,,,,,,,,,,,,,,,,,,,,,,,,,,,,,,,,,,,,,,,,,,,,,,,,
HOLE_004,Jerimum de Cima,100582,61.00,63.00,2.00,SAP,,,0.01,,,,,,,,,,,,,,,,,,,,,,,,,,,,,,,,,,,,,,,,,,,,,,,,,,,,,
HOLE_004,Jerimum de Cima,100583,63.00,65.00,2.00,SAP,,,0.02,,,,,,,,,,,,,,,,,,,,,,,,,,,,,,,,,,,,,,,,,,,,,,,,,,,,,
HOLE_004,Jerimum de Cima,100584,65.00,67.00,2.00,SAP,,,0.01,,,,,,,,,,,,,,,,,,,,,,,,,,,,,,,,,,,,,,,,,,,,,,,,,,,,,
HOLE_004,Jerimum de Cima,100585,67.00,69.00,2.00,SAP,,,0.01,,,,,,,,,,,,,,,,,,,,,,,,,,,,,,,,,,,,,,,,,,,,,,,,,,,,,
HOLE_004,Jerimum de Cima,100586,69.00,71.00,2.00,SAP,,,0.01,,,,,,,,,,,,,,,,,,,,,,,,,,,,,,,,,,,,,,,,,,,,,,,,,,,,,
HOLE_004,Jerimum de Cima,100587,71.00,73.00,2.00,SAP,,,0.00,,,,,,,,,,,,,,,,,,,,,,,,,,,,,,,,,,,,,,,,,,,,,,,,,,,,,
HOLE_004,Jerimum de Cima,100588,73.00,75.00,2.00,SAP,,,0.01,,,,,,,,,,,,,,,,,,,,,,,,,,,,,,,,,,,,,,,,,,,,,,,,,,,,,
HOLE_004,Jerimum de Cima,100589,75.00,77.00,2.00,SAP,,,0.01,,,,,,,,,,,,,,,,,,,,,,,,,,,,,,,,,,,,,,,,,,,,,,,,,,,,,
HOLE_004,Jerimum de Cima,100590,77.00,79.00,2.00,SAP,,,0.01,,,,,,,,,,,,,,,,,,,,,,,,,,,,,,,,,,,,,,,,,,,,,,,,,,,,,
HOLE_004,Jerimum de Cima,100591,79.00,81.00,2.00,SAP,,,0.20,,,,,,,,,,,,,,,,,,,,,,,,,,,,,,,,,,,,,,,,,,,,,,,,,,,,,
HOLE_004,Jerimum de Cima,100592,81.00,83.00,2.00,SAP,,,0.01,,,,,,,,,,,,,,,,,,,,,,,,,,,,,,,,,,,,,,,,,,,,,,,,,,,,,
HOLE_004,Jerimum de Cima,100593,83.00,85.00,2.00,SAP,,,0.28,,,,,,,,,,,,,,,,,,,,,,,,,,,,,,,,,,,,,,,,,,,,,,,,,,,,,
HOLE_004,Jerimum de Cima,100594,85.00,87.00,2.00,SAP,,,0.02,,,,,,,,,,,,,,,,,,,,,,,,,,,,,,,,,,,,,,,,,,,,,,,,,,,,,
HOLE_004,Jerimum de Cima,100595,87.00,89.00,2.00,SAP,,,0.00,,,,,,,,,,,,,,,,,,,,,,,,,,,,,,,,,,,,,,,,,,,,,,,,,,,,,
HOLE_004,Jerimum de Cima,100596,89.00,92.10,3.10,SAP,,,0.14,,,,,,,,,,,,,,,,,,,,,,,,,,,,,,,,,,,,,,,,,,,,,,,,,,,,,
HOLE_004,Jerimum de Cima,100597,92.10,94.10,2.00,IG,CTHM,PV,0.00,,,,,,,,,,,,,,,,,,,,,,,,,,,,,,,,,,,,,,,,,,,,,,,,,,,,,
HOLE_004,Jerimum de Cima,100598,94.10,96.10,2.00,IG,CTHM,PV,0.00,,,,,,,,,,,,,,,,,,,,,,,,,,,,,,,,,,,,,,,,,,,,,,,,,,,,,
HOLE_004,Jerimum de Cima,100599,96.10,98.10,2.00,IG,CTHM,PV,0.00,,,,,,,,,,,,,,,,,,,,,,,,,,,,,,,,,,,,,,,,,,,,,,,,,,,,,
HOLE_004,Jerimum de Cima,100600,98.10,100.10,2.00,IG,CTHM,PV,0.00,,,,,,,,,,,,,,,,,,,,,,,,,,,,,,,,,,,,,,,,,,,,,,,,,,,,,
HOLE_004,Jerimum de Cima,100601,100.10,102.10,2.00,IG,CTHM,PV,0.00,,,,,,,,,,,,,,,,,,,,,,,,,,,,,,,,,,,,,,,,,,,,,,,,,,,,,
HOLE_004,Jerimum de Cima,100602,102.10,104.10,2.00,IG,CTHM,PV,0.00,,,,,,,,,,,,,,,,,,,,,,,,,,,,,,,,,,,,,,,,,,,,,,,,,,,,,
HOLE_004,Jerimum de Cima,100603,104.10,106.10,2.00,IG,CTHM,PV,0.00,,,,,,,,,,,,,,,,,,,,,,,,,,,,,,,,,,,,,,,,,,,,,,,,,,,,,
HOLE_004,Jerimum de Cima,100604,106.10,108.10,2.00,IG,CTHM,PV,0.00,,,,,,,,,,,,,,,,,,,,,,,,,,,,,,,,,,,,,,,,,,,,,,,,,,,,,
HOLE_004,Jerimum de Cima,100605,108.10,110.10,2.00,IG,CTHM,PA,0.00,,,,,,,,,,,,,,,,,,,,,,,,,,,,,,,,,,,,,,,,,,,,,,,,,,,,,
HOLE_004,Jerimum de Cima,100606,110.10,112.10,2.00,IG,CTHM,PA,0.00,,,,,,,,,,,,,,,,,,,,,,,,,,,,,,,,,,,,,,,,,,,,,,,,,,,,,
HOLE_004,Jerimum de Cima,100607,112.10,114.10,2.00,IG,CTHM,PA,0.00,,,,,,,,,,,,,,,,,,,,,,,,,,,,,,,,,,,,,,,,,,,,,,,,,,,,,
HOLE_004,Jerimum de Cima,100608,114.10,115.50,1.40,IG,CTHM,PV,0.00,,,,,,,,,,,,,,,,,,,,,,,,,,,,,,,,,,,,,,,,,,,,,,,,,,,,,
HOLE_004,Jerimum de Cima,100609,115.50,116.50,1.00,IG,CTHM,PV,0.15,,,,,,,,,,,,,,,,,,,,,,,,,,,,,,,,,,,,,,,,,,,,,,,,,,,,,
HOLE_004,Jerimum de Cima,100610,116.50,118.50,2.00,IG,CTHM,PA,0.00,,,,,,,,,,,,,,,,,,,,,,,,,,,,,,,,,,,,,,,,,,,,,,,,,,,,,
HOLE_004,Jerimum de Cima,100611,118.50,120.50,2.00,IG,CTHM,PA,0.00,,,,,,,,,,,,,,,,,,,,,,,,,,,,,,,,,,,,,,,,,,,,,,,,,,,,,
HOLE_004,Jerimum de Cima,100612,120.50,122.50,2.00,IG,CTHM,PA,0.00,,,,,,,,,,,,,,,,,,,,,,,,,,,,,,,,,,,,,,,,,,,,,,,,,,,,,
HOLE_004,Jerimum de Cima,100613,122.50,124.50,2.00,IG,CTHM,PV,0.00,,,,,,,,,,,,,,,,,,,,,,,,,,,,,,,,,,,,,,,,,,,,,,,,,,,,,
HOLE_004,Jerimum de Cima,100614,124.50,126.50,2.00,IG,CTHM,PV,0.00,,,,,,,,,,,,,,,,,,,,,,,,,,,,,,,,,,,,,,,,,,,,,,,,,,,,,
HOLE_004,Jerimum de Cima,100615,126.50,128.50,2.00,IG,CTHM,PV,0.00,,,,,,,,,,,,,,,,,,,,,,,,,,,,,,,,,,,,,,,,,,,,,,,,,,,,,
HOLE_004,Jerimum de Cima,100616,128.50,130.50,2.00,IG,CTHM,PV,0.00,,,,,,,,,,,,,,,,,,,,,,,,,,,,,,,,,,,,,,,,,,,,,,,,,,,,,
HOLE_004,Jerimum de Cima,100617,130.50,132.50,2.00,IG,CTHM,PV,0.03,,,,,,,,,,,,,,,,,,,,,,,,,,,,,,,,,,,,,,,,,,,,,,,,,,,,,
HOLE_004,Jerimum de Cima,100618,132.50,134.50,2.00,IG,CTHM,PV,0.00,,,,,,,,,,,,,,,,,,,,,,,,,,,,,,,,,,,,,,,,,,,,,,,,,,,,,
HOLE_004,Jerimum de Cima,100619,134.50,136.50,2.00,IG,CTHM,PV,0.00,,,,,,,,,,,,,,,,,,,,,,,,,,,,,,,,,,,,,,,,,,,,,,,,,,,,,
HOLE_004,Jerimum de Cima,100620,136.50,138.50,2.00,MD,CT,PV,0.00,,,,,,,,,,,,,,,,,,,,,,,,,,,,,,,,,,,,,,,,,,,,,,,,,,,,,
HOLE_004,Jerimum de Cima,100621,138.50,140.50,2.00,IG,CTHM,PV,0.00,,,,,,,,,,,,,,,,,,,,,,,,,,,,,,,,,,,,,,,,,,,,,,,,,,,,,
HOLE_004,Jerimum de Cima,100622,140.50,142.50,2.00,IG,CTHM,PV,0.03,,,,,,,,,,,,,,,,,,,,,,,,,,,,,,,,,,,,,,,,,,,,,,,,,,,,,
HOLE_004,Jerimum de Cima,100623,142.50,144.00,1.50,IG,CTHM,PV,0.00,,,,,,,,,,,,,,,,,,,,,,,,,,,,,,,,,,,,,,,,,,,,,,,,,,,,,
HOLE_004,Jerimum de Cima,100624,144.00,145.00,1.00,IG,CTHM,PV,0.02,,,,,,,,,,,,,,,,,,,,,,,,,,,,,,,,,,,,,,,,,,,,,,,,,,,,,
HOLE_004,Jerimum de Cima,100625,145.00,146.00,1.00,IG,CTHM,PV,0.19,,,,,,,,,,,,,,,,,,,,,,,,,,,,,,,,,,,,,,,,,,,,,,,,,,,,,
HOLE_004,Jerimum de Cima,100626,146.00,147.00,1.00,IG,CTHM,PV,0.01,,,,,,,,,,,,,,,,,,,,,,,,,,,,,,,,,,,,,,,,,,,,,,,,,,,,,
HOLE_004,Jerimum de Cima,100627,147.00,148.00,1.00,MD,CT,PV,0.00,,,,,,,,,,,,,,,,,,,,,,,,,,,,,,,,,,,,,,,,,,,,,,,,,,,,,
HOLE_004,Jerimum de Cima,100628,148.00,149.00,1.00,IG,CTHM,PV,0.00,,,,,,,,,,,,,,,,,,,,,,,,,,,,,,,,,,,,,,,,,,,,,,,,,,,,,
HOLE_004,Jerimum de Cima,100629,149.00,150.00,1.00,IGB,CT,PV,0.00,,,,,,,,,,,,,,,,,,,,,,,,,,,,,,,,,,,,,,,,,,,,,,,,,,,,,
HOLE_004,Jerimum de Cima,100630,150.00,151.00,1.00,IGB,CT,PV,0.00,,,,,,,,,,,,,,,,,,,,,,,,,,,,,,,,,,,,,,,,,,,,,,,,,,,,,
HOLE_004,Jerimum de Cima,100631,151.00,152.00,1.00,IGB,CT,PV,0.02,,,,,,,,,,,,,,,,,,,,,,,,,,,,,,,,,,,,,,,,,,,,,,,,,,,,,
HOLE_004,Jerimum de Cima,100632,152.00,154.00,2.00,IGB,CT,PV,0.01,,,,,,,,,,,,,,,,,,,,,,,,,,,,,,,,,,,,,,,,,,,,,,,,,,,,,
HOLE_004,Jerimum de Cima,100633,154.00,156.00,2.00,IGB,CT,PV,0.02,,,,,,,,,,,,,,,,,,,,,,,,,,,,,,,,,,,,,,,,,,,,,,,,,,,,,
HOLE_004,Jerimum de Cima,100634,156.00,158.00,2.00,IGB,CT,PV,0.00,,,,,,,,,,,,,,,,,,,,,,,,,,,,,,,,,,,,,,,,,,,,,,,,,,,,,
HOLE_004,Jerimum de Cima,100635,158.00,160.00,2.00,IA,CTHM,PV,0.00,,,,,,,,,,,,,,,,,,,,,,,,,,,,,,,,,,,,,,,,,,,,,,,,,,,,,
HOLE_004,Jerimum de Cima,100636,160.00,162.00,2.00,IGB,CT,PV,0.00,,,,,,,,,,,,,,,,,,,,,,,,,,,,,,,,,,,,,,,,,,,,,,,,,,,,,
HOLE_004,Jerimum de Cima,100637,162.00,164.00,2.00,IGB,CT,PV,0.00,,,,,,,,,,,,,,,,,,,,,,,,,,,,,,,,,,,,,,,,,,,,,,,,,,,,,
HOLE_004,Jerimum de Cima,100638,164.00,166.00,2.00,IGB,CT,PV,0.00,,,,,,,,,,,,,,,,,,,,,,,,,,,,,,,,,,,,,,,,,,,,,,,,,,,,,
HOLE_004,Jerimum de Cima,100639,166.00,168.00,2.00,IGB,CT,PV,0.00,,,,,,,,,,,,,,,,,,,,,,,,,,,,,,,,,,,,,,,,,,,,,,,,,,,,,
HOLE_004,Jerimum de Cima,100640,168.00,170.00,2.00,IGB,CT,PV,0.00,,,,,,,,,,,,,,,,,,,,,,,,,,,,,,,,,,,,,,,,,,,,,,,,,,,,,
HOLE_004,Jerimum de Cima,100641,170.00,172.00,2.00,ID,CTHM,PV,0.00,,,,,,,,,,,,,,,,,,,,,,,,,,,,,,,,,,,,,,,,,,,,,,,,,,,,,
HOLE_004,Jerimum de Cima,100642,172.00,174.00,2.00,ID,CTHM,PV,0.00,,,,,,,,,,,,,,,,,,,,,,,,,,,,,,,,,,,,,,,,,,,,,,,,,,,,,
HOLE_004,Jerimum de Cima,100643,174.00,176.00,2.00,IG,CTHM,PV,0.00,,,,,,,,,,,,,,,,,,,,,,,,,,,,,,,,,,,,,,,,,,,,,,,,,,,,,
HOLE_004,Jerimum de Cima,100644,176.00,178.00,2.00,IGB,CT,PV,0.00,,,,,,,,,,,,,,,,,,,,,,,,,,,,,,,,,,,,,,,,,,,,,,,,,,,,,
HOLE_004,Jerimum de Cima,100645,178.00,180.00,2.00,IGB,CT,PV,0.00,,,,,,,,,,,,,,,,,,,,,,,,,,,,,,,,,,,,,,,,,,,,,,,,,,,,,
HOLE_004,Jerimum de Cima,100646,180.00,182.00,2.00,IG,CTHM,PV,0.00,,,,,,,,,,,,,,,,,,,,,,,,,,,,,,,,,,,,,,,,,,,,,,,,,,,,,
HOLE_004,Jerimum de Cima,100647,182.00,184.00,2.00,IGB,CT,PV,0.00,,,,,,,,,,,,,,,,,,,,,,,,,,,,,,,,,,,,,,,,,,,,,,,,,,,,,
HOLE_004,Jerimum de Cima,100648,184.00,186.00,2.00,IGB,CT,PV,0.00,,,,,,,,,,,,,,,,,,,,,,,,,,,,,,,,,,,,,,,,,,,,,,,,,,,,,
HOLE_004,Jerimum de Cima,100649,186.00,188.00,2.00,IGB,CT,PV,0.00,,,,,,,,,,,,,,,,,,,,,,,,,,,,,,,,,,,,,,,,,,,,,,,,,,,,,
HOLE_004,Jerimum de Cima,100650,188.00,190.00,2.00,IGB,CT,PV,0.00,,,,,,,,,,,,,,,,,,,,,,,,,,,,,,,,,,,,,,,,,,,,,,,,,,,,,
HOLE_004,Jerimum de Cima,100651,190.00,192.00,2.00,IGB,CT,PV,0.02,,,,,,,,,,,,,,,,,,,,,,,,,,,,,,,,,,,,,,,,,,,,,,,,,,,,,
HOLE_004,Jerimum de Cima,100652,192.00,194.00,2.00,IGB,CT,PV,0.00,,,,,,,,,,,,,,,,,,,,,,,,,,,,,,,,,,,,,,,,,,,,,,,,,,,,,
HOLE_004,Jerimum de Cima,100653,194.00,196.00,2.00,IGB,CT,PV,0.00,,,,,,,,,,,,,,,,,,,,,,,,,,,,,,,,,,,,,,,,,,,,,,,,,,,,,
HOLE_004,Jerimum de Cima,100654,196.00,198.00,2.00,IGB,CTHM,PH,0.00,,,,,,,,,,,,,,,,,,,,,,,,,,,,,,,,,,,,,,,,,,,,,,,,,,,,,
HOLE_004,Jerimum de Cima,100655,198.00,200.00,2.00,IGB,CT,PV,0.00,,,,,,,,,,,,,,,,,,,,,,,,,,,,,,,,,,,,,,,,,,,,,,,,,,,,,
HOLE_004,Jerimum de Cima,100656,200.00,202.00,2.00,IGB,CTHM,PH,0.00,,,,,,,,,,,,,,,,,,,,,,,,,,,,,,,,,,,,,,,,,,,,,,,,,,,,,
HOLE_004,Jerimum de Cima,100657,202.00,203.00,1.00,MD,CT,PV,0.00,,,,,,,,,,,,,,,,,,,,,,,,,,,,,,,,,,,,,,,,,,,,,,,,,,,,,
HOLE_004,Jerimum de Cima,100658,203.00,204.00,1.00,MD,CT,PV,0.58,,,,,,,,,,,,,,,,,,,,,,,,,,,,,,,,,,,,,,,,,,,,,,,,,,,,,
HOLE_004,Jerimum de Cima,100659,204.00,206.00,2.00,MD,CT,PV,0.00,,,,,,,,,,,,,,,,,,,,,,,,,,,,,,,,,,,,,,,,,,,,,,,,,,,,,
HOLE_004,Jerimum de Cima,100660,206.00,208.00,2.00,MD,CT,PV,0.00,,,,,,,,,,,,,,,,,,,,,,,,,,,,,,,,,,,,,,,,,,,,,,,,,,,,,
HOLE_004,Jerimum de Cima,100661,208.00,210.00,2.00,MD,CT,PV,0.00,,,,,,,,,,,,,,,,,,,,,,,,,,,,,,,,,,,,,,,,,,,,,,,,,,,,,
HOLE_004,Jerimum de Cima,100662,210.00,212.00,2.00,IG,CTHM,PV,0.01,,,,,,,,,,,,,,,,,,,,,,,,,,,,,,,,,,,,,,,,,,,,,,,,,,,,,
HOLE_004,Jerimum de Cima,100663,212.00,214.00,2.00,IG,CTHM,PV,0.01,,,,,,,,,,,,,,,,,,,,,,,,,,,,,,,,,,,,,,,,,,,,,,,,,,,,,
HOLE_004,Jerimum de Cima,100664,214.00,216.00,2.00,IG,CTHM,PV,0.00,,,,,,,,,,,,,,,,,,,,,,,,,,,,,,,,,,,,,,,,,,,,,,,,,,,,,
HOLE_004,Jerimum de Cima,100665,216.00,217.80,1.80,IG,CTHM,PV,0.01,,,,,,,,,,,,,,,,,,,,,,,,,,,,,,,,,,,,,,,,,,,,,,,,,,,,,
HOLE_004,Jerimum de Cima,100666,217.80,218.80,1.00,IG,CTHM,PV,0.28,,,,,,,,,,,,,,,,,,,,,,,,,,,,,,,,,,,,,,,,,,,,,,,,,,,,,
HOLE_004,Jerimum de Cima,100667,218.80,220.80,2.00,IG,CTHM,PV,0.00,,,,,,,,,,,,,,,,,,,,,,,,,,,,,,,,,,,,,,,,,,,,,,,,,,,,,
HOLE_004,Jerimum de Cima,100668,220.80,222.80,2.00,IG,CTHM,PV,0.00,,,,,,,,,,,,,,,,,,,,,,,,,,,,,,,,,,,,,,,,,,,,,,,,,,,,,
HOLE_004,Jerimum de Cima,100669,222.80,224.80,2.00,IA,CTHM,PV,0.19,,,,,,,,,,,,,,,,,,,,,,,,,,,,,,,,,,,,,,,,,,,,,,,,,,,,,
HOLE_004,Jerimum de Cima,100670,224.80,226.80,2.00,IG,CTHM,PV,0.03,,,,,,,,,,,,,,,,,,,,,,,,,,,,,,,,,,,,,,,,,,,,,,,,,,,,,
HOLE_004,Jerimum de Cima,100671,226.80,228.80,2.00,IG,CTHM,PV,0.00,,,,,,,,,,,,,,,,,,,,,,,,,,,,,,,,,,,,,,,,,,,,,,,,,,,,,
HOLE_004,Jerimum de Cima,100672,228.80,230.80,2.00,IG,CTHM,PV,0.07,,,,,,,,,,,,,,,,,,,,,,,,,,,,,,,,,,,,,,,,,,,,,,,,,,,,,
HOLE_004,Jerimum de Cima,100673,230.80,231.80,1.00,IG,CTHM,PV,0.08,,,,,,,,,,,,,,,,,,,,,,,,,,,,,,,,,,,,,,,,,,,,,,,,,,,,,
HOLE_004,Jerimum de Cima,100674,231.80,232.80,1.00,IG,CTHM,PV,0.15,,,,,,,,,,,,,,,,,,,,,,,,,,,,,,,,,,,,,,,,,,,,,,,,,,,,,
HOLE_004,Jerimum de Cima,100675,232.80,233.80,1.00,IG,CTHM,PV,1.29,,,,,,,,,,,,,,,,,,,,,,,,,,,,,,,,,,,,,,,,,,,,,,,,,,,,,
HOLE_004,Jerimum de Cima,100676,233.80,234.80,1.00,IG,CTHM,PV,0.01,,,,,,,,,,,,,,,,,,,,,,,,,,,,,,,,,,,,,,,,,,,,,,,,,,,,,
HOLE_004,Jerimum de Cima,100677,234.80,235.80,1.00,IG,CTHM,PV,0.00,,,,,,,,,,,,,,,,,,,,,,,,,,,,,,,,,,,,,,,,,,,,,,,,,,,,,
HOLE_004,Jerimum de Cima,100678,235.80,236.80,1.00,IG,CTHM,PV,0.03,,,,,,,,,,,,,,,,,,,,,,,,,,,,,,,,,,,,,,,,,,,,,,,,,,,,,
HOLE_004,Jerimum de Cima,100679,236.80,238.80,2.00,IG,CTHM,PV,0.00,,,,,,,,,,,,,,,,,,,,,,,,,,,,,,,,,,,,,,,,,,,,,,,,,,,,,
HOLE_004,Jerimum de Cima,100680,238.80,240.80,2.00,IG,CTHM,PH,0.00,,,,,,,,,,,,,,,,,,,,,,,,,,,,,,,,,,,,,,,,,,,,,,,,,,,,,
HOLE_004,Jerimum de Cima,100681,240.80,242.80,2.00,IG,CTHM,PH,0.00,,,,,,,,,,,,,,,,,,,,,,,,,,,,,,,,,,,,,,,,,,,,,,,,,,,,,
HOLE_004,Jerimum de Cima,100682,242.80,244.80,2.00,IG,CTHM,PV,0.00,,,,,,,,,,,,,,,,,,,,,,,,,,,,,,,,,,,,,,,,,,,,,,,,,,,,,
HOLE_004,Jerimum de Cima,100683,244.80,246.80,2.00,IG,CTHM,PV,0.00,,,,,,,,,,,,,,,,,,,,,,,,,,,,,,,,,,,,,,,,,,,,,,,,,,,,,
HOLE_004,Jerimum de Cima,100684,246.80,248.80,2.00,IG,CTHM,PH,0.00,,,,,,,,,,,,,,,,,,,,,,,,,,,,,,,,,,,,,,,,,,,,,,,,,,,,,
HOLE_004,Jerimum de Cima,100685,248.80,250.80,2.00,IG,CTHM,PV,0.00,,,,,,,,,,,,,,,,,,,,,,,,,,,,,,,,,,,,,,,,,,,,,,,,,,,,,
HOLE_004,Jerimum de Cima,100686,250.80,252.80,2.00,IG,CTHM,PH,0.05,,,,,,,,,,,,,,,,,,,,,,,,,,,,,,,,,,,,,,,,,,,,,,,,,,,,,
HOLE_004,Jerimum de Cima,100687,252.80,254.80,2.00,IG,CTHM,PH,0.00,,,,,,,,,,,,,,,,,,,,,,,,,,,,,,,,,,,,,,,,,,,,,,,,,,,,,
HOLE_004,Jerimum de Cima,100688,254.80,256.80,2.00,IG,CTHM,PH,0.03,,,,,,,,,,,,,,,,,,,,,,,,,,,,,,,,,,,,,,,,,,,,,,,,,,,,,
HOLE_004,Jerimum de Cima,100689,256.80,258.80,2.00,IG,CTHM,PV,0.01,,,,,,,,,,,,,,,,,,,,,,,,,,,,,,,,,,,,,,,,,,,,,,,,,,,,,
HOLE_004,Jerimum de Cima,100690,258.80,260.80,2.00,IG,CTHM,PA,0.00,,,,,,,,,,,,,,,,,,,,,,,,,,,,,,,,,,,,,,,,,,,,,,,,,,,,,
HOLE_004,Jerimum de Cima,100691,260.80,262.80,2.00,IG,CTHM,PA,0.01,,,,,,,,,,,,,,,,,,,,,,,,,,,,,,,,,,,,,,,,,,,,,,,,,,,,,
HOLE_004,Jerimum de Cima,100692,262.80,264.80,2.00,IA,CTHM,PV,0.00,,,,,,,,,,,,,,,,,,,,,,,,,,,,,,,,,,,,,,,,,,,,,,,,,,,,,
HOLE_004,Jerimum de Cima,100693,264.80,266.80,2.00,IG,CTHM,PA,0.00,,,,,,,,,,,,,,,,,,,,,,,,,,,,,,,,,,,,,,,,,,,,,,,,,,,,,
HOLE_004,Jerimum de Cima,100694,266.80,268.80,2.00,IG,CTHM,PA,0.00,,,,,,,,,,,,,,,,,,,,,,,,,,,,,,,,,,,,,,,,,,,,,,,,,,,,,
HOLE_004,Jerimum de Cima,100695,268.80,270.80,2.00,IG,CTHM,PA,0.03,,,,,,,,,,,,,,,,,,,,,,,,,,,,,,,,,,,,,,,,,,,,,,,,,,,,,
HOLE_004,Jerimum de Cima,100696,270.80,272.80,2.00,IG,CTHM,PV,0.00,,,,,,,,,,,,,,,,,,,,,,,,,,,,,,,,,,,,,,,,,,,,,,,,,,,,,
HOLE_004,Jerimum de Cima,100697,272.80,274.80,2.00,IG,CTHM,PV,0.00,,,,,,,,,,,,,,,,,,,,,,,,,,,,,,,,,,,,,,,,,,,,,,,,,,,,,
HOLE_004,Jerimum de Cima,100698,274.80,276.80,2.00,IG,CTHM,PV,0.00,,,,,,,,,,,,,,,,,,,,,,,,,,,,,,,,,,,,,,,,,,,,,,,,,,,,,
HOLE_004,Jerimum de Cima,100699,276.80,277.80,1.00,IG,CTHM,PV,0.01,,,,,,,,,,,,,,,,,,,,,,,,,,,,,,,,,,,,,,,,,,,,,,,,,,,,,
HOLE_004,Jerimum de Cima,100700,277.80,278.80,1.00,IG,CTHM,PV,0.01,,,,,,,,,,,,,,,,,,,,,,,,,,,,,,,,,,,,,,,,,,,,,,,,,,,,,
HOLE_004,Jerimum de Cima,100701,278.80,280.80,2.00,IG,CTHM,PV,0.02,,,,,,,,,,,,,,,,,,,,,,,,,,,,,,,,,,,,,,,,,,,,,,,,,,,,,
HOLE_004,Jerimum de Cima,100702,280.80,282.80,2.00,IG,CTHM,PV,0.05,,,,,,,,,,,,,,,,,,,,,,,,,,,,,,,,,,,,,,,,,,,,,,,,,,,,,
HOLE_004,Jerimum de Cima,100703,282.80,284.80,2.00,IG,CTHM,PA,0.03,,,,,,,,,,,,,,,,,,,,,,,,,,,,,,,,,,,,,,,,,,,,,,,,,,,,,
HOLE_004,Jerimum de Cima,100704,284.80,286.80,2.00,IG,CTHM,PA,0.00,,,,,,,,,,,,,,,,,,,,,,,,,,,,,,,,,,,,,,,,,,,,,,,,,,,,,
HOLE_004,Jerimum de Cima,100705,286.80,288.80,2.00,IG,CTHM,PA,0.00,,,,,,,,,,,,,,,,,,,,,,,,,,,,,,,,,,,,,,,,,,,,,,,,,,,,,
HOLE_004,Jerimum de Cima,100706,288.80,290.80,2.00,IG,CTHM,PA,0.00,,,,,,,,,,,,,,,,,,,,,,,,,,,,,,,,,,,,,,,,,,,,,,,,,,,,,
HOLE_004,Jerimum de Cima,100707,290.80,292.80,2.00,IG,CTHM,PA,0.00,,,,,,,,,,,,,,,,,,,,,,,,,,,,,,,,,,,,,,,,,,,,,,,,,,,,,
HOLE_004,Jerimum de Cima,100708,292.80,294.80,2.00,IG,CTHM,PA,0.00,,,,,,,,,,,,,,,,,,,,,,,,,,,,,,,,,,,,,,,,,,,,,,,,,,,,,
HOLE_004,Jerimum de Cima,100709,294.80,296.80,2.00,IG,CTHM,PA,0.00,,,,,,,,,,,,,,,,,,,,,,,,,,,,,,,,,,,,,,,,,,,,,,,,,,,,,
HOLE_004,Jerimum de Cima,100710,296.80,298.80,2.00,IG,CTHM,PA,0.00,,,,,,,,,,,,,,,,,,,,,,,,,,,,,,,,,,,,,,,,,,,,,,,,,,,,,
HOLE_004,Jerimum de Cima,100711,298.80,300.80,2.00,IG,CTHM,PA,0.00,,,,,,,,,,,,,,,,,,,,,,,,,,,,,,,,,,,,,,,,,,,,,,,,,,,,,
HOLE_004,Jerimum de Cima,100712,300.80,302.80,2.00,IG,CTHM,PA,0.00,,,,,,,,,,,,,,,,,,,,,,,,,,,,,,,,,,,,,,,,,,,,,,,,,,,,,
HOLE_004,Jerimum de Cima,100713,302.80,304.80,2.00,IG,CTHM,PA,0.00,,,,,,,,,,,,,,,,,,,,,,,,,,,,,,,,,,,,,,,,,,,,,,,,,,,,,
HOLE_004,Jerimum de Cima,100714,304.80,306.80,2.00,IG,CTHM,PA,0.00,,,,,,,,,,,,,,,,,,,,,,,,,,,,,,,,,,,,,,,,,,,,,,,,,,,,,
HOLE_004,Jerimum de Cima,100715,306.80,308.80,2.00,IG,CTHM,PA,0.00,,,,,,,,,,,,,,,,,,,,,,,,,,,,,,,,,,,,,,,,,,,,,,,,,,,,,
HOLE_004,Jerimum de Cima,100716,308.80,310.80,2.00,IG,CTHM,PV,0.05,,,,,,,,,,,,,,,,,,,,,,,,,,,,,,,,,,,,,,,,,,,,,,,,,,,,,
HOLE_004,Jerimum de Cima,100717,310.80,312.80,2.00,IG,CTHM,PV,0.00,,,,,,,,,,,,,,,,,,,,,,,,,,,,,,,,,,,,,,,,,,,,,,,,,,,,,
HOLE_004,Jerimum de Cima,100718,312.80,314.80,2.00,IG,CTHM,PV,0.00,,,,,,,,,,,,,,,,,,,,,,,,,,,,,,,,,,,,,,,,,,,,,,,,,,,,,
HOLE_004,Jerimum de Cima,100719,314.80,317.80,3.00,IA,CTHM,PH,0.00,,,,,,,,,,,,,,,,,,,,,,,,,,,,,,,,,,,,,,,,,,,,,,,,,,,,,
HOLE_004,Jerimum de Cima,100720,317.80,320.04,2.24,IG,CTHM,PH,0.00,,,,,,,,,,,,,,,,,,,,,,,,,,,,,,,,,,,,,,,,,,,,,,,,,,,,,
HOLE_005,Jerimum de Cima,100721,0.00,3.00,3.00,SAP,,,0.15,,,,,,,,,,,,,,,,,,,,,,,,,,,,,,,,,,,,,,,,,,,,,,,,,,,,,
HOLE_005,Jerimum de Cima,100722,3.00,6.10,3.10,SAP,,,0.14,,,,,,,,,,,,,,,,,,,,,,,,,,,,,,,,,,,,,,,,,,,,,,,,,,,,,
HOLE_005,Jerimum de Cima,100723,6.10,7.60,1.50,SAP,,,1.10,,,,,,,,,,,,,,,,,,,,,,,,,,,,,,,,,,,,,,,,,,,,,,,,,,,,,
HOLE_005,Jerimum de Cima,100724,7.60,10.00,2.40,SAP,,,0.20,,,,,,,,,,,,,,,,,,,,,,,,,,,,,,,,,,,,,,,,,,,,,,,,,,,,,
HOLE_005,Jerimum de Cima,100725,10.00,10.70,0.70,SAP,,,0.85,,,,,,,,,,,,,,,,,,,,,,,,,,,,,,,,,,,,,,,,,,,,,,,,,,,,,
HOLE_005,Jerimum de Cima,100726,10.70,12.20,1.50,SAP,,,0.10,,,,,,,,,,,,,,,,,,,,,,,,,,,,,,,,,,,,,,,,,,,,,,,,,,,,,
HOLE_005,Jerimum de Cima,100727,12.20,13.70,1.50,SAP,,,0.03,,,,,,,,,,,,,,,,,,,,,,,,,,,,,,,,,,,,,,,,,,,,,,,,,,,,,
HOLE_005,Jerimum de Cima,100728,13.70,15.20,1.50,SAP,,,0.01,,,,,,,,,,,,,,,,,,,,,,,,,,,,,,,,,,,,,,,,,,,,,,,,,,,,,
HOLE_005,Jerimum de Cima,100729,15.20,16.80,1.60,SAP,,,0.04,,,,,,,,,,,,,,,,,,,,,,,,,,,,,,,,,,,,,,,,,,,,,,,,,,,,,
HOLE_005,Jerimum de Cima,100730,16.80,18.30,1.50,SAP,,,0.01,,,,,,,,,,,,,,,,,,,,,,,,,,,,,,,,,,,,,,,,,,,,,,,,,,,,,
HOLE_005,Jerimum de Cima,100731,18.30,19.80,1.50,SAP,,,0.00,,,,,,,,,,,,,,,,,,,,,,,,,,,,,,,,,,,,,,,,,,,,,,,,,,,,,
HOLE_005,Jerimum de Cima,100732,19.80,21.30,1.50,SAP,,,0.01,,,,,,,,,,,,,,,,,,,,,,,,,,,,,,,,,,,,,,,,,,,,,,,,,,,,,
HOLE_005,Jerimum de Cima,100733,21.30,22.90,1.60,SAP,,,0.02,,,,,,,,,,,,,,,,,,,,,,,,,,,,,,,,,,,,,,,,,,,,,,,,,,,,,
HOLE_005,Jerimum de Cima,100734,22.90,24.40,1.50,SAP,,,0.59,,,,,,,,,,,,,,,,,,,,,,,,,,,,,,,,,,,,,,,,,,,,,,,,,,,,,
HOLE_005,Jerimum de Cima,100735,24.40,25.90,1.50,SAP,,,0.04,,,,,,,,,,,,,,,,,,,,,,,,,,,,,,,,,,,,,,,,,,,,,,,,,,,,,
HOLE_005,Jerimum de Cima,100736,25.90,27.40,1.50,SAP,,,0.26,,,,,,,,,,,,,,,,,,,,,,,,,,,,,,,,,,,,,,,,,,,,,,,,,,,,,
HOLE_005,Jerimum de Cima,100737,27.40,29.00,1.60,SAP,,,0.09,,,,,,,,,,,,,,,,,,,,,,,,,,,,,,,,,,,,,,,,,,,,,,,,,,,,,
HOLE_005,Jerimum de Cima,100738,29.00,30.50,1.50,SAP,,,0.01,,,,,,,,,,,,,,,,,,,,,,,,,,,,,,,,,,,,,,,,,,,,,,,,,,,,,
HOLE_005,Jerimum de Cima,100739,30.50,32.00,1.50,SAP,,,0.04,,,,,,,,,,,,,,,,,,,,,,,,,,,,,,,,,,,,,,,,,,,,,,,,,,,,,
HOLE_005,Jerimum de Cima,100740,32.00,33.50,1.50,SAP,,,0.01,,,,,,,,,,,,,,,,,,,,,,,,,,,,,,,,,,,,,,,,,,,,,,,,,,,,,
HOLE_005,Jerimum de Cima,100741,33.50,35.10,1.60,SAP,,,0.11,,,,,,,,,,,,,,,,,,,,,,,,,,,,,,,,,,,,,,,,,,,,,,,,,,,,,
HOLE_005,Jerimum de Cima,100742,35.10,36.60,1.50,SAP,,,0.12,,,,,,,,,,,,,,,,,,,,,,,,,,,,,,,,,,,,,,,,,,,,,,,,,,,,,
HOLE_005,Jerimum de Cima,100743,36.60,38.10,1.50,SAP,,,0.01,,,,,,,,,,,,,,,,,,,,,,,,,,,,,,,,,,,,,,,,,,,,,,,,,,,,,
HOLE_005,Jerimum de Cima,100744,38.10,41.10,3.00,SAP,,,0.04,,,,,,,,,,,,,,,,,,,,,,,,,,,,,,,,,,,,,,,,,,,,,,,,,,,,,
HOLE_005,Jerimum de Cima,100745,41.10,44.20,3.10,SAP,,,0.72,,,,,,,,,,,,,,,,,,,,,,,,,,,,,,,,,,,,,,,,,,,,,,,,,,,,,
HOLE_005,Jerimum de Cima,100746,44.20,47.00,2.80,SAP,,,0.01,,,,,,,,,,,,,,,,,,,,,,,,,,,,,,,,,,,,,,,,,,,,,,,,,,,,,
HOLE_005,Jerimum de Cima,100747,47.00,48.10,1.10,IG,CTHM,,0.02,,,,,,,,,,,,,,,,,,,,,,,,,,,,,,,,,,,,,,,,,,,,,,,,,,,,,
HOLE_005,Jerimum de Cima,100748,48.10,49.30,1.20,IG,CTHM,,0.11,,,,,,,,,,,,,,,,,,,,,,,,,,,,,,,,,,,,,,,,,,,,,,,,,,,,,
HOLE_005,Jerimum de Cima,100749,49.30,51.30,2.00,IG,CTHM,,0.01,,,,,,,,,,,,,,,,,,,,,,,,,,,,,,,,,,,,,,,,,,,,,,,,,,,,,
HOLE_005,Jerimum de Cima,100750,51.30,53.30,2.00,IG,CTHM,,0.01,,,,,,,,,,,,,,,,,,,,,,,,,,,,,,,,,,,,,,,,,,,,,,,,,,,,,
HOLE_005,Jerimum de Cima,100751,53.30,55.30,2.00,IG,CTHM,,0.01,,,,,,,,,,,,,,,,,,,,,,,,,,,,,,,,,,,,,,,,,,,,,,,,,,,,,
HOLE_005,Jerimum de Cima,100752,55.30,57.30,2.00,IG,CTHM,,0.01,,,,,,,,,,,,,,,,,,,,,,,,,,,,,,,,,,,,,,,,,,,,,,,,,,,,,
HOLE_005,Jerimum de Cima,100753,57.30,59.50,2.20,IG,CT,,0.04,,,,,,,,,,,,,,,,,,,,,,,,,,,,,,,,,,,,,,,,,,,,,,,,,,,,,
HOLE_005,Jerimum de Cima,100754,59.50,60.60,1.10,IG,CTHM,,0.15,,,,,,,,,,,,,,,,,,,,,,,,,,,,,,,,,,,,,,,,,,,,,,,,,,,,,
HOLE_005,Jerimum de Cima,100755,60.60,62.60,2.00,IG,CTHM,,0.02,,,,,,,,,,,,,,,,,,,,,,,,,,,,,,,,,,,,,,,,,,,,,,,,,,,,,
HOLE_005,Jerimum de Cima,100756,62.60,63.60,1.00,IG,CTHM,,0.02,,,,,,,,,,,,,,,,,,,,,,,,,,,,,,,,,,,,,,,,,,,,,,,,,,,,,
HOLE_005,Jerimum de Cima,100757,63.60,65.60,2.00,IG,CTHM,,0.00,,,,,,,,,,,,,,,,,,,,,,,,,,,,,,,,,,,,,,,,,,,,,,,,,,,,,
HOLE_005,Jerimum de Cima,100758,65.60,67.60,2.00,IG,CTHM,,0.00,,,,,,,,,,,,,,,,,,,,,,,,,,,,,,,,,,,,,,,,,,,,,,,,,,,,,
HOLE_005,Jerimum de Cima,100759,67.60,69.60,2.00,IG,CTHM,,0.00,,,,,,,,,,,,,,,,,,,,,,,,,,,,,,,,,,,,,,,,,,,,,,,,,,,,,
HOLE_005,Jerimum de Cima,100760,69.60,71.60,2.00,IG,CTHM,,0.00,,,,,,,,,,,,,,,,,,,,,,,,,,,,,,,,,,,,,,,,,,,,,,,,,,,,,
HOLE_005,Jerimum de Cima,100761,71.60,73.60,2.00,IG,CTHM,,0.11,,,,,,,,,,,,,,,,,,,,,,,,,,,,,,,,,,,,,,,,,,,,,,,,,,,,,
HOLE_005,Jerimum de Cima,100762,73.60,75.60,2.00,IG,CTHM,,0.00,,,,,,,,,,,,,,,,,,,,,,,,,,,,,,,,,,,,,,,,,,,,,,,,,,,,,
HOLE_005,Jerimum de Cima,100763,75.60,77.60,2.00,IG,CTHM,,0.00,,,,,,,,,,,,,,,,,,,,,,,,,,,,,,,,,,,,,,,,,,,,,,,,,,,,,
HOLE_005,Jerimum de Cima,100764,77.60,79.60,2.00,IG,CTHM,,0.00,,,,,,,,,,,,,,,,,,,,,,,,,,,,,,,,,,,,,,,,,,,,,,,,,,,,,
HOLE_005,Jerimum de Cima,100765,79.60,81.60,2.00,IG,CTHM,,0.00,,,,,,,,,,,,,,,,,,,,,,,,,,,,,,,,,,,,,,,,,,,,,,,,,,,,,
HOLE_005,Jerimum de Cima,100766,81.60,83.60,2.00,IG,CTHM,,0.00,,,,,,,,,,,,,,,,,,,,,,,,,,,,,,,,,,,,,,,,,,,,,,,,,,,,,
HOLE_005,Jerimum de Cima,100767,83.60,85.30,1.70,IG,CTHM,,0.00,,,,,,,,,,,,,,,,,,,,,,,,,,,,,,,,,,,,,,,,,,,,,,,,,,,,,
HOLE_005,Jerimum de Cima,100768,85.30,86.30,1.00,IG,CTHM,,0.05,,,,,,,,,,,,,,,,,,,,,,,,,,,,,,,,,,,,,,,,,,,,,,,,,,,,,
HOLE_005,Jerimum de Cima,100769,86.30,88.30,2.00,MD,SIL,,0.00,,,,,,,,,,,,,,,,,,,,,,,,,,,,,,,,,,,,,,,,,,,,,,,,,,,,,
HOLE_005,Jerimum de Cima,100770,88.30,89.30,1.00,MD,SIL,,0.00,,,,,,,,,,,,,,,,,,,,,,,,,,,,,,,,,,,,,,,,,,,,,,,,,,,,,
HOLE_005,Jerimum de Cima,100771,89.30,90.30,1.00,MD,SIL,,0.00,,,,,,,,,,,,,,,,,,,,,,,,,,,,,,,,,,,,,,,,,,,,,,,,,,,,,
HOLE_005,Jerimum de Cima,100772,90.30,93.00,2.70,MD,SIL,,0.00,,,,,,,,,,,,,,,,,,,,,,,,,,,,,,,,,,,,,,,,,,,,,,,,,,,,,
HOLE_005,Jerimum de Cima,100773,93.00,93.90,0.90,IG,SER,,3.17,,,,,,,,,,,,,,,,,,,,,,,,,,,,,,,,,,,,,,,,,,,,,,,,,,,,,
HOLE_005,Jerimum de Cima,100774,93.90,95.00,1.10,IG,SER,,0.20,,,,,,,,,,,,,,,,,,,,,,,,,,,,,,,,,,,,,,,,,,,,,,,,,,,,,
HOLE_005,Jerimum de Cima,100775,95.00,96.00,1.00,IG,SER,,0.04,,,,,,,,,,,,,,,,,,,,,,,,,,,,,,,,,,,,,,,,,,,,,,,,,,,,,
HOLE_005,Jerimum de Cima,100776,96.00,97.00,1.00,IG,SER,,0.01,,,,,,,,,,,,,,,,,,,,,,,,,,,,,,,,,,,,,,,,,,,,,,,,,,,,,
HOLE_005,Jerimum de Cima,100777,97.00,98.10,1.10,IG,CTHM,,0.16,,,,,,,,,,,,,,,,,,,,,,,,,,,,,,,,,,,,,,,,,,,,,,,,,,,,,
HOLE_005,Jerimum de Cima,100778,98.10,99.90,1.80,IG,CTHM,,0.20,,,,,,,,,,,,,,,,,,,,,,,,,,,,,,,,,,,,,,,,,,,,,,,,,,,,,
HOLE_005,Jerimum de Cima,100779,99.90,101.10,1.20,IG,CTHM,,0.02,,,,,,,,,,,,,,,,,,,,,,,,,,,,,,,,,,,,,,,,,,,,,,,,,,,,,
HOLE_005,Jerimum de Cima,100780,101.10,102.40,1.30,IG,CTHM,,0.20,,,,,,,,,,,,,,,,,,,,,,,,,,,,,,,,,,,,,,,,,,,,,,,,,,,,,
HOLE_005,Jerimum de Cima,100781,102.40,103.30,0.90,IG,CTHM,,0.03,,,,,,,,,,,,,,,,,,,,,,,,,,,,,,,,,,,,,,,,,,,,,,,,,,,,,
HOLE_005,Jerimum de Cima,100782,103.30,104.20,0.90,IG,CTHM,,0.02,,,,,,,,,,,,,,,,,,,,,,,,,,,,,,,,,,,,,,,,,,,,,,,,,,,,,
HOLE_005,Jerimum de Cima,100783,104.20,106.20,2.00,IG,CTHM,,0.01,,,,,,,,,,,,,,,,,,,,,,,,,,,,,,,,,,,,,,,,,,,,,,,,,,,,,
HOLE_005,Jerimum de Cima,100784,106.20,108.20,2.00,IG,CTHM,,0.00,,,,,,,,,,,,,,,,,,,,,,,,,,,,,,,,,,,,,,,,,,,,,,,,,,,,,
HOLE_005,Jerimum de Cima,100785,108.20,110.10,1.90,IG,CTHM,,0.00,,,,,,,,,,,,,,,,,,,,,,,,,,,,,,,,,,,,,,,,,,,,,,,,,,,,,
HOLE_005,Jerimum de Cima,100786,110.10,110.60,0.50,IG,CTHM,,0.00,,,,,,,,,,,,,,,,,,,,,,,,,,,,,,,,,,,,,,,,,,,,,,,,,,,,,
HOLE_005,Jerimum de Cima,100787,110.60,111.80,1.20,IG,CTHM,,0.00,,,,,,,,,,,,,,,,,,,,,,,,,,,,,,,,,,,,,,,,,,,,,,,,,,,,,
HOLE_005,Jerimum de Cima,100788,111.80,112.80,1.00,IG,CTHM,,0.10,,,,,,,,,,,,,,,,,,,,,,,,,,,,,,,,,,,,,,,,,,,,,,,,,,,,,
HOLE_005,Jerimum de Cima,100789,112.80,113.70,0.90,IG,CTHM,,0.00,,,,,,,,,,,,,,,,,,,,,,,,,,,,,,,,,,,,,,,,,,,,,,,,,,,,,
HOLE_005,Jerimum de Cima,100790,113.70,115.60,1.90,MD,CT,,0.00,,,,,,,,,,,,,,,,,,,,,,,,,,,,,,,,,,,,,,,,,,,,,,,,,,,,,
HOLE_005,Jerimum de Cima,100791,115.60,117.60,2.00,IG,CTHM,,0.00,,,,,,,,,,,,,,,,,,,,,,,,,,,,,,,,,,,,,,,,,,,,,,,,,,,,,
HOLE_005,Jerimum de Cima,100792,117.60,119.60,2.00,IG,CTHM,,0.00,,,,,,,,,,,,,,,,,,,,,,,,,,,,,,,,,,,,,,,,,,,,,,,,,,,,,
HOLE_005,Jerimum de Cima,100793,119.60,121.00,1.40,IG,CTHM,,0.00,,,,,,,,,,,,,,,,,,,,,,,,,,,,,,,,,,,,,,,,,,,,,,,,,,,,,
HOLE_005,Jerimum de Cima,100794,121.00,122.40,1.40,IG,CTHM,,0.28,,,,,,,,,,,,,,,,,,,,,,,,,,,,,,,,,,,,,,,,,,,,,,,,,,,,,
HOLE_005,Jerimum de Cima,100795,122.40,124.40,2.00,IG,CTHM,,0.00,,,,,,,,,,,,,,,,,,,,,,,,,,,,,,,,,,,,,,,,,,,,,,,,,,,,,
HOLE_005,Jerimum de Cima,100796,124.40,125.60,1.20,IG,CTHM,,0.06,,,,,,,,,,,,,,,,,,,,,,,,,,,,,,,,,,,,,,,,,,,,,,,,,,,,,
HOLE_005,Jerimum de Cima,100797,125.60,126.80,1.20,IG,CTHM,,0.18,,,,,,,,,,,,,,,,,,,,,,,,,,,,,,,,,,,,,,,,,,,,,,,,,,,,,
HOLE_005,Jerimum de Cima,100798,126.80,127.70,0.90,IG,SER,,0.29,,,,,,,,,,,,,,,,,,,,,,,,,,,,,,,,,,,,,,,,,,,,,,,,,,,,,
HOLE_005,Jerimum de Cima,100799,127.70,129.00,1.30,IG,CTHM,,0.01,,,,,,,,,,,,,,,,,,,,,,,,,,,,,,,,,,,,,,,,,,,,,,,,,,,,,
HOLE_005,Jerimum de Cima,100800,129.00,131.10,2.10,IG,CTHM,,0.00,,,,,,,,,,,,,,,,,,,,,,,,,,,,,,,,,,,,,,,,,,,,,,,,,,,,,
HOLE_005,Jerimum de Cima,100801,131.10,133.10,2.00,IG,CT,,0.00,,,,,,,,,,,,,,,,,,,,,,,,,,,,,,,,,,,,,,,,,,,,,,,,,,,,,
HOLE_005,Jerimum de Cima,100802,133.10,133.50,0.40,VEN,CT,,0.00,,,,,,,,,,,,,,,,,,,,,,,,,,,,,,,,,,,,,,,,,,,,,,,,,,,,,
HOLE_005,Jerimum de Cima,100803,133.50,135.60,2.10,IG,CT,,0.00,,,,,,,,,,,,,,,,,,,,,,,,,,,,,,,,,,,,,,,,,,,,,,,,,,,,,
HOLE_005,Jerimum de Cima,100804,135.60,137.60,2.00,IG,CT,,0.00,,,,,,,,,,,,,,,,,,,,,,,,,,,,,,,,,,,,,,,,,,,,,,,,,,,,,
HOLE_005,Jerimum de Cima,100805,137.60,139.80,2.20,IG,CTHM,,0.00,,,,,,,,,,,,,,,,,,,,,,,,,,,,,,,,,,,,,,,,,,,,,,,,,,,,,
HOLE_005,Jerimum de Cima,100806,139.80,140.60,0.80,IG,SER,,0.15,,,,,,,,,,,,,,,,,,,,,,,,,,,,,,,,,,,,,,,,,,,,,,,,,,,,,
HOLE_005,Jerimum de Cima,100807,140.60,142.40,1.80,IG,CTHM,,0.03,,,,,,,,,,,,,,,,,,,,,,,,,,,,,,,,,,,,,,,,,,,,,,,,,,,,,
HOLE_005,Jerimum de Cima,100808,142.40,144.40,2.00,IG,CTHM,,0.16,,,,,,,,,,,,,,,,,,,,,,,,,,,,,,,,,,,,,,,,,,,,,,,,,,,,,
HOLE_005,Jerimum de Cima,100809,144.40,145.40,1.00,IG,CTHM,,0.00,,,,,,,,,,,,,,,,,,,,,,,,,,,,,,,,,,,,,,,,,,,,,,,,,,,,,
HOLE_005,Jerimum de Cima,100810,145.40,147.40,2.00,IG,CTHM,,0.00,,,,,,,,,,,,,,,,,,,,,,,,,,,,,,,,,,,,,,,,,,,,,,,,,,,,,
HOLE_005,Jerimum de Cima,100811,147.40,149.40,2.00,IG,CTHM,,0.05,,,,,,,,,,,,,,,,,,,,,,,,,,,,,,,,,,,,,,,,,,,,,,,,,,,,,
HOLE_005,Jerimum de Cima,100812,149.40,151.50,2.10,IG,CT,,0.00,,,,,,,,,,,,,,,,,,,,,,,,,,,,,,,,,,,,,,,,,,,,,,,,,,,,,
HOLE_005,Jerimum de Cima,100813,151.50,152.20,0.70,IG,CT,,0.04,,,,,,,,,,,,,,,,,,,,,,,,,,,,,,,,,,,,,,,,,,,,,,,,,,,,,
HOLE_005,Jerimum de Cima,100814,152.20,154.20,2.00,IG,CT,,0.00,,,,,,,,,,,,,,,,,,,,,,,,,,,,,,,,,,,,,,,,,,,,,,,,,,,,,
HOLE_005,Jerimum de Cima,100815,154.20,156.20,2.00,IG,CT,,0.04,,,,,,,,,,,,,,,,,,,,,,,,,,,,,,,,,,,,,,,,,,,,,,,,,,,,,
HOLE_005,Jerimum de Cima,100816,156.20,158.20,2.00,IG,CT,,0.00,,,,,,,,,,,,,,,,,,,,,,,,,,,,,,,,,,,,,,,,,,,,,,,,,,,,,
HOLE_005,Jerimum de Cima,100817,158.20,160.20,2.00,IG,CT,,0.00,,,,,,,,,,,,,,,,,,,,,,,,,,,,,,,,,,,,,,,,,,,,,,,,,,,,,
HOLE_005,Jerimum de Cima,100818,160.20,162.20,2.00,IG,CT,,0.00,,,,,,,,,,,,,,,,,,,,,,,,,,,,,,,,,,,,,,,,,,,,,,,,,,,,,
HOLE_005,Jerimum de Cima,100819,162.20,164.20,2.00,IG,CT,,0.00,,,,,,,,,,,,,,,,,,,,,,,,,,,,,,,,,,,,,,,,,,,,,,,,,,,,,
HOLE_005,Jerimum de Cima,100820,164.20,166.20,2.00,IG,CT,,0.00,,,,,,,,,,,,,,,,,,,,,,,,,,,,,,,,,,,,,,,,,,,,,,,,,,,,,
HOLE_005,Jerimum de Cima,100821,166.20,168.10,1.90,IG,CT,,0.00,,,,,,,,,,,,,,,,,,,,,,,,,,,,,,,,,,,,,,,,,,,,,,,,,,,,,
HOLE_005,Jerimum de Cima,100822,168.10,169.50,1.40,IG,CTHM,,0.00,,,,,,,,,,,,,,,,,,,,,,,,,,,,,,,,,,,,,,,,,,,,,,,,,,,,,
HOLE_005,Jerimum de Cima,100823,169.50,170.00,0.50,VEN,CTHM,,2.43,,,,,,,,,,,,,,,,,,,,,,,,,,,,,,,,,,,,,,,,,,,,,,,,,,,,,
HOLE_005,Jerimum de Cima,100824,170.00,172.00,2.00,IG,CTHM,,0.00,,,,,,,,,,,,,,,,,,,,,,,,,,,,,,,,,,,,,,,,,,,,,,,,,,,,,
HOLE_005,Jerimum de Cima,100825,172.00,174.00,2.00,IG,CTHM,,0.00,,,,,,,,,,,,,,,,,,,,,,,,,,,,,,,,,,,,,,,,,,,,,,,,,,,,,
HOLE_005,Jerimum de Cima,100826,174.00,176.00,2.00,IG,CTHM,,0.00,,,,,,,,,,,,,,,,,,,,,,,,,,,,,,,,,,,,,,,,,,,,,,,,,,,,,
HOLE_005,Jerimum de Cima,100827,176.00,178.00,2.00,IG,CT,,0.01,,,,,,,,,,,,,,,,,,,,,,,,,,,,,,,,,,,,,,,,,,,,,,,,,,,,,
HOLE_005,Jerimum de Cima,100828,178.00,179.40,1.40,IG,CTHM,,0.00,,,,,,,,,,,,,,,,,,,,,,,,,,,,,,,,,,,,,,,,,,,,,,,,,,,,,
HOLE_005,Jerimum de Cima,100829,179.40,179.90,0.50,IG,SER,,0.28,,,,,,,,,,,,,,,,,,,,,,,,,,,,,,,,,,,,,,,,,,,,,,,,,,,,,
HOLE_005,Jerimum de Cima,100830,179.90,180.80,0.90,IG,CTHM,,0.40,,,,,,,,,,,,,,,,,,,,,,,,,,,,,,,,,,,,,,,,,,,,,,,,,,,,,
HOLE_005,Jerimum de Cima,100831,180.80,181.90,1.10,IG,CTHM,,0.00,,,,,,,,,,,,,,,,,,,,,,,,,,,,,,,,,,,,,,,,,,,,,,,,,,,,,
HOLE_005,Jerimum de Cima,100832,181.90,182.50,0.60,IG,SER,,0.27,,,,,,,,,,,,,,,,,,,,,,,,,,,,,,,,,,,,,,,,,,,,,,,,,,,,,
HOLE_005,Jerimum de Cima,100833,182.50,183.20,0.70,IG,CTHM,,1.65,,,,,,,,,,,,,,,,,,,,,,,,,,,,,,,,,,,,,,,,,,,,,,,,,,,,,
HOLE_005,Jerimum de Cima,100834,183.20,185.20,2.00,IG,CTHM,,0.00,,,,,,,,,,,,,,,,,,,,,,,,,,,,,,,,,,,,,,,,,,,,,,,,,,,,,
HOLE_005,Jerimum de Cima,100835,185.20,187.20,2.00,IG,CTHM,,0.00,,,,,,,,,,,,,,,,,,,,,,,,,,,,,,,,,,,,,,,,,,,,,,,,,,,,,
HOLE_005,Jerimum de Cima,100836,187.20,189.20,2.00,IG,CT,,0.00,,,,,,,,,,,,,,,,,,,,,,,,,,,,,,,,,,,,,,,,,,,,,,,,,,,,,
HOLE_005,Jerimum de Cima,100837,189.20,190.20,1.00,IG,CTHM,,0.06,,,,,,,,,,,,,,,,,,,,,,,,,,,,,,,,,,,,,,,,,,,,,,,,,,,,,
HOLE_005,Jerimum de Cima,100838,190.20,192.10,1.90,IG,CTHM,,0.00,,,,,,,,,,,,,,,,,,,,,,,,,,,,,,,,,,,,,,,,,,,,,,,,,,,,,
HOLE_005,Jerimum de Cima,100839,192.10,194.10,2.00,IG,CTHM,,0.00,,,,,,,,,,,,,,,,,,,,,,,,,,,,,,,,,,,,,,,,,,,,,,,,,,,,,
HOLE_005,Jerimum de Cima,100840,194.10,194.60,0.50,IG,SER,,0.71,,,,,,,,,,,,,,,,,,,,,,,,,,,,,,,,,,,,,,,,,,,,,,,,,,,,,
HOLE_005,Jerimum de Cima,100841,194.60,196.60,2.00,IG,CTHM,,0.01,,,,,,,,,,,,,,,,,,,,,,,,,,,,,,,,,,,,,,,,,,,,,,,,,,,,,
HOLE_005,Jerimum de Cima,100842,196.60,198.20,1.60,IG,CTHM,,0.00,,,,,,,,,,,,,,,,,,,,,,,,,,,,,,,,,,,,,,,,,,,,,,,,,,,,,
HOLE_005,Jerimum de Cima,100843,198.20,200.20,2.00,IG,CTHM,,0.00,,,,,,,,,,,,,,,,,,,,,,,,,,,,,,,,,,,,,,,,,,,,,,,,,,,,,
HOLE_005,Jerimum de Cima,100844,200.20,202.20,2.00,IG,CTHM,,0.00,,,,,,,,,,,,,,,,,,,,,,,,,,,,,,,,,,,,,,,,,,,,,,,,,,,,,
HOLE_005,Jerimum de Cima,100845,202.20,204.00,1.80,IG,CTHM,,0.00,,,,,,,,,,,,,,,,,,,,,,,,,,,,,,,,,,,,,,,,,,,,,,,,,,,,,
HOLE_005,Jerimum de Cima,100846,204.00,206.00,2.00,IG,CTHM,,0.00,,,,,,,,,,,,,,,,,,,,,,,,,,,,,,,,,,,,,,,,,,,,,,,,,,,,,
HOLE_005,Jerimum de Cima,100847,206.00,208.70,2.70,IG,CTHM,,0.00,,,,,,,,,,,,,,,,,,,,,,,,,,,,,,,,,,,,,,,,,,,,,,,,,,,,,
HOLE_005,Jerimum de Cima,100848,208.70,209.40,0.70,IG,CTHM,,0.30,,,,,,,,,,,,,,,,,,,,,,,,,,,,,,,,,,,,,,,,,,,,,,,,,,,,,
HOLE_005,Jerimum de Cima,100849,209.40,211.40,2.00,IG,CTHM,,0.00,,,,,,,,,,,,,,,,,,,,,,,,,,,,,,,,,,,,,,,,,,,,,,,,,,,,,
HOLE_005,Jerimum de Cima,100850,211.40,214.10,2.70,IG,CTHM,,0.00,,,,,,,,,,,,,,,,,,,,,,,,,,,,,,,,,,,,,,,,,,,,,,,,,,,,,
HOLE_005,Jerimum de Cima,100851,214.10,215.00,0.90,IG,CTHM,,0.03,,,,,,,,,,,,,,,,,,,,,,,,,,,,,,,,,,,,,,,,,,,,,,,,,,,,,
HOLE_005,Jerimum de Cima,100852,215.00,217.00,2.00,IG,CTHM,,0.00,,,,,,,,,,,,,,,,,,,,,,,,,,,,,,,,,,,,,,,,,,,,,,,,,,,,,
HOLE_005,Jerimum de Cima,100853,217.00,219.00,2.00,IG,CTHM,,0.24,,,,,,,,,,,,,,,,,,,,,,,,,,,,,,,,,,,,,,,,,,,,,,,,,,,,,
HOLE_005,Jerimum de Cima,100854,219.00,221.40,2.40,IG,CTHM,,0.03,,,,,,,,,,,,,,,,,,,,,,,,,,,,,,,,,,,,,,,,,,,,,,,,,,,,,
HOLE_005,Jerimum de Cima,100855,221.40,221.80,0.40,IG,SER,,0.08,,,,,,,,,,,,,,,,,,,,,,,,,,,,,,,,,,,,,,,,,,,,,,,,,,,,,
HOLE_005,Jerimum de Cima,100856,221.80,224.30,2.50,IG,CTHM,,0.00,,,,,,,,,,,,,,,,,,,,,,,,,,,,,,,,,,,,,,,,,,,,,,,,,,,,,
HOLE_005,Jerimum de Cima,100857,224.30,225.80,1.50,IG,CTHM,,0.70,,,,,,,,,,,,,,,,,,,,,,,,,,,,,,,,,,,,,,,,,,,,,,,,,,,,,
HOLE_005,Jerimum de Cima,100858,225.80,228.70,2.90,IG,CTHM,,0.02,,,,,,,,,,,,,,,,,,,,,,,,,,,,,,,,,,,,,,,,,,,,,,,,,,,,,
HOLE_005,Jerimum de Cima,100859,228.70,230.10,1.40,IG,CTHM,,0.17,,,,,,,,,,,,,,,,,,,,,,,,,,,,,,,,,,,,,,,,,,,,,,,,,,,,,
HOLE_005,Jerimum de Cima,100860,230.10,231.30,1.20,IG,CTHM,,0.05,,,,,,,,,,,,,,,,,,,,,,,,,,,,,,,,,,,,,,,,,,,,,,,,,,,,,
HOLE_005,Jerimum de Cima,100861,231.30,233.40,2.10,IG,SER,,0.00,,,,,,,,,,,,,,,,,,,,,,,,,,,,,,,,,,,,,,,,,,,,,,,,,,,,,
HOLE_005,Jerimum de Cima,100862,233.40,235.20,1.80,IG,CTHM,,0.02,,,,,,,,,,,,,,,,,,,,,,,,,,,,,,,,,,,,,,,,,,,,,,,,,,,,,
HOLE_005,Jerimum de Cima,100863,235.20,236.40,1.20,IG,CTHM,,0.00,,,,,,,,,,,,,,,,,,,,,,,,,,,,,,,,,,,,,,,,,,,,,,,,,,,,,
HOLE_005,Jerimum de Cima,100864,237.30,239.30,2.00,IG,CTHM,,0.00,,,,,,,,,,,,,,,,,,,,,,,,,,,,,,,,,,,,,,,,,,,,,,,,,,,,,
HOLE_005,Jerimum de Cima,100865,239.30,241.30,2.00,IG,CTHM,,0.01,,,,,,,,,,,,,,,,,,,,,,,,,,,,,,,,,,,,,,,,,,,,,,,,,,,,,
HOLE_005,Jerimum de Cima,100866,241.30,243.30,2.00,IG,CTHM,,0.00,,,,,,,,,,,,,,,,,,,,,,,,,,,,,,,,,,,,,,,,,,,,,,,,,,,,,
HOLE_005,Jerimum de Cima,100867,243.30,246.00,2.70,IG,CT,,0.00,,,,,,,,,,,,,,,,,,,,,,,,,,,,,,,,,,,,,,,,,,,,,,,,,,,,,
HOLE_005,Jerimum de Cima,100868,246.00,246.50,0.50,IG,CT,,0.83,,,,,,,,,,,,,,,,,,,,,,,,,,,,,,,,,,,,,,,,,,,,,,,,,,,,,
HOLE_005,Jerimum de Cima,100869,246.50,248.40,1.90,IG,CT,,0.00,,,,,,,,,,,,,,,,,,,,,,,,,,,,,,,,,,,,,,,,,,,,,,,,,,,,,
HOLE_005,Jerimum de Cima,100870,248.40,249.00,0.60,IG,SIL,,0.01,,,,,,,,,,,,,,,,,,,,,,,,,,,,,,,,,,,,,,,,,,,,,,,,,,,,,
HOLE_005,Jerimum de Cima,100871,249.00,249.60,0.60,IG,SIL,,8.90,,,,,,,,,,,,,,,,,,,,,,,,,,,,,,,,,,,,,,,,,,,,,,,,,,,,,
HOLE_005,Jerimum de Cima,100872,249.60,250.70,1.10,IG,SER,,0.18,,,,,,,,,,,,,,,,,,,,,,,,,,,,,,,,,,,,,,,,,,,,,,,,,,,,,
HOLE_005,Jerimum de Cima,100873,250.70,251.20,0.50,IG,SIL,,0.01,,,,,,,,,,,,,,,,,,,,,,,,,,,,,,,,,,,,,,,,,,,,,,,,,,,,,
HOLE_005,Jerimum de Cima,100874,251.20,251.70,0.50,IG,CTHM,,0.04,,,,,,,,,,,,,,,,,,,,,,,,,,,,,,,,,,,,,,,,,,,,,,,,,,,,,
HOLE_005,Jerimum de Cima,100875,251.70,252.60,0.90,IG,CTHM,,0.00,,,,,,,,,,,,,,,,,,,,,,,,,,,,,,,,,,,,,,,,,,,,,,,,,,,,,
HOLE_005,Jerimum de Cima,100876,252.60,255.30,2.70,IG,CTHM,,0.00,,,,,,,,,,,,,,,,,,,,,,,,,,,,,,,,,,,,,,,,,,,,,,,,,,,,,
HOLE_005,Jerimum de Cima,100877,255.30,257.00,1.70,IG,CTHM,,0.06,,,,,,,,,,,,,,,,,,,,,,,,,,,,,,,,,,,,,,,,,,,,,,,,,,,,,
HOLE_005,Jerimum de Cima,100878,257.00,257.70,0.70,VEN,CTHM,,13.31,,,,,,,,,,,,,,,,,,,,,,,,,,,,,,,,,,,,,,,,,,,,,,,,,,,,,
HOLE_005,Jerimum de Cima,100879,257.70,258.70,1.00,IG,CTHM,,0.10,,,,,,,,,,,,,,,,,,,,,,,,,,,,,,,,,,,,,,,,,,,,,,,,,,,,,
HOLE_005,Jerimum de Cima,100880,258.70,260.00,1.30,IG,CTHM,,0.52,,,,,,,,,,,,,,,,,,,,,,,,,,,,,,,,,,,,,,,,,,,,,,,,,,,,,
HOLE_005,Jerimum de Cima,100881,260.00,260.80,0.80,IG,CTHM,,0.03,,,,,,,,,,,,,,,,,,,,,,,,,,,,,,,,,,,,,,,,,,,,,,,,,,,,,
HOLE_005,Jerimum de Cima,100882,260.80,262.70,1.90,IG,CTHM,,0.49,,,,,,,,,,,,,,,,,,,,,,,,,,,,,,,,,,,,,,,,,,,,,,,,,,,,,
HOLE_005,Jerimum de Cima,100883,262.70,263.80,1.10,IG,SER,,1.79,,,,,,,,,,,,,,,,,,,,,,,,,,,,,,,,,,,,,,,,,,,,,,,,,,,,,
HOLE_005,Jerimum de Cima,100884,263.80,264.50,0.70,IG,CTHM,,0.56,,,,,,,,,,,,,,,,,,,,,,,,,,,,,,,,,,,,,,,,,,,,,,,,,,,,,
HOLE_005,Jerimum de Cima,100885,264.50,265.30,0.80,IG,CTHM,,0.05,,,,,,,,,,,,,,,,,,,,,,,,,,,,,,,,,,,,,,,,,,,,,,,,,,,,,
HOLE_005,Jerimum de Cima,100886,265.30,266.30,1.00,IG,CTHM,,0.00,,,,,,,,,,,,,,,,,,,,,,,,,,,,,,,,,,,,,,,,,,,,,,,,,,,,,
HOLE_005,Jerimum de Cima,100887,266.30,267.00,0.70,IG,SER,,2.80,,,,,,,,,,,,,,,,,,,,,,,,,,,,,,,,,,,,,,,,,,,,,,,,,,,,,
HOLE_005,Jerimum de Cima,100888,267.00,269.00,2.00,IG,SER,,0.06,,,,,,,,,,,,,,,,,,,,,,,,,,,,,,,,,,,,,,,,,,,,,,,,,,,,,
HOLE_005,Jerimum de Cima,100889,269.00,270.50,1.50,IG,CT,,0.03,,,,,,,,,,,,,,,,,,,,,,,,,,,,,,,,,,,,,,,,,,,,,,,,,,,,,
HOLE_005,Jerimum de Cima,100890,270.50,271.50,1.00,IG,CT,,0.34,,,,,,,,,,,,,,,,,,,,,,,,,,,,,,,,,,,,,,,,,,,,,,,,,,,,,
HOLE_005,Jerimum de Cima,100891,271.50,273.80,2.30,IG,CT,,0.01,,,,,,,,,,,,,,,,,,,,,,,,,,,,,,,,,,,,,,,,,,,,,,,,,,,,,
HOLE_005,Jerimum de Cima,100892,273.80,274.80,1.00,IG,CT,,0.11,,,,,,,,,,,,,,,,,,,,,,,,,,,,,,,,,,,,,,,,,,,,,,,,,,,,,
HOLE_005,Jerimum de Cima,100893,274.80,275.50,0.70,IG,CT,,0.00,,,,,,,,,,,,,,,,,,,,,,,,,,,,,,,,,,,,,,,,,,,,,,,,,,,,,
HOLE_005,Jerimum de Cima,100894,275.50,275.90,0.40,IG,CT,,1.16,,,,,,,,,,,,,,,,,,,,,,,,,,,,,,,,,,,,,,,,,,,,,,,,,,,,,
HOLE_005,Jerimum de Cima,100895,275.90,277.30,1.40,IG,CT,,0.01,,,,,,,,,,,,,,,,,,,,,,,,,,,,,,,,,,,,,,,,,,,,,,,,,,,,,
HOLE_005,Jerimum de Cima,100896,277.30,279.20,1.90,IG,SER,,0.67,,,,,,,,,,,,,,,,,,,,,,,,,,,,,,,,,,,,,,,,,,,,,,,,,,,,,
HOLE_005,Jerimum de Cima,100897,279.20,281.50,2.30,IG,CTHM,,0.00,,,,,,,,,,,,,,,,,,,,,,,,,,,,,,,,,,,,,,,,,,,,,,,,,,,,,
HOLE_005,Jerimum de Cima,100898,281.50,282.60,1.10,IG,CTHM,,0.00,,,,,,,,,,,,,,,,,,,,,,,,,,,,,,,,,,,,,,,,,,,,,,,,,,,,,
HOLE_005,Jerimum de Cima,100899,282.60,284.60,2.00,IG,CTHM,,0.00,,,,,,,,,,,,,,,,,,,,,,,,,,,,,,,,,,,,,,,,,,,,,,,,,,,,,
HOLE_005,Jerimum de Cima,100900,284.60,286.60,2.00,IG,CTHM,,0.01,,,,,,,,,,,,,,,,,,,,,,,,,,,,,,,,,,,,,,,,,,,,,,,,,,,,,
HOLE_005,Jerimum de Cima,100901,286.60,287.91,1.31,IG,CTHM,,0.00,,,,,,,,,,,,,,,,,,,,,,,,,,,,,,,,,,,,,,,,,,,,,,,,,,,,,
HOLE_006,Jerimum de Cima,100902,4.60,6.10,1.50,SAP,,,0.01,,,,,,,,,,,,,,,,,,,,,,,,,,,,,,,,,,,,,,,,,,,,,,,,,,,,,
HOLE_006,Jerimum de Cima,100903,6.10,9.10,3.00,SAP,,,0.00,,,,,,,,,,,,,,,,,,,,,,,,,,,,,,,,,,,,,,,,,,,,,,,,,,,,,
HOLE_006,Jerimum de Cima,100904,9.10,12.10,3.00,SAP,,,0.00,,,,,,,,,,,,,,,,,,,,,,,,,,,,,,,,,,,,,,,,,,,,,,,,,,,,,
HOLE_006,Jerimum de Cima,100905,12.10,13.70,1.60,SAP,,,0.00,,,,,,,,,,,,,,,,,,,,,,,,,,,,,,,,,,,,,,,,,,,,,,,,,,,,,
HOLE_006,Jerimum de Cima,100906,13.70,15.20,1.50,SAP,,,0.00,,,,,,,,,,,,,,,,,,,,,,,,,,,,,,,,,,,,,,,,,,,,,,,,,,,,,
HOLE_006,Jerimum de Cima,100907,15.20,16.70,1.50,SAP,,,0.00,,,,,,,,,,,,,,,,,,,,,,,,,,,,,,,,,,,,,,,,,,,,,,,,,,,,,
HOLE_006,Jerimum de Cima,100908,16.70,18.30,1.60,SAP,,,0.00,,,,,,,,,,,,,,,,,,,,,,,,,,,,,,,,,,,,,,,,,,,,,,,,,,,,,
HOLE_006,Jerimum de Cima,100909,18.30,19.80,1.50,SAP,,,0.00,,,,,,,,,,,,,,,,,,,,,,,,,,,,,,,,,,,,,,,,,,,,,,,,,,,,,
HOLE_006,Jerimum de Cima,100910,19.80,21.30,1.50,SAP,,,0.00,,,,,,,,,,,,,,,,,,,,,,,,,,,,,,,,,,,,,,,,,,,,,,,,,,,,,
HOLE_006,Jerimum de Cima,100911,21.30,22.80,1.50,SAP,,,0.00,,,,,,,,,,,,,,,,,,,,,,,,,,,,,,,,,,,,,,,,,,,,,,,,,,,,,
HOLE_006,Jerimum de Cima,100912,22.80,24.40,1.60,SAP,,,0.01,,,,,,,,,,,,,,,,,,,,,,,,,,,,,,,,,,,,,,,,,,,,,,,,,,,,,
HOLE_006,Jerimum de Cima,100913,24.40,25.90,1.50,SAP,,,0.00,,,,,,,,,,,,,,,,,,,,,,,,,,,,,,,,,,,,,,,,,,,,,,,,,,,,,
HOLE_006,Jerimum de Cima,100914,25.90,27.40,1.50,SAP,,,0.00,,,,,,,,,,,,,,,,,,,,,,,,,,,,,,,,,,,,,,,,,,,,,,,,,,,,,
HOLE_006,Jerimum de Cima,100915,27.40,28.90,1.50,SAP,,,0.00,,,,,,,,,,,,,,,,,,,,,,,,,,,,,,,,,,,,,,,,,,,,,,,,,,,,,
HOLE_006,Jerimum de Cima,100916,28.90,30.50,1.60,SAP,,,0.00,,,,,,,,,,,,,,,,,,,,,,,,,,,,,,,,,,,,,,,,,,,,,,,,,,,,,
HOLE_006,Jerimum de Cima,100917,30.50,32.00,1.50,SAP,,,0.00,,,,,,,,,,,,,,,,,,,,,,,,,,,,,,,,,,,,,,,,,,,,,,,,,,,,,
HOLE_006,Jerimum de Cima,100918,32.00,33.50,1.50,SAP,,,0.00,,,,,,,,,,,,,,,,,,,,,,,,,,,,,,,,,,,,,,,,,,,,,,,,,,,,,
HOLE_006,Jerimum de Cima,100919,33.50,35.20,1.70,SAP,,,0.00,,,,,,,,,,,,,,,,,,,,,,,,,,,,,,,,,,,,,,,,,,,,,,,,,,,,,
HOLE_006,Jerimum de Cima,100920,35.20,36.60,1.40,SAP,,,0.00,,,,,,,,,,,,,,,,,,,,,,,,,,,,,,,,,,,,,,,,,,,,,,,,,,,,,
HOLE_006,Jerimum de Cima,100921,36.60,38.10,1.50,SAP,,,0.00,,,,,,,,,,,,,,,,,,,,,,,,,,,,,,,,,,,,,,,,,,,,,,,,,,,,,
HOLE_006,Jerimum de Cima,100922,38.10,39.60,1.50,SAP,,,0.00,,,,,,,,,,,,,,,,,,,,,,,,,,,,,,,,,,,,,,,,,,,,,,,,,,,,,
HOLE_006,Jerimum de Cima,100923,39.60,41.10,1.50,SAP,,,0.00,,,,,,,,,,,,,,,,,,,,,,,,,,,,,,,,,,,,,,,,,,,,,,,,,,,,,
HOLE_006,Jerimum de Cima,100924,41.10,43.10,2.00,IG,,,0.00,,,,,,,,,,,,,,,,,,,,,,,,,,,,,,,,,,,,,,,,,,,,,,,,,,,,,
HOLE_006,Jerimum de Cima,100925,43.10,45.10,2.00,IG,,,0.00,,,,,,,,,,,,,,,,,,,,,,,,,,,,,,,,,,,,,,,,,,,,,,,,,,,,,
HOLE_006,Jerimum de Cima,100926,45.10,47.10,2.00,IG,,,0.00,,,,,,,,,,,,,,,,,,,,,,,,,,,,,,,,,,,,,,,,,,,,,,,,,,,,,
HOLE_006,Jerimum de Cima,100927,47.10,49.10,2.00,IG,CTHM,,0.00,,,,,,,,,,,,,,,,,,,,,,,,,,,,,,,,,,,,,,,,,,,,,,,,,,,,,
HOLE_006,Jerimum de Cima,100928,49.10,51.10,2.00,IG,CTHM,,0.00,,,,,,,,,,,,,,,,,,,,,,,,,,,,,,,,,,,,,,,,,,,,,,,,,,,,,
HOLE_006,Jerimum de Cima,100929,51.10,52.90,1.80,IG,CT,,0.00,,,,,,,,,,,,,,,,,,,,,,,,,,,,,,,,,,,,,,,,,,,,,,,,,,,,,
HOLE_006,Jerimum de Cima,100930,52.90,54.90,2.00,IG,CTHM,,0.00,,,,,,,,,,,,,,,,,,,,,,,,,,,,,,,,,,,,,,,,,,,,,,,,,,,,,
HOLE_006,Jerimum de Cima,100931,54.90,56.90,2.00,IG,CTHM,,0.00,,,,,,,,,,,,,,,,,,,,,,,,,,,,,,,,,,,,,,,,,,,,,,,,,,,,,
HOLE_006,Jerimum de Cima,100932,56.90,59.40,2.50,IG,CTHM,,0.00,,,,,,,,,,,,,,,,,,,,,,,,,,,,,,,,,,,,,,,,,,,,,,,,,,,,,
HOLE_006,Jerimum de Cima,100933,59.40,61.40,2.00,IG,CTHM,,0.00,,,,,,,,,,,,,,,,,,,,,,,,,,,,,,,,,,,,,,,,,,,,,,,,,,,,,
HOLE_006,Jerimum de Cima,100934,61.40,63.40,2.00,IG,CTHM,,0.00,,,,,,,,,,,,,,,,,,,,,,,,,,,,,,,,,,,,,,,,,,,,,,,,,,,,,
HOLE_006,Jerimum de Cima,100935,63.40,65.80,2.40,IG,CTHM,,0.00,,,,,,,,,,,,,,,,,,,,,,,,,,,,,,,,,,,,,,,,,,,,,,,,,,,,,
HOLE_006,Jerimum de Cima,100936,65.80,67.80,2.00,IG,CTHM,,0.00,,,,,,,,,,,,,,,,,,,,,,,,,,,,,,,,,,,,,,,,,,,,,,,,,,,,,
HOLE_006,Jerimum de Cima,100937,67.80,69.50,1.70,IG,CTHM,,0.00,,,,,,,,,,,,,,,,,,,,,,,,,,,,,,,,,,,,,,,,,,,,,,,,,,,,,
HOLE_006,Jerimum de Cima,100938,69.50,71.50,2.00,IG,CTHM,,0.01,,,,,,,,,,,,,,,,,,,,,,,,,,,,,,,,,,,,,,,,,,,,,,,,,,,,,
HOLE_006,Jerimum de Cima,100939,71.50,73.50,2.00,IG,CTHM,,0.00,,,,,,,,,,,,,,,,,,,,,,,,,,,,,,,,,,,,,,,,,,,,,,,,,,,,,
HOLE_006,Jerimum de Cima,100940,73.50,75.50,2.00,IG,CTHM,,0.00,,,,,,,,,,,,,,,,,,,,,,,,,,,,,,,,,,,,,,,,,,,,,,,,,,,,,
HOLE_006,Jerimum de Cima,100941,75.50,77.50,2.00,IG,CTHM,,0.01,,,,,,,,,,,,,,,,,,,,,,,,,,,,,,,,,,,,,,,,,,,,,,,,,,,,,
HOLE_006,Jerimum de Cima,100942,77.50,79.00,1.50,IG,CT,,0.01,,,,,,,,,,,,,,,,,,,,,,,,,,,,,,,,,,,,,,,,,,,,,,,,,,,,,
HOLE_006,Jerimum de Cima,100943,79.00,81.30,2.30,IG,CTHM,,0.01,,,,,,,,,,,,,,,,,,,,,,,,,,,,,,,,,,,,,,,,,,,,,,,,,,,,,
HOLE_006,Jerimum de Cima,100944,81.30,83.70,2.40,IG,CTHM,,0.01,,,,,,,,,,,,,,,,,,,,,,,,,,,,,,,,,,,,,,,,,,,,,,,,,,,,,
HOLE_006,Jerimum de Cima,100945,83.70,85.70,2.00,IG,CTHM,,0.04,,,,,,,,,,,,,,,,,,,,,,,,,,,,,,,,,,,,,,,,,,,,,,,,,,,,,
HOLE_006,Jerimum de Cima,100946,85.70,87.70,2.00,IG,CTHM,,0.28,,,,,,,,,,,,,,,,,,,,,,,,,,,,,,,,,,,,,,,,,,,,,,,,,,,,,
HOLE_006,Jerimum de Cima,100947,87.70,89.90,2.20,IG,CTHM,,0.01,,,,,,,,,,,,,,,,,,,,,,,,,,,,,,,,,,,,,,,,,,,,,,,,,,,,,
HOLE_006,Jerimum de Cima,100948,89.90,91.90,2.00,IG,CTHM,,0.13,,,,,,,,,,,,,,,,,,,,,,,,,,,,,,,,,,,,,,,,,,,,,,,,,,,,,
HOLE_006,Jerimum de Cima,100949,91.90,93.30,1.40,IG,CTHM,,0.37,,,,,,,,,,,,,,,,,,,,,,,,,,,,,,,,,,,,,,,,,,,,,,,,,,,,,
HOLE_006,Jerimum de Cima,100950,93.30,95.30,2.00,IG,CTHM,,0.01,,,,,,,,,,,,,,,,,,,,,,,,,,,,,,,,,,,,,,,,,,,,,,,,,,,,,
HOLE_006,Jerimum de Cima,100951,95.30,97.30,2.00,IG,CTHM,,0.00,,,,,,,,,,,,,,,,,,,,,,,,,,,,,,,,,,,,,,,,,,,,,,,,,,,,,
HOLE_006,Jerimum de Cima,100952,97.30,99.30,2.00,IG,CTHM,,0.00,,,,,,,,,,,,,,,,,,,,,,,,,,,,,,,,,,,,,,,,,,,,,,,,,,,,,
HOLE_006,Jerimum de Cima,100953,99.30,100.50,1.20,IG,CTHM,,0.00,,,,,,,,,,,,,,,,,,,,,,,,,,,,,,,,,,,,,,,,,,,,,,,,,,,,,
HOLE_006,Jerimum de Cima,100954,100.50,101.00,0.50,IG,SER,,0.57,,,,,,,,,,,,,,,,,,,,,,,,,,,,,,,,,,,,,,,,,,,,,,,,,,,,,
HOLE_006,Jerimum de Cima,100955,101.00,103.00,2.00,IG,CTHM,,0.00,,,,,,,,,,,,,,,,,,,,,,,,,,,,,,,,,,,,,,,,,,,,,,,,,,,,,
HOLE_006,Jerimum de Cima,100956,103.00,105.00,2.00,IG,CTHM,,0.00,,,,,,,,,,,,,,,,,,,,,,,,,,,,,,,,,,,,,,,,,,,,,,,,,,,,,
HOLE_006,Jerimum de Cima,100957,105.00,107.00,2.00,IG,CTHM,,0.02,,,,,,,,,,,,,,,,,,,,,,,,,,,,,,,,,,,,,,,,,,,,,,,,,,,,,
HOLE_006,Jerimum de Cima,100958,107.00,109.00,2.00,IG,CTHM,,0.00,,,,,,,,,,,,,,,,,,,,,,,,,,,,,,,,,,,,,,,,,,,,,,,,,,,,,
HOLE_006,Jerimum de Cima,100959,109.00,111.00,2.00,IG,CTHM,,0.12,,,,,,,,,,,,,,,,,,,,,,,,,,,,,,,,,,,,,,,,,,,,,,,,,,,,,
HOLE_006,Jerimum de Cima,100960,111.00,113.10,2.10,IG,CTHM,,0.02,,,,,,,,,,,,,,,,,,,,,,,,,,,,,,,,,,,,,,,,,,,,,,,,,,,,,
HOLE_006,Jerimum de Cima,100961,113.10,113.70,0.60,IG,SER,,0.32,,,,,,,,,,,,,,,,,,,,,,,,,,,,,,,,,,,,,,,,,,,,,,,,,,,,,
HOLE_006,Jerimum de Cima,100962,113.70,115.70,2.00,IG,CT,,0.00,,,,,,,,,,,,,,,,,,,,,,,,,,,,,,,,,,,,,,,,,,,,,,,,,,,,,
HOLE_006,Jerimum de Cima,100963,115.70,117.70,2.00,IG,CT,,0.00,,,,,,,,,,,,,,,,,,,,,,,,,,,,,,,,,,,,,,,,,,,,,,,,,,,,,
HOLE_006,Jerimum de Cima,100964,117.70,119.50,1.80,IG,CT,,0.00,,,,,,,,,,,,,,,,,,,,,,,,,,,,,,,,,,,,,,,,,,,,,,,,,,,,,
HOLE_006,Jerimum de Cima,100965,119.50,121.50,2.00,IG,SER,,0.17,,,,,,,,,,,,,,,,,,,,,,,,,,,,,,,,,,,,,,,,,,,,,,,,,,,,,
HOLE_006,Jerimum de Cima,100966,121.50,123.50,2.00,IG,CT,,0.00,,,,,,,,,,,,,,,,,,,,,,,,,,,,,,,,,,,,,,,,,,,,,,,,,,,,,
HOLE_006,Jerimum de Cima,100967,123.50,125.20,1.70,IG,CT,,0.00,,,,,,,,,,,,,,,,,,,,,,,,,,,,,,,,,,,,,,,,,,,,,,,,,,,,,
HOLE_006,Jerimum de Cima,100968,125.20,127.20,2.00,IG,CT,,0.00,,,,,,,,,,,,,,,,,,,,,,,,,,,,,,,,,,,,,,,,,,,,,,,,,,,,,
HOLE_006,Jerimum de Cima,100969,127.20,129.20,2.00,IG,CT,,0.00,,,,,,,,,,,,,,,,,,,,,,,,,,,,,,,,,,,,,,,,,,,,,,,,,,,,,
HOLE_006,Jerimum de Cima,100970,129.20,131.20,2.00,IG,CT,,0.00,,,,,,,,,,,,,,,,,,,,,,,,,,,,,,,,,,,,,,,,,,,,,,,,,,,,,
HOLE_006,Jerimum de Cima,100971,131.20,132.70,1.50,IG,CT,,0.00,,,,,,,,,,,,,,,,,,,,,,,,,,,,,,,,,,,,,,,,,,,,,,,,,,,,,
HOLE_006,Jerimum de Cima,100972,132.70,134.00,1.30,IG,CT,,0.00,,,,,,,,,,,,,,,,,,,,,,,,,,,,,,,,,,,,,,,,,,,,,,,,,,,,,
HOLE_006,Jerimum de Cima,100973,134.00,136.60,2.60,IG,CT,,0.00,,,,,,,,,,,,,,,,,,,,,,,,,,,,,,,,,,,,,,,,,,,,,,,,,,,,,
HOLE_006,Jerimum de Cima,100974,136.60,138.60,2.00,IG,CTHM,,0.05,,,,,,,,,,,,,,,,,,,,,,,,,,,,,,,,,,,,,,,,,,,,,,,,,,,,,
HOLE_006,Jerimum de Cima,100975,138.60,140.60,2.00,IG,CTHM,,0.02,,,,,,,,,,,,,,,,,,,,,,,,,,,,,,,,,,,,,,,,,,,,,,,,,,,,,
HOLE_006,Jerimum de Cima,100976,140.60,143.20,2.60,IG,CTHM,,0.00,,,,,,,,,,,,,,,,,,,,,,,,,,,,,,,,,,,,,,,,,,,,,,,,,,,,,
HOLE_006,Jerimum de Cima,100977,143.20,145.20,2.00,IG,CT,,0.00,,,,,,,,,,,,,,,,,,,,,,,,,,,,,,,,,,,,,,,,,,,,,,,,,,,,,
HOLE_006,Jerimum de Cima,100978,145.20,147.70,2.50,IG,CT,,0.05,,,,,,,,,,,,,,,,,,,,,,,,,,,,,,,,,,,,,,,,,,,,,,,,,,,,,
HOLE_006,Jerimum de Cima,100979,147.70,149.70,2.00,IG,CT,,0.01,,,,,,,,,,,,,,,,,,,,,,,,,,,,,,,,,,,,,,,,,,,,,,,,,,,,,
HOLE_006,Jerimum de Cima,100980,149.70,150.70,1.00,IG,CT,,0.17,,,,,,,,,,,,,,,,,,,,,,,,,,,,,,,,,,,,,,,,,,,,,,,,,,,,,
HOLE_006,Jerimum de Cima,100981,150.70,152.40,1.70,IG,CTHM,,0.00,,,,,,,,,,,,,,,,,,,,,,,,,,,,,,,,,,,,,,,,,,,,,,,,,,,,,
HOLE_006,Jerimum de Cima,100982,152.40,154.40,2.00,MD,CT,,0.32,,,,,,,,,,,,,,,,,,,,,,,,,,,,,,,,,,,,,,,,,,,,,,,,,,,,,
HOLE_006,Jerimum de Cima,100983,154.40,155.90,1.50,MD,CT,,0.01,,,,,,,,,,,,,,,,,,,,,,,,,,,,,,,,,,,,,,,,,,,,,,,,,,,,,
HOLE_006,Jerimum de Cima,100984,155.90,157.10,1.20,MD,CT,,0.05,,,,,,,,,,,,,,,,,,,,,,,,,,,,,,,,,,,,,,,,,,,,,,,,,,,,,
HOLE_006,Jerimum de Cima,100985,157.10,159.10,2.00,IG,CT,,0.01,,,,,,,,,,,,,,,,,,,,,,,,,,,,,,,,,,,,,,,,,,,,,,,,,,,,,
HOLE_006,Jerimum de Cima,100986,159.10,160.10,1.00,IG,CTHM,,0.02,,,,,,,,,,,,,,,,,,,,,,,,,,,,,,,,,,,,,,,,,,,,,,,,,,,,,
HOLE_006,Jerimum de Cima,100987,160.10,161.90,1.80,IG,CTHM,,0.02,,,,,,,,,,,,,,,,,,,,,,,,,,,,,,,,,,,,,,,,,,,,,,,,,,,,,
HOLE_006,Jerimum de Cima,100988,192.00,194.00,2.00,IG,CT,,0.00,,,,,,,,,,,,,,,,,,,,,,,,,,,,,,,,,,,,,,,,,,,,,,,,,,,,,
HOLE_006,Jerimum de Cima,100989,194.00,196.00,2.00,IG,CT,,0.00,,,,,,,,,,,,,,,,,,,,,,,,,,,,,,,,,,,,,,,,,,,,,,,,,,,,,
HOLE_006,Jerimum de Cima,100990,196.00,198.00,2.00,IG,CT,,0.00,,,,,,,,,,,,,,,,,,,,,,,,,,,,,,,,,,,,,,,,,,,,,,,,,,,,,
HOLE_006,Jerimum de Cima,100991,198.00,199.90,1.90,IG,CT,,0.00,,,,,,,,,,,,,,,,,,,,,,,,,,,,,,,,,,,,,,,,,,,,,,,,,,,,,
HOLE_006,Jerimum de Cima,100992,199.90,201.90,2.00,IG,CT,,0.03,,,,,,,,,,,,,,,,,,,,,,,,,,,,,,,,,,,,,,,,,,,,,,,,,,,,,
HOLE_006,Jerimum de Cima,100993,201.90,203.90,2.00,IG,CT,,0.01,,,,,,,,,,,,,,,,,,,,,,,,,,,,,,,,,,,,,,,,,,,,,,,,,,,,,
HOLE_006,Jerimum de Cima,100994,203.90,205.90,2.00,IG,CT,,0.00,,,,,,,,,,,,,,,,,,,,,,,,,,,,,,,,,,,,,,,,,,,,,,,,,,,,,
HOLE_006,Jerimum de Cima,100995,205.90,207.90,2.00,IG,CT,,0.00,,,,,,,,,,,,,,,,,,,,,,,,,,,,,,,,,,,,,,,,,,,,,,,,,,,,,
HOLE_006,Jerimum de Cima,100996,207.90,209.90,2.00,IG,CT,,0.00,,,,,,,,,,,,,,,,,,,,,,,,,,,,,,,,,,,,,,,,,,,,,,,,,,,,,
HOLE_006,Jerimum de Cima,100997,209.90,211.90,2.00,IG,CT,,0.00,,,,,,,,,,,,,,,,,,,,,,,,,,,,,,,,,,,,,,,,,,,,,,,,,,,,,
HOLE_006,Jerimum de Cima,100998,211.90,213.90,2.00,IG,CT,,0.00,,,,,,,,,,,,,,,,,,,,,,,,,,,,,,,,,,,,,,,,,,,,,,,,,,,,,
HOLE_006,Jerimum de Cima,100999,213.90,216.40,2.50,IG,CT,,0.00,,,,,,,,,,,,,,,,,,,,,,,,,,,,,,,,,,,,,,,,,,,,,,,,,,,,,
HOLE_007,Jerimum de Cima,101000,1.50,3.00,1.50,SAP,,,0.73,,,,,,,,,,,,,,,,,,,,,,,,,,,,,,,,,,,,,,,,,,,,,,,,,,,,,
HOLE_007,Jerimum de Cima,101001,3.00,4.60,1.60,SAP,,,0.15,,,,,,,,,,,,,,,,,,,,,,,,,,,,,,,,,,,,,,,,,,,,,,,,,,,,,
HOLE_007,Jerimum de Cima,101002,4.60,6.10,1.50,SAP,,,0.32,,,,,,,,,,,,,,,,,,,,,,,,,,,,,,,,,,,,,,,,,,,,,,,,,,,,,
HOLE_007,Jerimum de Cima,101003,6.10,7.60,1.50,SAP,,,0.29,,,,,,,,,,,,,,,,,,,,,,,,,,,,,,,,,,,,,,,,,,,,,,,,,,,,,
HOLE_007,Jerimum de Cima,101004,7.60,9.10,1.50,SAP,,,0.11,,,,,,,,,,,,,,,,,,,,,,,,,,,,,,,,,,,,,,,,,,,,,,,,,,,,,
HOLE_007,Jerimum de Cima,101005,9.10,10.70,1.60,SAP,,,0.05,,,,,,,,,,,,,,,,,,,,,,,,,,,,,,,,,,,,,,,,,,,,,,,,,,,,,
HOLE_007,Jerimum de Cima,101006,10.70,12.20,1.50,SAP,,,0.68,,,,,,,,,,,,,,,,,,,,,,,,,,,,,,,,,,,,,,,,,,,,,,,,,,,,,
HOLE_007,Jerimum de Cima,101007,12.20,13.70,1.50,SAP,,,0.00,,,,,,,,,,,,,,,,,,,,,,,,,,,,,,,,,,,,,,,,,,,,,,,,,,,,,
HOLE_007,Jerimum de Cima,101008,13.70,15.20,1.50,SAP,,,1.00,,,,,,,,,,,,,,,,,,,,,,,,,,,,,,,,,,,,,,,,,,,,,,,,,,,,,
HOLE_007,Jerimum de Cima,101009,15.20,16.80,1.60,SAP,,,0.00,,,,,,,,,,,,,,,,,,,,,,,,,,,,,,,,,,,,,,,,,,,,,,,,,,,,,
HOLE_007,Jerimum de Cima,101010,16.80,18.30,1.50,SAP,,,0.02,,,,,,,,,,,,,,,,,,,,,,,,,,,,,,,,,,,,,,,,,,,,,,,,,,,,,
HOLE_007,Jerimum de Cima,101011,18.30,19.80,1.50,SAP,,,0.12,,,,,,,,,,,,,,,,,,,,,,,,,,,,,,,,,,,,,,,,,,,,,,,,,,,,,
HOLE_007,Jerimum de Cima,101012,19.80,21.30,1.50,SAP,,,0.02,,,,,,,,,,,,,,,,,,,,,,,,,,,,,,,,,,,,,,,,,,,,,,,,,,,,,
HOLE_007,Jerimum de Cima,101013,21.30,22.90,1.60,SAP,,,0.01,,,,,,,,,,,,,,,,,,,,,,,,,,,,,,,,,,,,,,,,,,,,,,,,,,,,,
HOLE_007,Jerimum de Cima,101014,22.90,24.40,1.50,SAP,,,0.00,,,,,,,,,,,,,,,,,,,,,,,,,,,,,,,,,,,,,,,,,,,,,,,,,,,,,
HOLE_007,Jerimum de Cima,101015,24.40,25.90,1.50,SAP,,,0.00,,,,,,,,,,,,,,,,,,,,,,,,,,,,,,,,,,,,,,,,,,,,,,,,,,,,,
HOLE_007,Jerimum de Cima,101016,25.90,27.40,1.50,SAP,,,0.00,,,,,,,,,,,,,,,,,,,,,,,,,,,,,,,,,,,,,,,,,,,,,,,,,,,,,
HOLE_007,Jerimum de Cima,101017,27.40,29.00,1.60,SAP,,,0.00,,,,,,,,,,,,,,,,,,,,,,,,,,,,,,,,,,,,,,,,,,,,,,,,,,,,,
HOLE_007,Jerimum de Cima,101018,29.00,30.50,1.50,SAP,,,0.00,,,,,,,,,,,,,,,,,,,,,,,,,,,,,,,,,,,,,,,,,,,,,,,,,,,,,
HOLE_007,Jerimum de Cima,101019,30.50,32.00,1.50,SAP,,,0.00,,,,,,,,,,,,,,,,,,,,,,,,,,,,,,,,,,,,,,,,,,,,,,,,,,,,,
HOLE_007,Jerimum de Cima,101020,32.00,33.50,1.50,SAP,,,0.00,,,,,,,,,,,,,,,,,,,,,,,,,,,,,,,,,,,,,,,,,,,,,,,,,,,,,
HOLE_007,Jerimum de Cima,101021,33.50,35.10,1.60,SAP,,,0.00,,,,,,,,,,,,,,,,,,,,,,,,,,,,,,,,,,,,,,,,,,,,,,,,,,,,,
HOLE_007,Jerimum de Cima,101022,35.10,36.60,1.50,SAP,,,0.00,,,,,,,,,,,,,,,,,,,,,,,,,,,,,,,,,,,,,,,,,,,,,,,,,,,,,
HOLE_007,Jerimum de Cima,101023,36.60,38.10,1.50,SAP,,,0.01,,,,,,,,,,,,,,,,,,,,,,,,,,,,,,,,,,,,,,,,,,,,,,,,,,,,,
HOLE_007,Jerimum de Cima,101024,38.10,39.60,1.50,IG,CTHM,,0.10,,,,,,,,,,,,,,,,,,,,,,,,,,,,,,,,,,,,,,,,,,,,,,,,,,,,,
HOLE_007,Jerimum de Cima,101025,39.60,41.60,2.00,IG,CTHM,,0.00,,,,,,,,,,,,,,,,,,,,,,,,,,,,,,,,,,,,,,,,,,,,,,,,,,,,,
HOLE_007,Jerimum de Cima,101026,41.60,43.60,2.00,IG,CTHM,,0.00,,,,,,,,,,,,,,,,,,,,,,,,,,,,,,,,,,,,,,,,,,,,,,,,,,,,,
HOLE_007,Jerimum de Cima,101027,43.60,45.70,2.10,IG,CTHM,,0.00,,,,,,,,,,,,,,,,,,,,,,,,,,,,,,,,,,,,,,,,,,,,,,,,,,,,,
HOLE_007,Jerimum de Cima,101028,45.70,47.70,2.00,IG,CTHM,,0.01,,,,,,,,,,,,,,,,,,,,,,,,,,,,,,,,,,,,,,,,,,,,,,,,,,,,,
HOLE_007,Jerimum de Cima,101029,47.70,49.70,2.00,IG,CTHM,,0.03,,,,,,,,,,,,,,,,,,,,,,,,,,,,,,,,,,,,,,,,,,,,,,,,,,,,,
HOLE_007,Jerimum de Cima,101030,49.70,51.70,2.00,IG,CTHM,,0.00,,,,,,,,,,,,,,,,,,,,,,,,,,,,,,,,,,,,,,,,,,,,,,,,,,,,,
HOLE_007,Jerimum de Cima,101031,51.70,53.70,2.00,IG,CT,,0.05,,,,,,,,,,,,,,,,,,,,,,,,,,,,,,,,,,,,,,,,,,,,,,,,,,,,,
HOLE_007,Jerimum de Cima,101032,53.70,55.30,1.60,IG,CT,,0.09,,,,,,,,,,,,,,,,,,,,,,,,,,,,,,,,,,,,,,,,,,,,,,,,,,,,,
HOLE_007,Jerimum de Cima,101033,55.30,55.70,0.40,IG,SER,,0.00,,,,,,,,,,,,,,,,,,,,,,,,,,,,,,,,,,,,,,,,,,,,,,,,,,,,,
HOLE_007,Jerimum de Cima,101034,55.70,57.40,1.70,IG,CTHM,,0.01,,,,,,,,,,,,,,,,,,,,,,,,,,,,,,,,,,,,,,,,,,,,,,,,,,,,,
HOLE_007,Jerimum de Cima,101035,57.40,57.90,0.50,IG,SER,,2.50,,,,,,,,,,,,,,,,,,,,,,,,,,,,,,,,,,,,,,,,,,,,,,,,,,,,,
HOLE_007,Jerimum de Cima,101036,57.90,58.50,0.60,IG,SER,,0.40,,,,,,,,,,,,,,,,,,,,,,,,,,,,,,,,,,,,,,,,,,,,,,,,,,,,,
HOLE_007,Jerimum de Cima,101037,58.50,60.50,2.00,IG,CTHM,,0.01,,,,,,,,,,,,,,,,,,,,,,,,,,,,,,,,,,,,,,,,,,,,,,,,,,,,,
HOLE_007,Jerimum de Cima,101038,60.50,62.40,1.90,IG,CTHM,,0.00,,,,,,,,,,,,,,,,,,,,,,,,,,,,,,,,,,,,,,,,,,,,,,,,,,,,,
HOLE_007,Jerimum de Cima,101039,62.40,64.00,1.60,IG,CTHM,,0.02,,,,,,,,,,,,,,,,,,,,,,,,,,,,,,,,,,,,,,,,,,,,,,,,,,,,,
HOLE_007,Jerimum de Cima,101040,64.00,64.90,0.90,IG,CTHM,,0.02,,,,,,,,,,,,,,,,,,,,,,,,,,,,,,,,,,,,,,,,,,,,,,,,,,,,,
HOLE_007,Jerimum de Cima,101041,64.90,67.10,2.20,IG,SER,,0.01,,,,,,,,,,,,,,,,,,,,,,,,,,,,,,,,,,,,,,,,,,,,,,,,,,,,,
HOLE_007,Jerimum de Cima,101042,67.10,69.10,2.00,IG,CTHM,,0.00,,,,,,,,,,,,,,,,,,,,,,,,,,,,,,,,,,,,,,,,,,,,,,,,,,,,,
HOLE_007,Jerimum de Cima,101043,69.10,70.60,1.50,IG,CTHM,,0.05,,,,,,,,,,,,,,,,,,,,,,,,,,,,,,,,,,,,,,,,,,,,,,,,,,,,,
HOLE_007,Jerimum de Cima,101044,70.60,72.20,1.60,IG,CTHM,,0.00,,,,,,,,,,,,,,,,,,,,,,,,,,,,,,,,,,,,,,,,,,,,,,,,,,,,,
HOLE_007,Jerimum de Cima,101045,72.20,73.90,1.70,IG,CTHM,,0.01,,,,,,,,,,,,,,,,,,,,,,,,,,,,,,,,,,,,,,,,,,,,,,,,,,,,,
HOLE_007,Jerimum de Cima,101046,73.90,75.20,1.30,IG,SIL,,1.73,,,,,,,,,,,,,,,,,,,,,,,,,,,,,,,,,,,,,,,,,,,,,,,,,,,,,
HOLE_007,Jerimum de Cima,101047,75.20,76.80,1.60,IG,SIL,,0.13,,,,,,,,,,,,,,,,,,,,,,,,,,,,,,,,,,,,,,,,,,,,,,,,,,,,,
HOLE_007,Jerimum de Cima,101048,76.80,77.20,0.40,IG,CTHM,,0.28,,,,,,,,,,,,,,,,,,,,,,,,,,,,,,,,,,,,,,,,,,,,,,,,,,,,,
HOLE_007,Jerimum de Cima,101049,77.20,77.70,0.50,IG,SER,,1.18,,,,,,,,,,,,,,,,,,,,,,,,,,,,,,,,,,,,,,,,,,,,,,,,,,,,,
HOLE_007,Jerimum de Cima,101050,77.70,78.30,0.60,IG,CTHM,,0.00,,,,,,,,,,,,,,,,,,,,,,,,,,,,,,,,,,,,,,,,,,,,,,,,,,,,,
HOLE_007,Jerimum de Cima,101051,78.30,79.30,1.00,IG,SER,,0.75,,,,,,,,,,,,,,,,,,,,,,,,,,,,,,,,,,,,,,,,,,,,,,,,,,,,,
HOLE_007,Jerimum de Cima,101052,79.30,81.50,2.20,IG,SER,,0.01,,,,,,,,,,,,,,,,,,,,,,,,,,,,,,,,,,,,,,,,,,,,,,,,,,,,,
HOLE_007,Jerimum de Cima,101053,81.50,82.70,1.20,IG,SER,,0.90,,,,,,,,,,,,,,,,,,,,,,,,,,,,,,,,,,,,,,,,,,,,,,,,,,,,,
HOLE_007,Jerimum de Cima,101054,82.70,84.70,2.00,IG,CTHM,,0.02,,,,,,,,,,,,,,,,,,,,,,,,,,,,,,,,,,,,,,,,,,,,,,,,,,,,,
HOLE_007,Jerimum de Cima,101055,84.70,86.70,2.00,IG,CTHM,,0.02,,,,,,,,,,,,,,,,,,,,,,,,,,,,,,,,,,,,,,,,,,,,,,,,,,,,,
HOLE_007,Jerimum de Cima,101056,86.70,88.90,2.20,IG,CTHM,,0.09,,,,,,,,,,,,,,,,,,,,,,,,,,,,,,,,,,,,,,,,,,,,,,,,,,,,,
HOLE_007,Jerimum de Cima,101057,88.90,90.90,2.00,IG,CTHM,,0.05,,,,,,,,,,,,,,,,,,,,,,,,,,,,,,,,,,,,,,,,,,,,,,,,,,,,,
HOLE_007,Jerimum de Cima,101058,90.90,91.80,0.90,IG,CTHM,,5.42,,,,,,,,,,,,,,,,,,,,,,,,,,,,,,,,,,,,,,,,,,,,,,,,,,,,,
HOLE_007,Jerimum de Cima,101059,91.80,94.50,2.70,IG,CTHM,,0.02,,,,,,,,,,,,,,,,,,,,,,,,,,,,,,,,,,,,,,,,,,,,,,,,,,,,,
HOLE_007,Jerimum de Cima,101060,94.50,95.90,1.40,IG,SER,,0.93,,,,,,,,,,,,,,,,,,,,,,,,,,,,,,,,,,,,,,,,,,,,,,,,,,,,,
HOLE_007,Jerimum de Cima,101061,95.90,96.90,1.00,IG,CTHM,,0.12,,,,,,,,,,,,,,,,,,,,,,,,,,,,,,,,,,,,,,,,,,,,,,,,,,,,,
HOLE_007,Jerimum de Cima,101062,96.90,97.30,0.40,IG,CTHM,,0.01,,,,,,,,,,,,,,,,,,,,,,,,,,,,,,,,,,,,,,,,,,,,,,,,,,,,,
HOLE_007,Jerimum de Cima,101063,97.30,98.10,0.80,IG,CTHM,,1.53,,,,,,,,,,,,,,,,,,,,,,,,,,,,,,,,,,,,,,,,,,,,,,,,,,,,,
HOLE_007,Jerimum de Cima,101064,98.10,98.70,0.60,IG,CTHM,,0.00,,,,,,,,,,,,,,,,,,,,,,,,,,,,,,,,,,,,,,,,,,,,,,,,,,,,,
HOLE_007,Jerimum de Cima,101065,98.70,99.90,1.20,IG,CTHM,,0.14,,,,,,,,,,,,,,,,,,,,,,,,,,,,,,,,,,,,,,,,,,,,,,,,,,,,,
HOLE_007,Jerimum de Cima,101066,99.90,101.60,1.70,IG,CTHM,,0.02,,,,,,,,,,,,,,,,,,,,,,,,,,,,,,,,,,,,,,,,,,,,,,,,,,,,,
HOLE_007,Jerimum de Cima,101067,101.60,102.10,0.50,IG,SER,,345.79,,,,,,,,,,,,,,,,,,,,,,,,,,,,,,,,,,,,,,,,,,,,,,,,,,,,,
HOLE_007,Jerimum de Cima,101068,102.10,103.10,1.00,IG,SER,,2.99,,,,,,,,,,,,,,,,,,,,,,,,,,,,,,,,,,,,,,,,,,,,,,,,,,,,,
HOLE_007,Jerimum de Cima,101069,103.10,103.90,0.80,IG,CTHM,,0.14,,,,,,,,,,,,,,,,,,,,,,,,,,,,,,,,,,,,,,,,,,,,,,,,,,,,,
HOLE_007,Jerimum de Cima,101070,103.90,104.80,0.90,IG,SER,,0.75,,,,,,,,,,,,,,,,,,,,,,,,,,,,,,,,,,,,,,,,,,,,,,,,,,,,,
HOLE_007,Jerimum de Cima,101071,104.80,105.50,0.70,IG,CTHM,,0.05,,,,,,,,,,,,,,,,,,,,,,,,,,,,,,,,,,,,,,,,,,,,,,,,,,,,,
HOLE_007,Jerimum de Cima,101072,105.50,106.20,0.70,IG,CTHM,,0.36,,,,,,,,,,,,,,,,,,,,,,,,,,,,,,,,,,,,,,,,,,,,,,,,,,,,,
HOLE_007,Jerimum de Cima,101073,106.20,107.30,1.10,IG,CTHM,,4.71,,,,,,,,,,,,,,,,,,,,,,,,,,,,,,,,,,,,,,,,,,,,,,,,,,,,,
HOLE_007,Jerimum de Cima,101074,107.30,108.40,1.10,IG,SER,,0.14,,,,,,,,,,,,,,,,,,,,,,,,,,,,,,,,,,,,,,,,,,,,,,,,,,,,,
HOLE_007,Jerimum de Cima,101075,108.40,109.30,0.90,IG,CTHM,,0.66,,,,,,,,,,,,,,,,,,,,,,,,,,,,,,,,,,,,,,,,,,,,,,,,,,,,,
HOLE_007,Jerimum de Cima,101076,109.30,109.90,0.60,IG,CTHM,,0.26,,,,,,,,,,,,,,,,,,,,,,,,,,,,,,,,,,,,,,,,,,,,,,,,,,,,,
HOLE_007,Jerimum de Cima,101077,109.90,110.90,1.00,IG,CTHM,,0.02,,,,,,,,,,,,,,,,,,,,,,,,,,,,,,,,,,,,,,,,,,,,,,,,,,,,,
HOLE_007,Jerimum de Cima,101078,110.90,112.00,1.10,IG,CTHM,,0.61,,,,,,,,,,,,,,,,,,,,,,,,,,,,,,,,,,,,,,,,,,,,,,,,,,,,,
HOLE_007,Jerimum de Cima,101079,112.00,112.90,0.90,IG,CTHM,,3.47,,,,,,,,,,,,,,,,,,,,,,,,,,,,,,,,,,,,,,,,,,,,,,,,,,,,,
HOLE_007,Jerimum de Cima,101080,112.90,113.70,0.80,IG,SER,,0.92,,,,,,,,,,,,,,,,,,,,,,,,,,,,,,,,,,,,,,,,,,,,,,,,,,,,,
HOLE_007,Jerimum de Cima,101081,113.70,114.70,1.00,IG,SER,,0.62,,,,,,,,,,,,,,,,,,,,,,,,,,,,,,,,,,,,,,,,,,,,,,,,,,,,,
HOLE_007,Jerimum de Cima,101082,114.70,116.20,1.50,IG,CTHM,,0.01,,,,,,,,,,,,,,,,,,,,,,,,,,,,,,,,,,,,,,,,,,,,,,,,,,,,,
HOLE_007,Jerimum de Cima,101083,116.20,117.60,1.40,IG,CTHM,,0.17,,,,,,,,,,,,,,,,,,,,,,,,,,,,,,,,,,,,,,,,,,,,,,,,,,,,,
HOLE_007,Jerimum de Cima,101084,117.60,118.50,0.90,IG,SER,,2.52,,,,,,,,,,,,,,,,,,,,,,,,,,,,,,,,,,,,,,,,,,,,,,,,,,,,,
HOLE_007,Jerimum de Cima,101085,118.50,119.50,1.00,IG,CTHM,,0.13,,,,,,,,,,,,,,,,,,,,,,,,,,,,,,,,,,,,,,,,,,,,,,,,,,,,,
HOLE_007,Jerimum de Cima,101086,119.50,121.40,1.90,IG,CTHM,,0.01,,,,,,,,,,,,,,,,,,,,,,,,,,,,,,,,,,,,,,,,,,,,,,,,,,,,,
HOLE_007,Jerimum de Cima,101087,121.40,122.90,1.50,IG,CTHM,,0.00,,,,,,,,,,,,,,,,,,,,,,,,,,,,,,,,,,,,,,,,,,,,,,,,,,,,,
HOLE_007,Jerimum de Cima,101088,122.90,123.30,0.40,IG,CTHM,,1.41,,,,,,,,,,,,,,,,,,,,,,,,,,,,,,,,,,,,,,,,,,,,,,,,,,,,,
HOLE_007,Jerimum de Cima,101089,123.30,125.30,2.00,IG,CTHM,,0.02,,,,,,,,,,,,,,,,,,,,,,,,,,,,,,,,,,,,,,,,,,,,,,,,,,,,,
HOLE_007,Jerimum de Cima,101090,125.30,127.30,2.00,IG,CTHM,,0.01,,,,,,,,,,,,,,,,,,,,,,,,,,,,,,,,,,,,,,,,,,,,,,,,,,,,,
HOLE_007,Jerimum de Cima,101091,127.30,129.30,2.00,IG,CTHM,,0.03,,,,,,,,,,,,,,,,,,,,,,,,,,,,,,,,,,,,,,,,,,,,,,,,,,,,,
HOLE_007,Jerimum de Cima,101092,129.30,130.70,1.40,IG,CTHM,,0.00,,,,,,,,,,,,,,,,,,,,,,,,,,,,,,,,,,,,,,,,,,,,,,,,,,,,,
HOLE_007,Jerimum de Cima,101093,130.70,131.30,0.60,IG,SER,,2.07,,,,,,,,,,,,,,,,,,,,,,,,,,,,,,,,,,,,,,,,,,,,,,,,,,,,,
HOLE_007,Jerimum de Cima,101094,131.30,133.30,2.00,IG,SER,,0.00,,,,,,,,,,,,,,,,,,,,,,,,,,,,,,,,,,,,,,,,,,,,,,,,,,,,,
HOLE_007,Jerimum de Cima,101095,133.30,135.30,2.00,IG,CT,,0.08,,,,,,,,,,,,,,,,,,,,,,,,,,,,,,,,,,,,,,,,,,,,,,,,,,,,,
HOLE_007,Jerimum de Cima,101096,135.30,137.30,2.00,IG,CT,,0.14,,,,,,,,,,,,,,,,,,,,,,,,,,,,,,,,,,,,,,,,,,,,,,,,,,,,,
HOLE_007,Jerimum de Cima,101097,137.30,139.80,2.50,IG,CT,,0.00,,,,,,,,,,,,,,,,,,,,,,,,,,,,,,,,,,,,,,,,,,,,,,,,,,,,,
HOLE_007,Jerimum de Cima,101098,139.80,140.50,0.70,IG,CT,,0.25,,,,,,,,,,,,,,,,,,,,,,,,,,,,,,,,,,,,,,,,,,,,,,,,,,,,,
HOLE_007,Jerimum de Cima,101099,140.50,141.90,1.40,IG,CT,,0.00,,,,,,,,,,,,,,,,,,,,,,,,,,,,,,,,,,,,,,,,,,,,,,,,,,,,,
HOLE_007,Jerimum de Cima,101100,141.90,143.10,1.20,IG,CT,,0.00,,,,,,,,,,,,,,,,,,,,,,,,,,,,,,,,,,,,,,,,,,,,,,,,,,,,,
HOLE_007,Jerimum de Cima,101101,143.10,144.20,1.10,IG,CT,,0.00,,,,,,,,,,,,,,,,,,,,,,,,,,,,,,,,,,,,,,,,,,,,,,,,,,,,,
HOLE_007,Jerimum de Cima,101102,144.20,145.80,1.60,IG,CT,,1.58,,,,,,,,,,,,,,,,,,,,,,,,,,,,,,,,,,,,,,,,,,,,,,,,,,,,,
HOLE_007,Jerimum de Cima,101103,145.80,147.80,2.00,IG,CTHM,,0.05,,,,,,,,,,,,,,,,,,,,,,,,,,,,,,,,,,,,,,,,,,,,,,,,,,,,,
HOLE_007,Jerimum de Cima,101104,147.80,149.80,2.00,IG,CTHM,,0.00,,,,,,,,,,,,,,,,,,,,,,,,,,,,,,,,,,,,,,,,,,,,,,,,,,,,,
HOLE_007,Jerimum de Cima,101105,149.80,151.80,2.00,IG,CTHM,,0.00,,,,,,,,,,,,,,,,,,,,,,,,,,,,,,,,,,,,,,,,,,,,,,,,,,,,,
HOLE_007,Jerimum de Cima,101106,151.80,153.80,2.00,IG,CTHM,,0.00,,,,,,,,,,,,,,,,,,,,,,,,,,,,,,,,,,,,,,,,,,,,,,,,,,,,,
HOLE_007,Jerimum de Cima,101107,153.80,155.80,2.00,IG,CTHM,,0.00,,,,,,,,,,,,,,,,,,,,,,,,,,,,,,,,,,,,,,,,,,,,,,,,,,,,,
HOLE_007,Jerimum de Cima,101108,155.80,157.80,2.00,IG,CTHM,,0.22,,,,,,,,,,,,,,,,,,,,,,,,,,,,,,,,,,,,,,,,,,,,,,,,,,,,,
HOLE_007,Jerimum de Cima,101109,157.80,159.80,2.00,IG,CT,,0.00,,,,,,,,,,,,,,,,,,,,,,,,,,,,,,,,,,,,,,,,,,,,,,,,,,,,,
HOLE_007,Jerimum de Cima,101110,159.80,161.80,2.00,IG,CT,,0.00,,,,,,,,,,,,,,,,,,,,,,,,,,,,,,,,,,,,,,,,,,,,,,,,,,,,,
HOLE_007,Jerimum de Cima,101111,161.80,163.80,2.00,IG,CT,,0.00,,,,,,,,,,,,,,,,,,,,,,,,,,,,,,,,,,,,,,,,,,,,,,,,,,,,,
HOLE_007,Jerimum de Cima,101112,163.80,165.80,2.00,IG,CTHM,,0.00,,,,,,,,,,,,,,,,,,,,,,,,,,,,,,,,,,,,,,,,,,,,,,,,,,,,,
HOLE_007,Jerimum de Cima,101113,165.80,167.80,2.00,IG,CTHM,,0.00,,,,,,,,,,,,,,,,,,,,,,,,,,,,,,,,,,,,,,,,,,,,,,,,,,,,,
HOLE_007,Jerimum de Cima,101114,167.80,169.80,2.00,IG,CTHM,,0.00,,,,,,,,,,,,,,,,,,,,,,,,,,,,,,,,,,,,,,,,,,,,,,,,,,,,,
HOLE_007,Jerimum de Cima,101115,169.80,171.80,2.00,IG,CTHM,,0.00,,,,,,,,,,,,,,,,,,,,,,,,,,,,,,,,,,,,,,,,,,,,,,,,,,,,,
HOLE_007,Jerimum de Cima,101116,171.80,173.80,2.00,IG,CTHM,,0.09,,,,,,,,,,,,,,,,,,,,,,,,,,,,,,,,,,,,,,,,,,,,,,,,,,,,,
HOLE_007,Jerimum de Cima,101117,173.80,175.80,2.00,IG,CTHM,,0.03,,,,,,,,,,,,,,,,,,,,,,,,,,,,,,,,,,,,,,,,,,,,,,,,,,,,,
HOLE_007,Jerimum de Cima,101118,175.80,177.80,2.00,IG,CTHM,,0.00,,,,,,,,,,,,,,,,,,,,,,,,,,,,,,,,,,,,,,,,,,,,,,,,,,,,,
HOLE_007,Jerimum de Cima,101119,177.80,179.80,2.00,IG,CTHM,,0.00,,,,,,,,,,,,,,,,,,,,,,,,,,,,,,,,,,,,,,,,,,,,,,,,,,,,,
HOLE_007,Jerimum de Cima,101120,179.80,181.80,2.00,IG,CTHM,,0.00,,,,,,,,,,,,,,,,,,,,,,,,,,,,,,,,,,,,,,,,,,,,,,,,,,,,,
HOLE_007,Jerimum de Cima,101121,181.80,183.80,2.00,IG,CTHM,,0.00,,,,,,,,,,,,,,,,,,,,,,,,,,,,,,,,,,,,,,,,,,,,,,,,,,,,,
HOLE_007,Jerimum de Cima,101122,183.80,185.50,1.70,IG,CTHM,,0.00,,,,,,,,,,,,,,,,,,,,,,,,,,,,,,,,,,,,,,,,,,,,,,,,,,,,,
HOLE_007,Jerimum de Cima,101123,185.50,186.60,1.10,IG,CTHM,,0.06,,,,,,,,,,,,,,,,,,,,,,,,,,,,,,,,,,,,,,,,,,,,,,,,,,,,,
HOLE_007,Jerimum de Cima,101124,186.60,187.10,0.50,IG,CTHM,,0.17,,,,,,,,,,,,,,,,,,,,,,,,,,,,,,,,,,,,,,,,,,,,,,,,,,,,,
HOLE_007,Jerimum de Cima,101125,187.10,188.30,1.20,IG,CTHM,,0.15,,,,,,,,,,,,,,,,,,,,,,,,,,,,,,,,,,,,,,,,,,,,,,,,,,,,,
HOLE_007,Jerimum de Cima,101126,188.30,190.30,2.00,IG,CTHM,,0.00,,,,,,,,,,,,,,,,,,,,,,,,,,,,,,,,,,,,,,,,,,,,,,,,,,,,,
HOLE_007,Jerimum de Cima,101127,190.30,192.30,2.00,IG,CT,,0.00,,,,,,,,,,,,,,,,,,,,,,,,,,,,,,,,,,,,,,,,,,,,,,,,,,,,,
HOLE_007,Jerimum de Cima,101128,192.30,194.30,2.00,IG,CT,,0.00,,,,,,,,,,,,,,,,,,,,,,,,,,,,,,,,,,,,,,,,,,,,,,,,,,,,,
HOLE_007,Jerimum de Cima,101129,194.30,195.40,1.10,IG,CT,,0.00,,,,,,,,,,,,,,,,,,,,,,,,,,,,,,,,,,,,,,,,,,,,,,,,,,,,,
HOLE_007,Jerimum de Cima,101130,195.40,195.90,0.50,IG,SER,,3.07,,,,,,,,,,,,,,,,,,,,,,,,,,,,,,,,,,,,,,,,,,,,,,,,,,,,,
HOLE_007,Jerimum de Cima,101131,195.90,197.40,1.50,IG,CT,,0.06,,,,,,,,,,,,,,,,,,,,,,,,,,,,,,,,,,,,,,,,,,,,,,,,,,,,,
HOLE_007,Jerimum de Cima,101132,197.40,197.90,0.50,IG,CT,,0.79,,,,,,,,,,,,,,,,,,,,,,,,,,,,,,,,,,,,,,,,,,,,,,,,,,,,,
HOLE_007,Jerimum de Cima,101133,197.90,199.90,2.00,IG,CT,,0.00,,,,,,,,,,,,,,,,,,,,,,,,,,,,,,,,,,,,,,,,,,,,,,,,,,,,,
HOLE_007,Jerimum de Cima,101134,199.90,200.90,1.00,IG,SER,,7.67,,,,,,,,,,,,,,,,,,,,,,,,,,,,,,,,,,,,,,,,,,,,,,,,,,,,,
HOLE_007,Jerimum de Cima,101135,200.90,201.90,1.00,IG,CT,,0.03,,,,,,,,,,,,,,,,,,,,,,,,,,,,,,,,,,,,,,,,,,,,,,,,,,,,,
HOLE_007,Jerimum de Cima,101136,201.90,203.30,1.40,IG,CT,,0.01,,,,,,,,,,,,,,,,,,,,,,,,,,,,,,,,,,,,,,,,,,,,,,,,,,,,,
HOLE_007,Jerimum de Cima,101137,203.30,204.70,1.40,IG,CT,,0.00,,,,,,,,,,,,,,,,,,,,,,,,,,,,,,,,,,,,,,,,,,,,,,,,,,,,,
HOLE_007,Jerimum de Cima,101138,204.70,206.70,2.00,MD,CT,,0.00,,,,,,,,,,,,,,,,,,,,,,,,,,,,,,,,,,,,,,,,,,,,,,,,,,,,,
HOLE_007,Jerimum de Cima,101139,206.70,208.70,2.00,MD,CT,,0.00,,,,,,,,,,,,,,,,,,,,,,,,,,,,,,,,,,,,,,,,,,,,,,,,,,,,,
HOLE_007,Jerimum de Cima,101140,208.70,210.70,2.00,MD,CT,,0.00,,,,,,,,,,,,,,,,,,,,,,,,,,,,,,,,,,,,,,,,,,,,,,,,,,,,,
HOLE_007,Jerimum de Cima,101141,210.70,212.70,2.00,MD,CT,,0.00,,,,,,,,,,,,,,,,,,,,,,,,,,,,,,,,,,,,,,,,,,,,,,,,,,,,,
HOLE_007,Jerimum de Cima,101142,212.70,214.70,2.00,IG,CT,,0.01,,,,,,,,,,,,,,,,,,,,,,,,,,,,,,,,,,,,,,,,,,,,,,,,,,,,,
HOLE_007,Jerimum de Cima,101143,214.70,216.70,2.00,IG,CTHM,,0.00,,,,,,,,,,,,,,,,,,,,,,,,,,,,,,,,,,,,,,,,,,,,,,,,,,,,,
HOLE_007,Jerimum de Cima,101144,216.70,218.70,2.00,IG,CTHM,,0.00,,,,,,,,,,,,,,,,,,,,,,,,,,,,,,,,,,,,,,,,,,,,,,,,,,,,,
HOLE_007,Jerimum de Cima,101145,218.70,220.70,2.00,IG,CTHM,,0.08,,,,,,,,,,,,,,,,,,,,,,,,,,,,,,,,,,,,,,,,,,,,,,,,,,,,,
HOLE_007,Jerimum de Cima,101146,220.70,222.70,2.00,IG,CTHM,,0.29,,,,,,,,,,,,,,,,,,,,,,,,,,,,,,,,,,,,,,,,,,,,,,,,,,,,,
HOLE_007,Jerimum de Cima,101147,222.70,224.70,2.00,IG,CTHM,,0.01,,,,,,,,,,,,,,,,,,,,,,,,,,,,,,,,,,,,,,,,,,,,,,,,,,,,,
HOLE_007,Jerimum de Cima,101148,224.70,226.70,2.00,IG,CTHM,,0.00,,,,,,,,,,,,,,,,,,,,,,,,,,,,,,,,,,,,,,,,,,,,,,,,,,,,,
HOLE_007,Jerimum de Cima,101149,226.70,228.70,2.00,IG,CT,,0.03,,,,,,,,,,,,,,,,,,,,,,,,,,,,,,,,,,,,,,,,,,,,,,,,,,,,,
HOLE_007,Jerimum de Cima,101150,228.70,230.70,2.00,IG,CT,,0.00,,,,,,,,,,,,,,,,,,,,,,,,,,,,,,,,,,,,,,,,,,,,,,,,,,,,,
HOLE_007,Jerimum de Cima,101151,230.70,232.70,2.00,IG,CTHM,,0.00,,,,,,,,,,,,,,,,,,,,,,,,,,,,,,,,,,,,,,,,,,,,,,,,,,,,,
HOLE_007,Jerimum de Cima,101152,232.70,234.00,1.30,IG,CTHM,,0.61,,,,,,,,,,,,,,,,,,,,,,,,,,,,,,,,,,,,,,,,,,,,,,,,,,,,,
HOLE_007,Jerimum de Cima,101153,234.00,234.80,0.80,IG,CTHM,,0.01,,,,,,,,,,,,,,,,,,,,,,,,,,,,,,,,,,,,,,,,,,,,,,,,,,,,,
HOLE_007,Jerimum de Cima,101154,234.80,236.80,2.00,IG,CTHM,,0.00,,,,,,,,,,,,,,,,,,,,,,,,,,,,,,,,,,,,,,,,,,,,,,,,,,,,,
HOLE_007,Jerimum de Cima,101155,236.80,238.80,2.00,IG,CTHM,,0.10,,,,,,,,,,,,,,,,,,,,,,,,,,,,,,,,,,,,,,,,,,,,,,,,,,,,,
HOLE_007,Jerimum de Cima,101156,238.80,240.70,1.90,IG,CTHM,,0.01,,,,,,,,,,,,,,,,,,,,,,,,,,,,,,,,,,,,,,,,,,,,,,,,,,,,,
HOLE_007,Jerimum de Cima,101157,240.70,241.40,0.70,IG,CTHM,,0.45,,,,,,,,,,,,,,,,,,,,,,,,,,,,,,,,,,,,,,,,,,,,,,,,,,,,,
HOLE_007,Jerimum de Cima,101158,241.40,243.40,2.00,IG,CTHM,,0.00,,,,,,,,,,,,,,,,,,,,,,,,,,,,,,,,,,,,,,,,,,,,,,,,,,,,,
HOLE_007,Jerimum de Cima,101159,243.40,245.40,2.00,IG,CTHM,,0.00,,,,,,,,,,,,,,,,,,,,,,,,,,,,,,,,,,,,,,,,,,,,,,,,,,,,,
HOLE_007,Jerimum de Cima,101160,245.40,247.40,2.00,IG,CTHM,,0.00,,,,,,,,,,,,,,,,,,,,,,,,,,,,,,,,,,,,,,,,,,,,,,,,,,,,,
HOLE_007,Jerimum de Cima,101161,247.40,249.40,2.00,IG,CTHM,,0.05,,,,,,,,,,,,,,,,,,,,,,,,,,,,,,,,,,,,,,,,,,,,,,,,,,,,,
HOLE_007,Jerimum de Cima,101162,249.40,251.40,2.00,IG,CT,,0.00,,,,,,,,,,,,,,,,,,,,,,,,,,,,,,,,,,,,,,,,,,,,,,,,,,,,,
HOLE_007,Jerimum de Cima,101163,251.40,253.40,2.00,IG,CT,,0.00,,,,,,,,,,,,,,,,,,,,,,,,,,,,,,,,,,,,,,,,,,,,,,,,,,,,,
HOLE_007,Jerimum de Cima,101164,253.40,255.40,2.00,IG,CT,,0.01,,,,,,,,,,,,,,,,,,,,,,,,,,,,,,,,,,,,,,,,,,,,,,,,,,,,,
HOLE_007,Jerimum de Cima,101165,255.40,257.30,1.90,IG,CT,,0.00,,,,,,,,,,,,,,,,,,,,,,,,,,,,,,,,,,,,,,,,,,,,,,,,,,,,,
HOLE_007,Jerimum de Cima,101166,257.30,257.90,0.60,IG,CTHM,,0.00,,,,,,,,,,,,,,,,,,,,,,,,,,,,,,,,,,,,,,,,,,,,,,,,,,,,,
HOLE_007,Jerimum de Cima,101167,257.90,259.10,1.20,MD,CT,,0.07,,,,,,,,,,,,,,,,,,,,,,,,,,,,,,,,,,,,,,,,,,,,,,,,,,,,,
HOLE_007,Jerimum de Cima,101168,259.10,260.00,0.90,IG,CTHM,,0.01,,,,,,,,,,,,,,,,,,,,,,,,,,,,,,,,,,,,,,,,,,,,,,,,,,,,,
HOLE_007,Jerimum de Cima,101169,260.00,261.10,1.10,IG,CTHM,,0.03,,,,,,,,,,,,,,,,,,,,,,,,,,,,,,,,,,,,,,,,,,,,,,,,,,,,,
HOLE_007,Jerimum de Cima,101170,261.10,263.00,1.90,IG,CTHM,,1.32,,,,,,,,,,,,,,,,,,,,,,,,,,,,,,,,,,,,,,,,,,,,,,,,,,,,,
HOLE_007,Jerimum de Cima,101171,263.00,264.70,1.70,IG,SER,,0.51,,,,,,,,,,,,,,,,,,,,,,,,,,,,,,,,,,,,,,,,,,,,,,,,,,,,,
HOLE_007,Jerimum de Cima,101172,264.70,265.30,0.60,IG,CTHM,,0.03,,,,,,,,,,,,,,,,,,,,,,,,,,,,,,,,,,,,,,,,,,,,,,,,,,,,,
HOLE_007,Jerimum de Cima,101173,265.30,266.20,0.90,IG,SER,,0.24,,,,,,,,,,,,,,,,,,,,,,,,,,,,,,,,,,,,,,,,,,,,,,,,,,,,,
HOLE_007,Jerimum de Cima,101174,266.20,268.20,2.00,IG,CT,,0.00,,,,,,,,,,,,,,,,,,,,,,,,,,,,,,,,,,,,,,,,,,,,,,,,,,,,,
HOLE_007,Jerimum de Cima,101175,268.20,270.20,2.00,IG,CT,,0.00,,,,,,,,,,,,,,,,,,,,,,,,,,,,,,,,,,,,,,,,,,,,,,,,,,,,,
HOLE_007,Jerimum de Cima,101176,270.20,272.20,2.00,IG,CT,,0.00,,,,,,,,,,,,,,,,,,,,,,,,,,,,,,,,,,,,,,,,,,,,,,,,,,,,,
HOLE_007,Jerimum de Cima,101177,272.20,274.30,2.10,IG,CT,,0.00,,,,,,,,,,,,,,,,,,,,,,,,,,,,,,,,,,,,,,,,,,,,,,,,,,,,,
HOLE_008,Jerimum de Cima,101178,12.20,13.70,1.50,SAP,,,0.02,,,,,,,,,,,,,,,,,,,,,,,,,,,,,,,,,,,,,,,,,,,,,,,,,,,,,
HOLE_008,Jerimum de Cima,101179,13.70,15.20,1.50,SAP,,,0.01,,,,,,,,,,,,,,,,,,,,,,,,,,,,,,,,,,,,,,,,,,,,,,,,,,,,,
HOLE_008,Jerimum de Cima,101180,15.20,16.70,1.50,SAP,,,0.00,,,,,,,,,,,,,,,,,,,,,,,,,,,,,,,,,,,,,,,,,,,,,,,,,,,,,
HOLE_008,Jerimum de Cima,101181,16.70,18.30,1.60,SAP,,,0.01,,,,,,,,,,,,,,,,,,,,,,,,,,,,,,,,,,,,,,,,,,,,,,,,,,,,,
HOLE_008,Jerimum de Cima,101182,18.30,20.30,2.00,SAP,,,0.02,,,,,,,,,,,,,,,,,,,,,,,,,,,,,,,,,,,,,,,,,,,,,,,,,,,,,
HOLE_008,Jerimum de Cima,101183,20.30,21.60,1.30,SAP,,,0.03,,,,,,,,,,,,,,,,,,,,,,,,,,,,,,,,,,,,,,,,,,,,,,,,,,,,,
HOLE_008,Jerimum de Cima,101184,21.60,24.00,2.40,SAP,,,0.00,,,,,,,,,,,,,,,,,,,,,,,,,,,,,,,,,,,,,,,,,,,,,,,,,,,,,
HOLE_008,Jerimum de Cima,101185,24.00,26.00,2.00,SAP,,,0.00,,,,,,,,,,,,,,,,,,,,,,,,,,,,,,,,,,,,,,,,,,,,,,,,,,,,,
HOLE_008,Jerimum de Cima,101186,26.00,29.00,3.00,SAP,,,0.04,,,,,,,,,,,,,,,,,,,,,,,,,,,,,,,,,,,,,,,,,,,,,,,,,,,,,
HOLE_008,Jerimum de Cima,101187,29.00,32.00,3.00,SAP,,,0.06,,,,,,,,,,,,,,,,,,,,,,,,,,,,,,,,,,,,,,,,,,,,,,,,,,,,,
HOLE_008,Jerimum de Cima,101188,32.00,33.50,1.50,SAP,,,0.04,,,,,,,,,,,,,,,,,,,,,,,,,,,,,,,,,,,,,,,,,,,,,,,,,,,,,
HOLE_008,Jerimum de Cima,101189,33.50,36.50,3.00,SAP,,,0.01,,,,,,,,,,,,,,,,,,,,,,,,,,,,,,,,,,,,,,,,,,,,,,,,,,,,,
HOLE_008,Jerimum de Cima,101190,36.50,38.10,1.60,SAP,,,0.00,,,,,,,,,,,,,,,,,,,,,,,,,,,,,,,,,,,,,,,,,,,,,,,,,,,,,
HOLE_008,Jerimum de Cima,101191,38.10,39.80,1.70,SAP,,,0.00,,,,,,,,,,,,,,,,,,,,,,,,,,,,,,,,,,,,,,,,,,,,,,,,,,,,,
HOLE_008,Jerimum de Cima,101192,39.80,41.10,1.30,SAP,,,0.10,,,,,,,,,,,,,,,,,,,,,,,,,,,,,,,,,,,,,,,,,,,,,,,,,,,,,
HOLE_008,Jerimum de Cima,101193,41.10,42.70,1.60,SAP,,,0.00,,,,,,,,,,,,,,,,,,,,,,,,,,,,,,,,,,,,,,,,,,,,,,,,,,,,,
HOLE_008,Jerimum de Cima,101194,42.70,44.20,1.50,IG,,,0.00,,,,,,,,,,,,,,,,,,,,,,,,,,,,,,,,,,,,,,,,,,,,,,,,,,,,,
HOLE_008,Jerimum de Cima,101195,44.20,46.20,2.00,IG,CTHM,,0.00,,,,,,,,,,,,,,,,,,,,,,,,,,,,,,,,,,,,,,,,,,,,,,,,,,,,,
HOLE_008,Jerimum de Cima,101196,46.20,48.20,2.00,IG,CT,,0.00,,,,,,,,,,,,,,,,,,,,,,,,,,,,,,,,,,,,,,,,,,,,,,,,,,,,,
HOLE_008,Jerimum de Cima,101197,48.20,50.20,2.00,IG,CT,,0.00,,,,,,,,,,,,,,,,,,,,,,,,,,,,,,,,,,,,,,,,,,,,,,,,,,,,,
HOLE_008,Jerimum de Cima,101198,50.20,52.20,2.00,IG,CT,,0.00,,,,,,,,,,,,,,,,,,,,,,,,,,,,,,,,,,,,,,,,,,,,,,,,,,,,,
HOLE_008,Jerimum de Cima,101199,52.20,54.20,2.00,IG,CT,,0.01,,,,,,,,,,,,,,,,,,,,,,,,,,,,,,,,,,,,,,,,,,,,,,,,,,,,,
HOLE_008,Jerimum de Cima,101200,54.20,56.20,2.00,IG,CT,,0.00,,,,,,,,,,,,,,,,,,,,,,,,,,,,,,,,,,,,,,,,,,,,,,,,,,,,,
HOLE_008,Jerimum de Cima,101201,56.20,58.20,2.00,IG,CT,,0.00,,,,,,,,,,,,,,,,,,,,,,,,,,,,,,,,,,,,,,,,,,,,,,,,,,,,,
HOLE_008,Jerimum de Cima,101202,58.20,60.20,2.00,IG,CTHM,,0.00,,,,,,,,,,,,,,,,,,,,,,,,,,,,,,,,,,,,,,,,,,,,,,,,,,,,,
HOLE_008,Jerimum de Cima,101203,60.20,62.20,2.00,IG,CTHM,,0.00,,,,,,,,,,,,,,,,,,,,,,,,,,,,,,,,,,,,,,,,,,,,,,,,,,,,,
HOLE_008,Jerimum de Cima,101204,62.20,64.20,2.00,IG,CTHM,,0.00,,,,,,,,,,,,,,,,,,,,,,,,,,,,,,,,,,,,,,,,,,,,,,,,,,,,,
HOLE_008,Jerimum de Cima,101205,64.20,66.20,2.00,IG,CTHM,,0.00,,,,,,,,,,,,,,,,,,,,,,,,,,,,,,,,,,,,,,,,,,,,,,,,,,,,,
HOLE_008,Jerimum de Cima,101206,66.20,67.00,0.80,IG,CTHM,,0.00,,,,,,,,,,,,,,,,,,,,,,,,,,,,,,,,,,,,,,,,,,,,,,,,,,,,,
HOLE_008,Jerimum de Cima,101207,67.00,69.00,2.00,IG,CTHM,,0.00,,,,,,,,,,,,,,,,,,,,,,,,,,,,,,,,,,,,,,,,,,,,,,,,,,,,,
HOLE_008,Jerimum de Cima,101208,69.00,71.00,2.00,IG,CT,,0.00,,,,,,,,,,,,,,,,,,,,,,,,,,,,,,,,,,,,,,,,,,,,,,,,,,,,,
HOLE_008,Jerimum de Cima,101209,71.00,73.00,2.00,IG,CT,,0.00,,,,,,,,,,,,,,,,,,,,,,,,,,,,,,,,,,,,,,,,,,,,,,,,,,,,,
HOLE_008,Jerimum de Cima,101210,73.00,75.60,2.60,IG,CT,,0.00,,,,,,,,,,,,,,,,,,,,,,,,,,,,,,,,,,,,,,,,,,,,,,,,,,,,,
HOLE_008,Jerimum de Cima,101211,75.60,76.90,1.30,IG,CTHM,,0.00,,,,,,,,,,,,,,,,,,,,,,,,,,,,,,,,,,,,,,,,,,,,,,,,,,,,,
HOLE_008,Jerimum de Cima,101212,76.90,78.90,2.00,IG,CT,,0.26,,,,,,,,,,,,,,,,,,,,,,,,,,,,,,,,,,,,,,,,,,,,,,,,,,,,,
HOLE_008,Jerimum de Cima,101213,78.90,81.40,2.50,IG,CT,,0.01,,,,,,,,,,,,,,,,,,,,,,,,,,,,,,,,,,,,,,,,,,,,,,,,,,,,,
HOLE_008,Jerimum de Cima,101214,81.40,82.00,0.60,IG,CTHM,,0.00,,,,,,,,,,,,,,,,,,,,,,,,,,,,,,,,,,,,,,,,,,,,,,,,,,,,,
HOLE_008,Jerimum de Cima,101215,82.00,83.80,1.80,IG,CT,,0.00,,,,,,,,,,,,,,,,,,,,,,,,,,,,,,,,,,,,,,,,,,,,,,,,,,,,,
HOLE_008,Jerimum de Cima,101216,83.80,84.30,0.50,IG,CTHM,,0.00,,,,,,,,,,,,,,,,,,,,,,,,,,,,,,,,,,,,,,,,,,,,,,,,,,,,,
HOLE_008,Jerimum de Cima,101217,84.30,86.30,2.00,IG,CT,,0.00,,,,,,,,,,,,,,,,,,,,,,,,,,,,,,,,,,,,,,,,,,,,,,,,,,,,,
HOLE_008,Jerimum de Cima,101218,86.30,88.30,2.00,IG,CT,,0.01,,,,,,,,,,,,,,,,,,,,,,,,,,,,,,,,,,,,,,,,,,,,,,,,,,,,,
HOLE_008,Jerimum de Cima,101219,88.30,90.30,2.00,IG,CT,,0.00,,,,,,,,,,,,,,,,,,,,,,,,,,,,,,,,,,,,,,,,,,,,,,,,,,,,,
HOLE_008,Jerimum de Cima,101220,90.30,92.30,2.00,IG,CT,,0.00,,,,,,,,,,,,,,,,,,,,,,,,,,,,,,,,,,,,,,,,,,,,,,,,,,,,,
HOLE_008,Jerimum de Cima,101221,92.30,94.30,2.00,IG,CT,,0.00,,,,,,,,,,,,,,,,,,,,,,,,,,,,,,,,,,,,,,,,,,,,,,,,,,,,,
HOLE_008,Jerimum de Cima,101222,94.30,96.30,2.00,IG,CT,,0.00,,,,,,,,,,,,,,,,,,,,,,,,,,,,,,,,,,,,,,,,,,,,,,,,,,,,,
HOLE_008,Jerimum de Cima,101223,96.30,97.80,1.50,IG,CT,,0.01,,,,,,,,,,,,,,,,,,,,,,,,,,,,,,,,,,,,,,,,,,,,,,,,,,,,,
HOLE_008,Jerimum de Cima,101224,97.80,98.70,0.90,IG,CT,,0.02,,,,,,,,,,,,,,,,,,,,,,,,,,,,,,,,,,,,,,,,,,,,,,,,,,,,,
HOLE_008,Jerimum de Cima,101225,98.70,100.40,1.70,IG,CT,,0.02,,,,,,,,,,,,,,,,,,,,,,,,,,,,,,,,,,,,,,,,,,,,,,,,,,,,,
HOLE_008,Jerimum de Cima,101226,100.40,102.00,1.60,IG,CT,,0.00,,,,,,,,,,,,,,,,,,,,,,,,,,,,,,,,,,,,,,,,,,,,,,,,,,,,,
HOLE_008,Jerimum de Cima,101227,102.00,103.00,1.00,IG,CT,,0.05,,,,,,,,,,,,,,,,,,,,,,,,,,,,,,,,,,,,,,,,,,,,,,,,,,,,,
HOLE_008,Jerimum de Cima,101228,103.00,104.10,1.10,IG,CT,,1.28,,,,,,,,,,,,,,,,,,,,,,,,,,,,,,,,,,,,,,,,,,,,,,,,,,,,,
HOLE_008,Jerimum de Cima,101229,104.10,105.10,1.00,IG,CTHM,,0.57,,,,,,,,,,,,,,,,,,,,,,,,,,,,,,,,,,,,,,,,,,,,,,,,,,,,,
HOLE_008,Jerimum de Cima,101230,105.10,106.90,1.80,IG,CT,,0.01,,,,,,,,,,,,,,,,,,,,,,,,,,,,,,,,,,,,,,,,,,,,,,,,,,,,,
HOLE_008,Jerimum de Cima,101231,106.90,108.40,1.50,IG,CT,,0.00,,,,,,,,,,,,,,,,,,,,,,,,,,,,,,,,,,,,,,,,,,,,,,,,,,,,,
HOLE_008,Jerimum de Cima,101232,108.40,109.40,1.00,IG,CT,,1.60,,,,,,,,,,,,,,,,,,,,,,,,,,,,,,,,,,,,,,,,,,,,,,,,,,,,,
HOLE_008,Jerimum de Cima,101233,109.40,110.50,1.10,IG,SER,,4.89,,,,,,,,,,,,,,,,,,,,,,,,,,,,,,,,,,,,,,,,,,,,,,,,,,,,,
HOLE_008,Jerimum de Cima,101234,110.50,111.70,1.20,IG,SER,,0.38,,,,,,,,,,,,,,,,,,,,,,,,,,,,,,,,,,,,,,,,,,,,,,,,,,,,,
HOLE_008,Jerimum de Cima,101235,111.70,112.60,0.90,IG,SER,,0.29,,,,,,,,,,,,,,,,,,,,,,,,,,,,,,,,,,,,,,,,,,,,,,,,,,,,,
HOLE_008,Jerimum de Cima,101236,112.60,114.00,1.40,IG,CTHM,,0.01,,,,,,,,,,,,,,,,,,,,,,,,,,,,,,,,,,,,,,,,,,,,,,,,,,,,,
HOLE_008,Jerimum de Cima,101237,114.00,114.80,0.80,IG,SER,,0.80,,,,,,,,,,,,,,,,,,,,,,,,,,,,,,,,,,,,,,,,,,,,,,,,,,,,,
HOLE_008,Jerimum de Cima,101238,114.80,115.30,0.50,IG,CTHM,,0.00,,,,,,,,,,,,,,,,,,,,,,,,,,,,,,,,,,,,,,,,,,,,,,,,,,,,,
HOLE_008,Jerimum de Cima,101239,115.30,115.80,0.50,IG,CTHM,,0.13,,,,,,,,,,,,,,,,,,,,,,,,,,,,,,,,,,,,,,,,,,,,,,,,,,,,,
HOLE_008,Jerimum de Cima,101240,115.80,116.50,0.70,IG,CTHM,,0.10,,,,,,,,,,,,,,,,,,,,,,,,,,,,,,,,,,,,,,,,,,,,,,,,,,,,,
HOLE_008,Jerimum de Cima,101241,116.50,117.60,1.10,IG,CTHM,,0.67,,,,,,,,,,,,,,,,,,,,,,,,,,,,,,,,,,,,,,,,,,,,,,,,,,,,,
HOLE_008,Jerimum de Cima,101242,117.60,119.20,1.60,IG,SER,,0.13,,,,,,,,,,,,,,,,,,,,,,,,,,,,,,,,,,,,,,,,,,,,,,,,,,,,,
HOLE_008,Jerimum de Cima,101243,119.20,121.80,2.60,IG,CTHM,,0.04,,,,,,,,,,,,,,,,,,,,,,,,,,,,,,,,,,,,,,,,,,,,,,,,,,,,,
HOLE_008,Jerimum de Cima,101244,121.80,122.50,0.70,IG,CTHM,,0.35,,,,,,,,,,,,,,,,,,,,,,,,,,,,,,,,,,,,,,,,,,,,,,,,,,,,,
HOLE_008,Jerimum de Cima,101245,122.50,123.20,0.70,IG,CTHM,,1.78,,,,,,,,,,,,,,,,,,,,,,,,,,,,,,,,,,,,,,,,,,,,,,,,,,,,,
HOLE_008,Jerimum de Cima,101246,123.20,124.80,1.60,IG,CTHM,,0.02,,,,,,,,,,,,,,,,,,,,,,,,,,,,,,,,,,,,,,,,,,,,,,,,,,,,,
HOLE_008,Jerimum de Cima,101247,124.80,125.90,1.10,IG,CTHM,,0.48,,,,,,,,,,,,,,,,,,,,,,,,,,,,,,,,,,,,,,,,,,,,,,,,,,,,,
HOLE_008,Jerimum de Cima,101248,125.90,127.10,1.20,IG,CTHM,,0.28,,,,,,,,,,,,,,,,,,,,,,,,,,,,,,,,,,,,,,,,,,,,,,,,,,,,,
HOLE_008,Jerimum de Cima,101249,127.10,128.20,1.10,IG,CTHM,,0.01,,,,,,,,,,,,,,,,,,,,,,,,,,,,,,,,,,,,,,,,,,,,,,,,,,,,,
HOLE_008,Jerimum de Cima,101250,128.20,130.30,2.10,IG,CTHM,,0.08,,,,,,,,,,,,,,,,,,,,,,,,,,,,,,,,,,,,,,,,,,,,,,,,,,,,,
HOLE_008,Jerimum de Cima,101251,130.30,131.20,0.90,IG,CTHM,,0.02,,,,,,,,,,,,,,,,,,,,,,,,,,,,,,,,,,,,,,,,,,,,,,,,,,,,,
HOLE_008,Jerimum de Cima,101252,131.20,133.60,2.40,IG,CTHM,,0.00,,,,,,,,,,,,,,,,,,,,,,,,,,,,,,,,,,,,,,,,,,,,,,,,,,,,,
HOLE_008,Jerimum de Cima,101253,133.60,135.00,1.40,IG,CTHM,,0.00,,,,,,,,,,,,,,,,,,,,,,,,,,,,,,,,,,,,,,,,,,,,,,,,,,,,,
HOLE_008,Jerimum de Cima,101254,135.00,136.50,1.50,IG,CTHM,,0.19,,,,,,,,,,,,,,,,,,,,,,,,,,,,,,,,,,,,,,,,,,,,,,,,,,,,,
HOLE_008,Jerimum de Cima,101255,136.50,137.80,1.30,IG,CTHM,,0.00,,,,,,,,,,,,,,,,,,,,,,,,,,,,,,,,,,,,,,,,,,,,,,,,,,,,,
HOLE_008,Jerimum de Cima,101256,137.80,139.40,1.60,IG,CTHM,,0.01,,,,,,,,,,,,,,,,,,,,,,,,,,,,,,,,,,,,,,,,,,,,,,,,,,,,,
HOLE_008,Jerimum de Cima,101257,139.40,141.00,1.60,IG,CTHM,,0.00,,,,,,,,,,,,,,,,,,,,,,,,,,,,,,,,,,,,,,,,,,,,,,,,,,,,,
HOLE_008,Jerimum de Cima,101258,141.00,142.50,1.50,IG,CTHM,,0.00,,,,,,,,,,,,,,,,,,,,,,,,,,,,,,,,,,,,,,,,,,,,,,,,,,,,,
HOLE_008,Jerimum de Cima,101259,142.50,143.30,0.80,IG,CT,,0.17,,,,,,,,,,,,,,,,,,,,,,,,,,,,,,,,,,,,,,,,,,,,,,,,,,,,,
HOLE_008,Jerimum de Cima,101260,143.30,144.50,1.20,IG,CT,,0.00,,,,,,,,,,,,,,,,,,,,,,,,,,,,,,,,,,,,,,,,,,,,,,,,,,,,,
HOLE_008,Jerimum de Cima,101261,144.50,146.40,1.90,IG,CT,,0.14,,,,,,,,,,,,,,,,,,,,,,,,,,,,,,,,,,,,,,,,,,,,,,,,,,,,,
HOLE_008,Jerimum de Cima,101262,146.40,148.30,1.90,IG,CT,,0.00,,,,,,,,,,,,,,,,,,,,,,,,,,,,,,,,,,,,,,,,,,,,,,,,,,,,,
HOLE_008,Jerimum de Cima,101263,148.30,150.30,2.00,IG,CT,,0.01,,,,,,,,,,,,,,,,,,,,,,,,,,,,,,,,,,,,,,,,,,,,,,,,,,,,,
HOLE_008,Jerimum de Cima,101264,150.30,151.30,1.00,IG,CT,,0.04,,,,,,,,,,,,,,,,,,,,,,,,,,,,,,,,,,,,,,,,,,,,,,,,,,,,,
HOLE_008,Jerimum de Cima,101265,151.30,152.30,1.00,IG,CT,,0.06,,,,,,,,,,,,,,,,,,,,,,,,,,,,,,,,,,,,,,,,,,,,,,,,,,,,,
HOLE_008,Jerimum de Cima,101266,152.30,154.30,2.00,IG,CT,,0.00,,,,,,,,,,,,,,,,,,,,,,,,,,,,,,,,,,,,,,,,,,,,,,,,,,,,,
HOLE_008,Jerimum de Cima,101267,154.30,156.30,2.00,IG,CT,,0.03,,,,,,,,,,,,,,,,,,,,,,,,,,,,,,,,,,,,,,,,,,,,,,,,,,,,,
HOLE_008,Jerimum de Cima,101268,156.30,158.30,2.00,IG,CT,,0.00,,,,,,,,,,,,,,,,,,,,,,,,,,,,,,,,,,,,,,,,,,,,,,,,,,,,,
HOLE_008,Jerimum de Cima,101269,158.30,160.30,2.00,IG,CT,,0.00,,,,,,,,,,,,,,,,,,,,,,,,,,,,,,,,,,,,,,,,,,,,,,,,,,,,,
HOLE_008,Jerimum de Cima,101270,160.30,161.50,1.20,IG,CT,,0.00,,,,,,,,,,,,,,,,,,,,,,,,,,,,,,,,,,,,,,,,,,,,,,,,,,,,,
HOLE_009,Jerimum de Cima,101271,12.20,13.70,1.50,SAP,,,0.01,,,,,,,,,,,,,,,,,,,,,,,,,,,,,,,,,,,,,,,,,,,,,,,,,,,,,
HOLE_009,Jerimum de Cima,101272,13.70,15.20,1.50,SAP,,,0.13,,,,,,,,,,,,,,,,,,,,,,,,,,,,,,,,,,,,,,,,,,,,,,,,,,,,,
HOLE_009,Jerimum de Cima,101273,15.20,16.80,1.60,SAP,,,0.00,,,,,,,,,,,,,,,,,,,,,,,,,,,,,,,,,,,,,,,,,,,,,,,,,,,,,
HOLE_009,Jerimum de Cima,101274,16.80,18.30,1.50,SAP,,,0.00,,,,,,,,,,,,,,,,,,,,,,,,,,,,,,,,,,,,,,,,,,,,,,,,,,,,,
HOLE_009,Jerimum de Cima,101275,18.30,19.80,1.50,SAP,,,0.00,,,,,,,,,,,,,,,,,,,,,,,,,,,,,,,,,,,,,,,,,,,,,,,,,,,,,
HOLE_009,Jerimum de Cima,101276,19.80,21.30,1.50,SAP,,,0.00,,,,,,,,,,,,,,,,,,,,,,,,,,,,,,,,,,,,,,,,,,,,,,,,,,,,,
HOLE_009,Jerimum de Cima,101277,21.30,22.80,1.50,SAP,,,0.00,,,,,,,,,,,,,,,,,,,,,,,,,,,,,,,,,,,,,,,,,,,,,,,,,,,,,
HOLE_009,Jerimum de Cima,101278,22.80,24.40,1.60,SAP,,,0.03,,,,,,,,,,,,,,,,,,,,,,,,,,,,,,,,,,,,,,,,,,,,,,,,,,,,,
HOLE_009,Jerimum de Cima,101279,24.40,25.90,1.50,SAP,,,0.10,,,,,,,,,,,,,,,,,,,,,,,,,,,,,,,,,,,,,,,,,,,,,,,,,,,,,
HOLE_009,Jerimum de Cima,101280,25.90,27.40,1.50,SAP,,,0.00,,,,,,,,,,,,,,,,,,,,,,,,,,,,,,,,,,,,,,,,,,,,,,,,,,,,,
HOLE_009,Jerimum de Cima,101281,27.40,28.90,1.50,SAP,,,0.00,,,,,,,,,,,,,,,,,,,,,,,,,,,,,,,,,,,,,,,,,,,,,,,,,,,,,
HOLE_009,Jerimum de Cima,101282,28.90,30.50,1.60,SAP,,,0.00,,,,,,,,,,,,,,,,,,,,,,,,,,,,,,,,,,,,,,,,,,,,,,,,,,,,,
HOLE_009,Jerimum de Cima,101283,30.50,32.00,1.50,SAP,,,0.00,,,,,,,,,,,,,,,,,,,,,,,,,,,,,,,,,,,,,,,,,,,,,,,,,,,,,
HOLE_009,Jerimum de Cima,101284,32.00,33.50,1.50,IG,,,0.00,,,,,,,,,,,,,,,,,,,,,,,,,,,,,,,,,,,,,,,,,,,,,,,,,,,,,
HOLE_009,Jerimum de Cima,101285,33.50,35.00,1.50,IG,,,0.00,,,,,,,,,,,,,,,,,,,,,,,,,,,,,,,,,,,,,,,,,,,,,,,,,,,,,
HOLE_009,Jerimum de Cima,101286,35.00,36.60,1.60,IG,,,0.00,,,,,,,,,,,,,,,,,,,,,,,,,,,,,,,,,,,,,,,,,,,,,,,,,,,,,
HOLE_009,Jerimum de Cima,101287,36.60,38.10,1.50,IG,,,0.00,,,,,,,,,,,,,,,,,,,,,,,,,,,,,,,,,,,,,,,,,,,,,,,,,,,,,
HOLE_009,Jerimum de Cima,101288,38.10,39.60,1.50,IG,,,0.01,,,,,,,,,,,,,,,,,,,,,,,,,,,,,,,,,,,,,,,,,,,,,,,,,,,,,
HOLE_009,Jerimum de Cima,101289,39.60,41.60,2.00,IG,,,0.00,,,,,,,,,,,,,,,,,,,,,,,,,,,,,,,,,,,,,,,,,,,,,,,,,,,,,
HOLE_009,Jerimum de Cima,101290,41.60,43.60,2.00,IG,CTHM,,0.00,,,,,,,,,,,,,,,,,,,,,,,,,,,,,,,,,,,,,,,,,,,,,,,,,,,,,
HOLE_009,Jerimum de Cima,101291,43.60,45.20,1.60,IG,CTHM,,0.00,,,,,,,,,,,,,,,,,,,,,,,,,,,,,,,,,,,,,,,,,,,,,,,,,,,,,
HOLE_009,Jerimum de Cima,101292,45.20,47.20,2.00,MN,CTHM,,0.00,,,,,,,,,,,,,,,,,,,,,,,,,,,,,,,,,,,,,,,,,,,,,,,,,,,,,
HOLE_009,Jerimum de Cima,101293,47.20,49.20,2.00,MN,CTHM,,0.01,,,,,,,,,,,,,,,,,,,,,,,,,,,,,,,,,,,,,,,,,,,,,,,,,,,,,
HOLE_009,Jerimum de Cima,101294,49.20,51.20,2.00,MN,CTHM,,0.00,,,,,,,,,,,,,,,,,,,,,,,,,,,,,,,,,,,,,,,,,,,,,,,,,,,,,
HOLE_009,Jerimum de Cima,101295,51.20,53.20,2.00,MN,CTHM,,0.00,,,,,,,,,,,,,,,,,,,,,,,,,,,,,,,,,,,,,,,,,,,,,,,,,,,,,
HOLE_009,Jerimum de Cima,101296,53.20,54.60,1.40,MN,CTHM,,0.02,,,,,,,,,,,,,,,,,,,,,,,,,,,,,,,,,,,,,,,,,,,,,,,,,,,,,
HOLE_009,Jerimum de Cima,101297,54.60,57.20,2.60,MN,SER,,0.01,,,,,,,,,,,,,,,,,,,,,,,,,,,,,,,,,,,,,,,,,,,,,,,,,,,,,
HOLE_009,Jerimum de Cima,101298,57.20,58.00,0.80,MN,CTHM,,0.00,,,,,,,,,,,,,,,,,,,,,,,,,,,,,,,,,,,,,,,,,,,,,,,,,,,,,
HOLE_009,Jerimum de Cima,101299,58.00,58.90,0.90,MN,CTHM,,0.00,,,,,,,,,,,,,,,,,,,,,,,,,,,,,,,,,,,,,,,,,,,,,,,,,,,,,
HOLE_009,Jerimum de Cima,101300,58.90,60.90,2.00,IG,CTHM,,0.00,,,,,,,,,,,,,,,,,,,,,,,,,,,,,,,,,,,,,,,,,,,,,,,,,,,,,
HOLE_009,Jerimum de Cima,101301,60.90,62.90,2.00,IG,CTHM,,0.03,,,,,,,,,,,,,,,,,,,,,,,,,,,,,,,,,,,,,,,,,,,,,,,,,,,,,
HOLE_009,Jerimum de Cima,101302,62.90,64.60,1.70,IG,CTHM,,0.03,,,,,,,,,,,,,,,,,,,,,,,,,,,,,,,,,,,,,,,,,,,,,,,,,,,,,
HOLE_009,Jerimum de Cima,101303,64.60,66.60,2.00,IG,CTHM,,0.02,,,,,,,,,,,,,,,,,,,,,,,,,,,,,,,,,,,,,,,,,,,,,,,,,,,,,
HOLE_009,Jerimum de Cima,101304,66.60,68.60,2.00,IG,CTHM,,0.01,,,,,,,,,,,,,,,,,,,,,,,,,,,,,,,,,,,,,,,,,,,,,,,,,,,,,
HOLE_009,Jerimum de Cima,101305,68.60,69.60,1.00,IG,CTHM,,0.00,,,,,,,,,,,,,,,,,,,,,,,,,,,,,,,,,,,,,,,,,,,,,,,,,,,,,
HOLE_009,Jerimum de Cima,101306,69.60,70.60,1.00,IG,CTHM,,0.01,,,,,,,,,,,,,,,,,,,,,,,,,,,,,,,,,,,,,,,,,,,,,,,,,,,,,
HOLE_009,Jerimum de Cima,101307,70.60,72.60,2.00,MN,CTHM,,0.01,,,,,,,,,,,,,,,,,,,,,,,,,,,,,,,,,,,,,,,,,,,,,,,,,,,,,
HOLE_009,Jerimum de Cima,101308,72.60,74.60,2.00,MN,CTHM,,0.07,,,,,,,,,,,,,,,,,,,,,,,,,,,,,,,,,,,,,,,,,,,,,,,,,,,,,
HOLE_009,Jerimum de Cima,101309,74.60,76.60,2.00,MN,CTHM,,0.05,,,,,,,,,,,,,,,,,,,,,,,,,,,,,,,,,,,,,,,,,,,,,,,,,,,,,
HOLE_009,Jerimum de Cima,101310,76.60,77.70,1.10,MN,CTHM,,0.00,,,,,,,,,,,,,,,,,,,,,,,,,,,,,,,,,,,,,,,,,,,,,,,,,,,,,
HOLE_009,Jerimum de Cima,101311,77.70,79.80,2.10,IG,CTHM,,0.00,,,,,,,,,,,,,,,,,,,,,,,,,,,,,,,,,,,,,,,,,,,,,,,,,,,,,
HOLE_009,Jerimum de Cima,101312,79.80,81.80,2.00,IG,CTHM,,0.00,,,,,,,,,,,,,,,,,,,,,,,,,,,,,,,,,,,,,,,,,,,,,,,,,,,,,
HOLE_009,Jerimum de Cima,101313,81.80,82.90,1.10,IG,CT,,0.00,,,,,,,,,,,,,,,,,,,,,,,,,,,,,,,,,,,,,,,,,,,,,,,,,,,,,
HOLE_009,Jerimum de Cima,101314,82.90,84.90,2.00,IG,CTHM,,0.00,,,,,,,,,,,,,,,,,,,,,,,,,,,,,,,,,,,,,,,,,,,,,,,,,,,,,
HOLE_009,Jerimum de Cima,101315,84.90,86.90,2.00,IG,CTHM,,0.00,,,,,,,,,,,,,,,,,,,,,,,,,,,,,,,,,,,,,,,,,,,,,,,,,,,,,
HOLE_009,Jerimum de Cima,101316,86.90,88.90,2.00,IG,CTHM,,0.05,,,,,,,,,,,,,,,,,,,,,,,,,,,,,,,,,,,,,,,,,,,,,,,,,,,,,
HOLE_009,Jerimum de Cima,101317,88.90,90.90,2.00,IG,CTHM,,0.00,,,,,,,,,,,,,,,,,,,,,,,,,,,,,,,,,,,,,,,,,,,,,,,,,,,,,
HOLE_009,Jerimum de Cima,101318,90.90,92.90,2.00,IG,CTHM,,0.01,,,,,,,,,,,,,,,,,,,,,,,,,,,,,,,,,,,,,,,,,,,,,,,,,,,,,
HOLE_009,Jerimum de Cima,101319,92.90,94.90,2.00,IG,CTHM,,0.01,,,,,,,,,,,,,,,,,,,,,,,,,,,,,,,,,,,,,,,,,,,,,,,,,,,,,
HOLE_009,Jerimum de Cima,101320,94.90,96.90,2.00,IG,CTHM,,0.18,,,,,,,,,,,,,,,,,,,,,,,,,,,,,,,,,,,,,,,,,,,,,,,,,,,,,
HOLE_009,Jerimum de Cima,101321,96.90,98.80,1.90,IG,CTHM,,0.05,,,,,,,,,,,,,,,,,,,,,,,,,,,,,,,,,,,,,,,,,,,,,,,,,,,,,
HOLE_009,Jerimum de Cima,101322,98.80,99.80,1.00,IG,SER,,0.03,,,,,,,,,,,,,,,,,,,,,,,,,,,,,,,,,,,,,,,,,,,,,,,,,,,,,
HOLE_009,Jerimum de Cima,101323,99.80,100.80,1.00,IG,SER,,0.09,,,,,,,,,,,,,,,,,,,,,,,,,,,,,,,,,,,,,,,,,,,,,,,,,,,,,
HOLE_009,Jerimum de Cima,101324,100.80,102.80,2.00,IG,CTHM,,0.03,,,,,,,,,,,,,,,,,,,,,,,,,,,,,,,,,,,,,,,,,,,,,,,,,,,,,
HOLE_009,Jerimum de Cima,101325,102.80,105.30,2.50,IG,CTHM,,0.00,,,,,,,,,,,,,,,,,,,,,,,,,,,,,,,,,,,,,,,,,,,,,,,,,,,,,
HOLE_009,Jerimum de Cima,101326,105.30,106.40,1.10,IG,CTHM,,0.00,,,,,,,,,,,,,,,,,,,,,,,,,,,,,,,,,,,,,,,,,,,,,,,,,,,,,
HOLE_009,Jerimum de Cima,101327,106.40,108.40,2.00,IG,CTHM,,0.00,,,,,,,,,,,,,,,,,,,,,,,,,,,,,,,,,,,,,,,,,,,,,,,,,,,,,
HOLE_009,Jerimum de Cima,101328,108.40,109.40,1.00,IG,CTHM,,0.01,,,,,,,,,,,,,,,,,,,,,,,,,,,,,,,,,,,,,,,,,,,,,,,,,,,,,
HOLE_009,Jerimum de Cima,101329,109.40,110.90,1.50,IG,CTHM,,0.00,,,,,,,,,,,,,,,,,,,,,,,,,,,,,,,,,,,,,,,,,,,,,,,,,,,,,
HOLE_009,Jerimum de Cima,101330,110.90,111.60,0.70,IG,CTHM,,0.00,,,,,,,,,,,,,,,,,,,,,,,,,,,,,,,,,,,,,,,,,,,,,,,,,,,,,
HOLE_009,Jerimum de Cima,101331,111.60,112.50,0.90,IG,CTHM,,0.01,,,,,,,,,,,,,,,,,,,,,,,,,,,,,,,,,,,,,,,,,,,,,,,,,,,,,
HOLE_009,Jerimum de Cima,101332,112.50,114.60,2.10,IG,CTHM,,0.01,,,,,,,,,,,,,,,,,,,,,,,,,,,,,,,,,,,,,,,,,,,,,,,,,,,,,
HOLE_009,Jerimum de Cima,101333,114.60,115.60,1.00,IG,CTHM,,0.00,,,,,,,,,,,,,,,,,,,,,,,,,,,,,,,,,,,,,,,,,,,,,,,,,,,,,
HOLE_009,Jerimum de Cima,101334,115.60,117.40,1.80,IG,CTHM,,0.01,,,,,,,,,,,,,,,,,,,,,,,,,,,,,,,,,,,,,,,,,,,,,,,,,,,,,
HOLE_009,Jerimum de Cima,101335,117.40,118.70,1.30,IG,CTHM,,0.06,,,,,,,,,,,,,,,,,,,,,,,,,,,,,,,,,,,,,,,,,,,,,,,,,,,,,
HOLE_009,Jerimum de Cima,101336,118.70,119.60,0.90,IG,CTHM,,0.00,,,,,,,,,,,,,,,,,,,,,,,,,,,,,,,,,,,,,,,,,,,,,,,,,,,,,
HOLE_009,Jerimum de Cima,101337,119.60,120.60,1.00,IG,CTHM,,0.00,,,,,,,,,,,,,,,,,,,,,,,,,,,,,,,,,,,,,,,,,,,,,,,,,,,,,
HOLE_009,Jerimum de Cima,101338,120.60,121.80,1.20,IG,CTHM,,0.00,,,,,,,,,,,,,,,,,,,,,,,,,,,,,,,,,,,,,,,,,,,,,,,,,,,,,
HOLE_009,Jerimum de Cima,101339,121.80,123.60,1.80,IG,CTHM,,0.00,,,,,,,,,,,,,,,,,,,,,,,,,,,,,,,,,,,,,,,,,,,,,,,,,,,,,
HOLE_009,Jerimum de Cima,101340,123.60,124.50,0.90,IG,CTHM,,0.00,,,,,,,,,,,,,,,,,,,,,,,,,,,,,,,,,,,,,,,,,,,,,,,,,,,,,
HOLE_009,Jerimum de Cima,101341,124.50,126.50,2.00,IG,CTHM,,0.00,,,,,,,,,,,,,,,,,,,,,,,,,,,,,,,,,,,,,,,,,,,,,,,,,,,,,
HOLE_009,Jerimum de Cima,101342,126.50,127.50,1.00,IG,CTHM,,0.00,,,,,,,,,,,,,,,,,,,,,,,,,,,,,,,,,,,,,,,,,,,,,,,,,,,,,
HOLE_009,Jerimum de Cima,101343,127.50,128.90,1.40,IG,CTHM,,0.00,,,,,,,,,,,,,,,,,,,,,,,,,,,,,,,,,,,,,,,,,,,,,,,,,,,,,
HOLE_009,Jerimum de Cima,101344,128.90,130.60,1.70,IG,CTHM,,0.00,,,,,,,,,,,,,,,,,,,,,,,,,,,,,,,,,,,,,,,,,,,,,,,,,,,,,
HOLE_009,Jerimum de Cima,101345,130.60,132.00,1.40,IG,CTHM,,0.00,,,,,,,,,,,,,,,,,,,,,,,,,,,,,,,,,,,,,,,,,,,,,,,,,,,,,
HOLE_009,Jerimum de Cima,101346,132.00,132.90,0.90,IG,CTHM,,0.00,,,,,,,,,,,,,,,,,,,,,,,,,,,,,,,,,,,,,,,,,,,,,,,,,,,,,
HOLE_009,Jerimum de Cima,101347,132.90,133.80,0.90,IG,CTHM,,0.00,,,,,,,,,,,,,,,,,,,,,,,,,,,,,,,,,,,,,,,,,,,,,,,,,,,,,
HOLE_009,Jerimum de Cima,101348,133.80,135.50,1.70,IG,CTHM,,0.00,,,,,,,,,,,,,,,,,,,,,,,,,,,,,,,,,,,,,,,,,,,,,,,,,,,,,
HOLE_009,Jerimum de Cima,101349,135.50,136.70,1.20,IG,CTHM,,0.01,,,,,,,,,,,,,,,,,,,,,,,,,,,,,,,,,,,,,,,,,,,,,,,,,,,,,
HOLE_009,Jerimum de Cima,101350,136.70,138.00,1.30,IG,CTHM,,0.01,,,,,,,,,,,,,,,,,,,,,,,,,,,,,,,,,,,,,,,,,,,,,,,,,,,,,
HOLE_009,Jerimum de Cima,101351,138.00,139.00,1.00,IG,CTHM,,0.00,,,,,,,,,,,,,,,,,,,,,,,,,,,,,,,,,,,,,,,,,,,,,,,,,,,,,
HOLE_009,Jerimum de Cima,101352,139.00,140.30,1.30,IG,CTHM,,0.00,,,,,,,,,,,,,,,,,,,,,,,,,,,,,,,,,,,,,,,,,,,,,,,,,,,,,
HOLE_009,Jerimum de Cima,101353,140.30,141.70,1.40,IG,CTHM,,0.00,,,,,,,,,,,,,,,,,,,,,,,,,,,,,,,,,,,,,,,,,,,,,,,,,,,,,
HOLE_009,Jerimum de Cima,101354,141.70,143.70,2.00,IG,CTHM,,0.04,,,,,,,,,,,,,,,,,,,,,,,,,,,,,,,,,,,,,,,,,,,,,,,,,,,,,
HOLE_009,Jerimum de Cima,101355,143.70,145.60,1.90,IG,CTHM,,0.00,,,,,,,,,,,,,,,,,,,,,,,,,,,,,,,,,,,,,,,,,,,,,,,,,,,,,
HOLE_009,Jerimum de Cima,101356,145.60,146.70,1.10,IG,CTHM,,0.00,,,,,,,,,,,,,,,,,,,,,,,,,,,,,,,,,,,,,,,,,,,,,,,,,,,,,
HOLE_009,Jerimum de Cima,101357,146.70,148.30,1.60,IG,CTHM,,0.16,,,,,,,,,,,,,,,,,,,,,,,,,,,,,,,,,,,,,,,,,,,,,,,,,,,,,
HOLE_009,Jerimum de Cima,101358,148.30,150.70,2.40,IG,CTHM,,0.00,,,,,,,,,,,,,,,,,,,,,,,,,,,,,,,,,,,,,,,,,,,,,,,,,,,,,
HOLE_009,Jerimum de Cima,101359,150.70,152.60,1.90,IG,CTHM,,0.00,,,,,,,,,,,,,,,,,,,,,,,,,,,,,,,,,,,,,,,,,,,,,,,,,,,,,
HOLE_009,Jerimum de Cima,101360,152.60,153.40,0.80,IG,CTHM,,0.11,,,,,,,,,,,,,,,,,,,,,,,,,,,,,,,,,,,,,,,,,,,,,,,,,,,,,
HOLE_009,Jerimum de Cima,101361,153.40,155.40,2.00,IG,CTHM,,0.01,,,,,,,,,,,,,,,,,,,,,,,,,,,,,,,,,,,,,,,,,,,,,,,,,,,,,
HOLE_009,Jerimum de Cima,101362,155.40,157.20,1.80,IG,CTHM,,0.01,,,,,,,,,,,,,,,,,,,,,,,,,,,,,,,,,,,,,,,,,,,,,,,,,,,,,
HOLE_009,Jerimum de Cima,101363,157.20,158.60,1.40,IG,CTHM,,0.03,,,,,,,,,,,,,,,,,,,,,,,,,,,,,,,,,,,,,,,,,,,,,,,,,,,,,
HOLE_009,Jerimum de Cima,101364,158.60,159.60,1.00,IG,CTHM,,0.00,,,,,,,,,,,,,,,,,,,,,,,,,,,,,,,,,,,,,,,,,,,,,,,,,,,,,
HOLE_009,Jerimum de Cima,101365,159.60,161.10,1.50,MN,CTHM,,0.00,,,,,,,,,,,,,,,,,,,,,,,,,,,,,,,,,,,,,,,,,,,,,,,,,,,,,
HOLE_009,Jerimum de Cima,101366,161.10,161.80,0.70,IG,CTHM,,0.02,,,,,,,,,,,,,,,,,,,,,,,,,,,,,,,,,,,,,,,,,,,,,,,,,,,,,
HOLE_009,Jerimum de Cima,101367,161.80,163.80,2.00,IG,CTHM,,0.00,,,,,,,,,,,,,,,,,,,,,,,,,,,,,,,,,,,,,,,,,,,,,,,,,,,,,
HOLE_009,Jerimum de Cima,101368,163.80,165.60,1.80,IG,CTHM,,0.01,,,,,,,,,,,,,,,,,,,,,,,,,,,,,,,,,,,,,,,,,,,,,,,,,,,,,
HOLE_009,Jerimum de Cima,101369,165.60,166.90,1.30,IG,CTHM,,0.01,,,,,,,,,,,,,,,,,,,,,,,,,,,,,,,,,,,,,,,,,,,,,,,,,,,,,
HOLE_009,Jerimum de Cima,101370,166.90,168.60,1.70,IG,CTHM,,0.00,,,,,,,,,,,,,,,,,,,,,,,,,,,,,,,,,,,,,,,,,,,,,,,,,,,,,
HOLE_009,Jerimum de Cima,101371,168.60,169.90,1.30,IG,CTHM,,0.00,,,,,,,,,,,,,,,,,,,,,,,,,,,,,,,,,,,,,,,,,,,,,,,,,,,,,
HOLE_009,Jerimum de Cima,101372,169.90,170.70,0.80,IG,CTHM,,0.00,,,,,,,,,,,,,,,,,,,,,,,,,,,,,,,,,,,,,,,,,,,,,,,,,,,,,
HOLE_009,Jerimum de Cima,101373,170.70,172.70,2.00,IG,CTHM,,0.00,,,,,,,,,,,,,,,,,,,,,,,,,,,,,,,,,,,,,,,,,,,,,,,,,,,,,
HOLE_009,Jerimum de Cima,101374,172.70,173.90,1.20,IG,CTHM,,0.00,,,,,,,,,,,,,,,,,,,,,,,,,,,,,,,,,,,,,,,,,,,,,,,,,,,,,
HOLE_009,Jerimum de Cima,101375,173.90,175.10,1.20,IG,CTHM,,0.00,,,,,,,,,,,,,,,,,,,,,,,,,,,,,,,,,,,,,,,,,,,,,,,,,,,,,
HOLE_009,Jerimum de Cima,101376,175.10,176.50,1.40,IG,CTHM,,0.00,,,,,,,,,,,,,,,,,,,,,,,,,,,,,,,,,,,,,,,,,,,,,,,,,,,,,
HOLE_009,Jerimum de Cima,101377,176.50,178.30,1.80,IG,CTHM,,0.00,,,,,,,,,,,,,,,,,,,,,,,,,,,,,,,,,,,,,,,,,,,,,,,,,,,,,
HOLE_010,Jerimum de Cima,101378,0.00,3.00,3.00,SAP,,,0.10,,,,,,,,,,,,,,,,,,,,,,,,,,,,,,,,,,,,,,,,,,,,,,,,,,,,,
HOLE_010,Jerimum de Cima,101379,3.00,6.10,3.10,SAP,,,0.14,,,,,,,,,,,,,,,,,,,,,,,,,,,,,,,,,,,,,,,,,,,,,,,,,,,,,
HOLE_010,Jerimum de Cima,101380,6.10,9.10,3.00,SAP,,,0.17,,,,,,,,,,,,,,,,,,,,,,,,,,,,,,,,,,,,,,,,,,,,,,,,,,,,,
HOLE_010,Jerimum de Cima,101381,9.10,12.20,3.10,SAP,,,0.11,,,,,,,,,,,,,,,,,,,,,,,,,,,,,,,,,,,,,,,,,,,,,,,,,,,,,
HOLE_010,Jerimum de Cima,101382,12.20,15.20,3.00,SAP,,,0.16,,,,,,,,,,,,,,,,,,,,,,,,,,,,,,,,,,,,,,,,,,,,,,,,,,,,,
HOLE_010,Jerimum de Cima,101383,15.20,18.20,3.00,SAP,,,0.24,,,,,,,,,,,,,,,,,,,,,,,,,,,,,,,,,,,,,,,,,,,,,,,,,,,,,
HOLE_010,Jerimum de Cima,101384,18.20,21.30,3.10,SAP,,,0.02,,,,,,,,,,,,,,,,,,,,,,,,,,,,,,,,,,,,,,,,,,,,,,,,,,,,,
HOLE_010,Jerimum de Cima,101385,21.30,24.40,3.10,SAP,,,0.15,,,,,,,,,,,,,,,,,,,,,,,,,,,,,,,,,,,,,,,,,,,,,,,,,,,,,
HOLE_010,Jerimum de Cima,101386,24.40,27.40,3.00,SAP,,,0.11,,,,,,,,,,,,,,,,,,,,,,,,,,,,,,,,,,,,,,,,,,,,,,,,,,,,,
HOLE_010,Jerimum de Cima,101387,27.40,30.50,3.10,SAP,,,0.00,,,,,,,,,,,,,,,,,,,,,,,,,,,,,,,,,,,,,,,,,,,,,,,,,,,,,
HOLE_010,Jerimum de Cima,101388,30.50,33.50,3.00,SAP,,,0.11,,,,,,,,,,,,,,,,,,,,,,,,,,,,,,,,,,,,,,,,,,,,,,,,,,,,,
HOLE_010,Jerimum de Cima,101389,33.50,36.60,3.10,SAP,,,0.09,,,,,,,,,,,,,,,,,,,,,,,,,,,,,,,,,,,,,,,,,,,,,,,,,,,,,
HOLE_010,Jerimum de Cima,101390,36.60,39.60,3.00,SAP,,,0.07,,,,,,,,,,,,,,,,,,,,,,,,,,,,,,,,,,,,,,,,,,,,,,,,,,,,,
HOLE_010,Jerimum de Cima,101391,39.60,42.70,3.10,SAP,,,0.01,,,,,,,,,,,,,,,,,,,,,,,,,,,,,,,,,,,,,,,,,,,,,,,,,,,,,
HOLE_010,Jerimum de Cima,101392,42.70,45.70,3.00,SAP,,,0.01,,,,,,,,,,,,,,,,,,,,,,,,,,,,,,,,,,,,,,,,,,,,,,,,,,,,,
HOLE_010,Jerimum de Cima,101393,45.70,48.70,3.00,SAP,,,0.01,,,,,,,,,,,,,,,,,,,,,,,,,,,,,,,,,,,,,,,,,,,,,,,,,,,,,
HOLE_010,Jerimum de Cima,101394,48.70,51.80,3.10,SAP,,,0.02,,,,,,,,,,,,,,,,,,,,,,,,,,,,,,,,,,,,,,,,,,,,,,,,,,,,,
HOLE_010,Jerimum de Cima,101395,51.80,54.80,3.00,SAP,,,0.01,,,,,,,,,,,,,,,,,,,,,,,,,,,,,,,,,,,,,,,,,,,,,,,,,,,,,
HOLE_010,Jerimum de Cima,101396,54.80,57.90,3.10,SAP,,,0.01,,,,,,,,,,,,,,,,,,,,,,,,,,,,,,,,,,,,,,,,,,,,,,,,,,,,,
HOLE_010,Jerimum de Cima,101397,57.90,59.70,1.80,SAP,,,0.00,,,,,,,,,,,,,,,,,,,,,,,,,,,,,,,,,,,,,,,,,,,,,,,,,,,,,
HOLE_010,Jerimum de Cima,101398,59.70,60.90,1.20,SAP,,,0.00,,,,,,,,,,,,,,,,,,,,,,,,,,,,,,,,,,,,,,,,,,,,,,,,,,,,,
HOLE_010,Jerimum de Cima,101399,60.90,62.50,1.60,MD,,,0.07,,,,,,,,,,,,,,,,,,,,,,,,,,,,,,,,,,,,,,,,,,,,,,,,,,,,,
HOLE_011,Jerimum de Cima,101400,12.20,13.70,1.50,SAP,,,1.26,,,,,,,,,,,,,,,,,,,,,,,,,,,,,,,,,,,,,,,,,,,,,,,,,,,,,
HOLE_011,Jerimum de Cima,101401,13.70,15.20,1.50,SAP,,,0.39,,,,,,,,,,,,,,,,,,,,,,,,,,,,,,,,,,,,,,,,,,,,,,,,,,,,,
HOLE_011,Jerimum de Cima,101402,15.20,18.30,3.10,SAP,,,0.14,,,,,,,,,,,,,,,,,,,,,,,,,,,,,,,,,,,,,,,,,,,,,,,,,,,,,
HOLE_011,Jerimum de Cima,101403,18.30,19.80,1.50,SAP,,,0.24,,,,,,,,,,,,,,,,,,,,,,,,,,,,,,,,,,,,,,,,,,,,,,,,,,,,,
HOLE_011,Jerimum de Cima,101404,19.80,21.30,1.50,SAP,,,0.08,,,,,,,,,,,,,,,,,,,,,,,,,,,,,,,,,,,,,,,,,,,,,,,,,,,,,
HOLE_011,Jerimum de Cima,101405,21.30,22.80,1.50,SAP,,,0.11,,,,,,,,,,,,,,,,,,,,,,,,,,,,,,,,,,,,,,,,,,,,,,,,,,,,,
HOLE_011,Jerimum de Cima,101406,22.80,24.40,1.60,SAP,,,0.23,,,,,,,,,,,,,,,,,,,,,,,,,,,,,,,,,,,,,,,,,,,,,,,,,,,,,
HOLE_011,Jerimum de Cima,101407,24.40,25.90,1.50,SAP,,,0.07,,,,,,,,,,,,,,,,,,,,,,,,,,,,,,,,,,,,,,,,,,,,,,,,,,,,,
HOLE_011,Jerimum de Cima,101408,25.90,27.40,1.50,SAP,,,0.12,,,,,,,,,,,,,,,,,,,,,,,,,,,,,,,,,,,,,,,,,,,,,,,,,,,,,
HOLE_011,Jerimum de Cima,101409,27.40,28.90,1.50,SAP,,,0.17,,,,,,,,,,,,,,,,,,,,,,,,,,,,,,,,,,,,,,,,,,,,,,,,,,,,,
HOLE_011,Jerimum de Cima,101410,28.90,30.50,1.60,SAP,,,0.01,,,,,,,,,,,,,,,,,,,,,,,,,,,,,,,,,,,,,,,,,,,,,,,,,,,,,
HOLE_011,Jerimum de Cima,101411,30.50,32.00,1.50,SAP,,,0.02,,,,,,,,,,,,,,,,,,,,,,,,,,,,,,,,,,,,,,,,,,,,,,,,,,,,,
HOLE_011,Jerimum de Cima,101412,32.00,33.50,1.50,SAP,,,0.01,,,,,,,,,,,,,,,,,,,,,,,,,,,,,,,,,,,,,,,,,,,,,,,,,,,,,
HOLE_011,Jerimum de Cima,101413,33.50,35.00,1.50,SAP,,,0.00,,,,,,,,,,,,,,,,,,,,,,,,,,,,,,,,,,,,,,,,,,,,,,,,,,,,,
HOLE_011,Jerimum de Cima,101414,35.00,36.50,1.50,SAP,,,0.00,,,,,,,,,,,,,,,,,,,,,,,,,,,,,,,,,,,,,,,,,,,,,,,,,,,,,
HOLE_011,Jerimum de Cima,101415,36.50,38.10,1.60,SAP,,,0.01,,,,,,,,,,,,,,,,,,,,,,,,,,,,,,,,,,,,,,,,,,,,,,,,,,,,,
HOLE_011,Jerimum de Cima,101416,38.10,41.10,3.00,SAP,,,0.00,,,,,,,,,,,,,,,,,,,,,,,,,,,,,,,,,,,,,,,,,,,,,,,,,,,,,
HOLE_011,Jerimum de Cima,101417,41.10,42.70,1.60,SAP,,,0.00,,,,,,,,,,,,,,,,,,,,,,,,,,,,,,,,,,,,,,,,,,,,,,,,,,,,,
HOLE_011,Jerimum de Cima,101418,42.70,44.20,1.50,SAP,,,0.20,,,,,,,,,,,,,,,,,,,,,,,,,,,,,,,,,,,,,,,,,,,,,,,,,,,,,
HOLE_011,Jerimum de Cima,101419,44.20,45.70,1.50,SAP,,,0.05,,,,,,,,,,,,,,,,,,,,,,,,,,,,,,,,,,,,,,,,,,,,,,,,,,,,,
HOLE_011,Jerimum de Cima,101420,45.70,47.20,1.50,SAP,,,0.00,,,,,,,,,,,,,,,,,,,,,,,,,,,,,,,,,,,,,,,,,,,,,,,,,,,,,
HOLE_011,Jerimum de Cima,101421,47.20,48.80,1.60,SAP,,,0.00,,,,,,,,,,,,,,,,,,,,,,,,,,,,,,,,,,,,,,,,,,,,,,,,,,,,,
HOLE_011,Jerimum de Cima,101422,48.80,53.30,4.50,SAP,,,0.00,,,,,,,,,,,,,,,,,,,,,,,,,,,,,,,,,,,,,,,,,,,,,,,,,,,,,
HOLE_011,Jerimum de Cima,101423,53.30,54.90,1.60,SAP,,,0.01,,,,,,,,,,,,,,,,,,,,,,,,,,,,,,,,,,,,,,,,,,,,,,,,,,,,,
HOLE_011,Jerimum de Cima,101424,54.90,56.10,1.20,SAP,,,0.00,,,,,,,,,,,,,,,,,,,,,,,,,,,,,,,,,,,,,,,,,,,,,,,,,,,,,
HOLE_011,Jerimum de Cima,101425,56.10,57.90,1.80,SAP,,,0.00,,,,,,,,,,,,,,,,,,,,,,,,,,,,,,,,,,,,,,,,,,,,,,,,,,,,,
HOLE_011,Jerimum de Cima,101426,57.90,59.40,1.50,SAP,,,0.00,,,,,,,,,,,,,,,,,,,,,,,,,,,,,,,,,,,,,,,,,,,,,,,,,,,,,
HOLE_011,Jerimum de Cima,101427,59.40,61.00,1.60,SAP,,,0.04,,,,,,,,,,,,,,,,,,,,,,,,,,,,,,,,,,,,,,,,,,,,,,,,,,,,,
HOLE_011,Jerimum de Cima,101428,61.00,62.50,1.50,SAP,,,0.01,,,,,,,,,,,,,,,,,,,,,,,,,,,,,,,,,,,,,,,,,,,,,,,,,,,,,
HOLE_011,Jerimum de Cima,101429,62.50,64.00,1.50,SAP,,,0.00,,,,,,,,,,,,,,,,,,,,,,,,,,,,,,,,,,,,,,,,,,,,,,,,,,,,,
HOLE_011,Jerimum de Cima,101430,64.00,65.50,1.50,SAP,,,0.00,,,,,,,,,,,,,,,,,,,,,,,,,,,,,,,,,,,,,,,,,,,,,,,,,,,,,
HOLE_011,Jerimum de Cima,101431,65.50,67.00,1.50,SAP,,,0.05,,,,,,,,,,,,,,,,,,,,,,,,,,,,,,,,,,,,,,,,,,,,,,,,,,,,,
HOLE_011,Jerimum de Cima,101432,67.00,68.60,1.60,SAP,,,0.00,,,,,,,,,,,,,,,,,,,,,,,,,,,,,,,,,,,,,,,,,,,,,,,,,,,,,
HOLE_011,Jerimum de Cima,101433,68.60,70.10,1.50,SAP,,,0.00,,,,,,,,,,,,,,,,,,,,,,,,,,,,,,,,,,,,,,,,,,,,,,,,,,,,,
HOLE_011,Jerimum de Cima,101434,70.10,71.60,1.50,SAP,,,0.03,,,,,,,,,,,,,,,,,,,,,,,,,,,,,,,,,,,,,,,,,,,,,,,,,,,,,
HOLE_011,Jerimum de Cima,101435,71.60,73.10,1.50,SAP,,,0.00,,,,,,,,,,,,,,,,,,,,,,,,,,,,,,,,,,,,,,,,,,,,,,,,,,,,,
HOLE_011,Jerimum de Cima,101436,73.10,74.70,1.60,SAP,,,0.00,,,,,,,,,,,,,,,,,,,,,,,,,,,,,,,,,,,,,,,,,,,,,,,,,,,,,
HOLE_011,Jerimum de Cima,101437,74.70,76.20,1.50,SAP,,,0.00,,,,,,,,,,,,,,,,,,,,,,,,,,,,,,,,,,,,,,,,,,,,,,,,,,,,,
HOLE_011,Jerimum de Cima,101438,76.20,77.70,1.50,SAP,,,0.00,,,,,,,,,,,,,,,,,,,,,,,,,,,,,,,,,,,,,,,,,,,,,,,,,,,,,
HOLE_011,Jerimum de Cima,101439,77.70,79.20,1.50,SAP,,,0.00,,,,,,,,,,,,,,,,,,,,,,,,,,,,,,,,,,,,,,,,,,,,,,,,,,,,,
HOLE_011,Jerimum de Cima,101440,79.20,80.80,1.60,IG,,,0.00,,,,,,,,,,,,,,,,,,,,,,,,,,,,,,,,,,,,,,,,,,,,,,,,,,,,,
HOLE_011,Jerimum de Cima,101441,80.80,81.90,1.10,IG,,,0.00,,,,,,,,,,,,,,,,,,,,,,,,,,,,,,,,,,,,,,,,,,,,,,,,,,,,,
HOLE_011,Jerimum de Cima,101442,81.90,83.20,1.30,IG,,,0.01,,,,,,,,,,,,,,,,,,,,,,,,,,,,,,,,,,,,,,,,,,,,,,,,,,,,,
HOLE_011,Jerimum de Cima,101443,83.20,83.80,0.60,IG,,,0.00,,,,,,,,,,,,,,,,,,,,,,,,,,,,,,,,,,,,,,,,,,,,,,,,,,,,,
HOLE_011,Jerimum de Cima,101444,83.80,85.30,1.50,IG,,,0.00,,,,,,,,,,,,,,,,,,,,,,,,,,,,,,,,,,,,,,,,,,,,,,,,,,,,,
HOLE_011,Jerimum de Cima,101445,85.30,86.90,1.60,IG,,,0.00,,,,,,,,,,,,,,,,,,,,,,,,,,,,,,,,,,,,,,,,,,,,,,,,,,,,,
HOLE_011,Jerimum de Cima,101446,86.90,88.40,1.50,IG,,,0.00,,,,,,,,,,,,,,,,,,,,,,,,,,,,,,,,,,,,,,,,,,,,,,,,,,,,,
HOLE_011,Jerimum de Cima,101447,88.40,90.40,2.00,IG,,,0.00,,,,,,,,,,,,,,,,,,,,,,,,,,,,,,,,,,,,,,,,,,,,,,,,,,,,,
HOLE_011,Jerimum de Cima,101448,90.40,91.40,1.00,IG,,,0.02,,,,,,,,,,,,,,,,,,,,,,,,,,,,,,,,,,,,,,,,,,,,,,,,,,,,,
HOLE_011,Jerimum de Cima,101449,91.40,93.40,2.00,IG,,,0.00,,,,,,,,,,,,,,,,,,,,,,,,,,,,,,,,,,,,,,,,,,,,,,,,,,,,,
HOLE_011,Jerimum de Cima,101450,93.40,95.40,2.00,IG,,,0.00,,,,,,,,,,,,,,,,,,,,,,,,,,,,,,,,,,,,,,,,,,,,,,,,,,,,,
HOLE_011,Jerimum de Cima,101451,95.40,97.40,2.00,IG,,,0.00,,,,,,,,,,,,,,,,,,,,,,,,,,,,,,,,,,,,,,,,,,,,,,,,,,,,,
HOLE_011,Jerimum de Cima,101452,97.40,100.10,2.70,IG,,,0.01,,,,,,,,,,,,,,,,,,,,,,,,,,,,,,,,,,,,,,,,,,,,,,,,,,,,,
HOLE_011,Jerimum de Cima,101453,100.10,101.00,0.90,IP,,,0.00,,,,,,,,,,,,,,,,,,,,,,,,,,,,,,,,,,,,,,,,,,,,,,,,,,,,,
HOLE_011,Jerimum de Cima,101454,101.00,102.80,1.80,IG,,,0.00,,,,,,,,,,,,,,,,,,,,,,,,,,,,,,,,,,,,,,,,,,,,,,,,,,,,,
HOLE_011,Jerimum de Cima,101455,102.80,103.40,0.60,IG,,,0.00,,,,,,,,,,,,,,,,,,,,,,,,,,,,,,,,,,,,,,,,,,,,,,,,,,,,,
HOLE_011,Jerimum de Cima,101456,103.40,104.40,1.00,IG,,,0.00,,,,,,,,,,,,,,,,,,,,,,,,,,,,,,,,,,,,,,,,,,,,,,,,,,,,,
HOLE_011,Jerimum de Cima,101457,104.40,105.70,1.30,IG,,,0.00,,,,,,,,,,,,,,,,,,,,,,,,,,,,,,,,,,,,,,,,,,,,,,,,,,,,,
HOLE_011,Jerimum de Cima,101458,105.70,106.90,1.20,IG,,,0.00,,,,,,,,,,,,,,,,,,,,,,,,,,,,,,,,,,,,,,,,,,,,,,,,,,,,,
HOLE_011,Jerimum de Cima,101459,106.90,107.90,1.00,IG,,,0.00,,,,,,,,,,,,,,,,,,,,,,,,,,,,,,,,,,,,,,,,,,,,,,,,,,,,,
HOLE_011,Jerimum de Cima,101460,107.90,109.90,2.00,IG,,,0.00,,,,,,,,,,,,,,,,,,,,,,,,,,,,,,,,,,,,,,,,,,,,,,,,,,,,,
HOLE_011,Jerimum de Cima,101461,109.90,111.90,2.00,IG,,,0.00,,,,,,,,,,,,,,,,,,,,,,,,,,,,,,,,,,,,,,,,,,,,,,,,,,,,,
HOLE_011,Jerimum de Cima,101462,111.90,113.90,2.00,IG,,,0.00,,,,,,,,,,,,,,,,,,,,,,,,,,,,,,,,,,,,,,,,,,,,,,,,,,,,,
HOLE_011,Jerimum de Cima,101463,113.90,115.90,2.00,IG,,,0.00,,,,,,,,,,,,,,,,,,,,,,,,,,,,,,,,,,,,,,,,,,,,,,,,,,,,,
HOLE_011,Jerimum de Cima,101464,115.90,117.90,2.00,IG,,,0.00,,,,,,,,,,,,,,,,,,,,,,,,,,,,,,,,,,,,,,,,,,,,,,,,,,,,,
HOLE_011,Jerimum de Cima,101465,117.90,119.90,2.00,IG,,,0.00,,,,,,,,,,,,,,,,,,,,,,,,,,,,,,,,,,,,,,,,,,,,,,,,,,,,,
HOLE_011,Jerimum de Cima,101466,119.90,120.90,1.00,IG,,,0.11,,,,,,,,,,,,,,,,,,,,,,,,,,,,,,,,,,,,,,,,,,,,,,,,,,,,,
HOLE_011,Jerimum de Cima,101467,120.90,122.90,2.00,IG,,,0.00,,,,,,,,,,,,,,,,,,,,,,,,,,,,,,,,,,,,,,,,,,,,,,,,,,,,,
HOLE_011,Jerimum de Cima,101468,122.90,124.90,2.00,IG,,,0.00,,,,,,,,,,,,,,,,,,,,,,,,,,,,,,,,,,,,,,,,,,,,,,,,,,,,,
HOLE_011,Jerimum de Cima,101469,124.90,126.50,1.60,IG,,,0.00,,,,,,,,,,,,,,,,,,,,,,,,,,,,,,,,,,,,,,,,,,,,,,,,,,,,,
HOLE_011,Jerimum de Cima,101470,126.50,128.50,2.00,IG,,,0.00,,,,,,,,,,,,,,,,,,,,,,,,,,,,,,,,,,,,,,,,,,,,,,,,,,,,,
HOLE_011,Jerimum de Cima,101471,128.50,131.10,2.60,IG,,,0.00,,,,,,,,,,,,,,,,,,,,,,,,,,,,,,,,,,,,,,,,,,,,,,,,,,,,,
HOLE_011,Jerimum de Cima,101472,131.10,133.40,2.30,IG,,,0.00,,,,,,,,,,,,,,,,,,,,,,,,,,,,,,,,,,,,,,,,,,,,,,,,,,,,,
HOLE_011,Jerimum de Cima,101473,133.40,135.40,2.00,IG,,,0.00,,,,,,,,,,,,,,,,,,,,,,,,,,,,,,,,,,,,,,,,,,,,,,,,,,,,,
HOLE_011,Jerimum de Cima,101474,135.40,137.40,2.00,IG,,,0.02,,,,,,,,,,,,,,,,,,,,,,,,,,,,,,,,,,,,,,,,,,,,,,,,,,,,,
HOLE_011,Jerimum de Cima,101475,137.40,139.40,2.00,IG,,,0.00,,,,,,,,,,,,,,,,,,,,,,,,,,,,,,,,,,,,,,,,,,,,,,,,,,,,,
HOLE_011,Jerimum de Cima,101476,139.40,141.40,2.00,IG,,,0.00,,,,,,,,,,,,,,,,,,,,,,,,,,,,,,,,,,,,,,,,,,,,,,,,,,,,,
HOLE_011,Jerimum de Cima,101477,141.40,143.50,2.10,IG,,,0.00,,,,,,,,,,,,,,,,,,,,,,,,,,,,,,,,,,,,,,,,,,,,,,,,,,,,,
HOLE_011,Jerimum de Cima,101478,143.50,145.50,2.00,IG,,,0.00,,,,,,,,,,,,,,,,,,,,,,,,,,,,,,,,,,,,,,,,,,,,,,,,,,,,,
HOLE_011,Jerimum de Cima,101479,145.50,147.50,2.00,IG,,,0.00,,,,,,,,,,,,,,,,,,,,,,,,,,,,,,,,,,,,,,,,,,,,,,,,,,,,,
HOLE_011,Jerimum de Cima,101480,147.50,149.50,2.00,IG,,,0.00,,,,,,,,,,,,,,,,,,,,,,,,,,,,,,,,,,,,,,,,,,,,,,,,,,,,,
HOLE_011,Jerimum de Cima,101481,149.50,151.50,2.00,IG,,,0.04,,,,,,,,,,,,,,,,,,,,,,,,,,,,,,,,,,,,,,,,,,,,,,,,,,,,,
HOLE_011,Jerimum de Cima,101482,151.50,153.50,2.00,IG,,,0.00,,,,,,,,,,,,,,,,,,,,,,,,,,,,,,,,,,,,,,,,,,,,,,,,,,,,,
HOLE_011,Jerimum de Cima,101483,153.50,154.90,1.40,IG,,,0.00,,,,,,,,,,,,,,,,,,,,,,,,,,,,,,,,,,,,,,,,,,,,,,,,,,,,,
HOLE_011,Jerimum de Cima,101484,154.90,156.30,1.40,IG,,,0.00,,,,,,,,,,,,,,,,,,,,,,,,,,,,,,,,,,,,,,,,,,,,,,,,,,,,,
HOLE_011,Jerimum de Cima,101485,156.30,157.60,1.30,IG,,,2.02,,,,,,,,,,,,,,,,,,,,,,,,,,,,,,,,,,,,,,,,,,,,,,,,,,,,,
HOLE_011,Jerimum de Cima,101486,157.60,159.60,2.00,IG,,,0.00,,,,,,,,,,,,,,,,,,,,,,,,,,,,,,,,,,,,,,,,,,,,,,,,,,,,,
HOLE_011,Jerimum de Cima,101487,159.60,161.60,2.00,IG,,,0.01,,,,,,,,,,,,,,,,,,,,,,,,,,,,,,,,,,,,,,,,,,,,,,,,,,,,,
HOLE_011,Jerimum de Cima,101488,161.60,162.70,1.10,IG,,,0.05,,,,,,,,,,,,,,,,,,,,,,,,,,,,,,,,,,,,,,,,,,,,,,,,,,,,,
HOLE_011,Jerimum de Cima,101489,162.70,164.70,2.00,IG,,,0.00,,,,,,,,,,,,,,,,,,,,,,,,,,,,,,,,,,,,,,,,,,,,,,,,,,,,,
HOLE_011,Jerimum de Cima,101490,164.70,166.70,2.00,IG,,,0.01,,,,,,,,,,,,,,,,,,,,,,,,,,,,,,,,,,,,,,,,,,,,,,,,,,,,,
HOLE_011,Jerimum de Cima,101491,166.70,168.70,2.00,IG,,,0.09,,,,,,,,,,,,,,,,,,,,,,,,,,,,,,,,,,,,,,,,,,,,,,,,,,,,,
HOLE_011,Jerimum de Cima,101492,168.70,170.70,2.00,IG,,,0.23,,,,,,,,,,,,,,,,,,,,,,,,,,,,,,,,,,,,,,,,,,,,,,,,,,,,,
HOLE_011,Jerimum de Cima,101493,170.70,171.90,1.20,IG,,,0.04,,,,,,,,,,,,,,,,,,,,,,,,,,,,,,,,,,,,,,,,,,,,,,,,,,,,,
HOLE_011,Jerimum de Cima,101494,171.90,172.80,0.90,IG,,,0.00,,,,,,,,,,,,,,,,,,,,,,,,,,,,,,,,,,,,,,,,,,,,,,,,,,,,,
HOLE_011,Jerimum de Cima,101495,172.80,173.60,0.80,IG,,,0.02,,,,,,,,,,,,,,,,,,,,,,,,,,,,,,,,,,,,,,,,,,,,,,,,,,,,,
HOLE_011,Jerimum de Cima,101496,173.60,175.20,1.60,IG,,,0.00,,,,,,,,,,,,,,,,,,,,,,,,,,,,,,,,,,,,,,,,,,,,,,,,,,,,,
HOLE_011,Jerimum de Cima,101497,175.20,177.70,2.50,IG,,,0.00,,,,,,,,,,,,,,,,,,,,,,,,,,,,,,,,,,,,,,,,,,,,,,,,,,,,,
HOLE_011,Jerimum de Cima,101498,177.70,179.00,1.30,IG,,,0.35,,,,,,,,,,,,,,,,,,,,,,,,,,,,,,,,,,,,,,,,,,,,,,,,,,,,,
HOLE_011,Jerimum de Cima,101499,179.00,180.30,1.30,IG,,,0.00,,,,,,,,,,,,,,,,,,,,,,,,,,,,,,,,,,,,,,,,,,,,,,,,,,,,,
HOLE_011,Jerimum de Cima,101500,180.30,181.80,1.50,IG,,,0.17,,,,,,,,,,,,,,,,,,,,,,,,,,,,,,,,,,,,,,,,,,,,,,,,,,,,,
HOLE_011,Jerimum de Cima,101501,181.80,183.80,2.00,IG,,,0.11,,,,,,,,,,,,,,,,,,,,,,,,,,,,,,,,,,,,,,,,,,,,,,,,,,,,,
HOLE_011,Jerimum de Cima,101502,183.80,185.80,2.00,IG,,,0.23,,,,,,,,,,,,,,,,,,,,,,,,,,,,,,,,,,,,,,,,,,,,,,,,,,,,,
HOLE_011,Jerimum de Cima,101503,185.80,187.40,1.60,IG,,,0.00,,,,,,,,,,,,,,,,,,,,,,,,,,,,,,,,,,,,,,,,,,,,,,,,,,,,,
HOLE_011,Jerimum de Cima,101504,187.40,189.00,1.60,IG,,,0.07,,,,,,,,,,,,,,,,,,,,,,,,,,,,,,,,,,,,,,,,,,,,,,,,,,,,,
HOLE_011,Jerimum de Cima,101505,189.00,191.00,2.00,IG,,,0.01,,,,,,,,,,,,,,,,,,,,,,,,,,,,,,,,,,,,,,,,,,,,,,,,,,,,,
HOLE_011,Jerimum de Cima,101506,191.00,193.00,2.00,IG,,,0.00,,,,,,,,,,,,,,,,,,,,,,,,,,,,,,,,,,,,,,,,,,,,,,,,,,,,,
HOLE_011,Jerimum de Cima,101507,193.00,195.00,2.00,IG,,,0.00,,,,,,,,,,,,,,,,,,,,,,,,,,,,,,,,,,,,,,,,,,,,,,,,,,,,,
HOLE_011,Jerimum de Cima,101508,195.00,197.80,2.80,IG,,,0.00,,,,,,,,,,,,,,,,,,,,,,,,,,,,,,,,,,,,,,,,,,,,,,,,,,,,,
HOLE_011,Jerimum de Cima,101509,197.80,199.80,2.00,IG,,,0.00,,,,,,,,,,,,,,,,,,,,,,,,,,,,,,,,,,,,,,,,,,,,,,,,,,,,,
HOLE_011,Jerimum de Cima,101510,199.80,201.80,2.00,IG,,,0.00,,,,,,,,,,,,,,,,,,,,,,,,,,,,,,,,,,,,,,,,,,,,,,,,,,,,,
HOLE_011,Jerimum de Cima,101511,201.80,203.40,1.60,IG,,,0.00,,,,,,,,,,,,,,,,,,,,,,,,,,,,,,,,,,,,,,,,,,,,,,,,,,,,,
HOLE_011,Jerimum de Cima,101512,203.40,205.00,1.60,IG,,,0.01,,,,,,,,,,,,,,,,,,,,,,,,,,,,,,,,,,,,,,,,,,,,,,,,,,,,,
HOLE_011,Jerimum de Cima,101513,205.00,207.40,2.40,IG,,,0.03,,,,,,,,,,,,,,,,,,,,,,,,,,,,,,,,,,,,,,,,,,,,,,,,,,,,,
HOLE_011,Jerimum de Cima,101514,207.40,209.40,2.00,IG,,,0.02,,,,,,,,,,,,,,,,,,,,,,,,,,,,,,,,,,,,,,,,,,,,,,,,,,,,,
HOLE_011,Jerimum de Cima,101515,209.40,210.30,0.90,IG,,,0.00,,,,,,,,,,,,,,,,,,,,,,,,,,,,,,,,,,,,,,,,,,,,,,,,,,,,,
HOLE_012,Jerimum de Cima,101516,3.10,4.60,1.50,SAP,,,0.02,,,,,,,,,,,,,,,,,,,,,,,,,,,,,,,,,,,,,,,,,,,,,,,,,,,,,
HOLE_012,Jerimum de Cima,101517,4.60,6.50,1.90,SAP,,,0.01,,,,,,,,,,,,,,,,,,,,,,,,,,,,,,,,,,,,,,,,,,,,,,,,,,,,,
HOLE_012,Jerimum de Cima,101518,6.50,9.10,2.60,SAP,,,0.01,,,,,,,,,,,,,,,,,,,,,,,,,,,,,,,,,,,,,,,,,,,,,,,,,,,,,
HOLE_012,Jerimum de Cima,101519,9.10,10.70,1.60,SAP,,,0.00,,,,,,,,,,,,,,,,,,,,,,,,,,,,,,,,,,,,,,,,,,,,,,,,,,,,,
HOLE_012,Jerimum de Cima,101520,10.70,12.70,2.00,SAP,,,0.00,,,,,,,,,,,,,,,,,,,,,,,,,,,,,,,,,,,,,,,,,,,,,,,,,,,,,
HOLE_012,Jerimum de Cima,101521,12.70,14.80,2.10,SAP,,,0.00,,,,,,,,,,,,,,,,,,,,,,,,,,,,,,,,,,,,,,,,,,,,,,,,,,,,,
HOLE_012,Jerimum de Cima,101522,14.80,17.20,2.40,SAP,,,0.00,,,,,,,,,,,,,,,,,,,,,,,,,,,,,,,,,,,,,,,,,,,,,,,,,,,,,
HOLE_012,Jerimum de Cima,101523,17.20,19.80,2.60,SAP,,,0.00,,,,,,,,,,,,,,,,,,,,,,,,,,,,,,,,,,,,,,,,,,,,,,,,,,,,,
HOLE_012,Jerimum de Cima,101524,19.80,21.30,1.50,SAP,,,0.00,,,,,,,,,,,,,,,,,,,,,,,,,,,,,,,,,,,,,,,,,,,,,,,,,,,,,
HOLE_012,Jerimum de Cima,101525,21.30,22.90,1.60,SAP,,,0.00,,,,,,,,,,,,,,,,,,,,,,,,,,,,,,,,,,,,,,,,,,,,,,,,,,,,,
HOLE_012,Jerimum de Cima,101526,22.90,24.90,2.00,SAP,,,0.00,,,,,,,,,,,,,,,,,,,,,,,,,,,,,,,,,,,,,,,,,,,,,,,,,,,,,
HOLE_012,Jerimum de Cima,101527,24.90,26.90,2.00,SAP,,,0.00,,,,,,,,,,,,,,,,,,,,,,,,,,,,,,,,,,,,,,,,,,,,,,,,,,,,,
HOLE_012,Jerimum de Cima,101528,26.90,28.90,2.00,SAP,,,0.00,,,,,,,,,,,,,,,,,,,,,,,,,,,,,,,,,,,,,,,,,,,,,,,,,,,,,
HOLE_012,Jerimum de Cima,101529,32.00,33.40,1.40,NLOG,,,0.00,,,,,,,,,,,,,,,,,,,,,,,,,,,,,,,,,,,,,,,,,,,,,,,,,,,,,
HOLE_012,Jerimum de Cima,101530,33.40,35.40,2.00,SAP,,,0.00,,,,,,,,,,,,,,,,,,,,,,,,,,,,,,,,,,,,,,,,,,,,,,,,,,,,,
HOLE_012,Jerimum de Cima,101531,35.40,38.10,2.70,SAP,,,0.00,,,,,,,,,,,,,,,,,,,,,,,,,,,,,,,,,,,,,,,,,,,,,,,,,,,,,
HOLE_012,Jerimum de Cima,101532,38.10,40.10,2.00,SAP,,,0.00,,,,,,,,,,,,,,,,,,,,,,,,,,,,,,,,,,,,,,,,,,,,,,,,,,,,,
HOLE_012,Jerimum de Cima,101533,40.10,42.60,2.50,SAP,,,0.00,,,,,,,,,,,,,,,,,,,,,,,,,,,,,,,,,,,,,,,,,,,,,,,,,,,,,
HOLE_012,Jerimum de Cima,101534,42.60,44.20,1.60,SAP,,,0.00,,,,,,,,,,,,,,,,,,,,,,,,,,,,,,,,,,,,,,,,,,,,,,,,,,,,,
HOLE_012,Jerimum de Cima,101535,45.70,47.20,1.50,SAP,,,0.00,,,,,,,,,,,,,,,,,,,,,,,,,,,,,,,,,,,,,,,,,,,,,,,,,,,,,
HOLE_012,Jerimum de Cima,101536,48.80,50.30,1.50,SAP,,,0.00,,,,,,,,,,,,,,,,,,,,,,,,,,,,,,,,,,,,,,,,,,,,,,,,,,,,,
HOLE_012,Jerimum de Cima,101537,50.30,53.30,3.00,SAP,,,0.00,,,,,,,,,,,,,,,,,,,,,,,,,,,,,,,,,,,,,,,,,,,,,,,,,,,,,
HOLE_012,Jerimum de Cima,101538,53.30,55.30,2.00,SAP,,,0.00,,,,,,,,,,,,,,,,,,,,,,,,,,,,,,,,,,,,,,,,,,,,,,,,,,,,,
HOLE_012,Jerimum de Cima,101539,55.30,57.30,2.00,SAP,,,0.00,,,,,,,,,,,,,,,,,,,,,,,,,,,,,,,,,,,,,,,,,,,,,,,,,,,,,
HOLE_012,Jerimum de Cima,101540,57.30,59.30,2.00,SAP,,,0.00,,,,,,,,,,,,,,,,,,,,,,,,,,,,,,,,,,,,,,,,,,,,,,,,,,,,,
HOLE_012,Jerimum de Cima,101541,59.30,61.30,2.00,SAP,,,0.00,,,,,,,,,,,,,,,,,,,,,,,,,,,,,,,,,,,,,,,,,,,,,,,,,,,,,
HOLE_012,Jerimum de Cima,101542,61.30,63.30,2.00,SAP,,,0.00,,,,,,,,,,,,,,,,,,,,,,,,,,,,,,,,,,,,,,,,,,,,,,,,,,,,,
HOLE_012,Jerimum de Cima,101543,63.30,65.30,2.00,SAP,,,0.00,,,,,,,,,,,,,,,,,,,,,,,,,,,,,,,,,,,,,,,,,,,,,,,,,,,,,
HOLE_012,Jerimum de Cima,101544,65.30,67.30,2.00,SAP,,,0.00,,,,,,,,,,,,,,,,,,,,,,,,,,,,,,,,,,,,,,,,,,,,,,,,,,,,,
HOLE_012,Jerimum de Cima,101545,67.30,69.30,2.00,IG,,,0.00,,,,,,,,,,,,,,,,,,,,,,,,,,,,,,,,,,,,,,,,,,,,,,,,,,,,,
HOLE_012,Jerimum de Cima,101546,69.30,71.30,2.00,IG,,,0.00,,,,,,,,,,,,,,,,,,,,,,,,,,,,,,,,,,,,,,,,,,,,,,,,,,,,,
HOLE_012,Jerimum de Cima,101547,71.30,73.30,2.00,IG,,,0.00,,,,,,,,,,,,,,,,,,,,,,,,,,,,,,,,,,,,,,,,,,,,,,,,,,,,,
HOLE_012,Jerimum de Cima,101548,73.30,75.30,2.00,IG,CTHM,,0.00,,,,,,,,,,,,,,,,,,,,,,,,,,,,,,,,,,,,,,,,,,,,,,,,,,,,,
HOLE_012,Jerimum de Cima,101549,75.30,77.30,2.00,IG,CTHM,,0.00,,,,,,,,,,,,,,,,,,,,,,,,,,,,,,,,,,,,,,,,,,,,,,,,,,,,,
HOLE_012,Jerimum de Cima,101550,77.30,79.30,2.00,IG,CTHM,,0.00,,,,,,,,,,,,,,,,,,,,,,,,,,,,,,,,,,,,,,,,,,,,,,,,,,,,,
HOLE_012,Jerimum de Cima,101551,79.30,81.30,2.00,IG,CTHM,,0.01,,,,,,,,,,,,,,,,,,,,,,,,,,,,,,,,,,,,,,,,,,,,,,,,,,,,,
HOLE_012,Jerimum de Cima,101552,81.30,83.30,2.00,IG,CTHM,,0.00,,,,,,,,,,,,,,,,,,,,,,,,,,,,,,,,,,,,,,,,,,,,,,,,,,,,,
HOLE_012,Jerimum de Cima,101553,83.30,84.50,1.20,IG,CTHM,,0.00,,,,,,,,,,,,,,,,,,,,,,,,,,,,,,,,,,,,,,,,,,,,,,,,,,,,,
HOLE_012,Jerimum de Cima,101554,84.50,86.50,2.00,IG,CTHM,,0.00,,,,,,,,,,,,,,,,,,,,,,,,,,,,,,,,,,,,,,,,,,,,,,,,,,,,,
HOLE_012,Jerimum de Cima,101555,86.50,88.80,2.30,IG,CTHM,,0.00,,,,,,,,,,,,,,,,,,,,,,,,,,,,,,,,,,,,,,,,,,,,,,,,,,,,,
HOLE_012,Jerimum de Cima,101556,88.80,90.80,2.00,IG,CTHM,,0.00,,,,,,,,,,,,,,,,,,,,,,,,,,,,,,,,,,,,,,,,,,,,,,,,,,,,,
HOLE_012,Jerimum de Cima,101557,90.80,92.80,2.00,IG,CTHM,,0.09,,,,,,,,,,,,,,,,,,,,,,,,,,,,,,,,,,,,,,,,,,,,,,,,,,,,,
HOLE_012,Jerimum de Cima,101558,92.80,94.80,2.00,IG,CTHM,,0.00,,,,,,,,,,,,,,,,,,,,,,,,,,,,,,,,,,,,,,,,,,,,,,,,,,,,,
HOLE_012,Jerimum de Cima,101559,94.80,96.80,2.00,IG,CTHM,,0.08,,,,,,,,,,,,,,,,,,,,,,,,,,,,,,,,,,,,,,,,,,,,,,,,,,,,,
HOLE_012,Jerimum de Cima,101560,96.80,98.80,2.00,IG,CTHM,,0.00,,,,,,,,,,,,,,,,,,,,,,,,,,,,,,,,,,,,,,,,,,,,,,,,,,,,,
HOLE_012,Jerimum de Cima,101561,98.80,100.80,2.00,IG,CTHM,,0.00,,,,,,,,,,,,,,,,,,,,,,,,,,,,,,,,,,,,,,,,,,,,,,,,,,,,,
HOLE_012,Jerimum de Cima,101562,100.80,102.80,2.00,IG,CTHM,,0.01,,,,,,,,,,,,,,,,,,,,,,,,,,,,,,,,,,,,,,,,,,,,,,,,,,,,,
HOLE_012,Jerimum de Cima,101563,102.80,104.80,2.00,IG,CTHM,,0.00,,,,,,,,,,,,,,,,,,,,,,,,,,,,,,,,,,,,,,,,,,,,,,,,,,,,,
HOLE_012,Jerimum de Cima,101564,104.80,106.80,2.00,IG,CTHM,,0.05,,,,,,,,,,,,,,,,,,,,,,,,,,,,,,,,,,,,,,,,,,,,,,,,,,,,,
HOLE_012,Jerimum de Cima,101565,106.80,108.80,2.00,IG,CTHM,,0.00,,,,,,,,,,,,,,,,,,,,,,,,,,,,,,,,,,,,,,,,,,,,,,,,,,,,,
HOLE_012,Jerimum de Cima,101566,108.80,110.80,2.00,IG,CTHM,,0.00,,,,,,,,,,,,,,,,,,,,,,,,,,,,,,,,,,,,,,,,,,,,,,,,,,,,,
HOLE_012,Jerimum de Cima,101567,110.80,112.80,2.00,IG,CTHM,,0.02,,,,,,,,,,,,,,,,,,,,,,,,,,,,,,,,,,,,,,,,,,,,,,,,,,,,,
HOLE_012,Jerimum de Cima,101568,112.80,115.80,3.00,IG,CTHM,,0.00,,,,,,,,,,,,,,,,,,,,,,,,,,,,,,,,,,,,,,,,,,,,,,,,,,,,,
HOLE_012,Jerimum de Cima,101569,115.80,117.80,2.00,IG,CTHM,,0.00,,,,,,,,,,,,,,,,,,,,,,,,,,,,,,,,,,,,,,,,,,,,,,,,,,,,,
HOLE_012,Jerimum de Cima,101570,117.80,118.80,1.00,IG,CTHM,,0.41,,,,,,,,,,,,,,,,,,,,,,,,,,,,,,,,,,,,,,,,,,,,,,,,,,,,,
HOLE_012,Jerimum de Cima,101571,118.80,120.80,2.00,IG,CTHM,,0.00,,,,,,,,,,,,,,,,,,,,,,,,,,,,,,,,,,,,,,,,,,,,,,,,,,,,,
HOLE_012,Jerimum de Cima,101572,120.80,122.80,2.00,IG,CTHM,,0.00,,,,,,,,,,,,,,,,,,,,,,,,,,,,,,,,,,,,,,,,,,,,,,,,,,,,,
HOLE_012,Jerimum de Cima,101573,122.80,124.80,2.00,IG,CTHM,,0.04,,,,,,,,,,,,,,,,,,,,,,,,,,,,,,,,,,,,,,,,,,,,,,,,,,,,,
HOLE_012,Jerimum de Cima,101574,124.80,126.40,1.60,IG,CTHM,,0.00,,,,,,,,,,,,,,,,,,,,,,,,,,,,,,,,,,,,,,,,,,,,,,,,,,,,,
HOLE_012,Jerimum de Cima,101575,126.40,128.40,2.00,IG,CTHM,,0.00,,,,,,,,,,,,,,,,,,,,,,,,,,,,,,,,,,,,,,,,,,,,,,,,,,,,,
HOLE_012,Jerimum de Cima,101576,128.40,130.40,2.00,IG,CTHM,,0.00,,,,,,,,,,,,,,,,,,,,,,,,,,,,,,,,,,,,,,,,,,,,,,,,,,,,,
HOLE_012,Jerimum de Cima,101577,130.40,132.40,2.00,IG,CTHM,,0.00,,,,,,,,,,,,,,,,,,,,,,,,,,,,,,,,,,,,,,,,,,,,,,,,,,,,,
HOLE_012,Jerimum de Cima,101578,132.40,134.40,2.00,IG,CTHM,,0.00,,,,,,,,,,,,,,,,,,,,,,,,,,,,,,,,,,,,,,,,,,,,,,,,,,,,,
HOLE_012,Jerimum de Cima,101579,134.40,136.40,2.00,IG,CTHM,,0.00,,,,,,,,,,,,,,,,,,,,,,,,,,,,,,,,,,,,,,,,,,,,,,,,,,,,,
HOLE_012,Jerimum de Cima,101580,136.40,138.40,2.00,IG,CTHM,,0.00,,,,,,,,,,,,,,,,,,,,,,,,,,,,,,,,,,,,,,,,,,,,,,,,,,,,,
HOLE_012,Jerimum de Cima,101581,138.40,140.40,2.00,IG,CTHM,,0.00,,,,,,,,,,,,,,,,,,,,,,,,,,,,,,,,,,,,,,,,,,,,,,,,,,,,,
HOLE_012,Jerimum de Cima,101582,140.40,142.10,1.70,IG,CTHM,,0.04,,,,,,,,,,,,,,,,,,,,,,,,,,,,,,,,,,,,,,,,,,,,,,,,,,,,,
HOLE_012,Jerimum de Cima,101583,142.10,142.80,0.70,IG,CTHM,,0.26,,,,,,,,,,,,,,,,,,,,,,,,,,,,,,,,,,,,,,,,,,,,,,,,,,,,,
HOLE_012,Jerimum de Cima,101584,142.80,143.70,0.90,IG,CT,,0.03,,,,,,,,,,,,,,,,,,,,,,,,,,,,,,,,,,,,,,,,,,,,,,,,,,,,,
HOLE_012,Jerimum de Cima,101585,143.70,145.00,1.30,IG,CT,,0.00,,,,,,,,,,,,,,,,,,,,,,,,,,,,,,,,,,,,,,,,,,,,,,,,,,,,,
HOLE_012,Jerimum de Cima,101586,145.00,146.10,1.10,IG,SER,,0.02,,,,,,,,,,,,,,,,,,,,,,,,,,,,,,,,,,,,,,,,,,,,,,,,,,,,,
HOLE_012,Jerimum de Cima,101587,146.10,147.10,1.00,IG,CT,,0.08,,,,,,,,,,,,,,,,,,,,,,,,,,,,,,,,,,,,,,,,,,,,,,,,,,,,,
HOLE_012,Jerimum de Cima,101588,147.10,148.60,1.50,IG,SER,,0.00,,,,,,,,,,,,,,,,,,,,,,,,,,,,,,,,,,,,,,,,,,,,,,,,,,,,,
HOLE_012,Jerimum de Cima,101589,148.60,149.10,0.50,IG,CT,,0.04,,,,,,,,,,,,,,,,,,,,,,,,,,,,,,,,,,,,,,,,,,,,,,,,,,,,,
HOLE_012,Jerimum de Cima,101590,149.10,149.60,0.50,IG,CT,,0.00,,,,,,,,,,,,,,,,,,,,,,,,,,,,,,,,,,,,,,,,,,,,,,,,,,,,,
HOLE_012,Jerimum de Cima,101591,149.60,150.10,0.50,IG,SER,,0.16,,,,,,,,,,,,,,,,,,,,,,,,,,,,,,,,,,,,,,,,,,,,,,,,,,,,,
HOLE_012,Jerimum de Cima,101592,150.10,150.60,0.50,IG,CT,,0.03,,,,,,,,,,,,,,,,,,,,,,,,,,,,,,,,,,,,,,,,,,,,,,,,,,,,,
HOLE_012,Jerimum de Cima,101593,150.60,151.10,0.50,IG,CT,,1.18,,,,,,,,,,,,,,,,,,,,,,,,,,,,,,,,,,,,,,,,,,,,,,,,,,,,,
HOLE_012,Jerimum de Cima,101594,151.10,152.60,1.50,IG,CT,,0.02,,,,,,,,,,,,,,,,,,,,,,,,,,,,,,,,,,,,,,,,,,,,,,,,,,,,,
HOLE_012,Jerimum de Cima,101595,152.60,153.30,0.70,IG,CT,,0.24,,,,,,,,,,,,,,,,,,,,,,,,,,,,,,,,,,,,,,,,,,,,,,,,,,,,,
HOLE_012,Jerimum de Cima,101596,153.30,154.50,1.20,IG,CT,,0.11,,,,,,,,,,,,,,,,,,,,,,,,,,,,,,,,,,,,,,,,,,,,,,,,,,,,,
HOLE_012,Jerimum de Cima,101597,154.50,155.00,0.50,IG,CT,,0.11,,,,,,,,,,,,,,,,,,,,,,,,,,,,,,,,,,,,,,,,,,,,,,,,,,,,,
HOLE_012,Jerimum de Cima,101598,155.00,157.60,2.60,IG,CT,,0.00,,,,,,,,,,,,,,,,,,,,,,,,,,,,,,,,,,,,,,,,,,,,,,,,,,,,,
HOLE_012,Jerimum de Cima,101599,157.60,158.10,0.50,IG,CTHM,,0.30,,,,,,,,,,,,,,,,,,,,,,,,,,,,,,,,,,,,,,,,,,,,,,,,,,,,,
HOLE_012,Jerimum de Cima,101600,158.10,158.90,0.80,IG,CTHM,,0.08,,,,,,,,,,,,,,,,,,,,,,,,,,,,,,,,,,,,,,,,,,,,,,,,,,,,,
HOLE_012,Jerimum de Cima,101601,158.90,160.90,2.00,IG,CT,,0.00,,,,,,,,,,,,,,,,,,,,,,,,,,,,,,,,,,,,,,,,,,,,,,,,,,,,,
HOLE_012,Jerimum de Cima,101602,160.90,162.90,2.00,IG,CT,,0.00,,,,,,,,,,,,,,,,,,,,,,,,,,,,,,,,,,,,,,,,,,,,,,,,,,,,,
HOLE_012,Jerimum de Cima,101603,162.90,164.90,2.00,IG,CTHM,,0.00,,,,,,,,,,,,,,,,,,,,,,,,,,,,,,,,,,,,,,,,,,,,,,,,,,,,,
HOLE_012,Jerimum de Cima,101604,164.90,166.90,2.00,IG,CTHM,,0.07,,,,,,,,,,,,,,,,,,,,,,,,,,,,,,,,,,,,,,,,,,,,,,,,,,,,,
HOLE_012,Jerimum de Cima,101605,166.90,168.90,2.00,IG,CTHM,,0.00,,,,,,,,,,,,,,,,,,,,,,,,,,,,,,,,,,,,,,,,,,,,,,,,,,,,,
HOLE_012,Jerimum de Cima,101606,168.90,170.90,2.00,IG,CTHM,,0.14,,,,,,,,,,,,,,,,,,,,,,,,,,,,,,,,,,,,,,,,,,,,,,,,,,,,,
HOLE_012,Jerimum de Cima,101607,170.90,172.30,1.40,IG,CTHM,,0.78,,,,,,,,,,,,,,,,,,,,,,,,,,,,,,,,,,,,,,,,,,,,,,,,,,,,,
HOLE_012,Jerimum de Cima,101608,172.30,174.30,2.00,IG,CTHM,,0.00,,,,,,,,,,,,,,,,,,,,,,,,,,,,,,,,,,,,,,,,,,,,,,,,,,,,,
HOLE_012,Jerimum de Cima,101609,174.30,175.50,1.20,IG,CTHM,,0.05,,,,,,,,,,,,,,,,,,,,,,,,,,,,,,,,,,,,,,,,,,,,,,,,,,,,,
HOLE_012,Jerimum de Cima,101610,175.50,177.20,1.70,IG,CTHM,,0.00,,,,,,,,,,,,,,,,,,,,,,,,,,,,,,,,,,,,,,,,,,,,,,,,,,,,,
HOLE_012,Jerimum de Cima,101611,177.20,178.20,1.00,IG,CTHM,,1.05,,,,,,,,,,,,,,,,,,,,,,,,,,,,,,,,,,,,,,,,,,,,,,,,,,,,,
HOLE_012,Jerimum de Cima,101612,178.20,180.20,2.00,IG,CTHM,,0.00,,,,,,,,,,,,,,,,,,,,,,,,,,,,,,,,,,,,,,,,,,,,,,,,,,,,,
HOLE_012,Jerimum de Cima,101613,180.20,182.20,2.00,IG,CTHM,,0.00,,,,,,,,,,,,,,,,,,,,,,,,,,,,,,,,,,,,,,,,,,,,,,,,,,,,,
HOLE_012,Jerimum de Cima,101614,182.20,184.20,2.00,IG,CT,,0.00,,,,,,,,,,,,,,,,,,,,,,,,,,,,,,,,,,,,,,,,,,,,,,,,,,,,,
HOLE_012,Jerimum de Cima,101615,184.20,186.20,2.00,IG,CTHM,,0.00,,,,,,,,,,,,,,,,,,,,,,,,,,,,,,,,,,,,,,,,,,,,,,,,,,,,,
HOLE_012,Jerimum de Cima,101616,186.20,187.30,1.10,IG,CTHM,,0.24,,,,,,,,,,,,,,,,,,,,,,,,,,,,,,,,,,,,,,,,,,,,,,,,,,,,,
HOLE_012,Jerimum de Cima,101617,187.30,189.60,2.30,IG,CTHM,,0.00,,,,,,,,,,,,,,,,,,,,,,,,,,,,,,,,,,,,,,,,,,,,,,,,,,,,,
HOLE_012,Jerimum de Cima,101618,189.60,191.20,1.60,MD,UAL,,0.10,,,,,,,,,,,,,,,,,,,,,,,,,,,,,,,,,,,,,,,,,,,,,,,,,,,,,
HOLE_012,Jerimum de Cima,101619,191.20,192.80,1.60,MD,UAL,,0.37,,,,,,,,,,,,,,,,,,,,,,,,,,,,,,,,,,,,,,,,,,,,,,,,,,,,,
HOLE_012,Jerimum de Cima,101620,192.80,193.80,1.00,IG,SER,,1.21,,,,,,,,,,,,,,,,,,,,,,,,,,,,,,,,,,,,,,,,,,,,,,,,,,,,,
HOLE_012,Jerimum de Cima,101621,193.80,194.80,1.00,IG,CTHM,,5.34,,,,,,,,,,,,,,,,,,,,,,,,,,,,,,,,,,,,,,,,,,,,,,,,,,,,,
HOLE_012,Jerimum de Cima,101622,194.80,196.80,2.00,IG,CTHM,,0.01,,,,,,,,,,,,,,,,,,,,,,,,,,,,,,,,,,,,,,,,,,,,,,,,,,,,,
HOLE_012,Jerimum de Cima,101623,196.80,198.80,2.00,IG,CTHM,,0.00,,,,,,,,,,,,,,,,,,,,,,,,,,,,,,,,,,,,,,,,,,,,,,,,,,,,,
HOLE_012,Jerimum de Cima,101624,198.80,200.80,2.00,IG,CTHM,,0.14,,,,,,,,,,,,,,,,,,,,,,,,,,,,,,,,,,,,,,,,,,,,,,,,,,,,,
HOLE_012,Jerimum de Cima,101625,200.80,202.80,2.00,IG,CTHM,,0.00,,,,,,,,,,,,,,,,,,,,,,,,,,,,,,,,,,,,,,,,,,,,,,,,,,,,,
HOLE_012,Jerimum de Cima,101626,202.80,204.10,1.30,IG,CTHM,,0.02,,,,,,,,,,,,,,,,,,,,,,,,,,,,,,,,,,,,,,,,,,,,,,,,,,,,,
HOLE_012,Jerimum de Cima,101627,204.10,205.40,1.30,IG,CTHM,,0.06,,,,,,,,,,,,,,,,,,,,,,,,,,,,,,,,,,,,,,,,,,,,,,,,,,,,,
HOLE_012,Jerimum de Cima,101628,205.40,207.40,2.00,IG,CTHM,,0.02,,,,,,,,,,,,,,,,,,,,,,,,,,,,,,,,,,,,,,,,,,,,,,,,,,,,,
HOLE_012,Jerimum de Cima,101629,207.40,209.40,2.00,IG,CTHM,,0.11,,,,,,,,,,,,,,,,,,,,,,,,,,,,,,,,,,,,,,,,,,,,,,,,,,,,,
HOLE_012,Jerimum de Cima,101630,209.40,211.40,2.00,IG,CTHM,,0.06,,,,,,,,,,,,,,,,,,,,,,,,,,,,,,,,,,,,,,,,,,,,,,,,,,,,,
HOLE_012,Jerimum de Cima,101631,211.40,212.60,1.20,IG,CTHM,,0.00,,,,,,,,,,,,,,,,,,,,,,,,,,,,,,,,,,,,,,,,,,,,,,,,,,,,,
HOLE_012,Jerimum de Cima,101632,212.60,214.60,2.00,IG,CT,,0.00,,,,,,,,,,,,,,,,,,,,,,,,,,,,,,,,,,,,,,,,,,,,,,,,,,,,,
HOLE_012,Jerimum de Cima,101633,214.60,216.60,2.00,IG,CT,,0.00,,,,,,,,,,,,,,,,,,,,,,,,,,,,,,,,,,,,,,,,,,,,,,,,,,,,,
HOLE_012,Jerimum de Cima,101634,216.60,218.60,2.00,IG,CT,,0.00,,,,,,,,,,,,,,,,,,,,,,,,,,,,,,,,,,,,,,,,,,,,,,,,,,,,,
HOLE_012,Jerimum de Cima,101635,218.60,220.60,2.00,IG,CT,,0.00,,,,,,,,,,,,,,,,,,,,,,,,,,,,,,,,,,,,,,,,,,,,,,,,,,,,,
HOLE_012,Jerimum de Cima,101636,220.60,222.60,2.00,IG,CT,,0.03,,,,,,,,,,,,,,,,,,,,,,,,,,,,,,,,,,,,,,,,,,,,,,,,,,,,,
HOLE_012,Jerimum de Cima,101637,222.60,224.60,2.00,IG,CT,,0.00,,,,,,,,,,,,,,,,,,,,,,,,,,,,,,,,,,,,,,,,,,,,,,,,,,,,,
HOLE_012,Jerimum de Cima,101638,224.60,226.40,1.80,IG,CT,,0.00,,,,,,,,,,,,,,,,,,,,,,,,,,,,,,,,,,,,,,,,,,,,,,,,,,,,,
HOLE_012,Jerimum de Cima,101639,226.40,229.20,2.80,IG,CT,,0.00,,,,,,,,,,,,,,,,,,,,,,,,,,,,,,,,,,,,,,,,,,,,,,,,,,,,,
HOLE_012,Jerimum de Cima,101640,229.20,229.70,0.50,IG,CT,,1.09,,,,,,,,,,,,,,,,,,,,,,,,,,,,,,,,,,,,,,,,,,,,,,,,,,,,,
HOLE_012,Jerimum de Cima,101641,229.70,231.60,1.90,IG,CT,,0.01,,,,,,,,,,,,,,,,,,,,,,,,,,,,,,,,,,,,,,,,,,,,,,,,,,,,,
HOLE_012,Jerimum de Cima,101642,231.60,233.10,1.50,IG,CTHM,,0.00,,,,,,,,,,,,,,,,,,,,,,,,,,,,,,,,,,,,,,,,,,,,,,,,,,,,,
HOLE_012,Jerimum de Cima,101643,233.10,233.60,0.50,IG,SER,,0.37,,,,,,,,,,,,,,,,,,,,,,,,,,,,,,,,,,,,,,,,,,,,,,,,,,,,,
HOLE_012,Jerimum de Cima,101644,233.60,234.10,0.50,IG,CTHM,,0.00,,,,,,,,,,,,,,,,,,,,,,,,,,,,,,,,,,,,,,,,,,,,,,,,,,,,,
HOLE_012,Jerimum de Cima,101645,234.10,234.60,0.50,IG,SER,,0.43,,,,,,,,,,,,,,,,,,,,,,,,,,,,,,,,,,,,,,,,,,,,,,,,,,,,,
HOLE_012,Jerimum de Cima,101646,234.60,236.00,1.40,IG,CTHM,,0.00,,,,,,,,,,,,,,,,,,,,,,,,,,,,,,,,,,,,,,,,,,,,,,,,,,,,,
HOLE_012,Jerimum de Cima,101647,236.00,236.80,0.80,IG,CTHM,,0.41,,,,,,,,,,,,,,,,,,,,,,,,,,,,,,,,,,,,,,,,,,,,,,,,,,,,,
HOLE_012,Jerimum de Cima,101648,236.80,237.70,0.90,IG,CTHM,,0.01,,,,,,,,,,,,,,,,,,,,,,,,,,,,,,,,,,,,,,,,,,,,,,,,,,,,,
HOLE_012,Jerimum de Cima,101649,237.70,240.20,2.50,IG,CTHM,,0.00,,,,,,,,,,,,,,,,,,,,,,,,,,,,,,,,,,,,,,,,,,,,,,,,,,,,,
HOLE_012,Jerimum de Cima,101650,240.20,240.70,0.50,IG,CTHM,,0.18,,,,,,,,,,,,,,,,,,,,,,,,,,,,,,,,,,,,,,,,,,,,,,,,,,,,,
HOLE_012,Jerimum de Cima,101651,240.70,241.20,0.50,IG,CTHM,,0.36,,,,,,,,,,,,,,,,,,,,,,,,,,,,,,,,,,,,,,,,,,,,,,,,,,,,,
HOLE_012,Jerimum de Cima,101652,241.20,243.80,2.60,IG,CTHM,,0.00,,,,,,,,,,,,,,,,,,,,,,,,,,,,,,,,,,,,,,,,,,,,,,,,,,,,,
HOLE_013,Jerimum de Cima,101653,0.00,1.00,1.00,IG,,VN,0.56,,,,,,,,,,,,,,,,,,,,,,,,,,,,,,,,,,,,,,,,,,,,,,,,,,,,,
HOLE_013,Jerimum de Cima,101654,1.00,2.00,1.00,IG,,VN,0.69,,,,,,,,,,,,,,,,,,,,,,,,,,,,,,,,,,,,,,,,,,,,,,,,,,,,,
HOLE_013,Jerimum de Cima,101655,2.00,3.00,1.00,IG,,VN,0.31,,,,,,,,,,,,,,,,,,,,,,,,,,,,,,,,,,,,,,,,,,,,,,,,,,,,,
HOLE_013,Jerimum de Cima,101656,3.00,4.00,1.00,IG,,VN,0.33,,,,,,,,,,,,,,,,,,,,,,,,,,,,,,,,,,,,,,,,,,,,,,,,,,,,,
HOLE_013,Jerimum de Cima,101657,4.00,5.00,1.00,IG,,VN,0.17,,,,,,,,,,,,,,,,,,,,,,,,,,,,,,,,,,,,,,,,,,,,,,,,,,,,,
HOLE_013,Jerimum de Cima,101658,5.00,6.00,1.00,IG,,VN,0.97,,,,,,,,,,,,,,,,,,,,,,,,,,,,,,,,,,,,,,,,,,,,,,,,,,,,,
HOLE_013,Jerimum de Cima,101659,6.00,7.00,1.00,IG,,VN,0.19,,,,,,,,,,,,,,,,,,,,,,,,,,,,,,,,,,,,,,,,,,,,,,,,,,,,,
HOLE_013,Jerimum de Cima,101660,7.00,8.00,1.00,IG,,VN,2.03,,,,,,,,,,,,,,,,,,,,,,,,,,,,,,,,,,,,,,,,,,,,,,,,,,,,,
HOLE_013,Jerimum de Cima,101661,8.00,9.00,1.00,IG,,VN,0.05,,,,,,,,,,,,,,,,,,,,,,,,,,,,,,,,,,,,,,,,,,,,,,,,,,,,,
HOLE_013,Jerimum de Cima,101662,9.00,10.00,1.00,IG,,VN,1.04,,,,,,,,,,,,,,,,,,,,,,,,,,,,,,,,,,,,,,,,,,,,,,,,,,,,,
HOLE_013,Jerimum de Cima,101663,10.00,11.00,1.00,IG,,VN,0.31,,,,,,,,,,,,,,,,,,,,,,,,,,,,,,,,,,,,,,,,,,,,,,,,,,,,,
HOLE_013,Jerimum de Cima,101664,11.00,12.60,1.60,IG,,VN,0.49,,,,,,,,,,,,,,,,,,,,,,,,,,,,,,,,,,,,,,,,,,,,,,,,,,,,,
HOLE_014,Jerimum de Cima,101665,0.00,1.00,1.00,IG,,VN,2.59,,,,,,,,,,,,,,,,,,,,,,,,,,,,,,,,,,,,,,,,,,,,,,,,,,,,,
HOLE_014,Jerimum de Cima,101666,1.00,2.00,1.00,IG,,VN,4.16,,,,,,,,,,,,,,,,,,,,,,,,,,,,,,,,,,,,,,,,,,,,,,,,,,,,,
HOLE_014,Jerimum de Cima,101667,2.00,3.00,1.00,IG,,VN,2.94,,,,,,,,,,,,,,,,,,,,,,,,,,,,,,,,,,,,,,,,,,,,,,,,,,,,,
HOLE_014,Jerimum de Cima,101668,3.00,4.00,1.00,IG,,VN,1.90,,,,,,,,,,,,,,,,,,,,,,,,,,,,,,,,,,,,,,,,,,,,,,,,,,,,,
HOLE_014,Jerimum de Cima,101669,4.00,5.00,1.00,IG,,VN,4.22,,,,,,,,,,,,,,,,,,,,,,,,,,,,,,,,,,,,,,,,,,,,,,,,,,,,,
HOLE_014,Jerimum de Cima,101670,5.00,6.00,1.00,IG,,VN,0.61,,,,,,,,,,,,,,,,,,,,,,,,,,,,,,,,,,,,,,,,,,,,,,,,,,,,,
HOLE_014,Jerimum de Cima,101671,6.00,7.00,1.00,IG,,VN,0.66,,,,,,,,,,,,,,,,,,,,,,,,,,,,,,,,,,,,,,,,,,,,,,,,,,,,,
HOLE_014,Jerimum de Cima,101672,7.00,8.00,1.00,IG,,VN,0.37,,,,,,,,,,,,,,,,,,,,,,,,,,,,,,,,,,,,,,,,,,,,,,,,,,,,,
HOLE_014,Jerimum de Cima,101673,8.00,9.00,1.00,IG,,VN,0.29,,,,,,,,,,,,,,,,,,,,,,,,,,,,,,,,,,,,,,,,,,,,,,,,,,,,,
HOLE_015,Jerimum de Cima,101674,0.00,1.00,1.00,SAP,,PV,0.09,,,,,,,,,,,,,,,,,,,,,,,,,,,,,,,,,,,,,,,,,,,,,,,,,,,,,
HOLE_015,Jerimum de Cima,101675,1.00,2.00,1.00,SAP,,,1.15,,,,,,,,,,,,,,,,,,,,,,,,,,,,,,,,,,,,,,,,,,,,,,,,,,,,,
HOLE_015,Jerimum de Cima,101676,2.00,3.00,1.00,SAP,,PV,0.10,,,,,,,,,,,,,,,,,,,,,,,,,,,,,,,,,,,,,,,,,,,,,,,,,,,,,
HOLE_015,Jerimum de Cima,101677,3.00,4.00,1.00,SAP,,,0.09,,,,,,,,,,,,,,,,,,,,,,,,,,,,,,,,,,,,,,,,,,,,,,,,,,,,,
HOLE_015,Jerimum de Cima,101678,4.00,5.00,1.00,SAP,,,0.57,,,,,,,,,,,,,,,,,,,,,,,,,,,,,,,,,,,,,,,,,,,,,,,,,,,,,
HOLE_015,Jerimum de Cima,101679,5.00,6.00,1.00,SHR,,PV,2.72,,,,,,,,,,,,,,,,,,,,,,,,,,,,,,,,,,,,,,,,,,,,,,,,,,,,,
HOLE_015,Jerimum de Cima,101680,6.00,7.00,1.00,SHR,,PV,2.17,,,,,,,,,,,,,,,,,,,,,,,,,,,,,,,,,,,,,,,,,,,,,,,,,,,,,
HOLE_015,Jerimum de Cima,101681,7.00,8.00,1.00,SHR,,PV,0.79,,,,,,,,,,,,,,,,,,,,,,,,,,,,,,,,,,,,,,,,,,,,,,,,,,,,,
HOLE_015,Jerimum de Cima,101682,8.00,9.00,1.00,SHR,,PV,0.90,,,,,,,,,,,,,,,,,,,,,,,,,,,,,,,,,,,,,,,,,,,,,,,,,,,,,
HOLE_016,Jerimum de Cima,101683,0.00,0.90,0.90,SAP,,PV,0.22,,,,,,,,,,,,,,,,,,,,,,,,,,,,,,,,,,,,,,,,,,,,,,,,,,,,,
HOLE_016,Jerimum de Cima,101684,0.90,1.60,0.70,SAP,,,0.10,,,,,,,,,,,,,,,,,,,,,,,,,,,,,,,,,,,,,,,,,,,,,,,,,,,,,
HOLE_016,Jerimum de Cima,101685,1.60,2.10,0.50,SAP,,PV,0.48,,,,,,,,,,,,,,,,,,,,,,,,,,,,,,,,,,,,,,,,,,,,,,,,,,,,,
HOLE_017,Jerimum de Cima,101686,0.00,0.60,0.60,SAP,,PV,5.03,,,,,,,,,,,,,,,,,,,,,,,,,,,,,,,,,,,,,,,,,,,,,,,,,,,,,
HOLE_018,Jerimum de Cima,101687,0.00,1.70,1.70,SAP,,PV,15.69,,,,,,,,,,,,,,,,,,,,,,,,,,,,,,,,,,,,,,,,,,,,,,,,,,,,,
HOLE_019,Jerimum de Cima,101688,0.00,2.40,2.40,SAP,,PV,1.31,,,,,,,,,,,,,,,,,,,,,,,,,,,,,,,,,,,,,,,,,,,,,,,,,,,,,
HOLE_020,Jerimum de Cima,101689,0.00,2.00,2.00,IG,,PV,1.68,,,,,,,,,,,,,,,,,,,,,,,,,,,,,,,,,,,,,,,,,,,,,,,,,,,,,
HOLE_020,Jerimum de Cima,101690,2.00,4.00,2.00,IG,,PV,0.24,,,,,,,,,,,,,,,,,,,,,,,,,,,,,,,,,,,,,,,,,,,,,,,,,,,,,
HOLE_020,Jerimum de Cima,101691,4.00,6.00,2.00,IG,,PV,0.48,,,,,,,,,,,,,,,,,,,,,,,,,,,,,,,,,,,,,,,,,,,,,,,,,,,,,
HOLE_020,Jerimum de Cima,101692,6.00,8.00,2.00,IG,,PV,0.43,,,,,,,,,,,,,,,,,,,,,,,,,,,,,,,,,,,,,,,,,,,,,,,,,,,,,
HOLE_020,Jerimum de Cima,101693,8.00,9.40,1.40,IG,,PV,2.10,,,,,,,,,,,,,,,,,,,,,,,,,,,,,,,,,,,,,,,,,,,,,,,,,,,,,
HOLE_020,Jerimum de Cima,101694,9.40,10.40,1.00,IG,,PV,0.60,,,,,,,,,,,,,,,,,,,,,,,,,,,,,,,,,,,,,,,,,,,,,,,,,,,,,
HOLE_020,Jerimum de Cima,101695,10.40,12.40,2.00,IG,,PV,7.17,,,,,,,,,,,,,,,,,,,,,,,,,,,,,,,,,,,,,,,,,,,,,,,,,,,,,
HOLE_020,Jerimum de Cima,101696,12.40,14.40,2.00,IG,,PV,0.06,,,,,,,,,,,,,,,,,,,,,,,,,,,,,,,,,,,,,,,,,,,,,,,,,,,,,
HOLE_021,Jerimum de Cima,101697,0.00,2.00,2.00,SAP,,,0.24,,,,,,,,,,,,,,,,,,,,,,,,,,,,,,,,,,,,,,,,,,,,,,,,,,,,,
HOLE_021,Jerimum de Cima,101698,2.00,4.00,2.00,SAP,,,0.03,,,,,,,,,,,,,,,,,,,,,,,,,,,,,,,,,,,,,,,,,,,,,,,,,,,,,
HOLE_021,Jerimum de Cima,101699,4.00,6.00,2.00,SAP,,,0.16,,,,,,,,,,,,,,,,,,,,,,,,,,,,,,,,,,,,,,,,,,,,,,,,,,,,,
HOLE_021,Jerimum de Cima,101700,6.00,7.00,1.00,SAP,,,0.09,,,,,,,,,,,,,,,,,,,,,,,,,,,,,,,,,,,,,,,,,,,,,,,,,,,,,
HOLE_021,Jerimum de Cima,101701,7.00,8.00,1.00,SAP,,,0.14,,,,,,,,,,,,,,,,,,,,,,,,,,,,,,,,,,,,,,,,,,,,,,,,,,,,,
HOLE_021,Jerimum de Cima,101702,8.00,9.00,1.00,SAP,,,0.20,,,,,,,,,,,,,,,,,,,,,,,,,,,,,,,,,,,,,,,,,,,,,,,,,,,,,
HOLE_022,Jerimum de Cima,101703,0.00,2.00,2.00,SAP,,,0.32,,,,,,,,,,,,,,,,,,,,,,,,,,,,,,,,,,,,,,,,,,,,,,,,,,,,,
HOLE_022,Jerimum de Cima,101704,2.00,4.00,2.00,SAP,,,0.06,,,,,,,,,,,,,,,,,,,,,,,,,,,,,,,,,,,,,,,,,,,,,,,,,,,,,
HOLE_022,Jerimum de Cima,101705,4.00,6.00,2.00,SAP,,,0.07,,,,,,,,,,,,,,,,,,,,,,,,,,,,,,,,,,,,,,,,,,,,,,,,,,,,,
HOLE_022,Jerimum de Cima,101706,6.00,8.00,2.00,SAP,,,0.05,,,,,,,,,,,,,,,,,,,,,,,,,,,,,,,,,,,,,,,,,,,,,,,,,,,,,
HOLE_022,Jerimum de Cima,101707,8.00,10.00,2.00,SAP,,,0.07,,,,,,,,,,,,,,,,,,,,,,,,,,,,,,,,,,,,,,,,,,,,,,,,,,,,,
HOLE_022,Jerimum de Cima,101708,10.00,12.00,2.00,SAP,,,0.10,,,,,,,,,,,,,,,,,,,,,,,,,,,,,,,,,,,,,,,,,,,,,,,,,,,,,
HOLE_022,Jerimum de Cima,101709,12.00,14.00,2.00,SAP,,,0.04,,,,,,,,,,,,,,,,,,,,,,,,,,,,,,,,,,,,,,,,,,,,,,,,,,,,,
HOLE_022,Jerimum de Cima,101710,14.00,16.00,2.00,SAP,,,0.03,,,,,,,,,,,,,,,,,,,,,,,,,,,,,,,,,,,,,,,,,,,,,,,,,,,,,
HOLE_022,Jerimum de Cima,101711,16.00,18.00,2.00,SAP,,,0.02,,,,,,,,,,,,,,,,,,,,,,,,,,,,,,,,,,,,,,,,,,,,,,,,,,,,,
HOLE_022,Jerimum de Cima,101712,18.00,20.80,2.80,SAP,,,0.02,,,,,,,,,,,,,,,,,,,,,,,,,,,,,,,,,,,,,,,,,,,,,,,,,,,,,
HOLE_023,Jerimum de Cima,101713,0.00,3.00,3.00,IG,,PV,0.97,,,,,,,,,,,,,,,,,,,,,,,,,,,,,,,,,,,,,,,,,,,,,,,,,,,,,
HOLE_023,Jerimum de Cima,101714,3.00,6.90,3.90,IG,,PV,1.16,,,,,,,,,,,,,,,,,,,,,,,,,,,,,,,,,,,,,,,,,,,,,,,,,,,,,
HOLE_023,Jerimum de Cima,101715,6.90,9.00,2.10,IG,,PV,1.30,,,,,,,,,,,,,,,,,,,,,,,,,,,,,,,,,,,,,,,,,,,,,,,,,,,,,
HOLE_024,Jerimum de Cima,101716,0.00,3.00,3.00,IG,,PV,0.34,,,,,,,,,,,,,,,,,,,,,,,,,,,,,,,,,,,,,,,,,,,,,,,,,,,,,
HOLE_024,Jerimum de Cima,101717,3.00,6.00,3.00,IG,,PV,0.09,,,,,,,,,,,,,,,,,,,,,,,,,,,,,,,,,,,,,,,,,,,,,,,,,,,,,
HOLE_024,Jerimum de Cima,101718,6.00,9.00,3.00,IG,,PV,0.07,,,,,,,,,,,,,,,,,,,,,,,,,,,,,,,,,,,,,,,,,,,,,,,,,,,,,
HOLE_024,Jerimum de Cima,101719,9.00,12.00,3.00,IG,,PV,0.55,,,,,,,,,,,,,,,,,,,,,,,,,,,,,,,,,,,,,,,,,,,,,,,,,,,,,
HOLE_024,Jerimum de Cima,101720,12.00,15.00,3.00,IG,,PV,0.11,,,,,,,,,,,,,,,,,,,,,,,,,,,,,,,,,,,,,,,,,,,,,,,,,,,,,
HOLE_024,Jerimum de Cima,101721,15.00,18.00,3.00,IG,,PV,0.03,,,,,,,,,,,,,,,,,,,,,,,,,,,,,,,,,,,,,,,,,,,,,,,,,,,,,
HOLE_024,Jerimum de Cima,101722,18.00,21.00,3.00,IG,,PV,0.55,,,,,,,,,,,,,,,,,,,,,,,,,,,,,,,,,,,,,,,,,,,,,,,,,,,,,
HOLE_024,Jerimum de Cima,101723,21.00,24.00,3.00,IG,,PV,0.74,,,,,,,,,,,,,,,,,,,,,,,,,,,,,,,,,,,,,,,,,,,,,,,,,,,,,
HOLE_024,Jerimum de Cima,101724,24.00,27.00,3.00,IG,,PV,0.05,,,,,,,,,,,,,,,,,,,,,,,,,,,,,,,,,,,,,,,,,,,,,,,,,,,,,
HOLE_024,Jerimum de Cima,101725,27.00,30.00,3.00,IG,,PV,0.01,,,,,,,,,,,,,,,,,,,,,,,,,,,,,,,,,,,,,,,,,,,,,,,,,,,,,
HOLE_024,Jerimum de Cima,101726,30.00,33.00,3.00,IG,,PV,0.02,,,,,,,,,,,,,,,,,,,,,,,,,,,,,,,,,,,,,,,,,,,,,,,,,,,,,
HOLE_024,Jerimum de Cima,101727,33.00,35.00,2.00,IG,,PV,0.08,,,,,,,,,,,,,,,,,,,,,,,,,,,,,,,,,,,,,,,,,,,,,,,,,,,,,
HOLE_024,Jerimum de Cima,101728,35.00,37.00,2.00,IG,,PV,0.02,,,,,,,,,,,,,,,,,,,,,,,,,,,,,,,,,,,,,,,,,,,,,,,,,,,,,
HOLE_024,Jerimum de Cima,101729,37.00,40.00,3.00,IG,,PV,0.01,,,,,,,,,,,,,,,,,,,,,,,,,,,,,,,,,,,,,,,,,,,,,,,,,,,,,
HOLE_024,Jerimum de Cima,101730,40.00,43.00,3.00,IG,,PV,0.06,,,,,,,,,,,,,,,,,,,,,,,,,,,,,,,,,,,,,,,,,,,,,,,,,,,,,
HOLE_024,Jerimum de Cima,101731,43.00,47.50,4.50,IG,,PV,0.14,,,,,,,,,,,,,,,,,,,,,,,,,,,,,,,,,,,,,,,,,,,,,,,,,,,,,
HOLE_025,Jerimum de Cima,101732,0.00,3.00,3.00,IG,,PV,0.10,,,,,,,,,,,,,,,,,,,,,,,,,,,,,,,,,,,,,,,,,,,,,,,,,,,,,
HOLE_025,Jerimum de Cima,101733,3.00,6.00,3.00,IG,,PV,0.75,,,,,,,,,,,,,,,,,,,,,,,,,,,,,,,,,,,,,,,,,,,,,,,,,,,,,
HOLE_025,Jerimum de Cima,101734,6.00,9.00,3.00,IG,,PV,0.11,,,,,,,,,,,,,,,,,,,,,,,,,,,,,,,,,,,,,,,,,,,,,,,,,,,,,
HOLE_025,Jerimum de Cima,101735,9.00,12.00,3.00,IG,,PV,0.06,,,,,,,,,,,,,,,,,,,,,,,,,,,,,,,,,,,,,,,,,,,,,,,,,,,,,
HOLE_026,Jerimum de Cima,101736,0.00,1.75,1.75,IG,,PV,,,,,,,,,,,,,,,,,,,,,,,,,,,,,,,,,,,,,,,,,,,,,,,,,,,,,,
HOLE_026,Jerimum de Cima,101737,1.75,3.00,1.25,VEN,,PV,,,,,,,,,,,,,,,,,,,,,,,,,,,,,,,,,,,,,,,,,,,,,,,,,,,,,,
HOLE_026,Jerimum de Cima,101738,3.00,3.90,0.90,VEN,,PV,,,,,,,,,,,,,,,,,,,,,,,,,,,,,,,,,,,,,,,,,,,,,,,,,,,,,,
HOLE_026,Jerimum de Cima,101739,3.90,5.00,1.10,VEN,,PV,,,,,,,,,,,,,,,,,,,,,,,,,,,,,,,,,,,,,,,,,,,,,,,,,,,,,,
HOLE_026,Jerimum de Cima,101740,5.00,6.85,1.85,IG,,,,,,,,,,,,,,,,,,,,,,,,,,,,,,,,,,,,,,,,,,,,,,,,,,,,,,,,
HOLE_026,Jerimum de Cima,101741,6.85,9.65,2.80,IG,,,,,,,,,,,,,,,,,,,,,,,,,,,,,,,,,,,,,,,,,,,,,,,,,,,,,,,,
HOLE_026,Jerimum de Cima,101742,9.65,11.65,2.00,IG,,VN,,,,,,,,,,,,,,,,,,,,,,,,,,,,,,,,,,,,,,,,,,,,,,,,,,,,,,
HOLE_026,Jerimum de Cima,101743,11.65,13.65,2.00,IG,,VN,,,,,,,,,,,,,,,,,,,,,,,,,,,,,,,,,,,,,,,,,,,,,,,,,,,,,,
HOLE_026,Jerimum de Cima,101744,13.65,16.30,2.65,IG,,VN,,,,,,,,,,,,,,,,,,,,,,,,,,,,,,,,,,,,,,,,,,,,,,,,,,,,,,
HOLE_027,Jerimum de Cima,101745,0.00,2.90,2.90,IG,,VN,0.39,,,,,,,,,,,,,,,,,,,,,,,,,,,,,,,,,,,,,,,,,,,,,,,,,,,,,
HOLE_027,Jerimum de Cima,101746,2.90,3.50,0.60,IG,,VN,0.09,,,,,,,,,,,,,,,,,,,,,,,,,,,,,,,,,,,,,,,,,,,,,,,,,,,,,
HOLE_027,Jerimum de Cima,101747,3.50,4.80,1.30,IG,,VN,0.08,,,,,,,,,,,,,,,,,,,,,,,,,,,,,,,,,,,,,,,,,,,,,,,,,,,,,
HOLE_027,Jerimum de Cima,101748,4.80,5.60,0.80,VEN,,PV,0.15,,,,,,,,,,,,,,,,,,,,,,,,,,,,,,,,,,,,,,,,,,,,,,,,,,,,,
HOLE_027,Jerimum de Cima,101749,5.60,6.80,1.20,VEN,,PV,9.16,,,,,,,,,,,,,,,,,,,,,,,,,,,,,,,,,,,,,,,,,,,,,,,,,,,,,
HOLE_027,Jerimum de Cima,101750,6.80,8.80,2.00,IG,,PA,0.23,,,,,,,,,,,,,,,,,,,,,,,,,,,,,,,,,,,,,,,,,,,,,,,,,,,,,
HOLE_027,Jerimum de Cima,101751,8.80,9.85,1.05,IG,,PA,0.38,,,,,,,,,,,,,,,,,,,,,,,,,,,,,,,,,,,,,,,,,,,,,,,,,,,,,
HOLE_028,Jerimum de Cima,101752,0.00,2.00,2.00,IG,,PV,0.20,,,,,,,,,,,,,,,,,,,,,,,,,,,,,,,,,,,,,,,,,,,,,,,,,,,,,
HOLE_028,Jerimum de Cima,101753,2.00,4.00,2.00,IG,,PV,0.03,,,,,,,,,,,,,,,,,,,,,,,,,,,,,,,,,,,,,,,,,,,,,,,,,,,,,
HOLE_028,Jerimum de Cima,101754,4.00,6.00,2.00,IG,,VN,0.51,,,,,,,,,,,,,,,,,,,,,,,,,,,,,,,,,,,,,,,,,,,,,,,,,,,,,
HOLE_028,Jerimum de Cima,101755,6.00,8.00,2.00,IG,,VN,0.28,,,,,,,,,,,,,,,,,,,,,,,,,,,,,,,,,,,,,,,,,,,,,,,,,,,,,
HOLE_028,Jerimum de Cima,101756,8.00,10.00,2.00,IG,,VN,0.15,,,,,,,,,,,,,,,,,,,,,,,,,,,,,,,,,,,,,,,,,,,,,,,,,,,,,
HOLE_028,Jerimum de Cima,101757,10.00,12.00,2.00,IG,,VN,8.46,,,,,,,,,,,,,,,,,,,,,,,,,,,,,,,,,,,,,,,,,,,,,,,,,,,,,
HOLE_028,Jerimum de Cima,101758,12.00,14.00,2.00,IG,,VN,0.20,,,,,,,,,,,,,,,,,,,,,,,,,,,,,,,,,,,,,,,,,,,,,,,,,,,,,
HOLE_028,Jerimum de Cima,101759,14.00,16.00,2.00,IG,,VN,0.86,,,,,,,,,,,,,,,,,,,,,,,,,,,,,,,,,,,,,,,,,,,,,,,,,,,,,
HOLE_028,Jerimum de Cima,101760,16.00,18.00,2.00,IG,,VN,0.70,,,,,,,,,,,,,,,,,,,,,,,,,,,,,,,,,,,,,,,,,,,,,,,,,,,,,
HOLE_028,Jerimum de Cima,101761,18.00,20.00,2.00,IG,,VN,0.13,,,,,,,,,,,,,,,,,,,,,,,,,,,,,,,,,,,,,,,,,,,,,,,,,,,,,
HOLE_029,Jerimum de Cima,101762,0.00,3.00,3.00,SHR,,PV,0.27,,,,,,,,,,,,,,,,,,,,,,,,,,,,,,,,,,,,,,,,,,,,,,,,,,,,,
HOLE_029,Jerimum de Cima,101763,3.00,6.00,3.00,IG,,PV,0.03,,,,,,,,,,,,,,,,,,,,,,,,,,,,,,,,,,,,,,,,,,,,,,,,,,,,,
HOLE_029,Jerimum de Cima,101764,6.00,8.00,2.00,SHR,,PV,0.09,,,,,,,,,,,,,,,,,,,,,,,,,,,,,,,,,,,,,,,,,,,,,,,,,,,,,
HOLE_029,Jerimum de Cima,101765,8.00,9.00,1.00,SHR,,PV,0.02,,,,,,,,,,,,,,,,,,,,,,,,,,,,,,,,,,,,,,,,,,,,,,,,,,,,,
HOLE_029,Jerimum de Cima,101766,9.00,9.50,0.50,SHR,,PV,1.63,,,,,,,,,,,,,,,,,,,,,,,,,,,,,,,,,,,,,,,,,,,,,,,,,,,,,
HOLE_029,Jerimum de Cima,101767,9.50,12.00,2.50,SHR,,PV,0.02,,,,,,,,,,,,,,,,,,,,,,,,,,,,,,,,,,,,,,,,,,,,,,,,,,,,,
HOLE_029,Jerimum de Cima,101768,12.00,15.00,3.00,IG,,PV,0.02,,,,,,,,,,,,,,,,,,,,,,,,,,,,,,,,,,,,,,,,,,,,,,,,,,,,,
HOLE_029,Jerimum de Cima,101769,15.00,18.00,3.00,IG,,PV,0.02,,,,,,,,,,,,,,,,,,,,,,,,,,,,,,,,,,,,,,,,,,,,,,,,,,,,,
HOLE_029,Jerimum de Cima,101770,18.00,21.00,3.00,IG,,PV,0.02,,,,,,,,,,,,,,,,,,,,,,,,,,,,,,,,,,,,,,,,,,,,,,,,,,,,,
HOLE_029,Jerimum de Cima,101771,21.00,24.50,3.50,IG,,PV,0.03,,,,,,,,,,,,,,,,,,,,,,,,,,,,,,,,,,,,,,,,,,,,,,,,,,,,,
HOLE_029,Jerimum de Cima,101772,24.50,26.50,2.00,SHR,,PV,0.12,,,,,,,,,,,,,,,,,,,,,,,,,,,,,,,,,,,,,,,,,,,,,,,,,,,,,
HOLE_029,Jerimum de Cima,101773,26.50,28.50,2.00,SHR,,PV,0.11,,,,,,,,,,,,,,,,,,,,,,,,,,,,,,,,,,,,,,,,,,,,,,,,,,,,,
HOLE_029,Jerimum de Cima,101774,28.50,31.50,3.00,IG,,PV,0.03,,,,,,,,,,,,,,,,,,,,,,,,,,,,,,,,,,,,,,,,,,,,,,,,,,,,,
HOLE_030,Jerimum de Cima,101775,0.00,1.00,1.00,QMBT,,,0.79,,,,,,,,,,,,,,,,,,,,,,,,,,,,,,,,,,,,,,,,,,,,,,,,,,,,,
HOLE_030,Jerimum de Cima,101776,1.00,2.00,1.00,QMBT,,,2.71,,,,,,,,,,,,,,,,,,,,,,,,,,,,,,,,,,,,,,,,,,,,,,,,,,,,,
HOLE_030,Jerimum de Cima,101777,2.00,3.00,1.00,QMBT,,,0.65,,,,,,,,,,,,,,,,,,,,,,,,,,,,,,,,,,,,,,,,,,,,,,,,,,,,,
HOLE_030,Jerimum de Cima,101778,3.00,4.00,1.00,QMBT,,,0.92,,,,,,,,,,,,,,,,,,,,,,,,,,,,,,,,,,,,,,,,,,,,,,,,,,,,,
HOLE_030,Jerimum de Cima,101779,4.00,5.00,1.00,QMBT,,,0.15,,,,,,,,,,,,,,,,,,,,,,,,,,,,,,,,,,,,,,,,,,,,,,,,,,,,,
HOLE_030,Jerimum de Cima,101780,5.00,6.00,1.00,SAP,SER,PV,0.30,,,,,,,,,,,,,,,,,,,,,,,,,,,,,,,,,,,,,,,,,,,,,,,,,,,,,
HOLE_030,Jerimum de Cima,101781,6.00,7.00,1.00,SAP,SER,PV,0.18,,,,,,,,,,,,,,,,,,,,,,,,,,,,,,,,,,,,,,,,,,,,,,,,,,,,,
HOLE_030,Jerimum de Cima,101782,7.00,8.00,1.00,SAP,SER,PV,0.06,,,,,,,,,,,,,,,,,,,,,,,,,,,,,,,,,,,,,,,,,,,,,,,,,,,,,
HOLE_030,Jerimum de Cima,101783,8.00,9.00,1.00,SAP,SER,PV,0.04,,,,,,,,,,,,,,,,,,,,,,,,,,,,,,,,,,,,,,,,,,,,,,,,,,,,,
HOLE_030,Jerimum de Cima,101784,9.00,10.00,1.00,SAP,,,22.81,,,,,,,,,,,,,,,,,,,,,,,,,,,,,,,,,,,,,,,,,,,,,,,,,,,,,
HOLE_030,Jerimum de Cima,101785,10.00,11.00,1.00,SAP,,,0.65,,,,,,,,,,,,,,,,,,,,,,,,,,,,,,,,,,,,,,,,,,,,,,,,,,,,,
HOLE_030,Jerimum de Cima,101786,11.00,12.00,1.00,SAP,,,0.58,,,,,,,,,,,,,,,,,,,,,,,,,,,,,,,,,,,,,,,,,,,,,,,,,,,,,
HOLE_030,Jerimum de Cima,101787,12.00,13.00,1.00,SAP,,,0.19,,,,,,,,,,,,,,,,,,,,,,,,,,,,,,,,,,,,,,,,,,,,,,,,,,,,,
HOLE_030,Jerimum de Cima,101788,13.00,14.00,1.00,SAP,,,0.45,,,,,,,,,,,,,,,,,,,,,,,,,,,,,,,,,,,,,,,,,,,,,,,,,,,,,
HOLE_030,Jerimum de Cima,101789,14.00,15.00,1.00,SAP,,,0.05,,,,,,,,,,,,,,,,,,,,,,,,,,,,,,,,,,,,,,,,,,,,,,,,,,,,,
HOLE_030,Jerimum de Cima,101790,15.00,16.00,1.00,SAP,,,0.38,,,,,,,,,,,,,,,,,,,,,,,,,,,,,,,,,,,,,,,,,,,,,,,,,,,,,
HOLE_030,Jerimum de Cima,101791,16.00,17.00,1.00,SAP,,,0.28,,,,,,,,,,,,,,,,,,,,,,,,,,,,,,,,,,,,,,,,,,,,,,,,,,,,,
HOLE_030,Jerimum de Cima,101792,17.00,18.00,1.00,SAP,,,2.35,,,,,,,,,,,,,,,,,,,,,,,,,,,,,,,,,,,,,,,,,,,,,,,,,,,,,
HOLE_030,Jerimum de Cima,101793,18.00,19.00,1.00,SAP,,,0.08,,,,,,,,,,,,,,,,,,,,,,,,,,,,,,,,,,,,,,,,,,,,,,,,,,,,,
HOLE_030,Jerimum de Cima,101794,19.00,20.00,1.00,SAP,,,0.04,,,,,,,,,,,,,,,,,,,,,,,,,,,,,,,,,,,,,,,,,,,,,,,,,,,,,
HOLE_030,Jerimum de Cima,101795,20.00,21.00,1.00,SAP,,,0.03,,,,,,,,,,,,,,,,,,,,,,,,,,,,,,,,,,,,,,,,,,,,,,,,,,,,,
HOLE_030,Jerimum de Cima,101796,21.00,22.00,1.00,SAP,,,1.22,,,,,,,,,,,,,,,,,,,,,,,,,,,,,,,,,,,,,,,,,,,,,,,,,,,,,
HOLE_030,Jerimum de Cima,101797,22.00,22.50,0.50,SAP,,,0.29,,,,,,,,,,,,,,,,,,,,,,,,,,,,,,,,,,,,,,,,,,,,,,,,,,,,,
HOLE_030,Jerimum de Cima,101798,22.50,24.00,1.50,SAP,,,0.11,,,,,,,,,,,,,,,,,,,,,,,,,,,,,,,,,,,,,,,,,,,,,,,,,,,,,
HOLE_030,Jerimum de Cima,101799,24.00,25.00,1.00,SAP,,,0.01,,,,,,,,,,,,,,,,,,,,,,,,,,,,,,,,,,,,,,,,,,,,,,,,,,,,,
HOLE_030,Jerimum de Cima,101800,25.00,26.00,1.00,SAP,,,0.04,,,,,,,,,,,,,,,,,,,,,,,,,,,,,,,,,,,,,,,,,,,,,,,,,,,,,
HOLE_030,Jerimum de Cima,101801,26.00,27.00,1.00,SAP,,,0.00,,,,,,,,,,,,,,,,,,,,,,,,,,,,,,,,,,,,,,,,,,,,,,,,,,,,,
HOLE_030,Jerimum de Cima,101802,27.00,28.20,1.20,SAP,,,0.04,,,,,,,,,,,,,,,,,,,,,,,,,,,,,,,,,,,,,,,,,,,,,,,,,,,,,
HOLE_030,Jerimum de Cima,101803,28.20,29.00,0.80,SAP,,,0.04,,,,,,,,,,,,,,,,,,,,,,,,,,,,,,,,,,,,,,,,,,,,,,,,,,,,,
HOLE_030,Jerimum de Cima,101804,29.00,30.00,1.00,SAP,,,0.11,,,,,,,,,,,,,,,,,,,,,,,,,,,,,,,,,,,,,,,,,,,,,,,,,,,,,
HOLE_030,Jerimum de Cima,101805,30.00,31.00,1.00,SAP,,,0.58,,,,,,,,,,,,,,,,,,,,,,,,,,,,,,,,,,,,,,,,,,,,,,,,,,,,,
HOLE_030,Jerimum de Cima,101806,31.00,32.00,1.00,SAP,,,0.00,,,,,,,,,,,,,,,,,,,,,,,,,,,,,,,,,,,,,,,,,,,,,,,,,,,,,
HOLE_030,Jerimum de Cima,101807,32.00,33.00,1.00,SAP,,,0.04,,,,,,,,,,,,,,,,,,,,,,,,,,,,,,,,,,,,,,,,,,,,,,,,,,,,,
HOLE_030,Jerimum de Cima,101808,33.00,34.00,1.00,SAP,,,0.09,,,,,,,,,,,,,,,,,,,,,,,,,,,,,,,,,,,,,,,,,,,,,,,,,,,,,
HOLE_030,Jerimum de Cima,101809,34.00,35.00,1.00,SAP,,,0.12,,,,,,,,,,,,,,,,,,,,,,,,,,,,,,,,,,,,,,,,,,,,,,,,,,,,,
HOLE_030,Jerimum de Cima,101810,35.00,36.00,1.00,SAP,,,0.02,,,,,,,,,,,,,,,,,,,,,,,,,,,,,,,,,,,,,,,,,,,,,,,,,,,,,
HOLE_030,Jerimum de Cima,101811,36.00,37.00,1.00,SAP,,,2.45,,,,,,,,,,,,,,,,,,,,,,,,,,,,,,,,,,,,,,,,,,,,,,,,,,,,,
HOLE_030,Jerimum de Cima,101812,37.00,38.00,1.00,SAP,,,0.01,,,,,,,,,,,,,,,,,,,,,,,,,,,,,,,,,,,,,,,,,,,,,,,,,,,,,
HOLE_030,Jerimum de Cima,101813,38.00,39.00,1.00,SAP,,,0.03,,,,,,,,,,,,,,,,,,,,,,,,,,,,,,,,,,,,,,,,,,,,,,,,,,,,,
HOLE_030,Jerimum de Cima,101814,39.00,40.00,1.00,SAP,,,0.03,,,,,,,,,,,,,,,,,,,,,,,,,,,,,,,,,,,,,,,,,,,,,,,,,,,,,
HOLE_030,Jerimum de Cima,101815,40.00,41.00,1.00,SAP,,,0.01,,,,,,,,,,,,,,,,,,,,,,,,,,,,,,,,,,,,,,,,,,,,,,,,,,,,,
HOLE_030,Jerimum de Cima,101816,41.00,42.00,1.00,QMBT,,,0.03,,,,,,,,,,,,,,,,,,,,,,,,,,,,,,,,,,,,,,,,,,,,,,,,,,,,,
HOLE_030,Jerimum de Cima,101817,42.00,43.00,1.00,QMBT,,,0.09,,,,,,,,,,,,,,,,,,,,,,,,,,,,,,,,,,,,,,,,,,,,,,,,,,,,,
HOLE_030,Jerimum de Cima,101818,43.00,43.80,0.80,QMBT,,,47.63,,,,,,,,,,,,,,,,,,,,,,,,,,,,,,,,,,,,,,,,,,,,,,,,,,,,,
HOLE_031,Jerimum de Cima,101819,0.00,1.00,1.00,SAP,AAR,PV,0.49,,,,,,,,,,,,,,,,,,,,,,,,,,,,,,,,,,,,,,,,,,,,,,,,,,,,,
HOLE_031,Jerimum de Cima,101820,1.00,2.00,1.00,SAP,AAR,PV,0.04,,,,,,,,,,,,,,,,,,,,,,,,,,,,,,,,,,,,,,,,,,,,,,,,,,,,,
HOLE_031,Jerimum de Cima,101821,2.00,3.00,1.00,SAP,AAR,PV,0.04,,,,,,,,,,,,,,,,,,,,,,,,,,,,,,,,,,,,,,,,,,,,,,,,,,,,,
HOLE_031,Jerimum de Cima,101822,3.00,4.00,1.00,SAP,AAR,PV,0.05,,,,,,,,,,,,,,,,,,,,,,,,,,,,,,,,,,,,,,,,,,,,,,,,,,,,,
HOLE_031,Jerimum de Cima,101823,4.00,5.00,1.00,SAP,AAR,PV,0.58,,,,,,,,,,,,,,,,,,,,,,,,,,,,,,,,,,,,,,,,,,,,,,,,,,,,,
HOLE_031,Jerimum de Cima,101824,5.00,6.00,1.00,SAP,AAR,PV,0.06,,,,,,,,,,,,,,,,,,,,,,,,,,,,,,,,,,,,,,,,,,,,,,,,,,,,,
HOLE_031,Jerimum de Cima,101825,6.00,7.00,1.00,SAP,AAR,PV,0.04,,,,,,,,,,,,,,,,,,,,,,,,,,,,,,,,,,,,,,,,,,,,,,,,,,,,,
HOLE_031,Jerimum de Cima,101826,7.00,8.00,1.00,SAP,AAR,PV,0.02,,,,,,,,,,,,,,,,,,,,,,,,,,,,,,,,,,,,,,,,,,,,,,,,,,,,,
HOLE_031,Jerimum de Cima,101827,8.00,9.00,1.00,SAP,SER,PV,0.28,,,,,,,,,,,,,,,,,,,,,,,,,,,,,,,,,,,,,,,,,,,,,,,,,,,,,
HOLE_031,Jerimum de Cima,101828,9.00,10.00,1.00,SAP,AAR,PV,0.11,,,,,,,,,,,,,,,,,,,,,,,,,,,,,,,,,,,,,,,,,,,,,,,,,,,,,
HOLE_031,Jerimum de Cima,101829,10.00,11.00,1.00,SAP,AAR,PV,0.05,,,,,,,,,,,,,,,,,,,,,,,,,,,,,,,,,,,,,,,,,,,,,,,,,,,,,
HOLE_031,Jerimum de Cima,101830,11.00,12.50,1.50,SAP,AAR,PV,0.01,,,,,,,,,,,,,,,,,,,,,,,,,,,,,,,,,,,,,,,,,,,,,,,,,,,,,
HOLE_031,Jerimum de Cima,101831,12.50,13.50,1.00,SAP,AAR,PV,0.13,,,,,,,,,,,,,,,,,,,,,,,,,,,,,,,,,,,,,,,,,,,,,,,,,,,,,
HOLE_031,Jerimum de Cima,101832,13.50,14.50,1.00,SAP,SAP,PV,0.04,,,,,,,,,,,,,,,,,,,,,,,,,,,,,,,,,,,,,,,,,,,,,,,,,,,,,
HOLE_031,Jerimum de Cima,101833,14.50,16.00,1.50,SAP,SAP,PV,0.07,,,,,,,,,,,,,,,,,,,,,,,,,,,,,,,,,,,,,,,,,,,,,,,,,,,,,
HOLE_031,Jerimum de Cima,101834,16.00,17.00,1.00,SAP,SAP,PV,0.06,,,,,,,,,,,,,,,,,,,,,,,,,,,,,,,,,,,,,,,,,,,,,,,,,,,,,
HOLE_031,Jerimum de Cima,101835,17.00,18.00,1.00,SAP,AAR,PV,0.03,,,,,,,,,,,,,,,,,,,,,,,,,,,,,,,,,,,,,,,,,,,,,,,,,,,,,
HOLE_031,Jerimum de Cima,101836,18.00,19.50,1.50,SAP,AAR,PV,0.07,,,,,,,,,,,,,,,,,,,,,,,,,,,,,,,,,,,,,,,,,,,,,,,,,,,,,
HOLE_031,Jerimum de Cima,101837,19.50,20.70,1.20,SAP,SER,PV,0.17,,,,,,,,,,,,,,,,,,,,,,,,,,,,,,,,,,,,,,,,,,,,,,,,,,,,,
HOLE_031,Jerimum de Cima,101838,20.70,22.00,1.30,SAP,SER,PV,5.43,,,,,,,,,,,,,,,,,,,,,,,,,,,,,,,,,,,,,,,,,,,,,,,,,,,,,
HOLE_031,Jerimum de Cima,101839,22.00,23.00,1.00,SAP,SER,PV,0.13,,,,,,,,,,,,,,,,,,,,,,,,,,,,,,,,,,,,,,,,,,,,,,,,,,,,,
HOLE_031,Jerimum de Cima,101840,23.00,24.00,1.00,SAP,SER,PV,0.09,,,,,,,,,,,,,,,,,,,,,,,,,,,,,,,,,,,,,,,,,,,,,,,,,,,,,
HOLE_031,Jerimum de Cima,101841,24.00,25.00,1.00,SAP,SER,PV,0.25,,,,,,,,,,,,,,,,,,,,,,,,,,,,,,,,,,,,,,,,,,,,,,,,,,,,,
HOLE_031,Jerimum de Cima,101842,25.00,26.00,1.00,SAP,AAR,PV,0.09,,,,,,,,,,,,,,,,,,,,,,,,,,,,,,,,,,,,,,,,,,,,,,,,,,,,,
HOLE_031,Jerimum de Cima,101843,26.00,27.00,1.00,SAP,AAR,PV,0.03,,,,,,,,,,,,,,,,,,,,,,,,,,,,,,,,,,,,,,,,,,,,,,,,,,,,,
HOLE_031,Jerimum de Cima,101844,27.00,28.00,1.00,SAP,AAR,PV,0.04,,,,,,,,,,,,,,,,,,,,,,,,,,,,,,,,,,,,,,,,,,,,,,,,,,,,,
HOLE_031,Jerimum de Cima,101845,28.00,29.00,1.00,SAP,AAR,PV,0.04,,,,,,,,,,,,,,,,,,,,,,,,,,,,,,,,,,,,,,,,,,,,,,,,,,,,,
HOLE_031,Jerimum de Cima,101846,29.00,30.00,1.00,SAP,AAR,PV,0.02,,,,,,,,,,,,,,,,,,,,,,,,,,,,,,,,,,,,,,,,,,,,,,,,,,,,,
HOLE_031,Jerimum de Cima,101847,30.00,31.00,1.00,SAP,AAR,PV,0.00,,,,,,,,,,,,,,,,,,,,,,,,,,,,,,,,,,,,,,,,,,,,,,,,,,,,,
HOLE_031,Jerimum de Cima,101848,31.00,32.00,1.00,SAP,AAR,PV,0.00,,,,,,,,,,,,,,,,,,,,,,,,,,,,,,,,,,,,,,,,,,,,,,,,,,,,,
HOLE_031,Jerimum de Cima,101849,32.00,33.00,1.00,SAP,AAR,PV,0.02,,,,,,,,,,,,,,,,,,,,,,,,,,,,,,,,,,,,,,,,,,,,,,,,,,,,,
HOLE_031,Jerimum de Cima,101850,33.00,34.00,1.00,SAP,,,0.69,,,,,,,,,,,,,,,,,,,,,,,,,,,,,,,,,,,,,,,,,,,,,,,,,,,,,
HOLE_031,Jerimum de Cima,101851,34.00,35.00,1.00,DUMP,,,0.60,,,,,,,,,,,,,,,,,,,,,,,,,,,,,,,,,,,,,,,,,,,,,,,,,,,,,
HOLE_031,Jerimum de Cima,101852,35.00,36.00,1.00,SAP,AAR,PV,0.26,,,,,,,,,,,,,,,,,,,,,,,,,,,,,,,,,,,,,,,,,,,,,,,,,,,,,
HOLE_031,Jerimum de Cima,101853,36.00,37.00,1.00,SAP,AAR,FR,0.00,,,,,,,,,,,,,,,,,,,,,,,,,,,,,,,,,,,,,,,,,,,,,,,,,,,,,
HOLE_031,Jerimum de Cima,101854,37.00,38.00,1.00,SAP,SER,ST,0.22,,,,,,,,,,,,,,,,,,,,,,,,,,,,,,,,,,,,,,,,,,,,,,,,,,,,,
HOLE_031,Jerimum de Cima,101855,38.00,39.50,1.50,SAP,SER,ST,0.18,,,,,,,,,,,,,,,,,,,,,,,,,,,,,,,,,,,,,,,,,,,,,,,,,,,,,
HOLE_031,Jerimum de Cima,101856,39.50,40.50,1.00,SAP,SER,ST,0.46,,,,,,,,,,,,,,,,,,,,,,,,,,,,,,,,,,,,,,,,,,,,,,,,,,,,,
HOLE_031,Jerimum de Cima,101857,40.50,42.00,1.50,SAP,SER,ST,0.00,,,,,,,,,,,,,,,,,,,,,,,,,,,,,,,,,,,,,,,,,,,,,,,,,,,,,
HOLE_031,Jerimum de Cima,101858,42.00,42.50,0.50,SAP,SER,ST,0.62,,,,,,,,,,,,,,,,,,,,,,,,,,,,,,,,,,,,,,,,,,,,,,,,,,,,,
HOLE_031,Jerimum de Cima,101859,42.50,43.50,1.00,SAP,SER,ST,2.18,,,,,,,,,,,,,,,,,,,,,,,,,,,,,,,,,,,,,,,,,,,,,,,,,,,,,
HOLE_031,Jerimum de Cima,101860,43.50,44.50,1.00,SAP,SER,ST,0.07,,,,,,,,,,,,,,,,,,,,,,,,,,,,,,,,,,,,,,,,,,,,,,,,,,,,,
HOLE_031,Jerimum de Cima,101861,44.50,45.50,1.00,SAP,SER,ST,0.62,,,,,,,,,,,,,,,,,,,,,,,,,,,,,,,,,,,,,,,,,,,,,,,,,,,,,
HOLE_031,Jerimum de Cima,101862,45.50,46.00,0.50,SAP,SER,ST,1.71,,,,,,,,,,,,,,,,,,,,,,,,,,,,,,,,,,,,,,,,,,,,,,,,,,,,,
HOLE_031,Jerimum de Cima,101863,46.00,47.50,1.50,SAP,SER,ST,0.35,,,,,,,,,,,,,,,,,,,,,,,,,,,,,,,,,,,,,,,,,,,,,,,,,,,,,
HOLE_031,Jerimum de Cima,101864,47.50,48.50,1.00,SAP,SER,ST,0.25,,,,,,,,,,,,,,,,,,,,,,,,,,,,,,,,,,,,,,,,,,,,,,,,,,,,,
HOLE_031,Jerimum de Cima,101865,48.50,49.50,1.00,SAP,SER,ST,0.31,,,,,,,,,,,,,,,,,,,,,,,,,,,,,,,,,,,,,,,,,,,,,,,,,,,,,
HOLE_031,Jerimum de Cima,101866,49.50,50.50,1.00,SAP,SER,ST,0.24,,,,,,,,,,,,,,,,,,,,,,,,,,,,,,,,,,,,,,,,,,,,,,,,,,,,,
HOLE_031,Jerimum de Cima,101867,50.50,51.00,0.50,SAP,SER,ST,0.06,,,,,,,,,,,,,,,,,,,,,,,,,,,,,,,,,,,,,,,,,,,,,,,,,,,,,
HOLE_031,Jerimum de Cima,101868,51.00,52.00,1.00,SAP,SER,ST,0.08,,,,,,,,,,,,,,,,,,,,,,,,,,,,,,,,,,,,,,,,,,,,,,,,,,,,,
HOLE_031,Jerimum de Cima,101869,52.00,53.30,1.30,SAP,SER,ST,0.08,,,,,,,,,,,,,,,,,,,,,,,,,,,,,,,,,,,,,,,,,,,,,,,,,,,,,
HOLE_031,Jerimum de Cima,101870,53.30,54.30,1.00,SAP,SER,ST,0.13,,,,,,,,,,,,,,,,,,,,,,,,,,,,,,,,,,,,,,,,,,,,,,,,,,,,,
HOLE_031,Jerimum de Cima,101871,54.30,55.00,0.70,SAP,SER,ST,0.04,,,,,,,,,,,,,,,,,,,,,,,,,,,,,,,,,,,,,,,,,,,,,,,,,,,,,
HOLE_031,Jerimum de Cima,101872,55.00,55.80,0.80,SAP,SER,ST,0.05,,,,,,,,,,,,,,,,,,,,,,,,,,,,,,,,,,,,,,,,,,,,,,,,,,,,,
HOLE_031,Jerimum de Cima,101873,55.80,57.00,1.20,SAP,SER,ST,0.06,,,,,,,,,,,,,,,,,,,,,,,,,,,,,,,,,,,,,,,,,,,,,,,,,,,,,
HOLE_031,Jerimum de Cima,101874,57.00,58.00,1.00,SAP,SER,ST,0.12,,,,,,,,,,,,,,,,,,,,,,,,,,,,,,,,,,,,,,,,,,,,,,,,,,,,,
HOLE_031,Jerimum de Cima,101875,58.00,59.00,1.00,SAP,AAR,PV,0.01,,,,,,,,,,,,,,,,,,,,,,,,,,,,,,,,,,,,,,,,,,,,,,,,,,,,,
HOLE_031,Jerimum de Cima,101876,59.00,60.00,1.00,SAP,AAR,PV,0.03,,,,,,,,,,,,,,,,,,,,,,,,,,,,,,,,,,,,,,,,,,,,,,,,,,,,,
HOLE_031,Jerimum de Cima,101877,60.00,61.00,1.00,SAP,AAR,PV,0.03,,,,,,,,,,,,,,,,,,,,,,,,,,,,,,,,,,,,,,,,,,,,,,,,,,,,,
HOLE_031,Jerimum de Cima,101878,61.00,62.00,1.00,SAP,AAR,PV,0.03,,,,,,,,,,,,,,,,,,,,,,,,,,,,,,,,,,,,,,,,,,,,,,,,,,,,,
HOLE_031,Jerimum de Cima,101879,62.00,63.00,1.00,SAP,AAR,PV,0.30,,,,,,,,,,,,,,,,,,,,,,,,,,,,,,,,,,,,,,,,,,,,,,,,,,,,,
HOLE_031,Jerimum de Cima,101880,63.00,64.00,1.00,SAP,AAR,PV,0.02,,,,,,,,,,,,,,,,,,,,,,,,,,,,,,,,,,,,,,,,,,,,,,,,,,,,,
HOLE_031,Jerimum de Cima,101881,64.00,65.00,1.00,SAP,AAR,PV,0.05,,,,,,,,,,,,,,,,,,,,,,,,,,,,,,,,,,,,,,,,,,,,,,,,,,,,,
HOLE_031,Jerimum de Cima,101882,65.00,66.00,1.00,SAP,AAR,PV,0.04,,,,,,,,,,,,,,,,,,,,,,,,,,,,,,,,,,,,,,,,,,,,,,,,,,,,,
HOLE_032,Jerimum de Cima,101883,0.00,0.70,0.70,QS,,,8.93,,,,,,,,,,,,,,,,,,,,,,,,,,,,,,,,,,,,,,,,,,,,,,,,,,,,,
HOLE_032,Jerimum de Cima,101884,0.70,4.50,3.80,SAP,,,0.32,,,,,,,,,,,,,,,,,,,,,,,,,,,,,,,,,,,,,,,,,,,,,,,,,,,,,
HOLE_032,Jerimum de Cima,101885,4.50,7.50,3.00,SAP,,,0.22,,,,,,,,,,,,,,,,,,,,,,,,,,,,,,,,,,,,,,,,,,,,,,,,,,,,,
HOLE_032,Jerimum de Cima,101886,7.50,10.50,3.00,SAP,,,0.01,,,,,,,,,,,,,,,,,,,,,,,,,,,,,,,,,,,,,,,,,,,,,,,,,,,,,
HOLE_032,Jerimum de Cima,101887,10.50,12.00,1.50,SAP,,,0.67,,,,,,,,,,,,,,,,,,,,,,,,,,,,,,,,,,,,,,,,,,,,,,,,,,,,,
HOLE_032,Jerimum de Cima,101888,12.00,16.00,4.00,SAP,,,0.01,,,,,,,,,,,,,,,,,,,,,,,,,,,,,,,,,,,,,,,,,,,,,,,,,,,,,
HOLE_032,Jerimum de Cima,101889,16.00,20.00,4.00,SAP,,,1.35,,,,,,,,,,,,,,,,,,,,,,,,,,,,,,,,,,,,,,,,,,,,,,,,,,,,,
HOLE_032,Jerimum de Cima,101890,20.00,24.00,4.00,SAP,,,0.35,,,,,,,,,,,,,,,,,,,,,,,,,,,,,,,,,,,,,,,,,,,,,,,,,,,,,
HOLE_032,Jerimum de Cima,101891,24.00,28.00,4.00,SAP,,,0.05,,,,,,,,,,,,,,,,,,,,,,,,,,,,,,,,,,,,,,,,,,,,,,,,,,,,,
HOLE_032,Jerimum de Cima,101892,28.00,32.00,4.00,SAP,,,0.01,,,,,,,,,,,,,,,,,,,,,,,,,,,,,,,,,,,,,,,,,,,,,,,,,,,,,
HOLE_032,Jerimum de Cima,101893,32.00,36.00,4.00,SAP,,,0.03,,,,,,,,,,,,,,,,,,,,,,,,,,,,,,,,,,,,,,,,,,,,,,,,,,,,,
HOLE_032,Jerimum de Cima,101894,36.00,38.40,2.40,SAP,,,0.01,,,,,,,,,,,,,,,,,,,,,,,,,,,,,,,,,,,,,,,,,,,,,,,,,,,,,
HOLE_032,Jerimum de Cima,101895,38.40,41.10,2.70,IG,,,0.00,,,,,,,,,,,,,,,,,,,,,,,,,,,,,,,,,,,,,,,,,,,,,,,,,,,,,
HOLE_032,Jerimum de Cima,101896,41.10,45.00,3.90,SAP,,,0.35,,,,,,,,,,,,,,,,,,,,,,,,,,,,,,,,,,,,,,,,,,,,,,,,,,,,,
HOLE_032,Jerimum de Cima,101897,45.00,48.00,3.00,SAP,,,0.15,,,,,,,,,,,,,,,,,,,,,,,,,,,,,,,,,,,,,,,,,,,,,,,,,,,,,
HOLE_032,Jerimum de Cima,101898,48.00,51.00,3.00,SAP,,,0.03,,,,,,,,,,,,,,,,,,,,,,,,,,,,,,,,,,,,,,,,,,,,,,,,,,,,,
HOLE_032,Jerimum de Cima,101899,51.00,54.00,3.00,SAP,,,0.04,,,,,,,,,,,,,,,,,,,,,,,,,,,,,,,,,,,,,,,,,,,,,,,,,,,,,
HOLE_032,Jerimum de Cima,101900,54.00,56.00,2.00,SAP,,,0.45,,,,,,,,,,,,,,,,,,,,,,,,,,,,,,,,,,,,,,,,,,,,,,,,,,,,,
HOLE_032,Jerimum de Cima,101901,56.00,58.00,2.00,SAP,,,0.18,,,,,,,,,,,,,,,,,,,,,,,,,,,,,,,,,,,,,,,,,,,,,,,,,,,,,
HOLE_032,Jerimum de Cima,101902,58.00,60.25,2.25,SAP,,,0.18,,,,,,,,,,,,,,,,,,,,,,,,,,,,,,,,,,,,,,,,,,,,,,,,,,,,,
HOLE_032,Jerimum de Cima,101903,60.25,61.95,1.70,SAP,,,0.69,,,,,,,,,,,,,,,,,,,,,,,,,,,,,,,,,,,,,,,,,,,,,,,,,,,,,
HOLE_032,Jerimum de Cima,101904,61.95,64.50,2.55,SAP,,,0.50,,,,,,,,,,,,,,,,,,,,,,,,,,,,,,,,,,,,,,,,,,,,,,,,,,,,,
HOLE_032,Jerimum de Cima,101905,64.50,66.20,1.70,SAP,,,0.58,,,,,,,,,,,,,,,,,,,,,,,,,,,,,,,,,,,,,,,,,,,,,,,,,,,,,
HOLE_032,Jerimum de Cima,101906,66.20,67.25,1.05,SAP,,,0.19,,,,,,,,,,,,,,,,,,,,,,,,,,,,,,,,,,,,,,,,,,,,,,,,,,,,,
HOLE_032,Jerimum de Cima,101907,67.25,69.25,2.00,SAP,,,0.17,,,,,,,,,,,,,,,,,,,,,,,,,,,,,,,,,,,,,,,,,,,,,,,,,,,,,
HOLE_032,Jerimum de Cima,101908,69.25,70.65,1.40,SAP,,,0.10,,,,,,,,,,,,,,,,,,,,,,,,,,,,,,,,,,,,,,,,,,,,,,,,,,,,,
HOLE_032,Jerimum de Cima,101909,70.65,71.35,0.70,SAP,,,1.09,,,,,,,,,,,,,,,,,,,,,,,,,,,,,,,,,,,,,,,,,,,,,,,,,,,,,
HOLE_032,Jerimum de Cima,101910,71.35,73.00,1.65,SAP,,,0.09,,,,,,,,,,,,,,,,,,,,,,,,,,,,,,,,,,,,,,,,,,,,,,,,,,,,,
HOLE_032,Jerimum de Cima,101911,73.00,75.00,2.00,SAP,,,0.00,,,,,,,,,,,,,,,,,,,,,,,,,,,,,,,,,,,,,,,,,,,,,,,,,,,,,
HOLE_032,Jerimum de Cima,101912,75.00,78.00,3.00,SAP,,,0.01,,,,,,,,,,,,,,,,,,,,,,,,,,,,,,,,,,,,,,,,,,,,,,,,,,,,,
HOLE_032,Jerimum de Cima,101913,78.00,79.50,1.50,SAP,,,0.07,,,,,,,,,,,,,,,,,,,,,,,,,,,,,,,,,,,,,,,,,,,,,,,,,,,,,
HOLE_032,Jerimum de Cima,101914,79.50,81.00,1.50,SAP,,,0.05,,,,,,,,,,,,,,,,,,,,,,,,,,,,,,,,,,,,,,,,,,,,,,,,,,,,,
HOLE_032,Jerimum de Cima,101915,81.00,83.00,2.00,SAP,,,0.01,,,,,,,,,,,,,,,,,,,,,,,,,,,,,,,,,,,,,,,,,,,,,,,,,,,,,
HOLE_032,Jerimum de Cima,101916,83.00,85.00,2.00,ID,,,0.11,,,,,,,,,,,,,,,,,,,,,,,,,,,,,,,,,,,,,,,,,,,,,,,,,,,,,
HOLE_032,Jerimum de Cima,101917,85.00,87.00,2.00,ID,,,0.01,,,,,,,,,,,,,,,,,,,,,,,,,,,,,,,,,,,,,,,,,,,,,,,,,,,,,
HOLE_032,Jerimum de Cima,101918,87.00,90.00,3.00,ID,,,0.00,,,,,,,,,,,,,,,,,,,,,,,,,,,,,,,,,,,,,,,,,,,,,,,,,,,,,
HOLE_032,Jerimum de Cima,101919,90.00,90.80,0.80,ID,,,0.35,,,,,,,,,,,,,,,,,,,,,,,,,,,,,,,,,,,,,,,,,,,,,,,,,,,,,
HOLE_032,Jerimum de Cima,101920,90.80,93.00,2.20,ID,,,0.02,,,,,,,,,,,,,,,,,,,,,,,,,,,,,,,,,,,,,,,,,,,,,,,,,,,,,
HOLE_032,Jerimum de Cima,101921,93.00,96.00,3.00,ID,,,0.00,,,,,,,,,,,,,,,,,,,,,,,,,,,,,,,,,,,,,,,,,,,,,,,,,,,,,
HOLE_032,Jerimum de Cima,101922,96.00,100.30,4.30,ID,,,0.00,,,,,,,,,,,,,,,,,,,,,,,,,,,,,,,,,,,,,,,,,,,,,,,,,,,,,
HOLE_032,Jerimum de Cima,101923,100.30,104.30,4.00,ID,,,0.00,,,,,,,,,,,,,,,,,,,,,,,,,,,,,,,,,,,,,,,,,,,,,,,,,,,,,
HOLE_032,Jerimum de Cima,101924,104.30,108.30,4.00,ID,,,0.00,,,,,,,,,,,,,,,,,,,,,,,,,,,,,,,,,,,,,,,,,,,,,,,,,,,,,
HOLE_032,Jerimum de Cima,101925,108.30,112.30,4.00,ID,,,0.02,,,,,,,,,,,,,,,,,,,,,,,,,,,,,,,,,,,,,,,,,,,,,,,,,,,,,
HOLE_032,Jerimum de Cima,101926,112.30,116.30,4.00,ID,,,0.01,,,,,,,,,,,,,,,,,,,,,,,,,,,,,,,,,,,,,,,,,,,,,,,,,,,,,
HOLE_032,Jerimum de Cima,101927,116.30,118.30,2.00,ID,,,0.00,,,,,,,,,,,,,,,,,,,,,,,,,,,,,,,,,,,,,,,,,,,,,,,,,,,,,
HOLE_032,Jerimum de Cima,101928,118.30,120.30,2.00,ID,,,0.06,,,,,,,,,,,,,,,,,,,,,,,,,,,,,,,,,,,,,,,,,,,,,,,,,,,,,
HOLE_032,Jerimum de Cima,101929,120.30,122.30,2.00,ID,,,0.05,,,,,,,,,,,,,,,,,,,,,,,,,,,,,,,,,,,,,,,,,,,,,,,,,,,,,
HOLE_032,Jerimum de Cima,101930,122.30,124.30,2.00,ID,,,0.00,,,,,,,,,,,,,,,,,,,,,,,,,,,,,,,,,,,,,,,,,,,,,,,,,,,,,
HOLE_032,Jerimum de Cima,101931,124.30,128.30,4.00,ID,,,0.00,,,,,,,,,,,,,,,,,,,,,,,,,,,,,,,,,,,,,,,,,,,,,,,,,,,,,
HOLE_032,Jerimum de Cima,101932,128.30,132.30,4.00,ID,,,0.00,,,,,,,,,,,,,,,,,,,,,,,,,,,,,,,,,,,,,,,,,,,,,,,,,,,,,
HOLE_032,Jerimum de Cima,101933,132.30,134.60,2.30,ID,,,0.00,,,,,,,,,,,,,,,,,,,,,,,,,,,,,,,,,,,,,,,,,,,,,,,,,,,,,
HOLE_032,Jerimum de Cima,101934,134.60,136.60,2.00,ID,SER,PV,0.04,,,,,,,,,,,,,,,,,,,,,,,,,,,,,,,,,,,,,,,,,,,,,,,,,,,,,
HOLE_032,Jerimum de Cima,101935,136.60,138.60,2.00,ID,SER,PV,0.00,,,,,,,,,,,,,,,,,,,,,,,,,,,,,,,,,,,,,,,,,,,,,,,,,,,,,
HOLE_032,Jerimum de Cima,101936,138.60,140.60,2.00,ID,SER,PV,0.00,,,,,,,,,,,,,,,,,,,,,,,,,,,,,,,,,,,,,,,,,,,,,,,,,,,,,
HOLE_032,Jerimum de Cima,101937,140.60,142.60,2.00,ID,SER,PV,0.01,,,,,,,,,,,,,,,,,,,,,,,,,,,,,,,,,,,,,,,,,,,,,,,,,,,,,
HOLE_032,Jerimum de Cima,101938,142.60,144.60,2.00,ID,SER,PV,0.01,,,,,,,,,,,,,,,,,,,,,,,,,,,,,,,,,,,,,,,,,,,,,,,,,,,,,
HOLE_032,Jerimum de Cima,101939,144.60,145.20,0.60,ID,SER,PV,0.00,,,,,,,,,,,,,,,,,,,,,,,,,,,,,,,,,,,,,,,,,,,,,,,,,,,,,
HOLE_032,Jerimum de Cima,101940,145.20,146.00,0.80,ID,SER,PV,0.03,,,,,,,,,,,,,,,,,,,,,,,,,,,,,,,,,,,,,,,,,,,,,,,,,,,,,
HOLE_032,Jerimum de Cima,101941,146.00,147.15,1.15,ID,SER,PV,0.00,,,,,,,,,,,,,,,,,,,,,,,,,,,,,,,,,,,,,,,,,,,,,,,,,,,,,
HOLE_032,Jerimum de Cima,101942,147.15,149.50,2.35,ID,HM,OP,0.00,,,,,,,,,,,,,,,,,,,,,,,,,,,,,,,,,,,,,,,,,,,,,,,,,,,,,
HOLE_032,Jerimum de Cima,101943,149.50,152.00,2.50,ID,HM,OP,0.00,,,,,,,,,,,,,,,,,,,,,,,,,,,,,,,,,,,,,,,,,,,,,,,,,,,,,
HOLE_032,Jerimum de Cima,101944,152.00,153.00,1.00,ID,HM,OP,0.03,,,,,,,,,,,,,,,,,,,,,,,,,,,,,,,,,,,,,,,,,,,,,,,,,,,,,
HOLE_032,Jerimum de Cima,101945,153.00,157.00,4.00,ID,HM,OP,0.00,,,,,,,,,,,,,,,,,,,,,,,,,,,,,,,,,,,,,,,,,,,,,,,,,,,,,
HOLE_032,Jerimum de Cima,101946,157.00,161.00,4.00,ID,HM,OP,0.00,,,,,,,,,,,,,,,,,,,,,,,,,,,,,,,,,,,,,,,,,,,,,,,,,,,,,
HOLE_032,Jerimum de Cima,101947,161.00,165.00,4.00,ID,HM,OP,0.00,,,,,,,,,,,,,,,,,,,,,,,,,,,,,,,,,,,,,,,,,,,,,,,,,,,,,
HOLE_032,Jerimum de Cima,101948,165.00,169.00,4.00,ID,HM,OP,0.00,,,,,,,,,,,,,,,,,,,,,,,,,,,,,,,,,,,,,,,,,,,,,,,,,,,,,
HOLE_032,Jerimum de Cima,101949,169.00,171.90,2.90,ID,HM,OP,0.00,,,,,,,,,,,,,,,,,,,,,,,,,,,,,,,,,,,,,,,,,,,,,,,,,,,,,
HOLE_032,Jerimum de Cima,101950,171.90,175.90,4.00,DK,,,0.00,,,,,,,,,,,,,,,,,,,,,,,,,,,,,,,,,,,,,,,,,,,,,,,,,,,,,
HOLE_032,Jerimum de Cima,101951,175.90,179.30,3.40,ID,,,0.00,,,,,,,,,,,,,,,,,,,,,,,,,,,,,,,,,,,,,,,,,,,,,,,,,,,,,
HOLE_032,Jerimum de Cima,101952,179.30,183.00,3.70,ID,,,0.00,,,,,,,,,,,,,,,,,,,,,,,,,,,,,,,,,,,,,,,,,,,,,,,,,,,,,
HOLE_032,Jerimum de Cima,101953,183.00,187.00,4.00,ID,,,0.00,,,,,,,,,,,,,,,,,,,,,,,,,,,,,,,,,,,,,,,,,,,,,,,,,,,,,
HOLE_032,Jerimum de Cima,101954,187.00,191.00,4.00,ID,,,0.01,,,,,,,,,,,,,,,,,,,,,,,,,,,,,,,,,,,,,,,,,,,,,,,,,,,,,
HOLE_032,Jerimum de Cima,101955,191.00,195.00,4.00,ID,,,0.00,,,,,,,,,,,,,,,,,,,,,,,,,,,,,,,,,,,,,,,,,,,,,,,,,,,,,
HOLE_033,Jerimum de Cima,101956,0.00,3.00,3.00,QS,,,0.03,,,,,,,,,,,,,,,,,,,,,,,,,,,,,,,,,,,,,,,,,,,,,,,,,,,,,
HOLE_033,Jerimum de Cima,101957,3.00,5.75,2.75,QS,,,0.02,,,,,,,,,,,,,,,,,,,,,,,,,,,,,,,,,,,,,,,,,,,,,,,,,,,,,
HOLE_033,Jerimum de Cima,101958,5.75,9.75,4.00,SAP,SAP,,0.03,,,,,,,,,,,,,,,,,,,,,,,,,,,,,,,,,,,,,,,,,,,,,,,,,,,,,
HOLE_033,Jerimum de Cima,101959,9.75,13.50,3.75,SAP,SAP,,0.02,,,,,,,,,,,,,,,,,,,,,,,,,,,,,,,,,,,,,,,,,,,,,,,,,,,,,
HOLE_033,Jerimum de Cima,101960,13.50,17.50,4.00,SAP,SAP,,0.00,,,,,,,,,,,,,,,,,,,,,,,,,,,,,,,,,,,,,,,,,,,,,,,,,,,,,
HOLE_033,Jerimum de Cima,101961,17.50,21.50,4.00,SAP,SAP,,0.02,,,,,,,,,,,,,,,,,,,,,,,,,,,,,,,,,,,,,,,,,,,,,,,,,,,,,
HOLE_033,Jerimum de Cima,101962,21.50,25.50,4.00,SAP,SAP,,0.01,,,,,,,,,,,,,,,,,,,,,,,,,,,,,,,,,,,,,,,,,,,,,,,,,,,,,
HOLE_033,Jerimum de Cima,101963,25.50,29.50,4.00,SAP,SAP,,0.01,,,,,,,,,,,,,,,,,,,,,,,,,,,,,,,,,,,,,,,,,,,,,,,,,,,,,
HOLE_033,Jerimum de Cima,101964,29.50,33.50,4.00,SAP,SAP,,0.01,,,,,,,,,,,,,,,,,,,,,,,,,,,,,,,,,,,,,,,,,,,,,,,,,,,,,
HOLE_033,Jerimum de Cima,101965,33.50,37.50,4.00,SAP,SAP,,0.00,,,,,,,,,,,,,,,,,,,,,,,,,,,,,,,,,,,,,,,,,,,,,,,,,,,,,
HOLE_033,Jerimum de Cima,101966,37.50,41.50,4.00,SAP,SAP,,0.00,,,,,,,,,,,,,,,,,,,,,,,,,,,,,,,,,,,,,,,,,,,,,,,,,,,,,
HOLE_033,Jerimum de Cima,101967,41.50,43.50,2.00,SAP,SAP,PV,0.02,,,,,,,,,,,,,,,,,,,,,,,,,,,,,,,,,,,,,,,,,,,,,,,,,,,,,
HOLE_033,Jerimum de Cima,101968,43.50,45.50,2.00,SAP,SAP,PV,0.01,,,,,,,,,,,,,,,,,,,,,,,,,,,,,,,,,,,,,,,,,,,,,,,,,,,,,
HOLE_033,Jerimum de Cima,101969,45.50,47.50,2.00,SAP,SAP,PV,0.00,,,,,,,,,,,,,,,,,,,,,,,,,,,,,,,,,,,,,,,,,,,,,,,,,,,,,
HOLE_033,Jerimum de Cima,101970,47.50,49.50,2.00,SAP,SAP,PV,0.10,,,,,,,,,,,,,,,,,,,,,,,,,,,,,,,,,,,,,,,,,,,,,,,,,,,,,
HOLE_033,Jerimum de Cima,101971,49.50,51.75,2.25,SAP,SAP,PV,0.02,,,,,,,,,,,,,,,,,,,,,,,,,,,,,,,,,,,,,,,,,,,,,,,,,,,,,
HOLE_033,Jerimum de Cima,101972,51.75,54.00,2.25,SAP,SAP,PV,0.01,,,,,,,,,,,,,,,,,,,,,,,,,,,,,,,,,,,,,,,,,,,,,,,,,,,,,
HOLE_033,Jerimum de Cima,101973,54.00,57.63,3.63,SAP,SAP,PV,0.02,,,,,,,,,,,,,,,,,,,,,,,,,,,,,,,,,,,,,,,,,,,,,,,,,,,,,
HOLE_034,Jerimum de Cima,101974,0.00,1.00,1.00,QS,,,0.04,,,,,,,,,,,,,,,,,,,,,,,,,,,,,,,,,,,,,,,,,,,,,,,,,,,,,
HOLE_034,Jerimum de Cima,101975,1.00,2.00,1.00,QS,,,0.06,,,,,,,,,,,,,,,,,,,,,,,,,,,,,,,,,,,,,,,,,,,,,,,,,,,,,
HOLE_034,Jerimum de Cima,101976,2.00,3.00,1.00,QS,,,0.05,,,,,,,,,,,,,,,,,,,,,,,,,,,,,,,,,,,,,,,,,,,,,,,,,,,,,
HOLE_034,Jerimum de Cima,101977,3.00,4.00,1.00,QS,,,0.03,,,,,,,,,,,,,,,,,,,,,,,,,,,,,,,,,,,,,,,,,,,,,,,,,,,,,
HOLE_034,Jerimum de Cima,101978,4.00,5.00,1.00,QS,,,0.03,,,,,,,,,,,,,,,,,,,,,,,,,,,,,,,,,,,,,,,,,,,,,,,,,,,,,
HOLE_034,Jerimum de Cima,101979,5.00,6.00,1.00,QCOL,,,0.03,,,,,,,,,,,,,,,,,,,,,,,,,,,,,,,,,,,,,,,,,,,,,,,,,,,,,
HOLE_034,Jerimum de Cima,101980,6.00,7.00,1.00,QCOL,,,0.02,,,,,,,,,,,,,,,,,,,,,,,,,,,,,,,,,,,,,,,,,,,,,,,,,,,,,
HOLE_034,Jerimum de Cima,101981,7.00,8.00,1.00,QCOL,,,0.02,,,,,,,,,,,,,,,,,,,,,,,,,,,,,,,,,,,,,,,,,,,,,,,,,,,,,
HOLE_034,Jerimum de Cima,101982,8.00,9.00,1.00,QCOL,,,0.02,,,,,,,,,,,,,,,,,,,,,,,,,,,,,,,,,,,,,,,,,,,,,,,,,,,,,
HOLE_034,Jerimum de Cima,101983,9.00,10.50,1.50,QCOL,,,0.01,,,,,,,,,,,,,,,,,,,,,,,,,,,,,,,,,,,,,,,,,,,,,,,,,,,,,
HOLE_034,Jerimum de Cima,101984,10.50,11.25,0.75,SAP,,,0.01,,,,,,,,,,,,,,,,,,,,,,,,,,,,,,,,,,,,,,,,,,,,,,,,,,,,,
HOLE_034,Jerimum de Cima,101985,11.25,12.00,0.75,SAP,,,0.01,,,,,,,,,,,,,,,,,,,,,,,,,,,,,,,,,,,,,,,,,,,,,,,,,,,,,
HOLE_034,Jerimum de Cima,101986,12.00,13.00,1.00,SAP,,,0.01,,,,,,,,,,,,,,,,,,,,,,,,,,,,,,,,,,,,,,,,,,,,,,,,,,,,,
HOLE_034,Jerimum de Cima,101987,13.00,14.00,1.00,SAP,,,0.01,,,,,,,,,,,,,,,,,,,,,,,,,,,,,,,,,,,,,,,,,,,,,,,,,,,,,
HOLE_034,Jerimum de Cima,101988,14.00,15.00,1.00,SAP,,,0.01,,,,,,,,,,,,,,,,,,,,,,,,,,,,,,,,,,,,,,,,,,,,,,,,,,,,,
HOLE_034,Jerimum de Cima,101989,15.00,16.00,1.00,SAP,,,0.00,,,,,,,,,,,,,,,,,,,,,,,,,,,,,,,,,,,,,,,,,,,,,,,,,,,,,
HOLE_034,Jerimum de Cima,101990,16.00,17.00,1.00,SAP,,,0.00,,,,,,,,,,,,,,,,,,,,,,,,,,,,,,,,,,,,,,,,,,,,,,,,,,,,,
HOLE_034,Jerimum de Cima,101991,17.00,18.00,1.00,SAP,,,0.01,,,,,,,,,,,,,,,,,,,,,,,,,,,,,,,,,,,,,,,,,,,,,,,,,,,,,
HOLE_034,Jerimum de Cima,101992,18.00,19.00,1.00,SAP,,,0.00,,,,,,,,,,,,,,,,,,,,,,,,,,,,,,,,,,,,,,,,,,,,,,,,,,,,,
HOLE_034,Jerimum de Cima,101993,19.00,20.00,1.00,SAP,,,0.00,,,,,,,,,,,,,,,,,,,,,,,,,,,,,,,,,,,,,,,,,,,,,,,,,,,,,
HOLE_034,Jerimum de Cima,101994,20.00,21.00,1.00,SAP,,,0.00,,,,,,,,,,,,,,,,,,,,,,,,,,,,,,,,,,,,,,,,,,,,,,,,,,,,,
HOLE_034,Jerimum de Cima,101995,21.00,22.00,1.00,SAP,,,0.00,,,,,,,,,,,,,,,,,,,,,,,,,,,,,,,,,,,,,,,,,,,,,,,,,,,,,
HOLE_034,Jerimum de Cima,101996,22.00,23.00,1.00,SAP,,,0.00,,,,,,,,,,,,,,,,,,,,,,,,,,,,,,,,,,,,,,,,,,,,,,,,,,,,,
HOLE_034,Jerimum de Cima,101997,23.00,24.00,1.00,SAP,,,0.28,,,,,,,,,,,,,,,,,,,,,,,,,,,,,,,,,,,,,,,,,,,,,,,,,,,,,
HOLE_034,Jerimum de Cima,101998,24.00,25.00,1.00,SAP,,,0.22,,,,,,,,,,,,,,,,,,,,,,,,,,,,,,,,,,,,,,,,,,,,,,,,,,,,,
HOLE_034,Jerimum de Cima,101999,25.00,26.00,1.00,SAP,,,0.00,,,,,,,,,,,,,,,,,,,,,,,,,,,,,,,,,,,,,,,,,,,,,,,,,,,,,
HOLE_034,Jerimum de Cima,102000,26.00,27.00,1.00,SAP,,,1.34,,,,,,,,,,,,,,,,,,,,,,,,,,,,,,,,,,,,,,,,,,,,,,,,,,,,,
HOLE_034,Jerimum de Cima,102001,27.00,28.00,1.00,SAP,,,0.08,,,,,,,,,,,,,,,,,,,,,,,,,,,,,,,,,,,,,,,,,,,,,,,,,,,,,
HOLE_034,Jerimum de Cima,102002,28.00,29.00,1.00,SAP,,,0.06,,,,,,,,,,,,,,,,,,,,,,,,,,,,,,,,,,,,,,,,,,,,,,,,,,,,,
HOLE_034,Jerimum de Cima,102003,29.00,30.00,1.00,SAP,,,0.03,,,,,,,,,,,,,,,,,,,,,,,,,,,,,,,,,,,,,,,,,,,,,,,,,,,,,
HOLE_034,Jerimum de Cima,102004,30.00,31.00,1.00,SAP,,,0.00,,,,,,,,,,,,,,,,,,,,,,,,,,,,,,,,,,,,,,,,,,,,,,,,,,,,,
HOLE_034,Jerimum de Cima,102005,31.00,32.00,1.00,SAP,,,0.03,,,,,,,,,,,,,,,,,,,,,,,,,,,,,,,,,,,,,,,,,,,,,,,,,,,,,
HOLE_034,Jerimum de Cima,102006,32.00,33.00,1.00,SAP,,,0.02,,,,,,,,,,,,,,,,,,,,,,,,,,,,,,,,,,,,,,,,,,,,,,,,,,,,,
HOLE_034,Jerimum de Cima,102007,33.00,34.00,1.00,SAP,,,0.00,,,,,,,,,,,,,,,,,,,,,,,,,,,,,,,,,,,,,,,,,,,,,,,,,,,,,
HOLE_034,Jerimum de Cima,102008,34.00,35.00,1.00,SAP,,,0.56,,,,,,,,,,,,,,,,,,,,,,,,,,,,,,,,,,,,,,,,,,,,,,,,,,,,,
HOLE_034,Jerimum de Cima,102009,35.00,36.00,1.00,SAP,,,0.03,,,,,,,,,,,,,,,,,,,,,,,,,,,,,,,,,,,,,,,,,,,,,,,,,,,,,
HOLE_034,Jerimum de Cima,102010,36.00,37.00,1.00,SAP,,,0.12,,,,,,,,,,,,,,,,,,,,,,,,,,,,,,,,,,,,,,,,,,,,,,,,,,,,,
HOLE_034,Jerimum de Cima,102011,37.00,38.00,1.00,SAP,,,0.02,,,,,,,,,,,,,,,,,,,,,,,,,,,,,,,,,,,,,,,,,,,,,,,,,,,,,
HOLE_034,Jerimum de Cima,102012,38.00,39.00,1.00,SAP,,,0.18,,,,,,,,,,,,,,,,,,,,,,,,,,,,,,,,,,,,,,,,,,,,,,,,,,,,,
HOLE_034,Jerimum de Cima,102013,39.00,40.00,1.00,SAP,,,0.01,,,,,,,,,,,,,,,,,,,,,,,,,,,,,,,,,,,,,,,,,,,,,,,,,,,,,
HOLE_034,Jerimum de Cima,102014,40.00,41.00,1.00,SAP,,,0.00,,,,,,,,,,,,,,,,,,,,,,,,,,,,,,,,,,,,,,,,,,,,,,,,,,,,,
HOLE_034,Jerimum de Cima,102015,41.00,42.00,1.00,SAP,,,0.35,,,,,,,,,,,,,,,,,,,,,,,,,,,,,,,,,,,,,,,,,,,,,,,,,,,,,
HOLE_034,Jerimum de Cima,102016,42.00,43.00,1.00,SAP,,,0.02,,,,,,,,,,,,,,,,,,,,,,,,,,,,,,,,,,,,,,,,,,,,,,,,,,,,,
HOLE_034,Jerimum de Cima,102017,43.00,44.00,1.00,SAP,,,0.02,,,,,,,,,,,,,,,,,,,,,,,,,,,,,,,,,,,,,,,,,,,,,,,,,,,,,
HOLE_034,Jerimum de Cima,102018,44.00,45.00,1.00,SAP,,,0.00,,,,,,,,,,,,,,,,,,,,,,,,,,,,,,,,,,,,,,,,,,,,,,,,,,,,,
HOLE_034,Jerimum de Cima,102019,45.00,46.00,1.00,SAP,,,0.01,,,,,,,,,,,,,,,,,,,,,,,,,,,,,,,,,,,,,,,,,,,,,,,,,,,,,
HOLE_034,Jerimum de Cima,102020,46.00,47.00,1.00,SAP,,,0.00,,,,,,,,,,,,,,,,,,,,,,,,,,,,,,,,,,,,,,,,,,,,,,,,,,,,,
HOLE_034,Jerimum de Cima,102021,47.00,48.00,1.00,SAP,,,0.00,,,,,,,,,,,,,,,,,,,,,,,,,,,,,,,,,,,,,,,,,,,,,,,,,,,,,
HOLE_034,Jerimum de Cima,102022,48.00,49.00,1.00,SAP,,,0.00,,,,,,,,,,,,,,,,,,,,,,,,,,,,,,,,,,,,,,,,,,,,,,,,,,,,,
HOLE_034,Jerimum de Cima,102023,49.00,50.00,1.00,SAP,,,0.02,,,,,,,,,,,,,,,,,,,,,,,,,,,,,,,,,,,,,,,,,,,,,,,,,,,,,
HOLE_034,Jerimum de Cima,102024,50.00,51.00,1.00,SAP,,,0.13,,,,,,,,,,,,,,,,,,,,,,,,,,,,,,,,,,,,,,,,,,,,,,,,,,,,,
HOLE_034,Jerimum de Cima,102025,51.00,52.00,1.00,SAP,,,0.00,,,,,,,,,,,,,,,,,,,,,,,,,,,,,,,,,,,,,,,,,,,,,,,,,,,,,
HOLE_034,Jerimum de Cima,102026,52.00,53.00,1.00,SAP,,,0.00,,,,,,,,,,,,,,,,,,,,,,,,,,,,,,,,,,,,,,,,,,,,,,,,,,,,,
HOLE_034,Jerimum de Cima,102027,53.00,54.00,1.00,SAP,,,0.01,,,,,,,,,,,,,,,,,,,,,,,,,,,,,,,,,,,,,,,,,,,,,,,,,,,,,
HOLE_034,Jerimum de Cima,102028,54.00,55.00,1.00,SAP,,,0.00,,,,,,,,,,,,,,,,,,,,,,,,,,,,,,,,,,,,,,,,,,,,,,,,,,,,,
HOLE_034,Jerimum de Cima,102029,55.00,56.00,1.00,SAP,,,0.00,,,,,,,,,,,,,,,,,,,,,,,,,,,,,,,,,,,,,,,,,,,,,,,,,,,,,
HOLE_034,Jerimum de Cima,102030,56.00,57.00,1.00,SAP,,,0.00,,,,,,,,,,,,,,,,,,,,,,,,,,,,,,,,,,,,,,,,,,,,,,,,,,,,,
HOLE_034,Jerimum de Cima,102031,57.00,57.95,0.95,SAP,,,0.00,,,,,,,,,,,,,,,,,,,,,,,,,,,,,,,,,,,,,,,,,,,,,,,,,,,,,
HOLE_034,Jerimum de Cima,102032,57.95,59.00,1.05,SAP,,,0.00,,,,,,,,,,,,,,,,,,,,,,,,,,,,,,,,,,,,,,,,,,,,,,,,,,,,,
HOLE_034,Jerimum de Cima,102033,59.00,60.00,1.00,SAP,,,0.00,,,,,,,,,,,,,,,,,,,,,,,,,,,,,,,,,,,,,,,,,,,,,,,,,,,,,
HOLE_034,Jerimum de Cima,102034,60.00,61.00,1.00,SAP,,,0.00,,,,,,,,,,,,,,,,,,,,,,,,,,,,,,,,,,,,,,,,,,,,,,,,,,,,,
HOLE_034,Jerimum de Cima,102035,61.00,62.00,1.00,SAP,,,0.00,,,,,,,,,,,,,,,,,,,,,,,,,,,,,,,,,,,,,,,,,,,,,,,,,,,,,
HOLE_034,Jerimum de Cima,102036,62.00,63.00,1.00,SAP,,,0.01,,,,,,,,,,,,,,,,,,,,,,,,,,,,,,,,,,,,,,,,,,,,,,,,,,,,,
HOLE_034,Jerimum de Cima,102037,63.00,64.00,1.00,SAP,,,22.36,,,,,,,,,,,,,,,,,,,,,,,,,,,,,,,,,,,,,,,,,,,,,,,,,,,,,
HOLE_034,Jerimum de Cima,102038,64.00,65.00,1.00,SAP,,,8.22,,,,,,,,,,,,,,,,,,,,,,,,,,,,,,,,,,,,,,,,,,,,,,,,,,,,,
HOLE_034,Jerimum de Cima,102039,65.00,66.00,1.00,SAP,,,0.00,,,,,,,,,,,,,,,,,,,,,,,,,,,,,,,,,,,,,,,,,,,,,,,,,,,,,
HOLE_034,Jerimum de Cima,102040,66.00,67.00,1.00,SAP,,,0.01,,,,,,,,,,,,,,,,,,,,,,,,,,,,,,,,,,,,,,,,,,,,,,,,,,,,,
HOLE_034,Jerimum de Cima,102041,67.00,68.40,1.40,SAP,,,0.01,,,,,,,,,,,,,,,,,,,,,,,,,,,,,,,,,,,,,,,,,,,,,,,,,,,,,
HOLE_034,Jerimum de Cima,102042,68.40,69.45,1.05,SAP,,,0.01,,,,,,,,,,,,,,,,,,,,,,,,,,,,,,,,,,,,,,,,,,,,,,,,,,,,,
HOLE_034,Jerimum de Cima,102043,69.45,70.00,0.55,SAP,,,0.18,,,,,,,,,,,,,,,,,,,,,,,,,,,,,,,,,,,,,,,,,,,,,,,,,,,,,
HOLE_034,Jerimum de Cima,102044,70.00,71.00,1.00,SAP,,,0.01,,,,,,,,,,,,,,,,,,,,,,,,,,,,,,,,,,,,,,,,,,,,,,,,,,,,,
HOLE_034,Jerimum de Cima,102045,71.00,72.00,1.00,SAP,,,0.01,,,,,,,,,,,,,,,,,,,,,,,,,,,,,,,,,,,,,,,,,,,,,,,,,,,,,
HOLE_034,Jerimum de Cima,102046,72.00,73.00,1.00,SAP,,,0.02,,,,,,,,,,,,,,,,,,,,,,,,,,,,,,,,,,,,,,,,,,,,,,,,,,,,,
HOLE_034,Jerimum de Cima,102047,73.00,74.00,1.00,SAP,,,0.01,,,,,,,,,,,,,,,,,,,,,,,,,,,,,,,,,,,,,,,,,,,,,,,,,,,,,
HOLE_034,Jerimum de Cima,102048,74.00,75.00,1.00,SAP,,,0.01,,,,,,,,,,,,,,,,,,,,,,,,,,,,,,,,,,,,,,,,,,,,,,,,,,,,,
HOLE_034,Jerimum de Cima,102049,75.00,76.00,1.00,SAP,,,0.00,,,,,,,,,,,,,,,,,,,,,,,,,,,,,,,,,,,,,,,,,,,,,,,,,,,,,
HOLE_034,Jerimum de Cima,102050,76.00,77.00,1.00,SAP,,,0.00,,,,,,,,,,,,,,,,,,,,,,,,,,,,,,,,,,,,,,,,,,,,,,,,,,,,,
HOLE_034,Jerimum de Cima,102051,77.00,78.00,1.00,SAP,,,0.00,,,,,,,,,,,,,,,,,,,,,,,,,,,,,,,,,,,,,,,,,,,,,,,,,,,,,
HOLE_034,Jerimum de Cima,102052,78.00,79.00,1.00,SAP,,,0.00,,,,,,,,,,,,,,,,,,,,,,,,,,,,,,,,,,,,,,,,,,,,,,,,,,,,,
HOLE_034,Jerimum de Cima,102053,79.00,80.00,1.00,SAP,,,0.00,,,,,,,,,,,,,,,,,,,,,,,,,,,,,,,,,,,,,,,,,,,,,,,,,,,,,
HOLE_034,Jerimum de Cima,102054,80.00,81.00,1.00,SAP,,,0.01,,,,,,,,,,,,,,,,,,,,,,,,,,,,,,,,,,,,,,,,,,,,,,,,,,,,,
HOLE_034,Jerimum de Cima,102055,81.00,82.00,1.00,SAP,,,0.00,,,,,,,,,,,,,,,,,,,,,,,,,,,,,,,,,,,,,,,,,,,,,,,,,,,,,
HOLE_034,Jerimum de Cima,102056,82.00,83.00,1.00,SAP,,,0.01,,,,,,,,,,,,,,,,,,,,,,,,,,,,,,,,,,,,,,,,,,,,,,,,,,,,,
HOLE_034,Jerimum de Cima,102057,83.00,84.00,1.00,SAP,,,0.10,,,,,,,,,,,,,,,,,,,,,,,,,,,,,,,,,,,,,,,,,,,,,,,,,,,,,
HOLE_034,Jerimum de Cima,102058,84.00,85.00,1.00,SAP,,,0.00,,,,,,,,,,,,,,,,,,,,,,,,,,,,,,,,,,,,,,,,,,,,,,,,,,,,,
HOLE_034,Jerimum de Cima,102059,85.00,86.00,1.00,SAP,,,0.00,,,,,,,,,,,,,,,,,,,,,,,,,,,,,,,,,,,,,,,,,,,,,,,,,,,,,
HOLE_034,Jerimum de Cima,102060,86.00,87.00,1.00,SAP,,,0.00,,,,,,,,,,,,,,,,,,,,,,,,,,,,,,,,,,,,,,,,,,,,,,,,,,,,,
HOLE_034,Jerimum de Cima,102061,87.00,88.00,1.00,SAP,,,0.01,,,,,,,,,,,,,,,,,,,,,,,,,,,,,,,,,,,,,,,,,,,,,,,,,,,,,
HOLE_034,Jerimum de Cima,102062,88.00,89.00,1.00,SAP,,,0.00,,,,,,,,,,,,,,,,,,,,,,,,,,,,,,,,,,,,,,,,,,,,,,,,,,,,,
HOLE_034,Jerimum de Cima,102063,89.00,90.00,1.00,SAP,,,0.00,,,,,,,,,,,,,,,,,,,,,,,,,,,,,,,,,,,,,,,,,,,,,,,,,,,,,
HOLE_034,Jerimum de Cima,102064,90.00,91.00,1.00,SAP,,,0.00,,,,,,,,,,,,,,,,,,,,,,,,,,,,,,,,,,,,,,,,,,,,,,,,,,,,,
HOLE_034,Jerimum de Cima,102065,91.00,92.00,1.00,SAP,,,0.00,,,,,,,,,,,,,,,,,,,,,,,,,,,,,,,,,,,,,,,,,,,,,,,,,,,,,
HOLE_034,Jerimum de Cima,102066,92.00,93.00,1.00,SAP,,,0.00,,,,,,,,,,,,,,,,,,,,,,,,,,,,,,,,,,,,,,,,,,,,,,,,,,,,,
HOLE_034,Jerimum de Cima,102067,93.00,94.00,1.00,SAP,,,0.01,,,,,,,,,,,,,,,,,,,,,,,,,,,,,,,,,,,,,,,,,,,,,,,,,,,,,
HOLE_034,Jerimum de Cima,102068,94.00,95.00,1.00,SAP,,,0.00,,,,,,,,,,,,,,,,,,,,,,,,,,,,,,,,,,,,,,,,,,,,,,,,,,,,,
HOLE_034,Jerimum de Cima,102069,95.00,96.00,1.00,SAP,,,0.00,,,,,,,,,,,,,,,,,,,,,,,,,,,,,,,,,,,,,,,,,,,,,,,,,,,,,
HOLE_034,Jerimum de Cima,102070,96.00,97.00,1.00,SAP,,,0.00,,,,,,,,,,,,,,,,,,,,,,,,,,,,,,,,,,,,,,,,,,,,,,,,,,,,,
HOLE_034,Jerimum de Cima,102071,97.00,98.00,1.00,SAP,,,0.00,,,,,,,,,,,,,,,,,,,,,,,,,,,,,,,,,,,,,,,,,,,,,,,,,,,,,
HOLE_034,Jerimum de Cima,102072,98.00,99.00,1.00,SAP,,,0.00,,,,,,,,,,,,,,,,,,,,,,,,,,,,,,,,,,,,,,,,,,,,,,,,,,,,,
HOLE_034,Jerimum de Cima,102073,99.00,100.00,1.00,SAP,,,0.00,,,,,,,,,,,,,,,,,,,,,,,,,,,,,,,,,,,,,,,,,,,,,,,,,,,,,
HOLE_034,Jerimum de Cima,102074,100.00,101.00,1.00,SAP,,,0.00,,,,,,,,,,,,,,,,,,,,,,,,,,,,,,,,,,,,,,,,,,,,,,,,,,,,,
HOLE_034,Jerimum de Cima,102075,101.00,102.00,1.00,SAP,,,0.00,,,,,,,,,,,,,,,,,,,,,,,,,,,,,,,,,,,,,,,,,,,,,,,,,,,,,
HOLE_034,Jerimum de Cima,102076,102.00,103.00,1.00,SAP,,,0.01,,,,,,,,,,,,,,,,,,,,,,,,,,,,,,,,,,,,,,,,,,,,,,,,,,,,,
HOLE_034,Jerimum de Cima,102077,103.00,104.35,1.35,SAP,,,0.01,,,,,,,,,,,,,,,,,,,,,,,,,,,,,,,,,,,,,,,,,,,,,,,,,,,,,
HOLE_034,Jerimum de Cima,102078,104.35,105.35,1.00,SAP,,,0.00,,,,,,,,,,,,,,,,,,,,,,,,,,,,,,,,,,,,,,,,,,,,,,,,,,,,,
HOLE_034,Jerimum de Cima,102079,105.35,106.00,0.65,SAP,,,0.00,,,,,,,,,,,,,,,,,,,,,,,,,,,,,,,,,,,,,,,,,,,,,,,,,,,,,
HOLE_034,Jerimum de Cima,102080,106.00,107.00,1.00,SAP,,,0.03,,,,,,,,,,,,,,,,,,,,,,,,,,,,,,,,,,,,,,,,,,,,,,,,,,,,,
HOLE_034,Jerimum de Cima,102081,107.00,108.00,1.00,SAP,,,0.00,,,,,,,,,,,,,,,,,,,,,,,,,,,,,,,,,,,,,,,,,,,,,,,,,,,,,
HOLE_034,Jerimum de Cima,102082,108.00,109.00,1.00,SAP,,,0.00,,,,,,,,,,,,,,,,,,,,,,,,,,,,,,,,,,,,,,,,,,,,,,,,,,,,,
HOLE_034,Jerimum de Cima,102083,109.00,110.00,1.00,SAP,,,0.00,,,,,,,,,,,,,,,,,,,,,,,,,,,,,,,,,,,,,,,,,,,,,,,,,,,,,
HOLE_034,Jerimum de Cima,102084,110.00,111.00,1.00,SAP,,,0.00,,,,,,,,,,,,,,,,,,,,,,,,,,,,,,,,,,,,,,,,,,,,,,,,,,,,,
HOLE_034,Jerimum de Cima,102085,111.00,112.00,1.00,SAP,,,0.00,,,,,,,,,,,,,,,,,,,,,,,,,,,,,,,,,,,,,,,,,,,,,,,,,,,,,
HOLE_034,Jerimum de Cima,102086,112.00,113.00,1.00,SAP,,,0.00,,,,,,,,,,,,,,,,,,,,,,,,,,,,,,,,,,,,,,,,,,,,,,,,,,,,,
HOLE_034,Jerimum de Cima,102087,113.00,114.00,1.00,SAP,,,0.01,,,,,,,,,,,,,,,,,,,,,,,,,,,,,,,,,,,,,,,,,,,,,,,,,,,,,
HOLE_034,Jerimum de Cima,102088,114.00,115.00,1.00,SAP,,,0.00,,,,,,,,,,,,,,,,,,,,,,,,,,,,,,,,,,,,,,,,,,,,,,,,,,,,,
HOLE_034,Jerimum de Cima,102089,115.00,116.00,1.00,SAP,,,0.00,,,,,,,,,,,,,,,,,,,,,,,,,,,,,,,,,,,,,,,,,,,,,,,,,,,,,
HOLE_034,Jerimum de Cima,102090,116.00,117.00,1.00,SAP,,,0.01,,,,,,,,,,,,,,,,,,,,,,,,,,,,,,,,,,,,,,,,,,,,,,,,,,,,,
HOLE_034,Jerimum de Cima,102091,117.00,117.60,0.60,SAP,,,0.00,,,,,,,,,,,,,,,,,,,,,,,,,,,,,,,,,,,,,,,,,,,,,,,,,,,,,
HOLE_034,Jerimum de Cima,102092,117.60,118.15,0.55,SAP,,,0.39,,,,,,,,,,,,,,,,,,,,,,,,,,,,,,,,,,,,,,,,,,,,,,,,,,,,,
HOLE_034,Jerimum de Cima,102093,118.15,119.00,0.85,SAP,,,0.01,,,,,,,,,,,,,,,,,,,,,,,,,,,,,,,,,,,,,,,,,,,,,,,,,,,,,
HOLE_034,Jerimum de Cima,102094,119.00,120.00,1.00,SAP,,,0.01,,,,,,,,,,,,,,,,,,,,,,,,,,,,,,,,,,,,,,,,,,,,,,,,,,,,,
HOLE_034,Jerimum de Cima,102095,120.00,121.00,1.00,SAP,,,0.01,,,,,,,,,,,,,,,,,,,,,,,,,,,,,,,,,,,,,,,,,,,,,,,,,,,,,
HOLE_034,Jerimum de Cima,102096,121.00,122.00,1.00,SAP,,,0.00,,,,,,,,,,,,,,,,,,,,,,,,,,,,,,,,,,,,,,,,,,,,,,,,,,,,,
HOLE_034,Jerimum de Cima,102097,122.00,123.00,1.00,SAP,,,0.00,,,,,,,,,,,,,,,,,,,,,,,,,,,,,,,,,,,,,,,,,,,,,,,,,,,,,
HOLE_034,Jerimum de Cima,102098,123.00,124.00,1.00,SAP,,,0.00,,,,,,,,,,,,,,,,,,,,,,,,,,,,,,,,,,,,,,,,,,,,,,,,,,,,,
HOLE_034,Jerimum de Cima,102099,124.00,124.65,0.65,SAP,,,0.00,,,,,,,,,,,,,,,,,,,,,,,,,,,,,,,,,,,,,,,,,,,,,,,,,,,,,
HOLE_034,Jerimum de Cima,102100,124.65,126.00,1.35,dID,HM,MT,0.00,,,,,,,,,,,,,,,,,,,,,,,,,,,,,,,,,,,,,,,,,,,,,,,,,,,,,
HOLE_034,Jerimum de Cima,102101,126.00,128.00,2.00,dID,HM,MT,0.03,,,,,,,,,,,,,,,,,,,,,,,,,,,,,,,,,,,,,,,,,,,,,,,,,,,,,
HOLE_034,Jerimum de Cima,102102,128.00,130.00,2.00,dID,HM,MT,0.00,,,,,,,,,,,,,,,,,,,,,,,,,,,,,,,,,,,,,,,,,,,,,,,,,,,,,
HOLE_034,Jerimum de Cima,102103,130.00,131.15,1.15,dID,HM,MT,0.00,,,,,,,,,,,,,,,,,,,,,,,,,,,,,,,,,,,,,,,,,,,,,,,,,,,,,
HOLE_034,Jerimum de Cima,102104,131.15,131.85,0.70,dID,HM,MT,0.12,,,,,,,,,,,,,,,,,,,,,,,,,,,,,,,,,,,,,,,,,,,,,,,,,,,,,
HOLE_034,Jerimum de Cima,102105,131.85,133.00,1.15,dID,HM,MT,0.03,,,,,,,,,,,,,,,,,,,,,,,,,,,,,,,,,,,,,,,,,,,,,,,,,,,,,
HOLE_034,Jerimum de Cima,102106,133.00,135.00,2.00,dID,HM,MT,0.01,,,,,,,,,,,,,,,,,,,,,,,,,,,,,,,,,,,,,,,,,,,,,,,,,,,,,
HOLE_034,Jerimum de Cima,102107,135.00,137.00,2.00,dID,HM,MT,0.00,,,,,,,,,,,,,,,,,,,,,,,,,,,,,,,,,,,,,,,,,,,,,,,,,,,,,
HOLE_034,Jerimum de Cima,102108,137.00,138.30,1.30,dID,HM,MT,0.00,,,,,,,,,,,,,,,,,,,,,,,,,,,,,,,,,,,,,,,,,,,,,,,,,,,,,
HOLE_034,Jerimum de Cima,102109,138.30,140.20,1.90,dID,HM,MT,0.00,,,,,,,,,,,,,,,,,,,,,,,,,,,,,,,,,,,,,,,,,,,,,,,,,,,,,
HOLE_034,Jerimum de Cima,102110,140.20,140.85,0.65,dID,HM,MT,0.04,,,,,,,,,,,,,,,,,,,,,,,,,,,,,,,,,,,,,,,,,,,,,,,,,,,,,
HOLE_034,Jerimum de Cima,102111,140.85,142.00,1.15,dID,HM,MT,0.04,,,,,,,,,,,,,,,,,,,,,,,,,,,,,,,,,,,,,,,,,,,,,,,,,,,,,
HOLE_034,Jerimum de Cima,102112,142.00,144.00,2.00,dID,HM,MT,0.00,,,,,,,,,,,,,,,,,,,,,,,,,,,,,,,,,,,,,,,,,,,,,,,,,,,,,
HOLE_034,Jerimum de Cima,102113,144.00,145.00,1.00,dID,HM,MT,0.00,,,,,,,,,,,,,,,,,,,,,,,,,,,,,,,,,,,,,,,,,,,,,,,,,,,,,
HOLE_034,Jerimum de Cima,102114,145.00,145.60,0.60,dID,HM,MT,0.00,,,,,,,,,,,,,,,,,,,,,,,,,,,,,,,,,,,,,,,,,,,,,,,,,,,,,
HOLE_034,Jerimum de Cima,102115,145.60,146.90,1.30,dID,HM,MT,0.00,,,,,,,,,,,,,,,,,,,,,,,,,,,,,,,,,,,,,,,,,,,,,,,,,,,,,
HOLE_034,Jerimum de Cima,102116,146.90,147.90,1.00,dID,HM,MT,0.00,,,,,,,,,,,,,,,,,,,,,,,,,,,,,,,,,,,,,,,,,,,,,,,,,,,,,
HOLE_034,Jerimum de Cima,102117,147.90,149.00,1.10,dID,HM,MT,0.00,,,,,,,,,,,,,,,,,,,,,,,,,,,,,,,,,,,,,,,,,,,,,,,,,,,,,
HOLE_034,Jerimum de Cima,102118,149.00,151.00,2.00,dID,HM,MT,0.00,,,,,,,,,,,,,,,,,,,,,,,,,,,,,,,,,,,,,,,,,,,,,,,,,,,,,
HOLE_034,Jerimum de Cima,102119,151.00,152.60,1.60,dID,HM,MT,0.00,,,,,,,,,,,,,,,,,,,,,,,,,,,,,,,,,,,,,,,,,,,,,,,,,,,,,
HOLE_034,Jerimum de Cima,102120,152.60,153.65,1.05,dID,HM,MT,0.03,,,,,,,,,,,,,,,,,,,,,,,,,,,,,,,,,,,,,,,,,,,,,,,,,,,,,
HOLE_034,Jerimum de Cima,102121,153.65,154.15,0.50,dID,HM,MT,0.24,,,,,,,,,,,,,,,,,,,,,,,,,,,,,,,,,,,,,,,,,,,,,,,,,,,,,
HOLE_034,Jerimum de Cima,102122,154.15,155.20,1.05,dID,HM,MT,0.09,,,,,,,,,,,,,,,,,,,,,,,,,,,,,,,,,,,,,,,,,,,,,,,,,,,,,
HOLE_034,Jerimum de Cima,102123,155.20,156.30,1.10,dID,HM,MT,0.00,,,,,,,,,,,,,,,,,,,,,,,,,,,,,,,,,,,,,,,,,,,,,,,,,,,,,
HOLE_034,Jerimum de Cima,102124,156.30,157.00,0.70,dID,HM,MT,0.05,,,,,,,,,,,,,,,,,,,,,,,,,,,,,,,,,,,,,,,,,,,,,,,,,,,,,
HOLE_034,Jerimum de Cima,102125,157.00,158.00,1.00,dID,HM,MT,0.00,,,,,,,,,,,,,,,,,,,,,,,,,,,,,,,,,,,,,,,,,,,,,,,,,,,,,
HOLE_034,Jerimum de Cima,102126,158.00,158.80,0.80,dID,HM,MT,0.00,,,,,,,,,,,,,,,,,,,,,,,,,,,,,,,,,,,,,,,,,,,,,,,,,,,,,
HOLE_034,Jerimum de Cima,102127,158.80,159.50,0.70,dID,HM,MT,0.00,,,,,,,,,,,,,,,,,,,,,,,,,,,,,,,,,,,,,,,,,,,,,,,,,,,,,
HOLE_034,Jerimum de Cima,102128,159.50,160.65,1.15,dID,HM,MT,0.00,,,,,,,,,,,,,,,,,,,,,,,,,,,,,,,,,,,,,,,,,,,,,,,,,,,,,
HOLE_034,Jerimum de Cima,102129,160.65,161.80,1.15,dID,HM,MT,0.00,,,,,,,,,,,,,,,,,,,,,,,,,,,,,,,,,,,,,,,,,,,,,,,,,,,,,
HOLE_034,Jerimum de Cima,102130,161.80,162.65,0.85,dID,HM,MT,0.00,,,,,,,,,,,,,,,,,,,,,,,,,,,,,,,,,,,,,,,,,,,,,,,,,,,,,
HOLE_034,Jerimum de Cima,102131,162.65,164.00,1.35,dID,HM,MT,0.00,,,,,,,,,,,,,,,,,,,,,,,,,,,,,,,,,,,,,,,,,,,,,,,,,,,,,
HOLE_034,Jerimum de Cima,102132,164.00,165.00,1.00,dID,HM,MT,0.00,,,,,,,,,,,,,,,,,,,,,,,,,,,,,,,,,,,,,,,,,,,,,,,,,,,,,
HOLE_034,Jerimum de Cima,102133,165.00,166.00,1.00,dID,HM,MT,0.43,,,,,,,,,,,,,,,,,,,,,,,,,,,,,,,,,,,,,,,,,,,,,,,,,,,,,
HOLE_034,Jerimum de Cima,102134,166.00,167.30,1.30,dID,HM,MT,0.00,,,,,,,,,,,,,,,,,,,,,,,,,,,,,,,,,,,,,,,,,,,,,,,,,,,,,
HOLE_034,Jerimum de Cima,102135,167.30,168.65,1.35,dID,HM,MT,0.00,,,,,,,,,,,,,,,,,,,,,,,,,,,,,,,,,,,,,,,,,,,,,,,,,,,,,
HOLE_034,Jerimum de Cima,102136,168.65,170.00,1.35,dID,HM,MT,0.00,,,,,,,,,,,,,,,,,,,,,,,,,,,,,,,,,,,,,,,,,,,,,,,,,,,,,
HOLE_034,Jerimum de Cima,102137,170.00,170.90,0.90,dID,HM,MT,0.00,,,,,,,,,,,,,,,,,,,,,,,,,,,,,,,,,,,,,,,,,,,,,,,,,,,,,
HOLE_034,Jerimum de Cima,102138,170.90,172.15,1.25,dID,HM,MT,0.00,,,,,,,,,,,,,,,,,,,,,,,,,,,,,,,,,,,,,,,,,,,,,,,,,,,,,
HOLE_034,Jerimum de Cima,102139,172.15,173.40,1.25,dID,HM,MT,0.00,,,,,,,,,,,,,,,,,,,,,,,,,,,,,,,,,,,,,,,,,,,,,,,,,,,,,
HOLE_034,Jerimum de Cima,102140,173.40,174.60,1.20,dID,HM,MT,0.00,,,,,,,,,,,,,,,,,,,,,,,,,,,,,,,,,,,,,,,,,,,,,,,,,,,,,
HOLE_034,Jerimum de Cima,102141,174.60,176.00,1.40,dID,HM,MT,0.00,,,,,,,,,,,,,,,,,,,,,,,,,,,,,,,,,,,,,,,,,,,,,,,,,,,,,
HOLE_034,Jerimum de Cima,102142,176.00,178.00,2.00,dID,HM,MT,0.00,,,,,,,,,,,,,,,,,,,,,,,,,,,,,,,,,,,,,,,,,,,,,,,,,,,,,
HOLE_034,Jerimum de Cima,102143,178.00,179.10,1.10,dID,HM,MT,0.00,,,,,,,,,,,,,,,,,,,,,,,,,,,,,,,,,,,,,,,,,,,,,,,,,,,,,
HOLE_034,Jerimum de Cima,102144,179.10,179.65,0.55,dID,HM,MT,0.01,,,,,,,,,,,,,,,,,,,,,,,,,,,,,,,,,,,,,,,,,,,,,,,,,,,,,
HOLE_034,Jerimum de Cima,102145,179.65,180.45,0.80,dID,HM,MT,0.00,,,,,,,,,,,,,,,,,,,,,,,,,,,,,,,,,,,,,,,,,,,,,,,,,,,,,
HOLE_034,Jerimum de Cima,102146,180.45,180.95,0.50,dID,HM,MT,0.00,,,,,,,,,,,,,,,,,,,,,,,,,,,,,,,,,,,,,,,,,,,,,,,,,,,,,
HOLE_034,Jerimum de Cima,102147,180.95,181.75,0.80,dID,HM,MT,0.00,,,,,,,,,,,,,,,,,,,,,,,,,,,,,,,,,,,,,,,,,,,,,,,,,,,,,
HOLE_034,Jerimum de Cima,102148,181.75,182.50,0.75,dID,HM,MT,0.01,,,,,,,,,,,,,,,,,,,,,,,,,,,,,,,,,,,,,,,,,,,,,,,,,,,,,
HOLE_034,Jerimum de Cima,102149,182.50,183.50,1.00,dID,HM,MT,0.00,,,,,,,,,,,,,,,,,,,,,,,,,,,,,,,,,,,,,,,,,,,,,,,,,,,,,
HOLE_034,Jerimum de Cima,102150,183.50,184.50,1.00,dID,HM,MT,0.00,,,,,,,,,,,,,,,,,,,,,,,,,,,,,,,,,,,,,,,,,,,,,,,,,,,,,
HOLE_034,Jerimum de Cima,102151,184.50,185.55,1.05,dID,HM,MT,0.00,,,,,,,,,,,,,,,,,,,,,,,,,,,,,,,,,,,,,,,,,,,,,,,,,,,,,
HOLE_034,Jerimum de Cima,102152,185.55,186.60,1.05,dID,HM,MT,0.00,,,,,,,,,,,,,,,,,,,,,,,,,,,,,,,,,,,,,,,,,,,,,,,,,,,,,
HOLE_034,Jerimum de Cima,102153,186.60,187.10,0.50,dID,HM,MT,0.10,,,,,,,,,,,,,,,,,,,,,,,,,,,,,,,,,,,,,,,,,,,,,,,,,,,,,
HOLE_034,Jerimum de Cima,102154,187.10,187.70,0.60,dID,HM,MT,0.01,,,,,,,,,,,,,,,,,,,,,,,,,,,,,,,,,,,,,,,,,,,,,,,,,,,,,
HOLE_034,Jerimum de Cima,102155,187.70,188.55,0.85,dID,HM,MT,0.00,,,,,,,,,,,,,,,,,,,,,,,,,,,,,,,,,,,,,,,,,,,,,,,,,,,,,
HOLE_034,Jerimum de Cima,102156,188.55,190.00,1.45,dID,HM,MT,0.00,,,,,,,,,,,,,,,,,,,,,,,,,,,,,,,,,,,,,,,,,,,,,,,,,,,,,
HOLE_034,Jerimum de Cima,102157,190.00,192.00,2.00,dID,HM,MT,0.00,,,,,,,,,,,,,,,,,,,,,,,,,,,,,,,,,,,,,,,,,,,,,,,,,,,,,
HOLE_034,Jerimum de Cima,102158,192.00,194.00,2.00,dID,HM,MT,0.00,,,,,,,,,,,,,,,,,,,,,,,,,,,,,,,,,,,,,,,,,,,,,,,,,,,,,
HOLE_034,Jerimum de Cima,102159,194.00,196.00,2.00,dID,HM,MT,0.00,,,,,,,,,,,,,,,,,,,,,,,,,,,,,,,,,,,,,,,,,,,,,,,,,,,,,
HOLE_034,Jerimum de Cima,102160,196.00,198.00,2.00,dID,HM,MT,0.00,,,,,,,,,,,,,,,,,,,,,,,,,,,,,,,,,,,,,,,,,,,,,,,,,,,,,
HOLE_034,Jerimum de Cima,102161,198.00,199.05,1.05,dID,HM,MT,0.08,,,,,,,,,,,,,,,,,,,,,,,,,,,,,,,,,,,,,,,,,,,,,,,,,,,,,
HOLE_034,Jerimum de Cima,102162,199.05,200.00,0.95,dID,HM,MT,0.00,,,,,,,,,,,,,,,,,,,,,,,,,,,,,,,,,,,,,,,,,,,,,,,,,,,,,
HOLE_034,Jerimum de Cima,102163,200.00,202.00,2.00,dID,HM,MT,0.01,,,,,,,,,,,,,,,,,,,,,,,,,,,,,,,,,,,,,,,,,,,,,,,,,,,,,
HOLE_034,Jerimum de Cima,102164,202.00,203.00,1.00,dID,HM,MT,0.04,,,,,,,,,,,,,,,,,,,,,,,,,,,,,,,,,,,,,,,,,,,,,,,,,,,,,
HOLE_034,Jerimum de Cima,102165,203.00,204.50,1.50,dID,HM,MT,0.01,,,,,,,,,,,,,,,,,,,,,,,,,,,,,,,,,,,,,,,,,,,,,,,,,,,,,
HOLE_034,Jerimum de Cima,102166,204.50,205.75,1.25,dID,HM,MT,0.00,,,,,,,,,,,,,,,,,,,,,,,,,,,,,,,,,,,,,,,,,,,,,,,,,,,,,
HOLE_034,Jerimum de Cima,102167,205.75,206.35,0.60,dID,HM,MT,0.01,,,,,,,,,,,,,,,,,,,,,,,,,,,,,,,,,,,,,,,,,,,,,,,,,,,,,
HOLE_034,Jerimum de Cima,102168,206.35,207.00,0.65,dID,HM,MT,0.22,,,,,,,,,,,,,,,,,,,,,,,,,,,,,,,,,,,,,,,,,,,,,,,,,,,,,
HOLE_034,Jerimum de Cima,102169,207.00,207.95,0.95,dID,HM,MT,0.51,,,,,,,,,,,,,,,,,,,,,,,,,,,,,,,,,,,,,,,,,,,,,,,,,,,,,
HOLE_034,Jerimum de Cima,102170,207.95,208.45,0.50,dID,HM,MT,2.28,,,,,,,,,,,,,,,,,,,,,,,,,,,,,,,,,,,,,,,,,,,,,,,,,,,,,
HOLE_034,Jerimum de Cima,102171,208.45,209.50,1.05,dID,HM,MT,0.01,,,,,,,,,,,,,,,,,,,,,,,,,,,,,,,,,,,,,,,,,,,,,,,,,,,,,
HOLE_034,Jerimum de Cima,102172,209.50,210.00,0.50,dID,HM,MT,0.16,,,,,,,,,,,,,,,,,,,,,,,,,,,,,,,,,,,,,,,,,,,,,,,,,,,,,
HOLE_034,Jerimum de Cima,102173,210.00,210.75,0.75,dID,HM,MT,0.05,,,,,,,,,,,,,,,,,,,,,,,,,,,,,,,,,,,,,,,,,,,,,,,,,,,,,
HOLE_034,Jerimum de Cima,102174,210.75,211.85,1.10,dID,HM,MT,0.00,,,,,,,,,,,,,,,,,,,,,,,,,,,,,,,,,,,,,,,,,,,,,,,,,,,,,
HOLE_034,Jerimum de Cima,102175,211.85,212.55,0.70,dID,HM,MT,0.01,,,,,,,,,,,,,,,,,,,,,,,,,,,,,,,,,,,,,,,,,,,,,,,,,,,,,
HOLE_034,Jerimum de Cima,102176,212.55,213.35,0.80,dID,HM,MT,0.09,,,,,,,,,,,,,,,,,,,,,,,,,,,,,,,,,,,,,,,,,,,,,,,,,,,,,
HOLE_034,Jerimum de Cima,102177,213.35,214.15,0.80,dID,HM,MT,0.01,,,,,,,,,,,,,,,,,,,,,,,,,,,,,,,,,,,,,,,,,,,,,,,,,,,,,
HOLE_034,Jerimum de Cima,102178,214.15,215.05,0.90,dID,HM,MT,0.01,,,,,,,,,,,,,,,,,,,,,,,,,,,,,,,,,,,,,,,,,,,,,,,,,,,,,
HOLE_034,Jerimum de Cima,102179,215.05,215.80,0.75,dID,HM,MT,0.00,,,,,,,,,,,,,,,,,,,,,,,,,,,,,,,,,,,,,,,,,,,,,,,,,,,,,
HOLE_034,Jerimum de Cima,102180,215.80,216.70,0.90,dID,HM,MT,0.00,,,,,,,,,,,,,,,,,,,,,,,,,,,,,,,,,,,,,,,,,,,,,,,,,,,,,
HOLE_034,Jerimum de Cima,102181,216.70,217.20,0.50,dID,HM,MT,0.10,,,,,,,,,,,,,,,,,,,,,,,,,,,,,,,,,,,,,,,,,,,,,,,,,,,,,
HOLE_034,Jerimum de Cima,102182,217.20,219.00,1.80,dID,HM,MT,0.00,,,,,,,,,,,,,,,,,,,,,,,,,,,,,,,,,,,,,,,,,,,,,,,,,,,,,
HOLE_034,Jerimum de Cima,102183,219.00,221.00,2.00,dID,HM,MT,0.00,,,,,,,,,,,,,,,,,,,,,,,,,,,,,,,,,,,,,,,,,,,,,,,,,,,,,
HOLE_034,Jerimum de Cima,102184,221.00,222.00,1.00,dID,HM,MT,0.00,,,,,,,,,,,,,,,,,,,,,,,,,,,,,,,,,,,,,,,,,,,,,,,,,,,,,
HOLE_034,Jerimum de Cima,102185,222.00,222.70,0.70,dID,HM,MT,0.11,,,,,,,,,,,,,,,,,,,,,,,,,,,,,,,,,,,,,,,,,,,,,,,,,,,,,
HOLE_034,Jerimum de Cima,102186,222.70,224.00,1.30,dID,HM,MT,0.00,,,,,,,,,,,,,,,,,,,,,,,,,,,,,,,,,,,,,,,,,,,,,,,,,,,,,
HOLE_034,Jerimum de Cima,102187,224.00,225.50,1.50,dID,HM,MT,0.00,,,,,,,,,,,,,,,,,,,,,,,,,,,,,,,,,,,,,,,,,,,,,,,,,,,,,
HOLE_034,Jerimum de Cima,102188,225.50,226.00,0.50,dID,HM,MT,0.01,,,,,,,,,,,,,,,,,,,,,,,,,,,,,,,,,,,,,,,,,,,,,,,,,,,,,
HOLE_034,Jerimum de Cima,102189,226.00,228.00,2.00,dID,HM,MT,0.00,,,,,,,,,,,,,,,,,,,,,,,,,,,,,,,,,,,,,,,,,,,,,,,,,,,,,
HOLE_034,Jerimum de Cima,102190,228.00,229.90,1.90,dID,HM,MT,0.00,,,,,,,,,,,,,,,,,,,,,,,,,,,,,,,,,,,,,,,,,,,,,,,,,,,,,
HOLE_034,Jerimum de Cima,102191,229.90,230.40,0.50,dID,HM,MT,0.00,,,,,,,,,,,,,,,,,,,,,,,,,,,,,,,,,,,,,,,,,,,,,,,,,,,,,
HOLE_034,Jerimum de Cima,102192,230.40,231.15,0.75,dID,HM,MT,0.01,,,,,,,,,,,,,,,,,,,,,,,,,,,,,,,,,,,,,,,,,,,,,,,,,,,,,
HOLE_034,Jerimum de Cima,102193,231.15,233.15,2.00,dID,HM,MT,0.01,,,,,,,,,,,,,,,,,,,,,,,,,,,,,,,,,,,,,,,,,,,,,,,,,,,,,
HOLE_034,Jerimum de Cima,102194,233.15,234.15,1.00,dID,HM,MT,0.00,,,,,,,,,,,,,,,,,,,,,,,,,,,,,,,,,,,,,,,,,,,,,,,,,,,,,
HOLE_034,Jerimum de Cima,102195,234.15,235.40,1.25,dID,HM,MT,0.00,,,,,,,,,,,,,,,,,,,,,,,,,,,,,,,,,,,,,,,,,,,,,,,,,,,,,
HOLE_034,Jerimum de Cima,102196,235.40,235.90,0.50,dID,HM,MT,0.10,,,,,,,,,,,,,,,,,,,,,,,,,,,,,,,,,,,,,,,,,,,,,,,,,,,,,
HOLE_034,Jerimum de Cima,102197,235.90,236.90,1.00,dID,HM,MT,0.00,,,,,,,,,,,,,,,,,,,,,,,,,,,,,,,,,,,,,,,,,,,,,,,,,,,,,
HOLE_034,Jerimum de Cima,102198,236.90,237.95,1.05,dID,HM,MT,0.00,,,,,,,,,,,,,,,,,,,,,,,,,,,,,,,,,,,,,,,,,,,,,,,,,,,,,
HOLE_034,Jerimum de Cima,102199,237.95,238.45,0.50,dID,HM,MT,1.54,,,,,,,,,,,,,,,,,,,,,,,,,,,,,,,,,,,,,,,,,,,,,,,,,,,,,
HOLE_034,Jerimum de Cima,102200,238.45,239.40,0.95,dID,HM,MT,0.00,,,,,,,,,,,,,,,,,,,,,,,,,,,,,,,,,,,,,,,,,,,,,,,,,,,,,
HOLE_034,Jerimum de Cima,102201,239.40,241.00,1.60,dID,SER,MT,0.00,,,,,,,,,,,,,,,,,,,,,,,,,,,,,,,,,,,,,,,,,,,,,,,,,,,,,
HOLE_034,Jerimum de Cima,102202,241.00,243.00,2.00,dID,SER,MT,0.00,,,,,,,,,,,,,,,,,,,,,,,,,,,,,,,,,,,,,,,,,,,,,,,,,,,,,
HOLE_034,Jerimum de Cima,102203,243.00,245.00,2.00,dID,SER,MT,0.00,,,,,,,,,,,,,,,,,,,,,,,,,,,,,,,,,,,,,,,,,,,,,,,,,,,,,
HOLE_034,Jerimum de Cima,102204,245.00,247.00,2.00,dID,SER,MT,0.00,,,,,,,,,,,,,,,,,,,,,,,,,,,,,,,,,,,,,,,,,,,,,,,,,,,,,
HOLE_034,Jerimum de Cima,102205,247.00,249.00,2.00,dID,SER,MT,0.00,,,,,,,,,,,,,,,,,,,,,,,,,,,,,,,,,,,,,,,,,,,,,,,,,,,,,
HOLE_034,Jerimum de Cima,102206,249.00,250.00,1.00,dID,SER,MT,0.00,,,,,,,,,,,,,,,,,,,,,,,,,,,,,,,,,,,,,,,,,,,,,,,,,,,,,
HOLE_034,Jerimum de Cima,102207,250.00,251.00,1.00,dID,SER,MT,0.00,,,,,,,,,,,,,,,,,,,,,,,,,,,,,,,,,,,,,,,,,,,,,,,,,,,,,
HOLE_034,Jerimum de Cima,102208,251.00,252.25,1.25,dID,SER,MT,0.00,,,,,,,,,,,,,,,,,,,,,,,,,,,,,,,,,,,,,,,,,,,,,,,,,,,,,
HOLE_034,Jerimum de Cima,102209,252.25,254.00,1.75,dID,SER,MT,0.00,,,,,,,,,,,,,,,,,,,,,,,,,,,,,,,,,,,,,,,,,,,,,,,,,,,,,
HOLE_034,Jerimum de Cima,102210,254.00,256.00,2.00,dID,SER,MT,0.00,,,,,,,,,,,,,,,,,,,,,,,,,,,,,,,,,,,,,,,,,,,,,,,,,,,,,
HOLE_034,Jerimum de Cima,102211,256.00,258.00,2.00,dID,SER,MT,0.00,,,,,,,,,,,,,,,,,,,,,,,,,,,,,,,,,,,,,,,,,,,,,,,,,,,,,
HOLE_034,Jerimum de Cima,102212,258.00,260.00,2.00,dID,SER,MT,0.00,,,,,,,,,,,,,,,,,,,,,,,,,,,,,,,,,,,,,,,,,,,,,,,,,,,,,
HOLE_034,Jerimum de Cima,102213,260.00,260.85,0.85,dID,SER,MT,0.00,,,,,,,,,,,,,,,,,,,,,,,,,,,,,,,,,,,,,,,,,,,,,,,,,,,,,
HOLE_034,Jerimum de Cima,102214,260.85,261.85,1.00,dID,SER,MT,0.00,,,,,,,,,,,,,,,,,,,,,,,,,,,,,,,,,,,,,,,,,,,,,,,,,,,,,
HOLE_035,Jerimum de Cima,102215,0.00,1.00,1.00,QS,UAL,,0.01,,,,,,,,,,,,,,,,,,,,,,,,,,,,,,,,,,,,,,,,,,,,,,,,,,,,,
HOLE_035,Jerimum de Cima,102216,1.00,2.00,1.00,QS,UAL,,0.01,,,,,,,,,,,,,,,,,,,,,,,,,,,,,,,,,,,,,,,,,,,,,,,,,,,,,
HOLE_035,Jerimum de Cima,102217,2.00,3.00,1.00,QS,UAL,,0.01,,,,,,,,,,,,,,,,,,,,,,,,,,,,,,,,,,,,,,,,,,,,,,,,,,,,,
HOLE_035,Jerimum de Cima,102218,3.00,3.70,0.70,QS,UAL,,0.01,,,,,,,,,,,,,,,,,,,,,,,,,,,,,,,,,,,,,,,,,,,,,,,,,,,,,
HOLE_035,Jerimum de Cima,102219,3.70,5.00,1.30,QC,UAL,,0.01,,,,,,,,,,,,,,,,,,,,,,,,,,,,,,,,,,,,,,,,,,,,,,,,,,,,,
HOLE_035,Jerimum de Cima,102220,5.00,6.00,1.00,QC,UAL,,0.01,,,,,,,,,,,,,,,,,,,,,,,,,,,,,,,,,,,,,,,,,,,,,,,,,,,,,
HOLE_035,Jerimum de Cima,102221,6.00,7.00,1.00,QC,UAL,,0.00,,,,,,,,,,,,,,,,,,,,,,,,,,,,,,,,,,,,,,,,,,,,,,,,,,,,,
HOLE_035,Jerimum de Cima,102222,7.00,8.50,1.50,QC,UAL,,0.00,,,,,,,,,,,,,,,,,,,,,,,,,,,,,,,,,,,,,,,,,,,,,,,,,,,,,
HOLE_035,Jerimum de Cima,102223,8.50,9.25,0.75,SAP,SAP,,0.01,,,,,,,,,,,,,,,,,,,,,,,,,,,,,,,,,,,,,,,,,,,,,,,,,,,,,
HOLE_035,Jerimum de Cima,102224,9.25,10.00,0.75,SAP,SAP,,0.00,,,,,,,,,,,,,,,,,,,,,,,,,,,,,,,,,,,,,,,,,,,,,,,,,,,,,
HOLE_035,Jerimum de Cima,102225,10.00,11.00,1.00,SAP,SAP,,0.00,,,,,,,,,,,,,,,,,,,,,,,,,,,,,,,,,,,,,,,,,,,,,,,,,,,,,
HOLE_035,Jerimum de Cima,102226,11.00,12.00,1.00,SAP,SAP,,0.00,,,,,,,,,,,,,,,,,,,,,,,,,,,,,,,,,,,,,,,,,,,,,,,,,,,,,
HOLE_035,Jerimum de Cima,102227,12.00,13.00,1.00,SAP,SAP,,0.00,,,,,,,,,,,,,,,,,,,,,,,,,,,,,,,,,,,,,,,,,,,,,,,,,,,,,
HOLE_035,Jerimum de Cima,102228,13.00,14.00,1.00,SAP,SAP,,0.01,,,,,,,,,,,,,,,,,,,,,,,,,,,,,,,,,,,,,,,,,,,,,,,,,,,,,
HOLE_035,Jerimum de Cima,102229,14.00,15.00,1.00,SAP,SAP,,0.02,,,,,,,,,,,,,,,,,,,,,,,,,,,,,,,,,,,,,,,,,,,,,,,,,,,,,
HOLE_035,Jerimum de Cima,102230,15.00,16.00,1.00,SAP,SAP,,0.01,,,,,,,,,,,,,,,,,,,,,,,,,,,,,,,,,,,,,,,,,,,,,,,,,,,,,
HOLE_035,Jerimum de Cima,102231,16.00,17.00,1.00,SAP,SAP,,0.00,,,,,,,,,,,,,,,,,,,,,,,,,,,,,,,,,,,,,,,,,,,,,,,,,,,,,
HOLE_035,Jerimum de Cima,102232,17.00,18.00,1.00,SAP,SAP,,0.00,,,,,,,,,,,,,,,,,,,,,,,,,,,,,,,,,,,,,,,,,,,,,,,,,,,,,
HOLE_035,Jerimum de Cima,102233,18.00,19.00,1.00,SAP,SAP,,0.00,,,,,,,,,,,,,,,,,,,,,,,,,,,,,,,,,,,,,,,,,,,,,,,,,,,,,
HOLE_035,Jerimum de Cima,102234,19.00,20.00,1.00,SAP,SAP,,0.01,,,,,,,,,,,,,,,,,,,,,,,,,,,,,,,,,,,,,,,,,,,,,,,,,,,,,
HOLE_035,Jerimum de Cima,102235,20.00,21.00,1.00,SAP,SAP,,0.00,,,,,,,,,,,,,,,,,,,,,,,,,,,,,,,,,,,,,,,,,,,,,,,,,,,,,
HOLE_035,Jerimum de Cima,102236,21.00,22.00,1.00,SAP,SAP,,0.00,,,,,,,,,,,,,,,,,,,,,,,,,,,,,,,,,,,,,,,,,,,,,,,,,,,,,
HOLE_035,Jerimum de Cima,102237,22.00,23.00,1.00,SAP,SAP,,0.00,,,,,,,,,,,,,,,,,,,,,,,,,,,,,,,,,,,,,,,,,,,,,,,,,,,,,
HOLE_035,Jerimum de Cima,102238,23.00,24.00,1.00,SAP,SAP,,0.01,,,,,,,,,,,,,,,,,,,,,,,,,,,,,,,,,,,,,,,,,,,,,,,,,,,,,
HOLE_035,Jerimum de Cima,102239,24.00,25.00,1.00,SAP,SAP,,0.27,,,,,,,,,,,,,,,,,,,,,,,,,,,,,,,,,,,,,,,,,,,,,,,,,,,,,
HOLE_035,Jerimum de Cima,102240,25.00,26.00,1.00,SAP,SAP,,0.17,,,,,,,,,,,,,,,,,,,,,,,,,,,,,,,,,,,,,,,,,,,,,,,,,,,,,
HOLE_035,Jerimum de Cima,102241,26.00,27.00,1.00,SAP,SAP,,0.02,,,,,,,,,,,,,,,,,,,,,,,,,,,,,,,,,,,,,,,,,,,,,,,,,,,,,
HOLE_035,Jerimum de Cima,102242,27.00,28.00,1.00,SAP,SAP,,0.03,,,,,,,,,,,,,,,,,,,,,,,,,,,,,,,,,,,,,,,,,,,,,,,,,,,,,
HOLE_035,Jerimum de Cima,102243,28.00,29.00,1.00,SAP,SAP,,0.01,,,,,,,,,,,,,,,,,,,,,,,,,,,,,,,,,,,,,,,,,,,,,,,,,,,,,
HOLE_035,Jerimum de Cima,102244,29.00,30.00,1.00,SAP,SAP,,0.00,,,,,,,,,,,,,,,,,,,,,,,,,,,,,,,,,,,,,,,,,,,,,,,,,,,,,
HOLE_035,Jerimum de Cima,102245,30.00,31.00,1.00,SAP,SAP,,0.02,,,,,,,,,,,,,,,,,,,,,,,,,,,,,,,,,,,,,,,,,,,,,,,,,,,,,
HOLE_035,Jerimum de Cima,102246,31.00,32.00,1.00,SAP,SAP,,0.10,,,,,,,,,,,,,,,,,,,,,,,,,,,,,,,,,,,,,,,,,,,,,,,,,,,,,
HOLE_035,Jerimum de Cima,102247,32.00,33.00,1.00,SAP,SAP,,0.08,,,,,,,,,,,,,,,,,,,,,,,,,,,,,,,,,,,,,,,,,,,,,,,,,,,,,
HOLE_035,Jerimum de Cima,102248,33.00,34.00,1.00,SAP,SAP,,0.01,,,,,,,,,,,,,,,,,,,,,,,,,,,,,,,,,,,,,,,,,,,,,,,,,,,,,
HOLE_035,Jerimum de Cima,102249,34.00,35.00,1.00,SAP,SAP,,0.00,,,,,,,,,,,,,,,,,,,,,,,,,,,,,,,,,,,,,,,,,,,,,,,,,,,,,
HOLE_035,Jerimum de Cima,102250,35.00,36.00,1.00,SAP,SAP,,0.00,,,,,,,,,,,,,,,,,,,,,,,,,,,,,,,,,,,,,,,,,,,,,,,,,,,,,
HOLE_035,Jerimum de Cima,102251,36.00,37.00,1.00,SAP,SAP,,0.00,,,,,,,,,,,,,,,,,,,,,,,,,,,,,,,,,,,,,,,,,,,,,,,,,,,,,
HOLE_035,Jerimum de Cima,102252,37.00,38.00,1.00,SAP,SAP,,0.00,,,,,,,,,,,,,,,,,,,,,,,,,,,,,,,,,,,,,,,,,,,,,,,,,,,,,
HOLE_035,Jerimum de Cima,102253,38.00,39.00,1.00,SAP,SAP,,0.00,,,,,,,,,,,,,,,,,,,,,,,,,,,,,,,,,,,,,,,,,,,,,,,,,,,,,
HOLE_035,Jerimum de Cima,102254,39.00,40.00,1.00,SAP,SAP,,0.00,,,,,,,,,,,,,,,,,,,,,,,,,,,,,,,,,,,,,,,,,,,,,,,,,,,,,
HOLE_035,Jerimum de Cima,102255,40.00,41.00,1.00,SAP,SAP,,0.00,,,,,,,,,,,,,,,,,,,,,,,,,,,,,,,,,,,,,,,,,,,,,,,,,,,,,
HOLE_035,Jerimum de Cima,102256,41.00,42.00,1.00,SAP,SAP,,0.00,,,,,,,,,,,,,,,,,,,,,,,,,,,,,,,,,,,,,,,,,,,,,,,,,,,,,
HOLE_035,Jerimum de Cima,102257,42.00,43.00,1.00,SAP,SAP,,0.00,,,,,,,,,,,,,,,,,,,,,,,,,,,,,,,,,,,,,,,,,,,,,,,,,,,,,
HOLE_035,Jerimum de Cima,102258,43.00,44.00,1.00,SAP,SAP,,0.00,,,,,,,,,,,,,,,,,,,,,,,,,,,,,,,,,,,,,,,,,,,,,,,,,,,,,
HOLE_035,Jerimum de Cima,102259,44.00,44.75,0.75,SAP,SAP,,0.01,,,,,,,,,,,,,,,,,,,,,,,,,,,,,,,,,,,,,,,,,,,,,,,,,,,,,
HOLE_035,Jerimum de Cima,102260,44.75,45.50,0.75,SAP,SAP,,0.02,,,,,,,,,,,,,,,,,,,,,,,,,,,,,,,,,,,,,,,,,,,,,,,,,,,,,
HOLE_035,Jerimum de Cima,102261,45.50,46.15,0.65,SAP,SAP,,0.00,,,,,,,,,,,,,,,,,,,,,,,,,,,,,,,,,,,,,,,,,,,,,,,,,,,,,
HOLE_035,Jerimum de Cima,102262,46.15,47.00,0.85,BXH,SIL,PV,0.00,0.25,1.39,1.5,,190,0.7,2.5,0.031,0.25,,6,8,,6,1.56,,,,,,0.22,62.5,22,,0.11,0.0715,0.5,0.02,,4,0.005,18,,,0.005,5,2.4,,5,4.7,,,,,0.06,10,,10,2.5,19,,5,26.8
HOLE_035,Jerimum de Cima,102263,47.00,47.85,0.85,BXH,SIL,PV,0.00,0.25,1.77,4,,101,1,2.5,0.021,0.25,,3,9,,7,1.51,,,,,,0.27,129.1,18,,0.13,0.0355,0.5,0.02,,5,0.01,12,,,0.005,5,2.7,,5,9.5,,,,,0.06,10,,10,2.5,46.2,,8,30.7
HOLE_035,Jerimum de Cima,102264,47.85,48.95,1.10,BXH,SIL,PV,0.00,0.25,2.54,37,,153,2.8,2.5,0.028,0.25,,4,5,,8,1.5,,,,,,1.21,925.7,11,,0.29,0.0415,2,0.02,,4,0.07,16,,,0.005,5,3.5,,5,35.3,,,,,0.08,10,,14,2.5,256.9,,13,58.6
HOLE_035,Jerimum de Cima,102265,48.95,50.05,1.10,BXH,SIL,PV,0.00,0.25,2.96,5,,166,1.2,2.5,0.014,0.25,,7,3,,7,1.56,,,,,,0.82,106.8,11,,0.18,0.05,2,0.02,,3,0.005,12,,,0.005,5,3.4,,5,7.5,,,,,0.07,10,,15,2.5,34.7,,5,51.1
HOLE_035,Jerimum de Cima,102266,50.05,51.00,0.95,BXH,SIL,PV,0.00,0.25,1.68,1.5,,153,0.25,2.5,0.016,0.25,,6,3,,6,0.94,,,,,,0.29,74.9,19,,0.06,0.0628,4,0.02,,2,0.005,61,,,0.005,5,3.1,,5,9.7,,,,,0.03,10,,7,2.5,8.6,,2,30.7
HOLE_035,Jerimum de Cima,102267,51.00,52.00,1.00,BXH,SIL,PV,0.00,0.25,1.59,5,,54,0.25,2.5,0.02,0.25,,3,4,,5,1.05,,,,,,0.31,137.3,27,,0.06,0.0189,1,0.01,,3,0.01,50,,,0.005,5,3,,5,13,,,,,0.03,10,,7,2.5,7.6,,7,26.6
HOLE_035,Jerimum de Cima,102268,52.00,53.00,1.00,BXH,SIL,PV,0.01,0.25,2.01,1.5,,48,0.6,2.5,0.015,0.25,,3,4,,5,1.04,,,,,,0.34,87.7,28,,0.07,0.0188,1,0.01,,2,0.005,24,,,0.005,5,2.7,,5,7.4,,,,,0.04,10,,6,2.5,10.4,,6,34.6
HOLE_035,Jerimum de Cima,102269,53.00,53.90,0.90,BXH,SIL,PV,0.00,0.25,2.29,6,,54,0.25,2.5,0.019,0.25,,6,7,,4,0.85,,,,,,0.33,139.4,24,,0.06,0.0167,0.5,0.01,,3,0.01,25,,,0.005,5,2.7,,5,11.1,,,,,0.03,10,,7,2.5,11.9,,1,36.3
HOLE_035,Jerimum de Cima,102270,53.90,54.80,0.90,BXH,SIL,PV,0.00,0.25,3.09,14,,124,0.7,2.5,0.014,0.25,,11,3,,8,0.9,,,,,,0.48,349.7,19,,0.07,0.0372,3,0.005,,2,0.03,63,,,0.005,5,4.9,,5,22,,,,,0.04,10,,10,2.5,15.8,,2,51.8
HOLE_035,Jerimum de Cima,102271,54.80,56.00,1.20,BXH,SIL,PV,0.00,0.25,2.39,5,,53,0.6,2.5,0.019,0.25,,3,3,,5,1.03,,,,,,0.33,123.5,29,,0.06,0.0166,1,0.01,,2,0.01,19,,,0.005,5,3,,5,10.5,,,,,0.04,10,,7,2.5,12.2,,2,37.8
HOLE_035,Jerimum de Cima,102272,56.00,57.00,1.00,BXH,SIL,PV,0.00,0.25,1.44,6,,35,0.25,2.5,0.025,0.25,,2,3,,4,0.77,,,,,,0.2,132.1,50,,0.04,0.0103,1,0.01,,2,0.01,23,,,0.005,5,2.2,,5,12.8,,,,,0.02,10,,5,2.5,7.8,,3,19.2
HOLE_035,Jerimum de Cima,102273,57.00,58.00,1.00,BXH,SIL,PV,0.00,0.25,1.6,5,,40,0.25,2.5,0.085,0.25,,3,4,,5,0.9,,,,,,0.21,135.9,78,,0.05,0.015,1,0.01,,3,0.01,24,,,0.005,5,2.6,,5,14.1,,,,,0.02,10,,6,2.5,10.4,,4,21.4
HOLE_035,Jerimum de Cima,102274,58.00,59.00,1.00,BXH,SIL,PV,0.00,0.25,1.14,5,,35,0.25,2.5,0.045,0.25,,2,4,,4,0.93,,,,,,0.16,131.4,49,,0.05,0.0132,0.5,0.01,,3,0.01,21,,,0.005,5,2.1,,5,15.7,,,,,0.02,10,,5,2.5,11.2,,3,14.7
HOLE_035,Jerimum de Cima,102275,59.00,60.00,1.00,BXH,SIL,PV,0.00,0.25,2.62,12,,86,0.6,2.5,0.024,0.25,,2,2,,8,0.91,,,,,,0.4,317.9,34,,0.07,0.0176,2,0.01,,2,0.03,51,,,0.005,5,4.7,,5,28.2,,,,,0.04,10,,9,2.5,16.3,,3,38.5
HOLE_035,Jerimum de Cima,102276,60.00,61.00,1.00,BXH,SIL,PV,0.00,0.25,1.98,5,,47,0.25,2.5,0.025,0.25,,1,3,,5,0.92,,,,,,0.27,143.9,58,,0.05,0.0113,0.5,0.01,,2,0.01,26,,,0.005,5,2.7,,5,13.2,,,,,0.03,10,,6,2.5,11.4,,4,25.2
HOLE_035,Jerimum de Cima,102277,61.00,62.00,1.00,BXH,SIL,PV,0.00,0.25,1.14,8,,50,0.25,2.5,0.038,0.25,,2,4,,5,0.8,,,,,,0.14,192.6,45,,0.03,0.0124,0.5,0.01,,2,0.02,40,,,0.005,5,2.4,,5,21.4,,,,,0.02,10,,4,2.5,9.3,,6,15.8
HOLE_035,Jerimum de Cima,102278,62.00,63.00,1.00,BXH,SIL,PV,0.00,0.25,1.08,10,,51,0.25,2.5,0.043,0.25,,2,4,,6,0.99,,,,,,0.13,240.4,39,,0.05,0.0147,1,0.01,,3,0.02,54,,,0.005,5,3,,5,24.1,,,,,0.02,10,,5,2.5,15.5,,8,10.9
HOLE_035,Jerimum de Cima,102279,63.00,64.00,1.00,BXH,SIL,PV,0.01,0.25,2.18,1.5,,59,0.5,2.5,0.016,0.25,,1,4,,5,1.11,,,,,,0.38,60,24,,0.08,0.0112,1,0.005,,3,0.005,13,,,0.005,5,2.9,,5,8.1,,,,,0.04,10,,11,2.5,12,,3,25.3
HOLE_035,Jerimum de Cima,102280,64.00,65.00,1.00,BXH,SIL,PV,0.00,0.25,1.27,4,,89,0.25,2.5,0.027,0.25,,2,5,,5,0.95,,,,,,0.35,93,33,,0.07,0.0166,1,0.005,,3,0.01,34,,,0.005,5,2.8,,5,20.9,,,,,0.02,10,,9,2.5,9.7,,4,11.8
HOLE_035,Jerimum de Cima,102281,65.00,66.00,1.00,BXH,SIL,PV,0.00,0.25,1.15,5,,45,0.25,2.5,0.048,0.25,,3,4,,5,0.95,,,,,,0.14,111.4,28,,0.04,0.0167,1,0.02,,3,0.01,30,,,0.005,5,2.4,,5,18.3,,,,,0.02,10,,6,2.5,12.8,,12,12.8
HOLE_035,Jerimum de Cima,102282,66.00,67.00,1.00,BXH,SIL,PV,0.00,0.25,0.76,5,,79,0.25,2.5,0.037,0.25,,3,3,,3,0.79,,,,,,0.14,110.2,30,,0.04,0.0243,2,0.01,,2,0.01,40,,,0.005,5,2.6,,5,13.1,,,,,0.01,10,,5,2.5,4.3,,5,5.3
HOLE_035,Jerimum de Cima,102283,67.00,68.00,1.00,BXH,SIL,PV,0.01,0.25,1.11,3,,64,0.25,2.5,0.024,0.25,,2,5,,5,0.85,,,,,,0.17,104,41,,0.05,0.0168,1,0.005,,2,0.01,24,,,0.005,5,2.5,,5,17.6,,,,,0.02,10,,5,2.5,6.2,,3,9
HOLE_035,Jerimum de Cima,102284,68.00,69.00,1.00,BXH,SIL,PV,0.00,0.25,1.41,4,,59,0.25,2.5,0.034,0.25,,4,7,,6,1.18,,,,,,0.17,105,54,,0.07,0.02,1,0.01,,3,0.01,24,,,0.005,5,3.1,,5,21.4,,,,,0.04,10,,8,2.5,8.2,,4,18.5
HOLE_035,Jerimum de Cima,102285,69.00,70.00,1.00,BXH,SIL,PV,0.00,0.25,1.91,6,,77,0.6,2.5,0.038,0.25,,5,8,,8,1.53,,,,,,0.22,153.9,50,,0.08,0.0236,2,0.01,,3,0.02,35,,,0.005,5,4.7,,5,26.7,,,,,0.05,10,,11,2.5,12.6,,3,24.1
HOLE_035,Jerimum de Cima,102286,70.00,71.00,1.00,BXH,SIL,PV,0.00,0.25,1.71,7,,101,0.25,2.5,0.028,0.25,,8,5,,7,1.15,,,,,,0.26,192.4,49,,0.08,0.026,2,0.01,,2,0.03,45,,,0.005,5,5.1,,5,36.2,,,,,0.05,10,,11,2.5,9.1,,2,19.7
HOLE_035,Jerimum de Cima,102287,71.00,72.00,1.00,BXH,SIL,PV,0.02,0.25,3.08,4,,95,0.5,2.5,0.028,0.25,,4,6,,9,1.24,,,,,,0.26,100,46,,0.08,0.0244,2,0.005,,3,0.02,45,,,0.005,5,5.7,,5,21.2,,,,,0.11,10,,15,2.5,11.1,,1,29.6
HOLE_035,Jerimum de Cima,102288,72.00,73.00,1.00,BXH,SIL,PV,0.01,0.25,1.58,3,,64,0.25,2.5,0.045,0.25,,4,6,,6,1.24,,,,,,0.19,81.3,24,,0.05,0.0245,2,0.005,,3,0.01,38,,,0.005,5,4.4,,5,10.3,,,,,0.08,10,,12,2.5,8.3,,2,19.4
HOLE_035,Jerimum de Cima,102289,73.00,73.80,0.80,BXH,SIL,PV,0.01,0.25,1.63,1.5,,63,0.5,2.5,0.047,0.25,,3,6,,7,1.38,,,,,,0.37,54.8,27,,0.09,0.0174,1,0.005,,5,0.01,24,,,0.005,5,5.1,,5,11.3,,,,,0.07,10,,17,2.5,7.5,,4,19.1
HOLE_035,Jerimum de Cima,102290,73.80,74.40,0.60,BXH,SIL,PV,0.00,0.25,1.59,7,,66,0.6,2.5,0.022,0.25,,4,6,,5,1.72,,,,,,0.34,156.6,32,,0.09,0.0147,1,0.005,,4,0.02,40,,,0.005,5,4.3,,5,23.9,,,,,0.05,10,,13,6,11.3,,3,22.1
HOLE_035,Jerimum de Cima,102291,74.40,75.50,1.10,BXH,SIL,PV,0.01,0.25,1.54,3,,111,0.6,2.5,0.016,0.25,,6,4,,6,0.9,,,,,,0.51,89.5,32,,0.1,0.0236,2,0.005,,2,0.02,40,,,0.005,5,3.4,,5,23.4,,,,,0.04,10,,18,2.5,5.5,,9,14.9
HOLE_035,Jerimum de Cima,102292,75.50,76.50,1.00,BXH,SIL,PV,0.00,0.25,1.39,1.5,,86,0.7,2.5,0.018,0.25,,6,6,,7,1.61,,,,,,0.37,55.2,23,,0.09,0.0232,2,0.005,,4,0.01,33,,,0.005,5,4.6,,5,12.6,,,,,0.09,10,,20,2.5,5.6,,6,16.7
HOLE_035,Jerimum de Cima,102293,76.50,77.50,1.00,BXH,SIL,PV,0.00,0.25,2.34,4,,170,1.1,2.5,0.024,0.25,,8,11,,13,2.04,,,,,,0.79,97.4,17,,0.17,0.0468,4,0.01,,4,0.03,84,,,0.005,5,10.6,,5,23.1,,,,,0.15,10,,36,6,12.3,,8,38.2
HOLE_035,Jerimum de Cima,102294,77.50,78.20,0.70,BXH,SIL,PV,0.00,0.25,3.3,1.5,,76,1,2.5,0.018,0.25,,2,11,,5,2.19,,,,,,0.65,59.2,13,,0.15,0.0103,0.5,0.005,,3,0.02,10,,,0.005,5,4.3,,5,7.9,,,,,0.11,10,,19,8,10.3,,4,45.5
HOLE_035,Jerimum de Cima,102295,78.20,78.90,0.70,BXH,SIL,PV,0.00,0.25,2.98,1.5,,91,1.5,2.5,0.022,0.25,,2,19,,7,2.66,,,,,,0.86,51.3,14,,0.2,0.0089,0.5,0.005,,4,0.04,11,,,0.005,5,6.7,,5,10.3,,,,,0.17,10,,26,10,12.8,,6,62.3
HOLE_035,Jerimum de Cima,102296,78.90,80.20,1.30,BXH,SIL,PV,0.00,0.25,1.42,1.5,,70,0.6,2.5,0.015,0.25,,2,7,,4,1.21,,,,,,0.66,28.8,17,,0.15,0.0108,1,0.005,,3,0.02,15,,,0.005,5,4.8,,5,8.5,,,,,0.07,10,,21,2.5,5.9,,4,24.3
HOLE_035,Jerimum de Cima,102297,80.20,81.45,1.25,BXH,SIL,PV,0.00,0.25,1.53,1.5,,136,0.8,2.5,0.019,0.25,,3,10,,6,1.49,,,,,,0.77,13,16,,0.17,0.025,1,0.005,,9,0.01,13,,,0.005,5,4,,5,9.3,,,,,0.08,10,,29,2.5,4.7,,6,30.3
HOLE_035,Jerimum de Cima,102298,81.45,82.40,0.95,BXH,SIL,PV,0.00,0.25,4.55,4,,715,2.9,2.5,0.045,0.25,,3,23,,10,2.61,,,,,,2.48,97.6,19,,0.46,0.0182,0.5,0.01,,7,0.07,19,,,0.005,5,8.1,,5,95.5,,,,,0.23,10,,60,7,16.2,,16,88.3
HOLE_035,Jerimum de Cima,102299,82.40,83.40,1.00,SAP,SAP,MT,0.00,0.25,4.53,4,,299,3.4,2.5,0.031,0.25,,2,32,,24,6.78,,,,,,1.65,106.3,21,,0.3,0.0078,0.5,0.005,,8,0.04,5,,,0.005,5,10.8,,5,38.6,,,,,0.24,10,,77,19,40.5,,25,104.1
HOLE_035,Jerimum de Cima,102300,83.40,84.40,1.00,SAP,SAP,MT,0.00,0.25,3.62,11,,171,2.5,2.5,0.052,0.25,,4,49,,15,6.28,,,,,,1.35,315.2,22,,0.27,0.0136,0.5,0.02,,8,0.06,5,,,0.005,5,8.5,,5,13.4,,,,,0.31,10,,88,25,105.6,,22,121.3
HOLE_035,Jerimum de Cima,102301,84.40,85.40,1.00,SAP,SAP,MT,0.00,0.25,4.48,12,,207,2.9,2.5,0.18,0.25,,5,70,,27,5.73,,,,,,2.28,325,14,,0.71,0.0095,0.5,0.02,,13,0.09,5,,,0.005,5,9.2,,5,22.2,,,,,0.37,10,,96,24,338.4,,59,134.1
HOLE_035,Jerimum de Cima,102302,85.40,86.40,1.00,SAP,SAP,MT,0.00,0.25,5.67,10,,419,3.8,2.5,0.264,0.25,,19,50,,51,4.28,,,,,,2.16,318,26,,1.11,0.0937,0.5,0.03,,83,0.06,9,,,0.005,5,11.2,,5,21.8,,,,,0.34,10,,85,13,241,,185,133.6
HOLE_035,Jerimum de Cima,102303,86.40,87.25,0.85,SAP,SAP,MT,0.00,0.25,5.24,1.5,,394,2.4,2.5,0.342,0.25,,27,55,,11,4.79,,,,,,2.03,50.9,54,,2.46,0.0798,0.5,0.08,,110,0.07,2,,,0.005,5,10.3,,5,12.3,,,,,0.34,10,,75,8,34.7,,216,134.7
HOLE_035,Jerimum de Cima,102304,87.25,88.00,0.75,HIDK,HM,MT,0.00,0.25,6.27,8,,428,2.6,2.5,0.401,0.25,,18,59,,29,3.98,,,,,,1.92,170.8,34,,1.73,0.0811,0.5,0.05,,104,0.07,2,,,0.005,5,11.3,,5,22.6,,,,,0.35,10,,69,8,84.5,,214,131.7
HOLE_035,Jerimum de Cima,102305,88.00,89.00,1.00,HIDK,HM,MT,0.00,0.25,5.09,1.5,,419,2.2,2.5,0.24,0.25,,26,53,,3,4.89,,,,,,2.1,7.3,56,,2.32,0.0502,0.5,0.96,,91,0.06,3,,,0.005,5,10,,5,33.7,,,,,0.32,10,,79,11,16,,202,127.9
HOLE_035,Jerimum de Cima,102306,89.00,90.00,1.00,HIDK,HM,MT,0.00,0.25,5.74,1.5,,549,2.7,2.5,0.244,0.25,,28,51,,3,4.95,,,,,,2.86,14.1,56,,2.47,0.0526,0.5,1.2,,95,0.07,3,,,0.005,5,11.6,,5,54.7,,,,,0.36,10,,92,8,19.4,,192,145.7
HOLE_035,Jerimum de Cima,102307,90.00,90.90,0.90,HIDK,HM,MT,0.00,0.25,5.47,1.5,,528,2.4,2.5,0.243,0.25,,27,56,,3,4.64,,,,,,2.7,18.1,47,,2.25,0.0484,0.5,1.18,,84,0.07,5,,,0.005,5,10.3,,5,66.9,,,,,0.34,10,,72,8,21.6,,171,132.8
HOLE_035,Jerimum de Cima,102308,90.90,91.40,0.50,HIDK,HM,MT,0.00,0.25,5.43,1.5,,446,2.4,2.5,0.231,0.25,,25,55,,1,4.59,,,,,,2.7,9.1,51,,2.13,0.0462,0.5,1,,78,0.07,4,,,0.005,5,10.7,,5,47,,,,,0.34,10,,73,8,15.2,,157,132
HOLE_035,Jerimum de Cima,102309,91.40,92.20,0.80,HIDK,HM,MT,0.00,0.25,5.96,1.5,,467,2.3,2.5,0.244,0.25,,26,57,,4,4.45,,,,,,2.8,11.6,49,,2.18,0.0485,0.5,1.12,,81,0.08,4,,,0.005,5,12.7,,5,56.6,,,,,0.36,10,,83,6,17,,146,135.3
HOLE_035,Jerimum de Cima,102310,92.20,93.00,0.80,HIDK,HM,MT,0.00,0.25,5.69,1.5,,529,2.3,2.5,0.234,0.25,,24,53,,6,4.38,,,,,,2.79,10.7,46,,2.15,0.0459,0.5,1.12,,72,0.07,4,,,0.005,5,11.7,,5,62.9,,,,,0.32,10,,78,6,16.5,,119,134.7
HOLE_035,Jerimum de Cima,102311,93.00,94.00,1.00,HIDK,HM,MT,0.00,0.25,5.06,1.5,,356,2.1,2.5,0.227,0.25,,23,45,,4,3.78,,,,,,2.39,10.4,47,,2.01,0.0414,0.5,0.86,,64,0.05,3,,,0.005,5,10.6,,5,44.9,,,,,0.27,10,,69,2.5,12,,95,116.3
HOLE_035,Jerimum de Cima,102312,94.00,95.00,1.00,HIDK,HM,MT,0.00,0.25,5.27,1.5,,376,1.8,2.5,0.252,0.25,,22,46,,3,3.76,,,,,,2.31,10.4,44,,2.09,0.043,0.5,1.02,,59,0.05,3,,,0.005,5,10.6,,5,55.6,,,,,0.27,10,,66,5,12.5,,90,116.7
HOLE_035,Jerimum de Cima,102313,95.00,96.00,1.00,HIDK,HM,MT,0.00,0.25,5.7,1.5,,428,1.9,2.5,0.246,0.25,,22,57,,3,4.2,,,,,,2.66,10.3,44,,2.26,0.0451,0.5,1.04,,63,0.05,2,,,0.005,5,11.7,,5,56.2,,,,,0.31,10,,76,5,12.1,,83,131.1
HOLE_035,Jerimum de Cima,102314,96.00,97.00,1.00,HIDK,HM,MT,0.00,0.25,5.99,1.5,,341,2.4,2.5,0.29,0.25,,22,55,,6,4.63,,,,,,2.6,9.4,56,,2.34,0.0491,0.5,0.9,,65,0.06,4,,,0.005,5,12.8,,5,47.9,,,,,0.32,10,,81,9,12.2,,86,138.8
HOLE_035,Jerimum de Cima,102315,97.00,98.00,1.00,HIDK,HM,MT,0.00,0.25,5.88,1.5,,359,2,2.5,0.317,0.25,,23,51,,3,4.73,,,,,,2.79,12.5,58,,2.51,0.0521,0.5,0.96,,67,0.06,3,,,0.005,5,12.1,,5,48.8,,,,,0.33,10,,86,8,12.7,,65,133.3
HOLE_035,Jerimum de Cima,102316,98.00,99.00,1.00,HIDK,HM,MT,0.00,0.25,5.71,1.5,,261,1.6,2.5,0.252,0.25,,19,58,,2,4.58,,,,,,2.77,5.7,49,,2.39,0.046,0.5,1.33,,60,0.06,1,,,0.005,5,10.7,,5,34.5,,,,,0.32,10,,83,10,10.7,,57,130.9
HOLE_035,Jerimum de Cima,102317,99.00,100.00,1.00,HIDK,HM,MT,0.00,0.25,5.64,1.5,,380,1.5,2.5,0.353,0.25,,21,54,,4,4.37,,,,,,2.71,15.5,51,,2.21,0.0505,0.5,1.29,,61,0.06,4,,,0.005,5,11.8,,5,53.1,,,,,0.32,10,,80,8,15.8,,60,129.3
HOLE_035,Jerimum de Cima,102318,100.00,101.00,1.00,HIDK,HM,MT,0.00,0.25,5.56,1.5,,421,1.6,2.5,0.792,0.25,,19,38,,4,3.82,,,,,,2.91,18.8,43,,1.99,0.0543,0.5,1.36,,55,0.05,7,,,0.005,5,11,,5,67.3,,,,,0.31,10,,73,2.5,17.1,,54,124.7
HOLE_035,Jerimum de Cima,102319,101.00,102.00,1.00,HIDK,HM,MT,0.00,0.25,5.86,1.5,,443,1.4,2.5,0.909,0.25,,19,46,,4,4.09,,,,,,2.81,29.6,50,,2.09,0.0564,0.5,1.25,,57,0.06,4,,,0.005,5,11.6,,5,63,,,,,0.3,10,,71,8,20.1,,54,130.7
HOLE_035,Jerimum de Cima,102320,102.00,103.00,1.00,HIDK,HM,MT,0.00,0.25,5.98,1.5,,297,1.4,2.5,1.188,0.25,,18,47,,3,4.62,,,,,,2.45,17.3,48,,2.11,0.0591,0.5,0.93,,51,0.06,4,,,0.005,5,12.7,,5,43.9,,,,,0.3,10,,72,10,18.9,,75,128.6
HOLE_035,Jerimum de Cima,102321,103.00,104.00,1.00,HIDK,HM,MT,0.00,0.25,5.26,1.5,,235,1.7,2.5,0.452,0.25,,18,44,,3,3.92,,,,,,2.37,15.9,41,,1.99,0.0408,0.5,1.04,,47,0.07,1,,,0.005,5,11,,5,43.3,,,,,0.33,10,,77,8,14.3,,74,128.5
HOLE_035,Jerimum de Cima,102322,104.00,105.00,1.00,HIDK,HM,MT,0.00,0.25,6.81,1.5,,354,2,2.5,1.366,0.25,,42,28,,0.5,9.19,,,,,,2.19,24.8,114,,3.61,0.1186,0.5,0.08,,69,0.14,7,,,0.005,5,23.3,,5,18.3,,,,,0.81,10,,173,27,24.3,,94,127.2
HOLE_035,Jerimum de Cima,102323,105.00,106.25,1.25,SHR,CTHM,ST,0.00,0.25,8.18,1.5,,166,1.9,2.5,0.805,0.25,,51,28,,0.5,9.99,,,,,,1.98,18.3,101,,4.1,0.1042,0.5,0.22,,81,0.18,13,,,0.005,5,31.1,,5,24,,,,,1.08,10,,205,24,26.3,,97,150.9
HOLE_035,Jerimum de Cima,102324,106.25,106.75,0.50,SHR,CTHM,ST,0.00,0.25,5,3,,311,2.1,2.5,0.766,0.25,,12,49,,2,3.25,,,,,,2.86,27.6,31,,1.54,0.038,0.5,0.26,,35,0.05,2,,,0.005,5,9.5,,5,30.7,,,,,0.24,10,,73,7,7.6,,49,109.7
HOLE_035,Jerimum de Cima,102325,106.75,107.60,0.85,SHR,CTHM,ST,0.00,0.25,4.76,3,,367,2.2,2.5,0.351,0.25,,5,26,,2,2.17,,,,,,3.22,34.6,12,,1.1,0.0161,0.5,0.74,,19,0.05,1,,,0.005,5,4.3,,5,42.2,,,,,0.17,10,,42,2.5,5.5,,33,119
HOLE_035,Jerimum de Cima,102326,107.60,108.20,0.60,SHR,CTHM,ST,0.00,0.25,6.47,1.5,,334,2.2,2.5,0.998,0.25,,22,159,,4,4.46,,,,,,3.15,24,54,,2.82,0.0674,0.5,0.13,,78,0.11,1,,,0.005,5,15.7,,5,24.9,,,,,0.38,10,,97,6,8.3,,171,137.9
HOLE_035,Jerimum de Cima,102327,108.20,109.00,0.80,SHR,CTHM,ST,0.00,0.25,5.65,1.5,,290,1.9,2.5,0.691,0.25,,19,105,,3,4.16,,,,,,3.08,17.9,42,,2.23,0.0556,0.5,0.36,,54,0.1,3,,,0.005,5,14.4,,5,19.1,,,,,0.35,10,,102,7,7.8,,162,128
HOLE_035,Jerimum de Cima,102328,109.00,110.00,1.00,dID,CTHM,ST,0.00,,,,,,,,,,,,,,,,,,,,,,,,,,,,,,,,,,,,,,,,,,,,,,,,,,,,,
HOLE_035,Jerimum de Cima,102329,110.00,111.00,1.00,dID,CTHM,ST,0.01,,,,,,,,,,,,,,,,,,,,,,,,,,,,,,,,,,,,,,,,,,,,,,,,,,,,,
HOLE_035,Jerimum de Cima,102330,111.00,112.00,1.00,dID,CTHM,ST,0.02,,,,,,,,,,,,,,,,,,,,,,,,,,,,,,,,,,,,,,,,,,,,,,,,,,,,,
HOLE_035,Jerimum de Cima,102331,112.00,113.45,1.45,dID,CTHM,ST,0.00,,,,,,,,,,,,,,,,,,,,,,,,,,,,,,,,,,,,,,,,,,,,,,,,,,,,,
HOLE_035,Jerimum de Cima,102332,113.45,113.95,0.50,dID,CTHM,ST,0.00,,,,,,,,,,,,,,,,,,,,,,,,,,,,,,,,,,,,,,,,,,,,,,,,,,,,,
HOLE_035,Jerimum de Cima,102333,113.95,114.85,0.90,FLT,CTHM,ST,0.00,,,,,,,,,,,,,,,,,,,,,,,,,,,,,,,,,,,,,,,,,,,,,,,,,,,,,
HOLE_035,Jerimum de Cima,102334,114.85,116.30,1.45,dID,HM,MT,0.00,,,,,,,,,,,,,,,,,,,,,,,,,,,,,,,,,,,,,,,,,,,,,,,,,,,,,
HOLE_035,Jerimum de Cima,102335,116.30,118.15,1.85,dID,HM,MT,0.01,,,,,,,,,,,,,,,,,,,,,,,,,,,,,,,,,,,,,,,,,,,,,,,,,,,,,
HOLE_035,Jerimum de Cima,102336,118.15,118.85,0.70,dID,HM,MT,0.01,,,,,,,,,,,,,,,,,,,,,,,,,,,,,,,,,,,,,,,,,,,,,,,,,,,,,
HOLE_035,Jerimum de Cima,102337,118.85,120.50,1.65,dID,HM,MT,0.00,,,,,,,,,,,,,,,,,,,,,,,,,,,,,,,,,,,,,,,,,,,,,,,,,,,,,
HOLE_035,Jerimum de Cima,102338,120.50,122.00,1.50,dID,HM,MT,0.00,,,,,,,,,,,,,,,,,,,,,,,,,,,,,,,,,,,,,,,,,,,,,,,,,,,,,
HOLE_035,Jerimum de Cima,102339,122.00,124.00,2.00,dID,HM,MT,0.00,,,,,,,,,,,,,,,,,,,,,,,,,,,,,,,,,,,,,,,,,,,,,,,,,,,,,
HOLE_035,Jerimum de Cima,102340,124.00,126.00,2.00,dID,HM,MT,0.00,,,,,,,,,,,,,,,,,,,,,,,,,,,,,,,,,,,,,,,,,,,,,,,,,,,,,
HOLE_035,Jerimum de Cima,102341,126.00,128.00,2.00,dID,HM,MT,0.00,,,,,,,,,,,,,,,,,,,,,,,,,,,,,,,,,,,,,,,,,,,,,,,,,,,,,
HOLE_035,Jerimum de Cima,102342,128.00,129.45,1.45,dID,HM,MT,0.00,,,,,,,,,,,,,,,,,,,,,,,,,,,,,,,,,,,,,,,,,,,,,,,,,,,,,
HOLE_035,Jerimum de Cima,102343,129.45,130.35,0.90,MD,CT,MT,0.01,,,,,,,,,,,,,,,,,,,,,,,,,,,,,,,,,,,,,,,,,,,,,,,,,,,,,
HOLE_035,Jerimum de Cima,102344,130.35,131.30,0.95,MD,CT,MT,0.06,,,,,,,,,,,,,,,,,,,,,,,,,,,,,,,,,,,,,,,,,,,,,,,,,,,,,
HOLE_035,Jerimum de Cima,102345,131.30,132.85,1.55,MD,CT,MT,0.00,,,,,,,,,,,,,,,,,,,,,,,,,,,,,,,,,,,,,,,,,,,,,,,,,,,,,
HOLE_035,Jerimum de Cima,102346,132.85,134.35,1.50,MD,CT,MT,0.00,,,,,,,,,,,,,,,,,,,,,,,,,,,,,,,,,,,,,,,,,,,,,,,,,,,,,
HOLE_035,Jerimum de Cima,102347,134.35,135.30,0.95,MD,CT,MT,0.00,,,,,,,,,,,,,,,,,,,,,,,,,,,,,,,,,,,,,,,,,,,,,,,,,,,,,
HOLE_035,Jerimum de Cima,102348,135.30,136.45,1.15,MD,CT,MT,0.00,,,,,,,,,,,,,,,,,,,,,,,,,,,,,,,,,,,,,,,,,,,,,,,,,,,,,
HOLE_035,Jerimum de Cima,102349,136.45,137.55,1.10,MD,CT,MT,0.00,,,,,,,,,,,,,,,,,,,,,,,,,,,,,,,,,,,,,,,,,,,,,,,,,,,,,
HOLE_035,Jerimum de Cima,102350,137.55,139.00,1.45,MD,CT,MT,0.00,,,,,,,,,,,,,,,,,,,,,,,,,,,,,,,,,,,,,,,,,,,,,,,,,,,,,
HOLE_035,Jerimum de Cima,102351,139.00,141.00,2.00,MD,CT,MT,0.00,,,,,,,,,,,,,,,,,,,,,,,,,,,,,,,,,,,,,,,,,,,,,,,,,,,,,
HOLE_035,Jerimum de Cima,102352,141.00,143.00,2.00,dID,HM,MT,0.01,,,,,,,,,,,,,,,,,,,,,,,,,,,,,,,,,,,,,,,,,,,,,,,,,,,,,
HOLE_035,Jerimum de Cima,102353,143.00,145.00,2.00,dID,HM,MT,0.00,,,,,,,,,,,,,,,,,,,,,,,,,,,,,,,,,,,,,,,,,,,,,,,,,,,,,
HOLE_035,Jerimum de Cima,102354,145.00,147.00,2.00,dID,HM,MT,0.00,,,,,,,,,,,,,,,,,,,,,,,,,,,,,,,,,,,,,,,,,,,,,,,,,,,,,
HOLE_035,Jerimum de Cima,102355,147.00,149.00,2.00,dID,HM,MT,0.01,,,,,,,,,,,,,,,,,,,,,,,,,,,,,,,,,,,,,,,,,,,,,,,,,,,,,
HOLE_035,Jerimum de Cima,102356,149.00,151.00,2.00,dID,HM,MT,0.00,,,,,,,,,,,,,,,,,,,,,,,,,,,,,,,,,,,,,,,,,,,,,,,,,,,,,
HOLE_035,Jerimum de Cima,102357,151.00,153.00,2.00,dID,HM,MT,0.01,,,,,,,,,,,,,,,,,,,,,,,,,,,,,,,,,,,,,,,,,,,,,,,,,,,,,
HOLE_035,Jerimum de Cima,102358,153.00,154.25,1.25,dID,HM,MT,0.00,,,,,,,,,,,,,,,,,,,,,,,,,,,,,,,,,,,,,,,,,,,,,,,,,,,,,
HOLE_035,Jerimum de Cima,102359,154.25,155.00,0.75,dID,HM,MT,0.00,,,,,,,,,,,,,,,,,,,,,,,,,,,,,,,,,,,,,,,,,,,,,,,,,,,,,
HOLE_035,Jerimum de Cima,102360,155.00,156.40,1.40,dID,HM,MT,0.00,,,,,,,,,,,,,,,,,,,,,,,,,,,,,,,,,,,,,,,,,,,,,,,,,,,,,
HOLE_035,Jerimum de Cima,102361,156.40,157.00,0.60,dID,HM,MT,0.00,0.25,4.12,1.5,,585,1.3,2.5,2.203,0.25,,9,3,,0.5,2.79,,,,,,1.62,12.4,4,,0.89,0.0757,0.5,3.22,,6,0.06,8,,,0.005,5,10.2,,5,289.3,,,,,0.21,10,,49,2.5,6.4,,71,42.7
HOLE_035,Jerimum de Cima,102362,157.00,157.60,0.60,dID,HM,MT,0.00,0.25,3.75,1.5,,558,1.2,2.5,1.941,0.25,,7,3,,0.5,2.48,,,,,,1.38,11.1,1,,0.63,0.0672,0.5,3.27,,4,0.06,11,,,0.005,5,7.3,,5,355.4,,,,,0.2,10,,43,2.5,4.9,,75,55
HOLE_035,Jerimum de Cima,102363,157.60,158.60,1.00,dID,HM,MT,0.00,0.25,3.51,1.5,,966,1.3,2.5,1.664,0.25,,7,3,,1,2.3,,,,,,1.72,11.8,1,,0.56,0.0643,0.5,3.42,,5,0.05,11,,,0.005,5,6.5,,5,349.9,,,,,0.19,10,,45,2.5,4.8,,71,64.3
HOLE_035,Jerimum de Cima,102364,158.60,160.00,1.40,dID,HM,MT,0.00,0.25,1.99,1.5,,1665,0.9,2.5,1.096,0.25,,4,5,,1,1.48,,,,,,2.29,10.1,1,,0.3,0.0363,0.5,3.05,,2,0.04,6,,,0.005,5,1.2,,5,298.1,,,,,0.16,10,,25,2.5,2.9,,39,61.4
HOLE_035,Jerimum de Cima,102365,160.00,162.00,2.00,dID,HM,MT,0.00,0.25,4.57,1.5,,1421,0.8,2.5,1.18,0.25,,4,0.5,,0.5,1.75,,,,,,2.1,19.6,1,,0.37,0.0392,0.5,3.25,,1,0.04,7,,,0.005,5,1.8,,5,332.1,,,,,0.14,10,,27,2.5,4.3,,41,67.7
HOLE_035,Jerimum de Cima,102366,162.00,163.00,1.00,dID,HM,MT,0.00,0.25,2.24,1.5,,709,1,2.5,1.103,0.25,,6,5,,0.5,2.23,,,,,,1.32,6.3,5,,0.47,0.0541,0.5,3.48,,6,0.04,4,,,0.005,5,4,,5,165.8,,,,,0.18,10,,35,2.5,2.9,,65,51
HOLE_035,Jerimum de Cima,102367,163.00,163.65,0.65,dID,HM,MT,0.00,0.25,3.97,1.5,,884,1,2.5,1.047,0.25,,6,2,,0.5,2.6,,,,,,1.76,16.5,3,,0.61,0.0451,0.5,3.68,,5,0.04,4,,,0.005,5,3.9,,5,179.6,,,,,0.17,10,,34,2.5,3.9,,55,52.2
HOLE_035,Jerimum de Cima,102368,163.65,165.20,1.55,dID,HM,MT,0.00,0.25,4.76,1.5,,1165,0.8,2.5,1.204,0.25,,5,1,,1,1.89,,,,,,2.03,22.7,1,,0.43,0.0371,0.5,3.44,,2,0.04,4,,,0.005,5,2.4,,5,265,,,,,0.16,10,,29,2.5,4.4,,49,64.1
HOLE_035,Jerimum de Cima,102369,165.20,165.70,0.50,dID,HM,MT,0.03,0.25,3.49,1.5,,1000,1.1,2.5,1.14,0.25,,5,2,,4,2.05,,,,,,1.92,14.2,1,,0.42,0.0373,0.5,3.32,,3,0.04,4,,,0.12,5,1.7,,5,233.8,,,,,0.17,10,,32,2.5,2.9,,52,58.2
HOLE_035,Jerimum de Cima,102370,165.70,167.15,1.45,dID,HM,MT,0.00,0.25,3.06,1.5,,1836,0.9,2.5,1.304,0.25,,4,1,,3,1.47,,,,,,2.24,12.9,1,,0.27,0.0336,0.5,2.82,,1,0.03,7,,,0.01,5,1,,5,372,,,,,0.14,10,,23,2.5,3.4,,36,50
HOLE_035,Jerimum de Cima,102371,167.15,167.65,0.50,dID,HM,MT,0.00,0.25,3.49,1.5,,1576,1,2.5,1.37,0.25,,5,5,,0.5,1.75,,,,,,2.34,12.8,1,,0.36,0.0359,0.5,3.13,,3,0.04,5,,,0.04,5,2.1,,5,351.3,,,,,0.16,10,,27,2.5,3.1,,44,55.2
HOLE_035,Jerimum de Cima,102372,167.65,168.40,0.75,dID,HM,MT,0.02,0.25,3.85,1.5,,2043,0.8,2.5,1.565,0.25,,4,2,,2,1.62,,,,,,2.45,14.8,1,,0.31,0.0369,0.5,2.88,,2,0.04,6,,,0.08,5,1,,5,396.8,,,,,0.14,10,,22,2.5,3.7,,36,61.7
HOLE_035,Jerimum de Cima,102373,168.40,169.85,1.45,dID,HM,MT,0.14,0.25,2.65,1.5,,1866,0.8,2.5,1.126,0.25,,4,2,,2,1.49,,,,,,2.3,11.7,1,,0.21,0.0279,0.5,3.06,,2,0.03,6,,,0.02,5,0.7,,5,277.4,,,,,0.13,10,,22,2.5,2.6,,34,51.5
HOLE_035,Jerimum de Cima,102374,169.85,170.35,0.50,dID,HM,MT,2.19,0.25,4.1,1.5,,1219,1.2,2.5,1.594,0.25,,4,1,,10,1.8,,,,,,2.54,14.9,1,,0.36,0.037,0.5,2.65,,1,0.05,7,,,0.38,5,1.5,,5,258.6,,,,,0.17,10,,28,7,4.4,,42,60.7
HOLE_035,Jerimum de Cima,102375,170.35,170.85,0.50,dID,HM,MT,34.87,7.1,3.18,8,,970,1.1,7,3.324,0.25,,4,0.5,,12,1.53,,,,,,2.36,6.8,1,,0.24,0.0511,0.5,1.54,,2,0.04,33,,,0.55,5,1.2,,5,141.4,,,,,0.13,10,,25,6,5.1,,26,47.1
HOLE_035,Jerimum de Cima,102376,170.85,171.85,1.00,dID,HM,MT,0.04,0.25,4.02,1.5,,1100,0.9,2.5,1.465,0.25,,5,0.5,,2,1.73,,,,,,2.04,12.1,1,,0.37,0.0348,0.5,3,,2,0.04,4,,,0.08,5,1.7,,5,266.6,,,,,0.15,10,,27,2.5,4.1,,36,52.7
HOLE_035,Jerimum de Cima,102377,171.85,173.00,1.15,dID,HM,MT,0.01,0.25,3.96,1.5,,1133,1,2.5,1.49,0.25,,6,2,,0.5,2.05,,,,,,1.89,13.1,1,,0.45,0.0386,0.5,3.3,,2,0.05,5,,,0.04,5,2.6,,5,383.2,,,,,0.18,10,,33,2.5,4.8,,46,54.8
HOLE_035,Jerimum de Cima,102378,173.00,174.20,1.20,dID,HM,MT,0.01,0.25,4.18,1.5,,1155,1.2,2.5,1.956,0.25,,7,4,,2,2.33,,,,,,2.12,14.3,1,,0.49,0.0456,0.5,4.01,,3,0.05,7,,,0.02,5,2.3,,5,390.5,,,,,0.21,10,,45,2.5,5.4,,53,68.7
HOLE_035,Jerimum de Cima,102379,174.20,175.40,1.20,dID,HM,MT,0.10,0.25,4.45,1.5,,1054,1.2,2.5,2.23,0.25,,8,5,,4,2.42,,,,,,2.1,12.6,1,,0.61,0.0548,0.5,3.54,,5,0.06,6,,,0.1,5,3.7,,5,453.8,,,,,0.22,10,,54,2.5,6.8,,54,57.9
HOLE_035,Jerimum de Cima,102380,175.40,175.90,0.50,dID,HM,MT,0.14,0.25,3.81,4,,743,1.1,2.5,1.497,0.25,,4,2,,9,1.5,,,,,,1.73,13.2,1,,0.34,0.0377,0.5,2.57,,3,0.03,6,,,0.24,5,2.2,,5,322.8,,,,,0.12,10,,27,2.5,5.2,,27,40.2
HOLE_035,Jerimum de Cima,102381,175.90,177.65,1.75,dID,HM,MT,0.02,0.25,3.98,1.5,,860,1.1,2.5,1.768,0.25,,8,3,,5,2.35,,,,,,1.69,10.2,1,,0.61,0.0487,0.5,3.61,,4,0.05,7,,,0.04,5,3.8,,5,387.2,,,,,0.21,10,,51,2.5,6.8,,57,54.4
HOLE_035,Jerimum de Cima,102382,177.65,178.15,0.50,dID,HM,MT,0.17,0.25,4.94,9,,870,1.3,2.5,1.55,0.25,,8,3,,8,2.37,,,,,,2.08,10.6,4,,0.71,0.0442,0.5,2.93,,7,0.06,5,,,0.4,5,5.2,,5,280.5,,,,,0.2,10,,42,2.5,7.4,,52,46.1
HOLE_035,Jerimum de Cima,102383,178.15,180.00,1.85,dID,HM,MT,0.00,0.25,4.46,1.5,,1213,1.2,2.5,2.094,0.25,,7,2,,4,2.39,,,,,,1.91,10,1,,0.54,0.0507,0.5,3.85,,4,0.06,9,,,0.005,5,3.1,,5,601,,,,,0.22,10,,44,2.5,5.3,,58,34.3
HOLE_035,Jerimum de Cima,102384,180.00,180.80,0.80,dID,HM,MT,0.04,0.25,4.42,3,,930,1,2.5,2.05,0.25,,7,2,,4,2.29,,,,,,1.97,11.9,1,,0.53,0.0514,0.5,3.52,,4,0.06,3,,,0.08,5,3.1,,5,363.2,,,,,0.2,10,,40,2.5,5.1,,48,33.6
HOLE_035,Jerimum de Cima,102385,180.80,181.70,0.90,dID,HM,MT,0.00,0.25,6.09,1.5,,982,1.1,2.5,2.089,0.25,,7,3,,1,2.31,,,,,,1.84,18.8,1,,0.6,0.0443,0.5,3.63,,3,0.06,5,,,0.02,5,4,,5,503.1,,,,,0.2,10,,42,2.5,6.7,,46,38.5
HOLE_035,Jerimum de Cima,102386,181.70,182.45,0.75,dID,HM,MT,0.00,0.25,3.76,1.5,,966,1.1,2.5,2.012,0.25,,7,5,,3,2.36,,,,,,1.84,12.2,1,,0.53,0.0496,0.5,3.36,,4,0.05,5,,,0.005,5,2.6,,5,386.8,,,,,0.2,10,,39,2.5,5.7,,47,33.1
HOLE_035,Jerimum de Cima,102387,182.45,183.75,1.30,dID,HM,MT,0.00,0.25,3.78,1.5,,861,1.1,2.5,1.924,0.25,,7,4,,3,2.31,,,,,,1.77,11.5,1,,0.5,0.0453,0.5,3.52,,4,0.05,7,,,0.005,5,2.6,,5,458,,,,,0.2,10,,40,2.5,5.1,,50,34.1
HOLE_035,Jerimum de Cima,102388,183.75,185.20,1.45,dID,HM,MT,0.00,0.25,3.78,1.5,,877,1.3,2.5,1.183,0.25,,5,3,,1,1.98,,,,,,2.06,14.9,1,,0.42,0.036,0.5,3.45,,3,0.03,7,,,0.005,5,2.6,,5,305.9,,,,,0.16,10,,32,2.5,5.7,,45,53.3
HOLE_035,Jerimum de Cima,102389,185.20,186.15,0.95,dID,HM,MT,0.00,0.25,5.84,1.5,,972,1.4,2.5,2.099,0.25,,7,4,,0.5,2.5,,,,,,2.27,15.4,1,,0.65,0.0509,0.5,4.27,,3,0.07,7,,,0.005,5,3.7,,5,384.7,,,,,0.21,10,,40,2.5,7.3,,63,50.6
HOLE_035,Jerimum de Cima,102390,186.15,187.00,0.85,dID,HM,MT,0.00,0.25,3.93,1.5,,774,1.2,2.5,1.688,0.25,,8,5,,7,2.42,,,,,,1.92,12.7,1,,0.52,0.0427,0.5,3.87,,4,0.05,4,,,0.04,5,2.7,,5,269,,,,,0.17,10,,39,2.5,5.1,,53,37.5
HOLE_035,Jerimum de Cima,102391,187.00,187.55,0.55,dID,HM,MT,0.00,0.25,4.26,1.5,,826,1.3,2.5,1.329,0.25,,7,3,,10,1.96,,,,,,2.33,9.6,1,,0.39,0.0329,0.5,3.46,,3,0.04,7,,,0.14,5,2.3,,5,262.7,,,,,0.14,10,,30,2.5,5.1,,36,38.6
HOLE_035,Jerimum de Cima,102392,187.55,188.70,1.15,dID,HM,MT,0.00,0.25,4.84,1.5,,1128,1.7,2.5,1.241,0.25,,3,2,,5,1.79,,,,,,3.03,8.4,1,,0.25,0.032,0.5,3.12,,2,0.03,12,,,0.03,5,2.4,,5,323.1,,,,,0.09,10,,20,2.5,7.2,,24,48.9
HOLE_035,Jerimum de Cima,102393,188.70,190.00,1.30,dID,HM,MT,0.00,0.25,3.49,1.5,,865,1.1,2.5,1.579,0.25,,7,3,,8,2.15,,,,,,1.92,8.1,1,,0.45,0.0404,0.5,3.51,,4,0.05,7,,,0.05,5,2.3,,5,367.3,,,,,0.18,10,,35,2.5,3.9,,50,32.7
HOLE_035,Jerimum de Cima,102394,190.00,190.50,0.50,dID,HM,MT,0.00,0.25,3.76,1.5,,666,1.1,2.5,2.333,0.25,,8,4,,13,2.22,,,,,,1.64,10.7,1,,0.38,0.0457,0.5,3.47,,6,0.05,7,,,0.12,5,2.6,,5,297.9,,,,,0.16,10,,37,2.5,4.6,,40,30.6
HOLE_035,Jerimum de Cima,102395,190.50,191.85,1.35,dID,HM,MT,0.00,0.25,3.85,1.5,,1007,1.1,2.5,1.228,0.25,,8,4,,92,2.39,,,,,,1.9,13.2,5,,0.53,0.0417,0.5,3.65,,4,0.05,7,,,0.04,5,2.5,,5,409,,,,,0.2,10,,38,2.5,3.7,,55,36.3
HOLE_035,Jerimum de Cima,102396,191.85,193.20,1.35,dID,HM,MT,0.00,0.25,3.9,1.5,,899,1.3,2.5,1.506,0.25,,8,4,,34,2.53,,,,,,1.85,13.1,2,,0.59,0.0464,0.5,3.65,,6,0.05,7,,,0.03,5,2.8,,5,456.9,,,,,0.2,10,,41,2.5,5,,60,37.8
HOLE_035,Jerimum de Cima,102397,193.20,193.75,0.55,dID,HM,MT,0.00,0.25,4.03,1.5,,806,1.1,2.5,1.108,0.25,,7,4,,9,2.42,,,,,,2.2,9.7,6,,0.49,0.036,0.5,2.89,,4,0.05,13,,,0.23,5,2.7,,5,179.7,,,,,0.17,10,,40,2.5,3.9,,41,35.8
HOLE_035,Jerimum de Cima,102398,193.75,195.75,2.00,dID,HM,MT,0.00,0.25,4.26,1.5,,694,0.9,2.5,1.835,0.25,,6,3,,7,2.16,,,,,,1.66,12.9,1,,0.5,0.0415,0.5,3.64,,4,0.04,5,,,0.04,5,3,,5,376.4,,,,,0.18,10,,38,2.5,5.1,,49,33.9
HOLE_035,Jerimum de Cima,102399,195.75,197.75,2.00,dID,HM,MT,0.00,0.25,5,1.5,,1290,1.1,2.5,2.494,0.25,,7,6,,2,2.82,,,,,,2.04,13.3,1,,0.56,0.057,1,3.83,,6,0.06,10,,,0.005,5,3.5,,5,818.8,,,,,0.22,10,,46,2.5,6.1,,62,38.2
HOLE_035,Jerimum de Cima,102400,197.75,199.60,1.85,dID,HM,MT,0.00,0.25,5.43,1.5,,1128,1,2.5,3.295,0.25,,16,49,,3,3.79,,,,,,1.44,13.7,1,,1.53,0.076,0.5,3.67,,17,0.08,10,,,0.005,5,7.8,,5,752.5,,,,,0.3,10,,89,2.5,7.7,,82,57.5
HOLE_035,Jerimum de Cima,102401,199.60,201.00,1.40,dID,HM,MT,0.00,0.25,3.88,1.5,,741,0.9,2.5,2.212,0.25,,7,3,,3,2.3,,,,,,1.4,8,1,,0.48,0.0443,0.5,3.39,,4,0.05,8,,,0.005,5,2.7,,5,506.6,,,,,0.19,10,,40,2.5,4.5,,50,34.9
HOLE_035,Jerimum de Cima,102402,201.00,203.00,2.00,dID,HM,MT,0.00,0.25,3.25,1.5,,792,1,2.5,1.842,0.25,,7,5,,11,2.26,,,,,,1.73,8.5,1,,0.48,0.0443,0.5,3.61,,5,0.05,4,,,0.03,5,2.3,,5,320.1,,,,,0.19,10,,42,2.5,3.9,,61,33.5
HOLE_035,Jerimum de Cima,102403,203.00,205.00,2.00,dID,HM,MT,0.00,0.25,3.75,1.5,,1040,1,2.5,1.959,0.25,,7,5,,6,2.43,,,,,,1.75,10.9,1,,0.49,0.0465,0.5,3.4,,4,0.05,8,,,0.005,5,2.6,,5,484.3,,,,,0.19,10,,42,2.5,4.7,,54,31.8
HOLE_035,Jerimum de Cima,102404,205.00,207.00,2.00,dID,HM,MT,0.00,0.25,4.65,1.5,,1041,1.2,2.5,2.195,0.25,,7,3,,1,2.53,,,,,,1.84,13.4,1,,0.55,0.0516,0.5,3.78,,5,0.05,9,,,0.005,5,3.2,,5,536.2,,,,,0.21,10,,46,2.5,6.1,,67,40.8
HOLE_035,Jerimum de Cima,102405,207.00,208.30,1.30,dID,HM,MT,0.00,0.25,4.53,1.5,,933,0.9,2.5,1.764,0.25,,6,4,,1,2.32,,,,,,1.71,15.6,1,,0.54,0.0457,0.5,3.62,,3,0.05,4,,,0.005,5,3.1,,5,437.7,,,,,0.18,10,,38,2.5,5.4,,62,34.6
HOLE_035,Jerimum de Cima,102406,208.30,209.60,1.30,dID,HM,MT,0.01,0.25,4.91,1.5,,904,0.9,2.5,1.609,0.25,,6,3,,2,2.23,,,,,,1.87,15.7,1,,0.55,0.0427,0.5,3.24,,3,0.05,5,,,0.1,5,3.3,,5,319.8,,,,,0.17,10,,36,2.5,5.4,,63,35.8
HOLE_035,Jerimum de Cima,102407,209.60,210.15,0.55,dID,HM,MT,68.04,28.5,4.97,31,,1129,1.4,143,2.238,14.7,,7,6,,201,4.7,,,,,,3.08,15.9,1,,0.47,0.0457,1,1.32,,4,0.06,773,,,4,5,3.1,,5,174.7,,,,,0.16,10,,37,9,5.1,,1806,33.7
HOLE_035,Jerimum de Cima,102408,210.15,212.00,1.85,dID,HM,MT,0.04,0.25,4.11,4,,779,0.9,2.5,1.481,0.25,,6,4,,4,2.21,,,,,,1.59,12.1,1,,0.58,0.0411,1,3.53,,4,0.05,5,,,0.11,5,2.5,,5,210.4,,,,,0.16,10,,36,2.5,4.2,,59,32.8
HOLE_035,Jerimum de Cima,102409,212.00,212.50,0.50,dID,HM,MT,0.00,0.25,4.52,1.5,,874,1,2.5,1.221,0.25,,6,10,,0.5,2.24,,,,,,1.71,12.1,3,,0.77,0.0409,0.5,3.38,,5,0.05,3,,,0.005,5,2.9,,5,284.4,,,,,0.17,10,,35,2.5,5,,60,35.5
HOLE_035,Jerimum de Cima,102410,212.50,214.00,1.50,dID,HM,MT,0.01,,,,,,,,,,,,,,,,,,,,,,,,,,,,,,,,,,,,,,,,,,,,,,,,,,,,,
HOLE_035,Jerimum de Cima,102411,214.00,216.00,2.00,dID,HM,MT,0.00,,,,,,,,,,,,,,,,,,,,,,,,,,,,,,,,,,,,,,,,,,,,,,,,,,,,,
HOLE_035,Jerimum de Cima,102412,216.00,218.00,2.00,dID,HM,MT,0.00,,,,,,,,,,,,,,,,,,,,,,,,,,,,,,,,,,,,,,,,,,,,,,,,,,,,,
HOLE_035,Jerimum de Cima,102413,218.00,220.00,2.00,dID,HM,MT,0.00,,,,,,,,,,,,,,,,,,,,,,,,,,,,,,,,,,,,,,,,,,,,,,,,,,,,,
HOLE_035,Jerimum de Cima,102414,220.00,221.40,1.40,dID,HM,MT,0.00,,,,,,,,,,,,,,,,,,,,,,,,,,,,,,,,,,,,,,,,,,,,,,,,,,,,,
HOLE_035,Jerimum de Cima,102415,221.40,222.35,0.95,dID,HM,MT,0.01,,,,,,,,,,,,,,,,,,,,,,,,,,,,,,,,,,,,,,,,,,,,,,,,,,,,,
HOLE_035,Jerimum de Cima,102416,222.35,223.10,0.75,dID,HM,MT,0.00,,,,,,,,,,,,,,,,,,,,,,,,,,,,,,,,,,,,,,,,,,,,,,,,,,,,,
HOLE_035,Jerimum de Cima,102417,223.10,225.00,1.90,dID,HM,MT,0.00,,,,,,,,,,,,,,,,,,,,,,,,,,,,,,,,,,,,,,,,,,,,,,,,,,,,,
HOLE_035,Jerimum de Cima,102418,225.00,226.25,1.25,dID,HM,MT,0.00,,,,,,,,,,,,,,,,,,,,,,,,,,,,,,,,,,,,,,,,,,,,,,,,,,,,,
HOLE_035,Jerimum de Cima,102419,226.25,226.75,0.50,dID,HM,MT,0.38,,,,,,,,,,,,,,,,,,,,,,,,,,,,,,,,,,,,,,,,,,,,,,,,,,,,,
HOLE_035,Jerimum de Cima,102420,226.75,228.00,1.25,dID,HM,MT,0.00,,,,,,,,,,,,,,,,,,,,,,,,,,,,,,,,,,,,,,,,,,,,,,,,,,,,,
HOLE_035,Jerimum de Cima,102421,228.00,230.00,2.00,dID,HM,MT,0.01,,,,,,,,,,,,,,,,,,,,,,,,,,,,,,,,,,,,,,,,,,,,,,,,,,,,,
HOLE_035,Jerimum de Cima,102422,230.00,231.25,1.25,dID,HM,MT,0.01,,,,,,,,,,,,,,,,,,,,,,,,,,,,,,,,,,,,,,,,,,,,,,,,,,,,,
HOLE_035,Jerimum de Cima,102423,231.25,231.75,0.50,dID,HM,MT,0.00,,,,,,,,,,,,,,,,,,,,,,,,,,,,,,,,,,,,,,,,,,,,,,,,,,,,,
HOLE_035,Jerimum de Cima,102424,231.75,233.00,1.25,dID,HM,MT,0.01,,,,,,,,,,,,,,,,,,,,,,,,,,,,,,,,,,,,,,,,,,,,,,,,,,,,,
HOLE_035,Jerimum de Cima,102425,233.00,234.35,1.35,dID,HM,MT,0.01,,,,,,,,,,,,,,,,,,,,,,,,,,,,,,,,,,,,,,,,,,,,,,,,,,,,,
HOLE_035,Jerimum de Cima,102426,234.35,235.55,1.20,dID,HM,MT,0.00,,,,,,,,,,,,,,,,,,,,,,,,,,,,,,,,,,,,,,,,,,,,,,,,,,,,,
HOLE_035,Jerimum de Cima,102427,235.55,236.80,1.25,dID,HM,MT,0.00,,,,,,,,,,,,,,,,,,,,,,,,,,,,,,,,,,,,,,,,,,,,,,,,,,,,,
HOLE_035,Jerimum de Cima,102428,236.80,237.40,0.60,dID,HM,MT,0.01,,,,,,,,,,,,,,,,,,,,,,,,,,,,,,,,,,,,,,,,,,,,,,,,,,,,,
HOLE_035,Jerimum de Cima,102429,237.40,238.40,1.00,dID,HM,MT,0.00,,,,,,,,,,,,,,,,,,,,,,,,,,,,,,,,,,,,,,,,,,,,,,,,,,,,,
HOLE_035,Jerimum de Cima,102430,238.40,239.30,0.90,dID,HM,MT,0.00,,,,,,,,,,,,,,,,,,,,,,,,,,,,,,,,,,,,,,,,,,,,,,,,,,,,,
HOLE_035,Jerimum de Cima,102431,239.30,240.15,0.85,dID,HM,MT,0.00,,,,,,,,,,,,,,,,,,,,,,,,,,,,,,,,,,,,,,,,,,,,,,,,,,,,,
HOLE_035,Jerimum de Cima,102432,240.15,240.65,0.50,dID,HM,MT,0.00,,,,,,,,,,,,,,,,,,,,,,,,,,,,,,,,,,,,,,,,,,,,,,,,,,,,,
HOLE_035,Jerimum de Cima,102433,240.65,241.40,0.75,dID,HM,MT,0.00,,,,,,,,,,,,,,,,,,,,,,,,,,,,,,,,,,,,,,,,,,,,,,,,,,,,,
HOLE_035,Jerimum de Cima,102434,241.40,242.20,0.80,dID,HM,MT,0.00,,,,,,,,,,,,,,,,,,,,,,,,,,,,,,,,,,,,,,,,,,,,,,,,,,,,,
HOLE_035,Jerimum de Cima,102435,242.20,242.80,0.60,dID,HM,MT,0.00,,,,,,,,,,,,,,,,,,,,,,,,,,,,,,,,,,,,,,,,,,,,,,,,,,,,,
HOLE_035,Jerimum de Cima,102436,242.80,243.95,1.15,dID,HM,MT,0.01,,,,,,,,,,,,,,,,,,,,,,,,,,,,,,,,,,,,,,,,,,,,,,,,,,,,,
HOLE_035,Jerimum de Cima,102437,243.95,245.30,1.35,dID,HM,MT,0.01,,,,,,,,,,,,,,,,,,,,,,,,,,,,,,,,,,,,,,,,,,,,,,,,,,,,,
HOLE_035,Jerimum de Cima,102438,245.30,246.00,0.70,dID,HM,MT,0.00,,,,,,,,,,,,,,,,,,,,,,,,,,,,,,,,,,,,,,,,,,,,,,,,,,,,,
HOLE_035,Jerimum de Cima,102439,246.00,247.00,1.00,dID,HM,MT,0.01,,,,,,,,,,,,,,,,,,,,,,,,,,,,,,,,,,,,,,,,,,,,,,,,,,,,,
HOLE_035,Jerimum de Cima,102440,247.00,248.00,1.00,dID,HM,MT,0.00,,,,,,,,,,,,,,,,,,,,,,,,,,,,,,,,,,,,,,,,,,,,,,,,,,,,,
HOLE_035,Jerimum de Cima,102441,248.00,249.30,1.30,dID,HM,MT,0.00,,,,,,,,,,,,,,,,,,,,,,,,,,,,,,,,,,,,,,,,,,,,,,,,,,,,,
HOLE_035,Jerimum de Cima,102442,249.30,251.00,1.70,dID,HM,MT,0.00,,,,,,,,,,,,,,,,,,,,,,,,,,,,,,,,,,,,,,,,,,,,,,,,,,,,,
HOLE_035,Jerimum de Cima,102443,251.00,253.00,2.00,dID,HM,MT,0.00,,,,,,,,,,,,,,,,,,,,,,,,,,,,,,,,,,,,,,,,,,,,,,,,,,,,,
HOLE_035,Jerimum de Cima,102444,253.00,255.00,2.00,dID,HM,MT,0.03,,,,,,,,,,,,,,,,,,,,,,,,,,,,,,,,,,,,,,,,,,,,,,,,,,,,,
HOLE_035,Jerimum de Cima,102445,255.00,257.00,2.00,dID,HM,MT,0.00,,,,,,,,,,,,,,,,,,,,,,,,,,,,,,,,,,,,,,,,,,,,,,,,,,,,,
HOLE_035,Jerimum de Cima,102446,257.00,258.20,1.20,dID,HM,MT,0.01,,,,,,,,,,,,,,,,,,,,,,,,,,,,,,,,,,,,,,,,,,,,,,,,,,,,,
HOLE_035,Jerimum de Cima,102447,258.20,259.55,1.35,dID,HM,MT,0.00,,,,,,,,,,,,,,,,,,,,,,,,,,,,,,,,,,,,,,,,,,,,,,,,,,,,,
HOLE_036,Jerimum de Cima,102448,0.00,1.00,1.00,QS,,,0.07,,,,,,,,,,,,,,,,,,,,,,,,,,,,,,,,,,,,,,,,,,,,,,,,,,,,,
HOLE_036,Jerimum de Cima,102449,1.00,2.00,1.00,QS,,,0.05,,,,,,,,,,,,,,,,,,,,,,,,,,,,,,,,,,,,,,,,,,,,,,,,,,,,,
HOLE_036,Jerimum de Cima,102450,2.00,3.00,1.00,QS,,,0.03,,,,,,,,,,,,,,,,,,,,,,,,,,,,,,,,,,,,,,,,,,,,,,,,,,,,,
HOLE_036,Jerimum de Cima,102451,3.00,4.00,1.00,QS,,,0.05,,,,,,,,,,,,,,,,,,,,,,,,,,,,,,,,,,,,,,,,,,,,,,,,,,,,,
HOLE_036,Jerimum de Cima,102452,4.00,5.30,1.30,QS,,,0.09,,,,,,,,,,,,,,,,,,,,,,,,,,,,,,,,,,,,,,,,,,,,,,,,,,,,,
HOLE_036,Jerimum de Cima,102453,5.30,6.00,0.70,SAP,SAP,PV,0.43,,,,,,,,,,,,,,,,,,,,,,,,,,,,,,,,,,,,,,,,,,,,,,,,,,,,,
HOLE_036,Jerimum de Cima,102454,6.00,7.00,1.00,SAP,SAP,PV,0.02,,,,,,,,,,,,,,,,,,,,,,,,,,,,,,,,,,,,,,,,,,,,,,,,,,,,,
HOLE_036,Jerimum de Cima,102455,7.00,8.00,1.00,SAP,SAP,PV,0.01,,,,,,,,,,,,,,,,,,,,,,,,,,,,,,,,,,,,,,,,,,,,,,,,,,,,,
HOLE_036,Jerimum de Cima,102456,8.00,9.00,1.00,SAP,SAP,PV,0.01,,,,,,,,,,,,,,,,,,,,,,,,,,,,,,,,,,,,,,,,,,,,,,,,,,,,,
HOLE_036,Jerimum de Cima,102457,9.00,10.00,1.00,SAP,SAP,PV,0.00,,,,,,,,,,,,,,,,,,,,,,,,,,,,,,,,,,,,,,,,,,,,,,,,,,,,,
HOLE_036,Jerimum de Cima,102458,10.00,11.00,1.00,SAP,SAP,PV,0.00,,,,,,,,,,,,,,,,,,,,,,,,,,,,,,,,,,,,,,,,,,,,,,,,,,,,,
HOLE_036,Jerimum de Cima,102459,11.00,12.00,1.00,SAP,SAP,PV,0.00,,,,,,,,,,,,,,,,,,,,,,,,,,,,,,,,,,,,,,,,,,,,,,,,,,,,,
HOLE_036,Jerimum de Cima,102460,12.00,13.00,1.00,SAP,SAP,PV,0.11,,,,,,,,,,,,,,,,,,,,,,,,,,,,,,,,,,,,,,,,,,,,,,,,,,,,,
HOLE_036,Jerimum de Cima,102461,13.00,14.00,1.00,SAP,SAP,PV,0.07,,,,,,,,,,,,,,,,,,,,,,,,,,,,,,,,,,,,,,,,,,,,,,,,,,,,,
HOLE_036,Jerimum de Cima,102462,14.00,15.00,1.00,SAP,SAP,PV,0.10,,,,,,,,,,,,,,,,,,,,,,,,,,,,,,,,,,,,,,,,,,,,,,,,,,,,,
HOLE_036,Jerimum de Cima,102463,15.00,16.00,1.00,SAP,SAP,PV,0.05,,,,,,,,,,,,,,,,,,,,,,,,,,,,,,,,,,,,,,,,,,,,,,,,,,,,,
HOLE_036,Jerimum de Cima,102464,16.00,17.00,1.00,SAP,SAP,PV,0.00,,,,,,,,,,,,,,,,,,,,,,,,,,,,,,,,,,,,,,,,,,,,,,,,,,,,,
HOLE_036,Jerimum de Cima,102465,17.00,18.00,1.00,SAP,SAP,PV,0.00,,,,,,,,,,,,,,,,,,,,,,,,,,,,,,,,,,,,,,,,,,,,,,,,,,,,,
HOLE_036,Jerimum de Cima,102466,18.00,19.00,1.00,SAP,SAP,PV,0.00,,,,,,,,,,,,,,,,,,,,,,,,,,,,,,,,,,,,,,,,,,,,,,,,,,,,,
HOLE_036,Jerimum de Cima,102467,19.00,20.00,1.00,SAP,SAP,PV,0.00,,,,,,,,,,,,,,,,,,,,,,,,,,,,,,,,,,,,,,,,,,,,,,,,,,,,,
HOLE_036,Jerimum de Cima,102468,20.00,21.00,1.00,SAP,SAP,PV,0.04,,,,,,,,,,,,,,,,,,,,,,,,,,,,,,,,,,,,,,,,,,,,,,,,,,,,,
HOLE_036,Jerimum de Cima,102469,21.00,22.00,1.00,SAP,SAP,PV,0.01,,,,,,,,,,,,,,,,,,,,,,,,,,,,,,,,,,,,,,,,,,,,,,,,,,,,,
HOLE_036,Jerimum de Cima,102470,22.00,23.00,1.00,SAP,SAP,PV,0.01,,,,,,,,,,,,,,,,,,,,,,,,,,,,,,,,,,,,,,,,,,,,,,,,,,,,,
HOLE_036,Jerimum de Cima,102471,23.00,24.00,1.00,SAP,SAP,PV,0.01,,,,,,,,,,,,,,,,,,,,,,,,,,,,,,,,,,,,,,,,,,,,,,,,,,,,,
HOLE_036,Jerimum de Cima,102472,24.00,25.50,1.50,SAP,SAP,PV,0.00,,,,,,,,,,,,,,,,,,,,,,,,,,,,,,,,,,,,,,,,,,,,,,,,,,,,,
HOLE_036,Jerimum de Cima,102473,25.50,26.50,1.00,SAP,SAP,PV,0.17,,,,,,,,,,,,,,,,,,,,,,,,,,,,,,,,,,,,,,,,,,,,,,,,,,,,,
HOLE_036,Jerimum de Cima,102474,26.50,28.00,1.50,SAP,SAP,PV,0.00,,,,,,,,,,,,,,,,,,,,,,,,,,,,,,,,,,,,,,,,,,,,,,,,,,,,,
HOLE_036,Jerimum de Cima,102475,28.00,29.00,1.00,SAP,SAP,PV,0.00,,,,,,,,,,,,,,,,,,,,,,,,,,,,,,,,,,,,,,,,,,,,,,,,,,,,,
HOLE_036,Jerimum de Cima,102476,29.00,30.00,1.00,SAP,SAP,PV,0.00,,,,,,,,,,,,,,,,,,,,,,,,,,,,,,,,,,,,,,,,,,,,,,,,,,,,,
HOLE_036,Jerimum de Cima,102477,30.00,31.00,1.00,SAP,SAP,PV,0.01,,,,,,,,,,,,,,,,,,,,,,,,,,,,,,,,,,,,,,,,,,,,,,,,,,,,,
HOLE_036,Jerimum de Cima,102478,31.00,32.00,1.00,SAP,SAP,PV,0.00,,,,,,,,,,,,,,,,,,,,,,,,,,,,,,,,,,,,,,,,,,,,,,,,,,,,,
HOLE_036,Jerimum de Cima,102479,32.00,33.00,1.00,SAP,SAP,PV,0.00,,,,,,,,,,,,,,,,,,,,,,,,,,,,,,,,,,,,,,,,,,,,,,,,,,,,,
HOLE_036,Jerimum de Cima,102480,33.00,34.00,1.00,SAP,SAP,PV,0.00,,,,,,,,,,,,,,,,,,,,,,,,,,,,,,,,,,,,,,,,,,,,,,,,,,,,,
HOLE_036,Jerimum de Cima,102481,34.00,35.00,1.00,SAP,SAP,PV,0.00,,,,,,,,,,,,,,,,,,,,,,,,,,,,,,,,,,,,,,,,,,,,,,,,,,,,,
HOLE_036,Jerimum de Cima,102482,35.00,36.00,1.00,SAP,SAP,PV,0.01,,,,,,,,,,,,,,,,,,,,,,,,,,,,,,,,,,,,,,,,,,,,,,,,,,,,,
HOLE_036,Jerimum de Cima,102483,36.00,37.00,1.00,SAP,SAP,PV,0.00,,,,,,,,,,,,,,,,,,,,,,,,,,,,,,,,,,,,,,,,,,,,,,,,,,,,,
HOLE_036,Jerimum de Cima,102484,37.00,38.00,1.00,SAP,SAP,PV,0.14,,,,,,,,,,,,,,,,,,,,,,,,,,,,,,,,,,,,,,,,,,,,,,,,,,,,,
HOLE_036,Jerimum de Cima,102485,38.00,39.00,1.00,SAP,SAP,PV,0.01,0.25,4.95,1.5,,1148,1.7,2.5,1.485,0.25,,14,24,,39,4.9,,,,,,2.22,17.9,22,,0.77,0.0971,0.5,3.18,,8,0.13,13,,,0.01,5,6.4,,5,530.2,,,,,0.46,10,,108,2.5,10.1,,109,110.5
HOLE_036,Jerimum de Cima,102486,39.00,40.00,1.00,dID,HM,PV,0.00,0.25,4.53,1.5,,1499,1.3,2.5,1.888,0.25,,8,24,,21,3.05,,,,,,2.68,24.2,13,,0.53,0.0583,0.5,3.47,,4,0.08,22,,,0.03,5,3.9,,5,491.9,,,,,0.3,10,,56,2.5,10.8,,80,92.9
HOLE_036,Jerimum de Cima,102487,40.00,41.40,1.40,dID,HM,PV,0.00,0.25,5.85,1.5,,1930,1.1,2.5,0.687,0.25,,5,25,,32,2.26,,,,,,3.62,29.8,11,,0.37,0.0338,0.5,3.1,,3,0.07,14,,,0.02,5,3.3,,5,448.2,,,,,0.23,10,,30,2.5,9.3,,59,75.3
HOLE_036,Jerimum de Cima,102488,41.40,42.40,1.00,BX,SS QV,PV,0.18,0.25,4.99,1.5,,1080,1.4,2.5,0.227,0.25,,6,27,,46,2.54,,,,,,3.63,18.3,13,,0.43,0.0232,0.5,2.24,,5,0.07,22,,,0.37,5,3.5,,5,151.8,,,,,0.24,10,,50,2.5,6.4,,61,73.3
HOLE_036,Jerimum de Cima,102489,42.40,43.40,1.00,BX,SS QV,PV,0.02,0.25,4.32,1.5,,470,1.5,2.5,0.607,0.25,,13,30,,9,3.68,,,,,,1.6,12.5,30,,1.1,0.0575,0.5,3.86,,11,0.08,11,,,0.14,5,6.2,,5,212.2,,,,,0.32,10,,80,2.5,5.5,,109,56.7
HOLE_036,Jerimum de Cima,102490,43.40,44.40,1.00,BX,SS QV,PV,0.33,0.25,5.03,8,,596,1.6,2.5,0.298,0.25,,10,32,,64,3.69,,,,,,3.02,15.8,28,,1.05,0.0456,0.5,2.85,,9,0.1,17,,,0.85,5,8.4,,5,57.4,,,,,0.36,10,,81,2.5,8.2,,109,80.1
HOLE_036,Jerimum de Cima,102491,44.40,45.20,0.80,BX,SS QV,PV,36.72,17.7,5.49,26,,1125,1.7,7,0.272,1,,10,23,,127,4.35,,,,,,3.71,32.6,15,,0.61,0.0262,0.5,1.04,,5,0.09,653,,,2.98,5,6,,5,78.5,,,,,0.27,10,,60,2.5,12.1,,119,99.1
HOLE_036,Jerimum de Cima,102492,45.20,45.70,0.50,BX,SS QV,PV,22.62,18.1,5.16,38,,912,1.5,20,0.185,17.2,,5,14,,92,4.88,,,,,,3.58,30.9,11,,0.53,0.0186,0.5,0.3,,4,0.07,2180,,,4.09,5,4.9,,5,31.3,,,,,0.16,10,,43,5,8.9,,1582,80.6
HOLE_036,Jerimum de Cima,102493,45.70,46.20,0.50,BX,SS QV,PV,17.58,25.4,4.99,26,,913,1.8,12,0.311,3.3,,7,13,,74,4.27,,,,,,3.85,26.1,14,,0.62,0.028,0.5,0.2,,6,0.09,1058,,,2.97,5,7.4,,5,30,,,,,0.23,10,,68,2.5,10.2,,334,114.6
HOLE_036,Jerimum de Cima,102494,46.20,47.00,0.80,BX,SS QV,PV,0.37,0.25,6.05,11,,1266,1.6,2.5,2.389,0.25,,11,4,,63,3.21,,,,,,3.41,28,19,,0.81,0.0756,0.5,1.71,,7,0.09,57,,,1.04,5,7.5,,5,289,,,,,0.33,10,,67,2.5,11.4,,77,100.4
HOLE_036,Jerimum de Cima,102495,47.00,47.85,0.85,dID,SCP,PV,0.09,0.25,4.77,4,,981,1.2,2.5,2.224,0.25,,7,2,,24,2.4,,,,,,2.67,15.2,16,,0.63,0.0595,0.5,2.71,,5,0.07,26,,,0.33,5,4.1,,5,300.3,,,,,0.24,10,,51,2.5,6.4,,73,59.9
HOLE_036,Jerimum de Cima,102496,47.85,48.85,1.00,dID,SCP,PV,0.46,0.25,5.68,4,,1084,1.3,2.5,2.509,0.6,,10,4,,58,2.69,,,,,,2.87,22.1,13,,0.72,0.0719,0.5,2.05,,8,0.07,48,,,0.67,5,5.1,,5,364.8,,,,,0.25,10,,53,5,6.9,,120,55
HOLE_036,Jerimum de Cima,102497,48.85,50.25,1.40,dID,SCP,PV,0.08,0.25,5.16,4,,1352,1.1,2.5,2.212,0.25,,8,3,,13,2.75,,,,,,2.95,19.9,16,,0.74,0.0593,0.5,2.58,,5,0.08,20,,,0.38,5,4.5,,5,385.4,,,,,0.26,10,,51,2.5,7.5,,63,65.4
HOLE_036,Jerimum de Cima,102498,50.25,50.85,0.60,dID,SCP,PV,5.47,1.1,6.54,14,,884,1.5,2.5,2.658,0.25,,6,2,,97,3.3,,,,,,3.3,31.3,13,,0.73,0.0709,0.5,0.93,,5,0.08,131,,,1.43,5,5.1,,5,173.6,,,,,0.23,10,,59,2.5,9.7,,81,71.4
HOLE_036,Jerimum de Cima,102499,50.85,52.00,1.15,dID,SCP,PV,0.01,,,,,,,,,,,,,,,,,,,,,,,,,,,,,,,,,,,,,,,,,,,,,,,,,,,,,
HOLE_036,Jerimum de Cima,102500,52.00,53.00,1.00,dID,SCP,PV,0.05,,,,,,,,,,,,,,,,,,,,,,,,,,,,,,,,,,,,,,,,,,,,,,,,,,,,,
HOLE_036,Jerimum de Cima,102501,53.00,54.00,1.00,dID,SCP,PV,0.01,,,,,,,,,,,,,,,,,,,,,,,,,,,,,,,,,,,,,,,,,,,,,,,,,,,,,
HOLE_036,Jerimum de Cima,102502,54.00,55.40,1.40,dID,SCP,PV,0.05,,,,,,,,,,,,,,,,,,,,,,,,,,,,,,,,,,,,,,,,,,,,,,,,,,,,,
HOLE_036,Jerimum de Cima,102503,55.40,57.00,1.60,ID,CTHM,PV,0.00,,,,,,,,,,,,,,,,,,,,,,,,,,,,,,,,,,,,,,,,,,,,,,,,,,,,,
HOLE_036,Jerimum de Cima,102504,57.00,58.00,1.00,ID,CTHM,PV,0.01,,,,,,,,,,,,,,,,,,,,,,,,,,,,,,,,,,,,,,,,,,,,,,,,,,,,,
HOLE_036,Jerimum de Cima,102505,58.00,59.00,1.00,ID,CTHM,PV,0.00,,,,,,,,,,,,,,,,,,,,,,,,,,,,,,,,,,,,,,,,,,,,,,,,,,,,,
HOLE_036,Jerimum de Cima,102506,59.00,60.00,1.00,ID,CTHM,PV,0.03,,,,,,,,,,,,,,,,,,,,,,,,,,,,,,,,,,,,,,,,,,,,,,,,,,,,,
HOLE_036,Jerimum de Cima,102507,60.00,61.00,1.00,ID,CTHM,PV,0.00,,,,,,,,,,,,,,,,,,,,,,,,,,,,,,,,,,,,,,,,,,,,,,,,,,,,,
HOLE_036,Jerimum de Cima,102508,61.00,62.00,1.00,ID,CTHM,PV,0.00,,,,,,,,,,,,,,,,,,,,,,,,,,,,,,,,,,,,,,,,,,,,,,,,,,,,,
HOLE_036,Jerimum de Cima,102509,62.00,63.40,1.40,ID,CTHM,PV,0.03,,,,,,,,,,,,,,,,,,,,,,,,,,,,,,,,,,,,,,,,,,,,,,,,,,,,,
HOLE_036,Jerimum de Cima,102510,63.40,63.95,0.55,ID,CTHM,PV,0.16,,,,,,,,,,,,,,,,,,,,,,,,,,,,,,,,,,,,,,,,,,,,,,,,,,,,,
HOLE_036,Jerimum de Cima,102511,63.95,65.80,1.85,ID,CTHM,PV,0.02,,,,,,,,,,,,,,,,,,,,,,,,,,,,,,,,,,,,,,,,,,,,,,,,,,,,,
HOLE_036,Jerimum de Cima,102512,65.80,66.30,0.50,ID,CTHM,PV,1.14,,,,,,,,,,,,,,,,,,,,,,,,,,,,,,,,,,,,,,,,,,,,,,,,,,,,,
HOLE_036,Jerimum de Cima,102513,66.30,67.80,1.50,ID,CTHM,PV,0.00,,,,,,,,,,,,,,,,,,,,,,,,,,,,,,,,,,,,,,,,,,,,,,,,,,,,,
HOLE_036,Jerimum de Cima,102514,67.80,68.30,0.50,ID,CTHM,PV,0.59,,,,,,,,,,,,,,,,,,,,,,,,,,,,,,,,,,,,,,,,,,,,,,,,,,,,,
HOLE_036,Jerimum de Cima,102515,68.30,69.55,1.25,ID,CTHM,PV,0.01,,,,,,,,,,,,,,,,,,,,,,,,,,,,,,,,,,,,,,,,,,,,,,,,,,,,,
HOLE_036,Jerimum de Cima,102516,69.55,70.55,1.00,ID,CTHM,PV,0.09,,,,,,,,,,,,,,,,,,,,,,,,,,,,,,,,,,,,,,,,,,,,,,,,,,,,,
HOLE_036,Jerimum de Cima,102517,70.55,71.55,1.00,ID,CTHM,PV,0.21,,,,,,,,,,,,,,,,,,,,,,,,,,,,,,,,,,,,,,,,,,,,,,,,,,,,,
HOLE_036,Jerimum de Cima,102518,71.55,72.65,1.10,ID,CTHM,PV,0.00,,,,,,,,,,,,,,,,,,,,,,,,,,,,,,,,,,,,,,,,,,,,,,,,,,,,,
HOLE_036,Jerimum de Cima,102519,72.65,73.75,1.10,ID,CTHM,PV,0.01,,,,,,,,,,,,,,,,,,,,,,,,,,,,,,,,,,,,,,,,,,,,,,,,,,,,,
HOLE_036,Jerimum de Cima,102520,73.75,74.25,0.50,ID,CTHM,PV,0.09,,,,,,,,,,,,,,,,,,,,,,,,,,,,,,,,,,,,,,,,,,,,,,,,,,,,,
HOLE_036,Jerimum de Cima,102521,74.25,76.00,1.75,ID,CTHM,PV,0.00,,,,,,,,,,,,,,,,,,,,,,,,,,,,,,,,,,,,,,,,,,,,,,,,,,,,,
HOLE_036,Jerimum de Cima,102522,76.00,78.00,2.00,ID,CTHM,PV,0.00,,,,,,,,,,,,,,,,,,,,,,,,,,,,,,,,,,,,,,,,,,,,,,,,,,,,,
HOLE_036,Jerimum de Cima,102523,78.00,80.00,2.00,ID,CTHM,PV,0.00,,,,,,,,,,,,,,,,,,,,,,,,,,,,,,,,,,,,,,,,,,,,,,,,,,,,,
HOLE_036,Jerimum de Cima,102524,80.00,82.00,2.00,dID,HM,PV,0.02,,,,,,,,,,,,,,,,,,,,,,,,,,,,,,,,,,,,,,,,,,,,,,,,,,,,,
HOLE_036,Jerimum de Cima,102525,82.00,83.50,1.50,dID,HM,PV,0.00,,,,,,,,,,,,,,,,,,,,,,,,,,,,,,,,,,,,,,,,,,,,,,,,,,,,,
HOLE_036,Jerimum de Cima,102526,83.50,84.00,0.50,dID,HM,PV,0.32,,,,,,,,,,,,,,,,,,,,,,,,,,,,,,,,,,,,,,,,,,,,,,,,,,,,,
HOLE_036,Jerimum de Cima,102527,84.00,86.00,2.00,dID,HM,PV,0.14,,,,,,,,,,,,,,,,,,,,,,,,,,,,,,,,,,,,,,,,,,,,,,,,,,,,,
HOLE_036,Jerimum de Cima,102528,86.00,87.05,1.05,ID,SS QV,VN,0.00,,,,,,,,,,,,,,,,,,,,,,,,,,,,,,,,,,,,,,,,,,,,,,,,,,,,,
HOLE_036,Jerimum de Cima,102529,87.05,87.75,0.70,ID,SS QV,VN,0.86,,,,,,,,,,,,,,,,,,,,,,,,,,,,,,,,,,,,,,,,,,,,,,,,,,,,,
HOLE_036,Jerimum de Cima,102530,87.75,88.50,0.75,ID,SS QV,VN,0.23,,,,,,,,,,,,,,,,,,,,,,,,,,,,,,,,,,,,,,,,,,,,,,,,,,,,,
HOLE_036,Jerimum de Cima,102531,88.50,89.00,0.50,ID,SS QV,VN,0.91,,,,,,,,,,,,,,,,,,,,,,,,,,,,,,,,,,,,,,,,,,,,,,,,,,,,,
HOLE_036,Jerimum de Cima,102532,89.00,89.50,0.50,ID,SS QV,VN,0.29,,,,,,,,,,,,,,,,,,,,,,,,,,,,,,,,,,,,,,,,,,,,,,,,,,,,,
HOLE_036,Jerimum de Cima,102533,89.50,91.00,1.50,ID,SS QV,VN,0.00,,,,,,,,,,,,,,,,,,,,,,,,,,,,,,,,,,,,,,,,,,,,,,,,,,,,,
HOLE_036,Jerimum de Cima,102534,91.00,92.40,1.40,ID,SS QV,VN,0.02,,,,,,,,,,,,,,,,,,,,,,,,,,,,,,,,,,,,,,,,,,,,,,,,,,,,,
HOLE_036,Jerimum de Cima,102535,92.40,93.00,0.60,ID,SS QV,VN,0.80,,,,,,,,,,,,,,,,,,,,,,,,,,,,,,,,,,,,,,,,,,,,,,,,,,,,,
HOLE_036,Jerimum de Cima,102536,93.00,93.70,0.70,ID,SS QV,VN,0.36,,,,,,,,,,,,,,,,,,,,,,,,,,,,,,,,,,,,,,,,,,,,,,,,,,,,,
HOLE_036,Jerimum de Cima,102537,93.70,94.30,0.60,ID,SS QV,VN,1.36,,,,,,,,,,,,,,,,,,,,,,,,,,,,,,,,,,,,,,,,,,,,,,,,,,,,,
HOLE_036,Jerimum de Cima,102538,94.30,95.00,0.70,ID,SS QV,VN,0.32,,,,,,,,,,,,,,,,,,,,,,,,,,,,,,,,,,,,,,,,,,,,,,,,,,,,,
HOLE_036,Jerimum de Cima,102539,95.00,95.95,0.95,ID,SS QV,VN,0.00,,,,,,,,,,,,,,,,,,,,,,,,,,,,,,,,,,,,,,,,,,,,,,,,,,,,,
HOLE_036,Jerimum de Cima,102540,95.95,96.70,0.75,ID,SS QV,VN,4.16,,,,,,,,,,,,,,,,,,,,,,,,,,,,,,,,,,,,,,,,,,,,,,,,,,,,,
HOLE_036,Jerimum de Cima,102541,96.70,97.20,0.50,ID,SS QV,VN,0.00,,,,,,,,,,,,,,,,,,,,,,,,,,,,,,,,,,,,,,,,,,,,,,,,,,,,,
HOLE_036,Jerimum de Cima,102542,97.20,97.85,0.65,ID,SS QV,VN,3.38,,,,,,,,,,,,,,,,,,,,,,,,,,,,,,,,,,,,,,,,,,,,,,,,,,,,,
HOLE_036,Jerimum de Cima,102543,97.85,99.35,1.50,ID,SS QV,VN,0.00,,,,,,,,,,,,,,,,,,,,,,,,,,,,,,,,,,,,,,,,,,,,,,,,,,,,,
HOLE_036,Jerimum de Cima,102544,99.35,99.85,0.50,ID,SS QV,VN,0.08,,,,,,,,,,,,,,,,,,,,,,,,,,,,,,,,,,,,,,,,,,,,,,,,,,,,,
HOLE_036,Jerimum de Cima,102545,99.85,101.00,1.15,ID,SS QV,VN,0.00,,,,,,,,,,,,,,,,,,,,,,,,,,,,,,,,,,,,,,,,,,,,,,,,,,,,,
HOLE_036,Jerimum de Cima,102546,101.00,103.00,2.00,ID,SS QV,VN,0.00,,,,,,,,,,,,,,,,,,,,,,,,,,,,,,,,,,,,,,,,,,,,,,,,,,,,,
HOLE_036,Jerimum de Cima,102547,103.00,104.20,1.20,ID,SS QV,VN,0.00,,,,,,,,,,,,,,,,,,,,,,,,,,,,,,,,,,,,,,,,,,,,,,,,,,,,,
HOLE_036,Jerimum de Cima,102548,104.20,104.70,0.50,ID,SS QV,VN,0.83,0.5,6.58,12,,986,1.3,2.5,3.908,0.8,,10,6,,75,4.27,,,,,,2.98,21.3,29,,1.18,0.1029,0.5,0.91,,10,0.09,22,,,1.11,5,7.7,,5,323,,,,,0.3,10,,82,12,8,,123,39.2
HOLE_036,Jerimum de Cima,102549,104.70,105.40,0.70,ID,SS QV,VN,0.00,0.25,7.23,1.5,,1080,1.2,2.5,3.06,0.25,,14,6,,26,4.12,,,,,,1.69,28.2,24,,1.47,0.0853,1,3.02,,11,0.1,13,,,0.06,5,9.7,,5,794,,,,,0.34,10,,82,2.5,11.8,,90,31.3
HOLE_036,Jerimum de Cima,102550,105.40,106.20,0.80,ID,SS QV,VN,0.10,0.25,4.93,3,,1183,1.2,2.5,2.683,0.25,,9,3,,21,2.81,,,,,,2.34,16.8,21,,0.85,0.0671,0.5,2.46,,7,0.05,27,,,0.13,5,4.4,,5,515.3,,,,,0.23,10,,54,2.5,6.5,,94,38.6
HOLE_036,Jerimum de Cima,102551,106.20,106.70,0.50,ID,SS QV,VN,0.21,0.25,6.17,7,,867,1.2,2.5,3.704,0.25,,14,6,,30,3.89,,,,,,1.88,20.8,26,,1.2,0.0874,1,2.29,,10,0.09,26,,,0.49,5,7.1,,5,429.2,,,,,0.3,10,,76,7,7.9,,99,32.7
HOLE_036,Jerimum de Cima,102552,106.70,107.85,1.15,ID,SS QV,VN,0.03,0.25,6.91,3,,755,1.1,2.5,3.57,0.25,,13,6,,37,3.9,,,,,,1.69,22,28,,1.5,0.0849,1,2.7,,10,0.09,9,,,0.15,5,8.2,,5,446.4,,,,,0.3,10,,76,2.5,8.7,,89,33.4
HOLE_036,Jerimum de Cima,102553,107.85,108.90,1.05,ID,SS QV,VN,0.01,0.25,7.02,1.5,,961,1.1,2.5,3.145,0.25,,15,8,,28,4,,,,,,1.79,23.2,25,,1.45,0.0801,1,2.55,,12,0.09,15,,,0.07,5,8.9,,5,795.7,,,,,0.32,10,,86,2.5,8.8,,84,32
HOLE_036,Jerimum de Cima,102554,108.90,109.55,0.65,ID,SS QV,VN,3.08,4.4,6.6,14,,856,1.5,9,3.325,15.8,,13,7,,582,3.59,,,,,,2.95,19.3,17,,0.94,0.0975,2,0.2,,10,0.09,308,,,1.55,5,8.2,,5,157,,,,,0.27,10,,74,19,7.2,,1515,30
HOLE_036,Jerimum de Cima,102555,109.55,110.15,0.60,ID,SS QV,VN,8.06,4,5.67,20,,679,1.3,2.5,2.706,5.3,,7,5,,228,4.22,,,,,,2.71,17.3,19,,0.91,0.0857,1,0.12,,8,0.07,198,,,2.24,5,7.3,,5,127.2,,,,,0.2,10,,66,11,6.2,,493,23.6
HOLE_036,Jerimum de Cima,102556,110.15,110.90,0.75,ID,SS QV,VN,4.29,3.5,7.39,18,,899,1.5,7,3.336,2.1,,9,8,,321,4.91,,,,,,3.6,20.6,21,,1.07,0.1103,2,0.1,,10,0.09,98,,,2.76,5,9.1,,5,120.7,,,,,0.26,10,,77,15,7.8,,213,38.1
HOLE_036,Jerimum de Cima,102557,110.90,111.60,0.70,ID,SS QV,VN,0.24,0.25,5.22,5,,905,1.1,2.5,1.984,1.1,,7,7,,52,2.4,,,,,,2.65,25.6,15,,0.72,0.0708,1,0.99,,6,0.05,39,,,0.61,5,4.5,,5,251.6,,,,,0.17,10,,43,7,7.4,,125,38.4
HOLE_036,Jerimum de Cima,102558,111.60,112.20,0.60,ID,SS QV,VN,0.91,0.9,5,7,,664,1.2,2.5,1.761,1.4,,6,5,,129,2.89,,,,,,2.22,17.2,16,,0.8,0.0633,1,0.36,,7,0.06,53,,,1.06,5,5.5,,5,163.3,,,,,0.19,10,,55,8,5.2,,157,24.6
HOLE_036,Jerimum de Cima,102559,112.20,113.20,1.00,ID,SS QV,VN,1.15,1.3,5.59,13,,734,1.2,2.5,3.145,0.7,,8,5,,100,4.17,,,,,,2.53,19.8,28,,1.11,0.0807,1,1.14,,10,0.07,53,,,1.53,5,6.3,,5,180.3,,,,,0.26,10,,65,6,6.8,,108,39.2
HOLE_036,Jerimum de Cima,102560,113.20,114.00,0.80,ID,SS QV,VN,0.16,0.25,4.21,6,,1242,1,2.5,1.723,0.7,,3,2,,71,1.69,,,,,,3.21,21.7,7,,0.28,0.0401,1,1.14,,1,0.03,86,,,0.6,5,1.7,,5,165.5,,,,,0.11,10,,13,2.5,5.6,,64,117.2
HOLE_036,Jerimum de Cima,102561,114.00,115.00,1.00,ID,SS QV,VN,0.00,0.25,4.66,1.5,,1615,0.9,2.5,1.31,0.25,,2,1,,10,1.54,,,,,,2.16,26.3,11,,0.29,0.0343,0.5,2.65,,1,0.02,21,,,0.06,5,2.1,,5,432.6,,,,,0.12,10,,14,2.5,6.9,,51,123.1
HOLE_036,Jerimum de Cima,102562,115.00,116.00,1.00,ID,SS QV,VN,0.23,0.25,6.72,7,,2247,1.1,2.5,2.137,0.6,,5,2,,47,2.82,,,,,,3.2,42.5,15,,0.54,0.0567,1,2.33,,2,0.09,26,,,0.56,5,3.7,,5,531.9,,,,,0.27,10,,32,2.5,10,,111,70.6
HOLE_036,Jerimum de Cima,102563,116.00,116.80,0.80,ID,SS QV,VN,0.30,0.6,5.86,10,,1870,1.1,2.5,2.213,0.9,,4,1,,106,2.75,,,,,,3.57,34.7,14,,0.5,0.0615,0.5,1.39,,2,0.09,44,,,0.93,5,3.3,,5,325.1,,,,,0.23,10,,32,6,7.8,,121,64.1
HOLE_036,Jerimum de Cima,102564,116.80,117.30,0.50,ID,SS QV,VN,0.00,0.25,6.57,4,,2455,1,2.5,1.753,0.25,,5,2,,20,2.75,,,,,,2,43.1,15,,0.56,0.0501,0.5,2.86,,2,0.09,15,,,0.11,5,3.5,,5,595.2,,,,,0.26,10,,29,2.5,10.7,,62,65.1
HOLE_036,Jerimum de Cima,102565,117.30,117.80,0.50,ID,SS QV,VN,2.73,1.6,5.86,17,,1008,1.3,2.5,2.175,1.6,,5,2,,100,3.51,,,,,,2.63,83.7,14,,0.53,0.0617,5,0.94,,2,0.09,92,,,1.98,5,3.8,,5,214.2,,,,,0.21,10,,32,11,9.5,,193,121
HOLE_036,Jerimum de Cima,102566,117.80,119.00,1.20,ID,SS QV,VN,0.00,0.25,3.78,1.5,,1698,1.2,2.5,1.713,0.25,,5,2,,7,2.55,,,,,,1.95,45.6,16,,0.45,0.053,0.5,2.83,,3,0.07,14,,,0.01,5,2.6,,5,529.3,,,,,0.25,10,,33,2.5,7.4,,69,94.4
HOLE_036,Jerimum de Cima,102567,119.00,120.00,1.00,ID,SS QV,VN,0.13,0.25,4.54,3,,2246,1,2.5,1.791,0.25,,5,1,,21,2.46,,,,,,2.83,28.6,11,,0.39,0.048,0.5,2.6,,2,0.07,19,,,0.22,5,2.5,,5,576.1,,,,,0.24,10,,30,2.5,7.6,,64,59.9
HOLE_036,Jerimum de Cima,102568,120.00,121.35,1.35,ID,SS QV,VN,0.01,,,,,,,,,,,,,,,,,,,,,,,,,,,,,,,,,,,,,,,,,,,,,,,,,,,,,
HOLE_036,Jerimum de Cima,102569,121.35,122.05,0.70,ID,SS QV,VN,0.78,,,,,,,,,,,,,,,,,,,,,,,,,,,,,,,,,,,,,,,,,,,,,,,,,,,,,
HOLE_036,Jerimum de Cima,102570,122.05,123.00,0.95,ID,SS QV,VN,0.00,,,,,,,,,,,,,,,,,,,,,,,,,,,,,,,,,,,,,,,,,,,,,,,,,,,,,
HOLE_036,Jerimum de Cima,102571,123.00,124.00,1.00,ID,SS QV,VN,1.11,,,,,,,,,,,,,,,,,,,,,,,,,,,,,,,,,,,,,,,,,,,,,,,,,,,,,
HOLE_036,Jerimum de Cima,102572,124.00,125.00,1.00,ID,SS QV,VN,0.02,,,,,,,,,,,,,,,,,,,,,,,,,,,,,,,,,,,,,,,,,,,,,,,,,,,,,
HOLE_036,Jerimum de Cima,102573,125.00,126.00,1.00,ID,SS QV,VN,0.00,,,,,,,,,,,,,,,,,,,,,,,,,,,,,,,,,,,,,,,,,,,,,,,,,,,,,
HOLE_036,Jerimum de Cima,102574,126.00,127.00,1.00,ID,SS QV,VN,0.01,,,,,,,,,,,,,,,,,,,,,,,,,,,,,,,,,,,,,,,,,,,,,,,,,,,,,
HOLE_036,Jerimum de Cima,102575,127.00,128.15,1.15,ID,SS QV,VN,0.17,,,,,,,,,,,,,,,,,,,,,,,,,,,,,,,,,,,,,,,,,,,,,,,,,,,,,
HOLE_036,Jerimum de Cima,102576,128.15,130.00,1.85,ID,CHP,PV,0.00,,,,,,,,,,,,,,,,,,,,,,,,,,,,,,,,,,,,,,,,,,,,,,,,,,,,,
HOLE_036,Jerimum de Cima,102577,130.00,132.00,2.00,ID,CHP,PV,0.00,,,,,,,,,,,,,,,,,,,,,,,,,,,,,,,,,,,,,,,,,,,,,,,,,,,,,
HOLE_036,Jerimum de Cima,102578,132.00,134.00,2.00,ID,CHP,PV,0.00,,,,,,,,,,,,,,,,,,,,,,,,,,,,,,,,,,,,,,,,,,,,,,,,,,,,,
HOLE_036,Jerimum de Cima,102579,134.00,136.00,2.00,ID,CHP,PV,0.00,,,,,,,,,,,,,,,,,,,,,,,,,,,,,,,,,,,,,,,,,,,,,,,,,,,,,
HOLE_036,Jerimum de Cima,102580,136.00,138.00,2.00,ID,CHP,PV,0.00,,,,,,,,,,,,,,,,,,,,,,,,,,,,,,,,,,,,,,,,,,,,,,,,,,,,,
HOLE_036,Jerimum de Cima,102581,138.00,139.95,1.95,ID,CHP,PV,0.00,,,,,,,,,,,,,,,,,,,,,,,,,,,,,,,,,,,,,,,,,,,,,,,,,,,,,
HOLE_037,Jerimum de Cima,102582,0.00,1.00,1.00,QS,,,0.06,,,,,,,,,,,,,,,,,,,,,,,,,,,,,,,,,,,,,,,,,,,,,,,,,,,,,
HOLE_037,Jerimum de Cima,102583,1.00,2.00,1.00,QS,,,0.31,,,,,,,,,,,,,,,,,,,,,,,,,,,,,,,,,,,,,,,,,,,,,,,,,,,,,
HOLE_037,Jerimum de Cima,102584,2.00,3.00,1.00,QS,,,0.10,,,,,,,,,,,,,,,,,,,,,,,,,,,,,,,,,,,,,,,,,,,,,,,,,,,,,
HOLE_037,Jerimum de Cima,102585,3.00,4.00,1.00,QS,,,0.10,,,,,,,,,,,,,,,,,,,,,,,,,,,,,,,,,,,,,,,,,,,,,,,,,,,,,
HOLE_037,Jerimum de Cima,102586,4.00,5.00,1.00,QS,,,0.05,,,,,,,,,,,,,,,,,,,,,,,,,,,,,,,,,,,,,,,,,,,,,,,,,,,,,
HOLE_037,Jerimum de Cima,102587,5.00,6.45,1.45,QS,,,0.03,,,,,,,,,,,,,,,,,,,,,,,,,,,,,,,,,,,,,,,,,,,,,,,,,,,,,
HOLE_037,Jerimum de Cima,102588,6.45,8.00,1.55,SAP,SAP,PV,0.01,,,,,,,,,,,,,,,,,,,,,,,,,,,,,,,,,,,,,,,,,,,,,,,,,,,,,
HOLE_037,Jerimum de Cima,102589,8.00,9.00,1.00,SAP,SAP,PV,0.01,,,,,,,,,,,,,,,,,,,,,,,,,,,,,,,,,,,,,,,,,,,,,,,,,,,,,
HOLE_037,Jerimum de Cima,102590,9.00,10.00,1.00,SAP,SAP,PV,0.01,,,,,,,,,,,,,,,,,,,,,,,,,,,,,,,,,,,,,,,,,,,,,,,,,,,,,
HOLE_037,Jerimum de Cima,102591,10.00,11.00,1.00,SAP,SAP,PV,0.10,,,,,,,,,,,,,,,,,,,,,,,,,,,,,,,,,,,,,,,,,,,,,,,,,,,,,
HOLE_037,Jerimum de Cima,102592,11.00,12.00,1.00,SAP,SAP,PV,0.23,,,,,,,,,,,,,,,,,,,,,,,,,,,,,,,,,,,,,,,,,,,,,,,,,,,,,
HOLE_037,Jerimum de Cima,102593,12.00,13.00,1.00,SAP,SAP,PV,0.03,,,,,,,,,,,,,,,,,,,,,,,,,,,,,,,,,,,,,,,,,,,,,,,,,,,,,
HOLE_037,Jerimum de Cima,102594,13.00,14.00,1.00,SAP,SAP,PV,0.03,,,,,,,,,,,,,,,,,,,,,,,,,,,,,,,,,,,,,,,,,,,,,,,,,,,,,
HOLE_037,Jerimum de Cima,102595,14.00,15.00,1.00,SAP,SAP,PV,0.00,,,,,,,,,,,,,,,,,,,,,,,,,,,,,,,,,,,,,,,,,,,,,,,,,,,,,
HOLE_037,Jerimum de Cima,102596,15.00,16.00,1.00,SAP,SAP,PV,0.00,,,,,,,,,,,,,,,,,,,,,,,,,,,,,,,,,,,,,,,,,,,,,,,,,,,,,
HOLE_037,Jerimum de Cima,102597,16.00,17.00,1.00,SAP,SAP,PV,0.00,,,,,,,,,,,,,,,,,,,,,,,,,,,,,,,,,,,,,,,,,,,,,,,,,,,,,
HOLE_037,Jerimum de Cima,102598,17.00,18.00,1.00,SAP,SAP,PV,0.00,,,,,,,,,,,,,,,,,,,,,,,,,,,,,,,,,,,,,,,,,,,,,,,,,,,,,
HOLE_037,Jerimum de Cima,102599,18.00,19.00,1.00,SAP,SAP,PV,0.00,,,,,,,,,,,,,,,,,,,,,,,,,,,,,,,,,,,,,,,,,,,,,,,,,,,,,
HOLE_037,Jerimum de Cima,102600,19.00,20.00,1.00,SAP,SAP,PV,0.01,,,,,,,,,,,,,,,,,,,,,,,,,,,,,,,,,,,,,,,,,,,,,,,,,,,,,
HOLE_037,Jerimum de Cima,102601,20.00,21.00,1.00,SAP,SAP,PV,0.00,,,,,,,,,,,,,,,,,,,,,,,,,,,,,,,,,,,,,,,,,,,,,,,,,,,,,
HOLE_037,Jerimum de Cima,102602,21.00,22.00,1.00,SAP,SAP,PV,0.03,,,,,,,,,,,,,,,,,,,,,,,,,,,,,,,,,,,,,,,,,,,,,,,,,,,,,
HOLE_037,Jerimum de Cima,102603,22.00,23.00,1.00,SAP,SAP,PV,0.14,,,,,,,,,,,,,,,,,,,,,,,,,,,,,,,,,,,,,,,,,,,,,,,,,,,,,
HOLE_037,Jerimum de Cima,102604,23.00,24.00,1.00,SAP,SAP,PV,0.00,,,,,,,,,,,,,,,,,,,,,,,,,,,,,,,,,,,,,,,,,,,,,,,,,,,,,
HOLE_037,Jerimum de Cima,102605,24.00,25.00,1.00,SAP,SAP,PV,0.08,,,,,,,,,,,,,,,,,,,,,,,,,,,,,,,,,,,,,,,,,,,,,,,,,,,,,
HOLE_037,Jerimum de Cima,102606,25.00,26.00,1.00,SAP,SAP,PV,0.01,,,,,,,,,,,,,,,,,,,,,,,,,,,,,,,,,,,,,,,,,,,,,,,,,,,,,
HOLE_037,Jerimum de Cima,102607,26.00,27.00,1.00,SAP,SAP,PV,0.00,,,,,,,,,,,,,,,,,,,,,,,,,,,,,,,,,,,,,,,,,,,,,,,,,,,,,
HOLE_037,Jerimum de Cima,102608,27.00,28.00,1.00,SAP,SAP,PV,0.48,,,,,,,,,,,,,,,,,,,,,,,,,,,,,,,,,,,,,,,,,,,,,,,,,,,,,
HOLE_037,Jerimum de Cima,102609,28.00,29.00,1.00,SAP,SAP,PV,0.24,,,,,,,,,,,,,,,,,,,,,,,,,,,,,,,,,,,,,,,,,,,,,,,,,,,,,
HOLE_037,Jerimum de Cima,102610,29.00,30.00,1.00,SAP,SAP,PV,0.01,,,,,,,,,,,,,,,,,,,,,,,,,,,,,,,,,,,,,,,,,,,,,,,,,,,,,
HOLE_037,Jerimum de Cima,102611,30.00,31.00,1.00,SAP,SAP,PV,0.02,,,,,,,,,,,,,,,,,,,,,,,,,,,,,,,,,,,,,,,,,,,,,,,,,,,,,
HOLE_037,Jerimum de Cima,102612,31.00,32.00,1.00,SAP,SAP,PV,0.16,,,,,,,,,,,,,,,,,,,,,,,,,,,,,,,,,,,,,,,,,,,,,,,,,,,,,
HOLE_037,Jerimum de Cima,102613,32.00,33.00,1.00,SAP,SAP,PV,0.00,,,,,,,,,,,,,,,,,,,,,,,,,,,,,,,,,,,,,,,,,,,,,,,,,,,,,
HOLE_037,Jerimum de Cima,102614,33.00,34.00,1.00,SAP,SAP,PV,0.01,,,,,,,,,,,,,,,,,,,,,,,,,,,,,,,,,,,,,,,,,,,,,,,,,,,,,
HOLE_037,Jerimum de Cima,102615,34.00,35.00,1.00,SAP,SAP,PV,0.05,,,,,,,,,,,,,,,,,,,,,,,,,,,,,,,,,,,,,,,,,,,,,,,,,,,,,
HOLE_037,Jerimum de Cima,102616,35.00,36.00,1.00,SAP,SAP,PV,0.01,,,,,,,,,,,,,,,,,,,,,,,,,,,,,,,,,,,,,,,,,,,,,,,,,,,,,
HOLE_037,Jerimum de Cima,102617,36.00,37.00,1.00,SAP,SAP,PV,0.00,,,,,,,,,,,,,,,,,,,,,,,,,,,,,,,,,,,,,,,,,,,,,,,,,,,,,
HOLE_037,Jerimum de Cima,102618,37.00,38.00,1.00,SAP,SAP,PV,0.00,,,,,,,,,,,,,,,,,,,,,,,,,,,,,,,,,,,,,,,,,,,,,,,,,,,,,
HOLE_037,Jerimum de Cima,102619,38.00,39.00,1.00,SAP,SAP,PV,0.00,,,,,,,,,,,,,,,,,,,,,,,,,,,,,,,,,,,,,,,,,,,,,,,,,,,,,
HOLE_037,Jerimum de Cima,102620,39.00,40.00,1.00,SAP,SAP,PV,0.27,,,,,,,,,,,,,,,,,,,,,,,,,,,,,,,,,,,,,,,,,,,,,,,,,,,,,
HOLE_037,Jerimum de Cima,102621,40.00,41.00,1.00,SAP,SAP,PV,0.00,,,,,,,,,,,,,,,,,,,,,,,,,,,,,,,,,,,,,,,,,,,,,,,,,,,,,
HOLE_037,Jerimum de Cima,102622,41.00,42.00,1.00,SAP,SAP,PV,0.14,,,,,,,,,,,,,,,,,,,,,,,,,,,,,,,,,,,,,,,,,,,,,,,,,,,,,
HOLE_037,Jerimum de Cima,102623,42.00,43.00,1.00,SAP,SAP,PV,0.03,,,,,,,,,,,,,,,,,,,,,,,,,,,,,,,,,,,,,,,,,,,,,,,,,,,,,
HOLE_037,Jerimum de Cima,102624,43.00,44.00,1.00,SAP,SAP,PV,0.02,,,,,,,,,,,,,,,,,,,,,,,,,,,,,,,,,,,,,,,,,,,,,,,,,,,,,
HOLE_037,Jerimum de Cima,102625,44.00,45.00,1.00,SAP,SAP,PV,0.02,,,,,,,,,,,,,,,,,,,,,,,,,,,,,,,,,,,,,,,,,,,,,,,,,,,,,
HOLE_037,Jerimum de Cima,102626,45.00,46.00,1.00,SAP,SAP,PV,0.01,,,,,,,,,,,,,,,,,,,,,,,,,,,,,,,,,,,,,,,,,,,,,,,,,,,,,
HOLE_037,Jerimum de Cima,102627,46.00,47.00,1.00,SAP,SAP,PV,0.03,,,,,,,,,,,,,,,,,,,,,,,,,,,,,,,,,,,,,,,,,,,,,,,,,,,,,
HOLE_037,Jerimum de Cima,102628,47.00,48.00,1.00,SAP,SAP,PV,0.40,,,,,,,,,,,,,,,,,,,,,,,,,,,,,,,,,,,,,,,,,,,,,,,,,,,,,
HOLE_037,Jerimum de Cima,102629,48.00,49.00,1.00,SAP,SAP,PV,0.29,,,,,,,,,,,,,,,,,,,,,,,,,,,,,,,,,,,,,,,,,,,,,,,,,,,,,
HOLE_037,Jerimum de Cima,102630,49.00,50.00,1.00,SAP,SAP,PV,1.40,,,,,,,,,,,,,,,,,,,,,,,,,,,,,,,,,,,,,,,,,,,,,,,,,,,,,
HOLE_037,Jerimum de Cima,102631,50.00,51.00,1.00,SAP,SAP,PV,0.03,,,,,,,,,,,,,,,,,,,,,,,,,,,,,,,,,,,,,,,,,,,,,,,,,,,,,
HOLE_037,Jerimum de Cima,102632,51.00,52.00,1.00,SAP,SAP,PV,0.01,,,,,,,,,,,,,,,,,,,,,,,,,,,,,,,,,,,,,,,,,,,,,,,,,,,,,
HOLE_037,Jerimum de Cima,102633,52.00,53.00,1.00,SAP,SAP,PV,0.00,,,,,,,,,,,,,,,,,,,,,,,,,,,,,,,,,,,,,,,,,,,,,,,,,,,,,
HOLE_037,Jerimum de Cima,102634,53.00,54.00,1.00,SAP,SAP,PV,0.00,,,,,,,,,,,,,,,,,,,,,,,,,,,,,,,,,,,,,,,,,,,,,,,,,,,,,
HOLE_037,Jerimum de Cima,102635,54.00,55.00,1.00,SAP,SAP,PV,0.01,,,,,,,,,,,,,,,,,,,,,,,,,,,,,,,,,,,,,,,,,,,,,,,,,,,,,
HOLE_037,Jerimum de Cima,102636,55.00,56.00,1.00,SAP,SAP,PV,0.01,,,,,,,,,,,,,,,,,,,,,,,,,,,,,,,,,,,,,,,,,,,,,,,,,,,,,
HOLE_037,Jerimum de Cima,102637,56.00,57.00,1.00,SAP,SAP,PV,0.01,,,,,,,,,,,,,,,,,,,,,,,,,,,,,,,,,,,,,,,,,,,,,,,,,,,,,
HOLE_037,Jerimum de Cima,102638,57.00,58.00,1.00,SAP,SAP,PV,0.03,,,,,,,,,,,,,,,,,,,,,,,,,,,,,,,,,,,,,,,,,,,,,,,,,,,,,
HOLE_037,Jerimum de Cima,102639,58.00,59.00,1.00,SAP,SAP,PV,0.06,,,,,,,,,,,,,,,,,,,,,,,,,,,,,,,,,,,,,,,,,,,,,,,,,,,,,
HOLE_037,Jerimum de Cima,102640,59.00,60.00,1.00,SAP,SAP,PV,0.00,,,,,,,,,,,,,,,,,,,,,,,,,,,,,,,,,,,,,,,,,,,,,,,,,,,,,
HOLE_037,Jerimum de Cima,102641,60.00,61.00,1.00,SAP,SAP,PV,0.00,,,,,,,,,,,,,,,,,,,,,,,,,,,,,,,,,,,,,,,,,,,,,,,,,,,,,
HOLE_037,Jerimum de Cima,102642,61.00,62.00,1.00,SAP,SAP,PV,0.02,,,,,,,,,,,,,,,,,,,,,,,,,,,,,,,,,,,,,,,,,,,,,,,,,,,,,
HOLE_037,Jerimum de Cima,102643,62.00,63.00,1.00,SAP,SAP,PV,0.02,,,,,,,,,,,,,,,,,,,,,,,,,,,,,,,,,,,,,,,,,,,,,,,,,,,,,
HOLE_037,Jerimum de Cima,102644,63.00,64.00,1.00,SAP,SAP,PV,0.08,,,,,,,,,,,,,,,,,,,,,,,,,,,,,,,,,,,,,,,,,,,,,,,,,,,,,
HOLE_037,Jerimum de Cima,102645,64.00,65.00,1.00,SAP,SAP,PV,0.01,,,,,,,,,,,,,,,,,,,,,,,,,,,,,,,,,,,,,,,,,,,,,,,,,,,,,
HOLE_037,Jerimum de Cima,102646,65.00,66.00,1.00,SAP,SAP,PV,0.20,,,,,,,,,,,,,,,,,,,,,,,,,,,,,,,,,,,,,,,,,,,,,,,,,,,,,
HOLE_037,Jerimum de Cima,102647,66.00,67.00,1.00,SAP,SAP,PV,0.03,,,,,,,,,,,,,,,,,,,,,,,,,,,,,,,,,,,,,,,,,,,,,,,,,,,,,
HOLE_037,Jerimum de Cima,102648,67.00,68.00,1.00,SAP,SAP,PV,0.00,,,,,,,,,,,,,,,,,,,,,,,,,,,,,,,,,,,,,,,,,,,,,,,,,,,,,
HOLE_037,Jerimum de Cima,102649,68.00,69.00,1.00,SAP,SAP,PV,0.00,,,,,,,,,,,,,,,,,,,,,,,,,,,,,,,,,,,,,,,,,,,,,,,,,,,,,
HOLE_037,Jerimum de Cima,102650,69.00,70.05,1.05,SAP,SAP,PV,0.00,,,,,,,,,,,,,,,,,,,,,,,,,,,,,,,,,,,,,,,,,,,,,,,,,,,,,
HOLE_037,Jerimum de Cima,102651,70.05,71.00,0.95,SAP,SAP,PV,0.00,,,,,,,,,,,,,,,,,,,,,,,,,,,,,,,,,,,,,,,,,,,,,,,,,,,,,
HOLE_037,Jerimum de Cima,102652,71.00,71.95,0.95,SAP,SAP,PV,0.00,,,,,,,,,,,,,,,,,,,,,,,,,,,,,,,,,,,,,,,,,,,,,,,,,,,,,
HOLE_037,Jerimum de Cima,102653,71.95,73.00,1.05,dID,HM,PV,0.00,,,,,,,,,,,,,,,,,,,,,,,,,,,,,,,,,,,,,,,,,,,,,,,,,,,,,
HOLE_037,Jerimum de Cima,102654,73.00,74.00,1.00,dID,HM,PV,0.00,,,,,,,,,,,,,,,,,,,,,,,,,,,,,,,,,,,,,,,,,,,,,,,,,,,,,
HOLE_037,Jerimum de Cima,102655,74.00,75.00,1.00,dID,HM,PV,0.00,,,,,,,,,,,,,,,,,,,,,,,,,,,,,,,,,,,,,,,,,,,,,,,,,,,,,
HOLE_037,Jerimum de Cima,102656,75.00,76.00,1.00,dID,HM,PV,0.00,,,,,,,,,,,,,,,,,,,,,,,,,,,,,,,,,,,,,,,,,,,,,,,,,,,,,
HOLE_037,Jerimum de Cima,102657,76.00,77.00,1.00,dID,HM,PV,0.00,,,,,,,,,,,,,,,,,,,,,,,,,,,,,,,,,,,,,,,,,,,,,,,,,,,,,
HOLE_037,Jerimum de Cima,102658,77.00,78.00,1.00,dID,HM,PV,0.00,,,,,,,,,,,,,,,,,,,,,,,,,,,,,,,,,,,,,,,,,,,,,,,,,,,,,
HOLE_037,Jerimum de Cima,102659,78.00,78.50,0.50,dID,HM,PV,0.00,,,,,,,,,,,,,,,,,,,,,,,,,,,,,,,,,,,,,,,,,,,,,,,,,,,,,
HOLE_037,Jerimum de Cima,102660,78.50,79.00,0.50,dID,HM,PV,0.05,,,,,,,,,,,,,,,,,,,,,,,,,,,,,,,,,,,,,,,,,,,,,,,,,,,,,
HOLE_037,Jerimum de Cima,102661,79.00,79.65,0.65,dID,HM,PV,1.82,,,,,,,,,,,,,,,,,,,,,,,,,,,,,,,,,,,,,,,,,,,,,,,,,,,,,
HOLE_037,Jerimum de Cima,102662,79.65,81.10,1.45,dID,HM,PV,0.03,,,,,,,,,,,,,,,,,,,,,,,,,,,,,,,,,,,,,,,,,,,,,,,,,,,,,
HOLE_037,Jerimum de Cima,102663,81.10,81.95,0.85,dID,HM,PV,0.13,0.25,5.15,5,,958,1.3,2.5,2.509,0.25,,12,4,,46,3.61,,,,,,2.4,28.7,22,,1.07,0.0781,0.5,2.41,,9,0.11,18,,,0.76,5,6.7,,5,337.9,,,,,0.32,10,,79,2.5,8.7,,58,110.5
HOLE_037,Jerimum de Cima,102664,81.95,82.50,0.55,dID,HM,PV,3.32,7.9,5.02,15,,1084,1.2,11,2.362,1.2,,10,5,,101,3.51,,,,,,3.03,19.5,14,,0.81,0.0595,1,1.44,,8,0.08,412,,,1.62,5,6.8,,5,185.5,,,,,0.24,10,,70,2.5,6.7,,125,60.4
HOLE_037,Jerimum de Cima,102665,82.50,84.00,1.50,dID,HM,PV,0.00,0.25,5.93,1.5,,1345,1.2,2.5,2.972,0.25,,15,5,,33,4.25,,,,,,1.81,23,13,,1.46,0.0812,1,3.16,,11,0.13,10,,,0.06,5,8.3,,5,866.4,,,,,0.41,10,,103,2.5,9.5,,88,71
HOLE_037,Jerimum de Cima,102666,84.00,84.95,0.95,dID,HM,PV,0.02,,,,,,,,,,,,,,,,,,,,,,,,,,,,,,,,,,,,,,,,,,,,,,,,,,,,,
HOLE_037,Jerimum de Cima,102667,84.95,85.50,0.55,dID,HM,PV,0.75,,,,,,,,,,,,,,,,,,,,,,,,,,,,,,,,,,,,,,,,,,,,,,,,,,,,,
HOLE_037,Jerimum de Cima,102668,85.50,86.60,1.10,dID,HM,PV,0.06,,,,,,,,,,,,,,,,,,,,,,,,,,,,,,,,,,,,,,,,,,,,,,,,,,,,,
HOLE_037,Jerimum de Cima,102669,86.60,87.30,0.70,dID,HM,PV,0.00,,,,,,,,,,,,,,,,,,,,,,,,,,,,,,,,,,,,,,,,,,,,,,,,,,,,,
HOLE_037,Jerimum de Cima,102670,87.30,88.05,0.75,dID,HM,PV,0.63,,,,,,,,,,,,,,,,,,,,,,,,,,,,,,,,,,,,,,,,,,,,,,,,,,,,,
HOLE_037,Jerimum de Cima,102671,88.05,89.00,0.95,dID,HM,PV,0.04,,,,,,,,,,,,,,,,,,,,,,,,,,,,,,,,,,,,,,,,,,,,,,,,,,,,,
HOLE_037,Jerimum de Cima,102672,89.00,90.00,1.00,GSTR,HM,PV,0.08,,,,,,,,,,,,,,,,,,,,,,,,,,,,,,,,,,,,,,,,,,,,,,,,,,,,,
HOLE_037,Jerimum de Cima,102673,90.00,91.00,1.00,GSTR,HM,PV,0.00,,,,,,,,,,,,,,,,,,,,,,,,,,,,,,,,,,,,,,,,,,,,,,,,,,,,,
HOLE_037,Jerimum de Cima,102674,91.00,92.00,1.00,GSTR,HM,PV,0.01,,,,,,,,,,,,,,,,,,,,,,,,,,,,,,,,,,,,,,,,,,,,,,,,,,,,,
HOLE_037,Jerimum de Cima,102675,92.00,93.00,1.00,GSTR,HM,PV,0.03,,,,,,,,,,,,,,,,,,,,,,,,,,,,,,,,,,,,,,,,,,,,,,,,,,,,,
HOLE_037,Jerimum de Cima,102676,93.00,93.50,0.50,dID,CTHM,PV,0.14,,,,,,,,,,,,,,,,,,,,,,,,,,,,,,,,,,,,,,,,,,,,,,,,,,,,,
HOLE_037,Jerimum de Cima,102677,93.50,94.50,1.00,dID,CTHM,PV,0.00,,,,,,,,,,,,,,,,,,,,,,,,,,,,,,,,,,,,,,,,,,,,,,,,,,,,,
HOLE_037,Jerimum de Cima,102678,94.50,96.00,1.50,dID,CTHM,PV,0.02,,,,,,,,,,,,,,,,,,,,,,,,,,,,,,,,,,,,,,,,,,,,,,,,,,,,,
HOLE_037,Jerimum de Cima,102679,96.00,97.40,1.40,dID,CTHM,PV,0.00,,,,,,,,,,,,,,,,,,,,,,,,,,,,,,,,,,,,,,,,,,,,,,,,,,,,,
HOLE_037,Jerimum de Cima,102680,97.40,98.00,0.60,dID,CTHM,PV,0.45,,,,,,,,,,,,,,,,,,,,,,,,,,,,,,,,,,,,,,,,,,,,,,,,,,,,,
HOLE_037,Jerimum de Cima,102681,98.00,99.00,1.00,dID,CTHM,PV,0.01,,,,,,,,,,,,,,,,,,,,,,,,,,,,,,,,,,,,,,,,,,,,,,,,,,,,,
HOLE_037,Jerimum de Cima,102682,99.00,99.80,0.80,dID,CTHM,PV,0.00,,,,,,,,,,,,,,,,,,,,,,,,,,,,,,,,,,,,,,,,,,,,,,,,,,,,,
HOLE_037,Jerimum de Cima,102683,99.80,101.00,1.20,dID,CTHM,PV,0.10,,,,,,,,,,,,,,,,,,,,,,,,,,,,,,,,,,,,,,,,,,,,,,,,,,,,,
HOLE_037,Jerimum de Cima,102684,101.00,102.00,1.00,dID,CTHM,PV,0.00,,,,,,,,,,,,,,,,,,,,,,,,,,,,,,,,,,,,,,,,,,,,,,,,,,,,,
HOLE_037,Jerimum de Cima,102685,102.00,103.00,1.00,dID,CTHM,PV,0.00,,,,,,,,,,,,,,,,,,,,,,,,,,,,,,,,,,,,,,,,,,,,,,,,,,,,,
HOLE_037,Jerimum de Cima,102686,103.00,104.15,1.15,dID,CTHM,PV,0.00,,,,,,,,,,,,,,,,,,,,,,,,,,,,,,,,,,,,,,,,,,,,,,,,,,,,,
HOLE_037,Jerimum de Cima,102687,104.15,104.85,0.70,dID,CTHM,PV,5.35,,,,,,,,,,,,,,,,,,,,,,,,,,,,,,,,,,,,,,,,,,,,,,,,,,,,,
HOLE_037,Jerimum de Cima,102688,104.85,105.85,1.00,dID,CTHM,PV,0.00,,,,,,,,,,,,,,,,,,,,,,,,,,,,,,,,,,,,,,,,,,,,,,,,,,,,,
HOLE_037,Jerimum de Cima,102689,105.85,106.35,0.50,dID,CTHM,PV,0.23,,,,,,,,,,,,,,,,,,,,,,,,,,,,,,,,,,,,,,,,,,,,,,,,,,,,,
HOLE_037,Jerimum de Cima,102690,106.35,108.00,1.65,dID,CTHM,PV,0.00,,,,,,,,,,,,,,,,,,,,,,,,,,,,,,,,,,,,,,,,,,,,,,,,,,,,,
HOLE_037,Jerimum de Cima,102691,108.00,108.50,0.50,dID,CTHM,PV,0.05,,,,,,,,,,,,,,,,,,,,,,,,,,,,,,,,,,,,,,,,,,,,,,,,,,,,,
HOLE_037,Jerimum de Cima,102692,108.50,110.00,1.50,dID,CTHM,PV,0.00,,,,,,,,,,,,,,,,,,,,,,,,,,,,,,,,,,,,,,,,,,,,,,,,,,,,,
HOLE_037,Jerimum de Cima,102693,110.00,111.00,1.00,dID,CTHM,PV,0.00,,,,,,,,,,,,,,,,,,,,,,,,,,,,,,,,,,,,,,,,,,,,,,,,,,,,,
HOLE_037,Jerimum de Cima,102694,111.00,112.00,1.00,dID,CTHM,PV,0.01,,,,,,,,,,,,,,,,,,,,,,,,,,,,,,,,,,,,,,,,,,,,,,,,,,,,,
HOLE_037,Jerimum de Cima,102695,112.00,114.00,2.00,dID,CTHM,PV,0.00,,,,,,,,,,,,,,,,,,,,,,,,,,,,,,,,,,,,,,,,,,,,,,,,,,,,,
HOLE_037,Jerimum de Cima,102696,114.00,115.30,1.30,dID,CTHM,PV,0.00,,,,,,,,,,,,,,,,,,,,,,,,,,,,,,,,,,,,,,,,,,,,,,,,,,,,,
HOLE_037,Jerimum de Cima,102697,115.30,115.80,0.50,dID,CTHM,PV,1.14,,,,,,,,,,,,,,,,,,,,,,,,,,,,,,,,,,,,,,,,,,,,,,,,,,,,,
HOLE_037,Jerimum de Cima,102698,115.80,117.00,1.20,dID,CTHM,PV,0.14,,,,,,,,,,,,,,,,,,,,,,,,,,,,,,,,,,,,,,,,,,,,,,,,,,,,,
HOLE_037,Jerimum de Cima,102699,117.00,118.00,1.00,dID,CTHM,PV,0.02,,,,,,,,,,,,,,,,,,,,,,,,,,,,,,,,,,,,,,,,,,,,,,,,,,,,,
HOLE_037,Jerimum de Cima,102700,118.00,119.50,1.50,dID,CTHM,PV,0.00,,,,,,,,,,,,,,,,,,,,,,,,,,,,,,,,,,,,,,,,,,,,,,,,,,,,,
HOLE_037,Jerimum de Cima,102701,119.50,120.35,0.85,dID,CTHM,PV,0.02,,,,,,,,,,,,,,,,,,,,,,,,,,,,,,,,,,,,,,,,,,,,,,,,,,,,,
HOLE_037,Jerimum de Cima,102702,120.35,122.00,1.65,dID,CTHM,PV,0.02,,,,,,,,,,,,,,,,,,,,,,,,,,,,,,,,,,,,,,,,,,,,,,,,,,,,,
HOLE_037,Jerimum de Cima,102703,122.00,122.90,0.90,dID,CTHM,PV,0.00,0.25,6.57,1.5,,868,1.4,2.5,3.393,0.25,,13,5,,7,3.71,,,,,,2.57,21.3,16,,1.39,0.0747,1,2.42,,12,0.1,8,,,0.07,5,8.5,,5,603.8,,,,,0.34,10,,84,2.5,9.6,,65,39.2
HOLE_037,Jerimum de Cima,102704,122.90,123.55,0.65,dID,CTHM,PV,5.80,10,6.49,23,,502,1.1,9,6.582,18.7,,14,5,,110,4.83,,,,,,2.67,21.6,3,,1.14,0.1143,0.5,0.85,,11,0.09,521,,,1.79,5,8.1,,5,195.5,,,,,0.26,10,,76,2.5,10.5,,1092,35.4
HOLE_037,Jerimum de Cima,102705,123.55,124.10,0.55,dID,CTHM,PV,0.81,0.25,5.26,11,,721,1.3,2.5,4.269,0.8,,7,5,,77,3.94,,,,,,3.78,18,9,,1.04,0.0938,0.5,0.48,,12,0.1,30,,,0.96,5,6.8,,5,151.5,,,,,0.3,10,,98,2.5,7.2,,73,46.3
HOLE_037,Jerimum de Cima,102706,124.10,125.00,0.90,dID,CTHM,PV,0.00,,,,,,,,,,,,,,,,,,,,,,,,,,,,,,,,,,,,,,,,,,,,,,,,,,,,,
HOLE_037,Jerimum de Cima,102707,125.00,126.50,1.50,dID,CTHM,PV,0.00,,,,,,,,,,,,,,,,,,,,,,,,,,,,,,,,,,,,,,,,,,,,,,,,,,,,,
HOLE_037,Jerimum de Cima,102708,126.50,127.40,0.90,dID,CTHM,PV,0.00,,,,,,,,,,,,,,,,,,,,,,,,,,,,,,,,,,,,,,,,,,,,,,,,,,,,,
HOLE_037,Jerimum de Cima,102709,127.40,128.15,0.75,dID,CTHM,PV,0.01,,,,,,,,,,,,,,,,,,,,,,,,,,,,,,,,,,,,,,,,,,,,,,,,,,,,,
HOLE_037,Jerimum de Cima,102710,128.15,130.00,1.85,dID,CTHM,PV,0.00,,,,,,,,,,,,,,,,,,,,,,,,,,,,,,,,,,,,,,,,,,,,,,,,,,,,,
HOLE_037,Jerimum de Cima,102711,130.00,132.00,2.00,dID,CTHM,PV,0.00,,,,,,,,,,,,,,,,,,,,,,,,,,,,,,,,,,,,,,,,,,,,,,,,,,,,,
HOLE_037,Jerimum de Cima,102712,132.00,132.50,0.50,dID,CTHM,PV,0.10,,,,,,,,,,,,,,,,,,,,,,,,,,,,,,,,,,,,,,,,,,,,,,,,,,,,,
HOLE_037,Jerimum de Cima,102713,132.50,134.00,1.50,ID,CHP,PV,0.01,,,,,,,,,,,,,,,,,,,,,,,,,,,,,,,,,,,,,,,,,,,,,,,,,,,,,
HOLE_037,Jerimum de Cima,102714,134.00,135.00,1.00,ID,CHP,PV,0.00,,,,,,,,,,,,,,,,,,,,,,,,,,,,,,,,,,,,,,,,,,,,,,,,,,,,,
HOLE_037,Jerimum de Cima,102715,135.00,136.00,1.00,ID,CHP,PV,0.00,,,,,,,,,,,,,,,,,,,,,,,,,,,,,,,,,,,,,,,,,,,,,,,,,,,,,
HOLE_037,Jerimum de Cima,102716,136.00,137.00,1.00,ID,CHP,PV,0.00,,,,,,,,,,,,,,,,,,,,,,,,,,,,,,,,,,,,,,,,,,,,,,,,,,,,,
HOLE_037,Jerimum de Cima,102717,137.00,139.00,2.00,ID,CHP,PV,0.00,,,,,,,,,,,,,,,,,,,,,,,,,,,,,,,,,,,,,,,,,,,,,,,,,,,,,
HOLE_037,Jerimum de Cima,102718,139.00,141.00,2.00,ID,CHP,PV,0.00,,,,,,,,,,,,,,,,,,,,,,,,,,,,,,,,,,,,,,,,,,,,,,,,,,,,,
HOLE_037,Jerimum de Cima,102719,141.00,143.00,2.00,ID,CHP,PV,0.00,,,,,,,,,,,,,,,,,,,,,,,,,,,,,,,,,,,,,,,,,,,,,,,,,,,,,
HOLE_037,Jerimum de Cima,102720,143.00,144.00,1.00,ID,CHP,PV,0.00,,,,,,,,,,,,,,,,,,,,,,,,,,,,,,,,,,,,,,,,,,,,,,,,,,,,,
HOLE_037,Jerimum de Cima,102721,144.00,145.75,1.75,ID,CHP,PV,0.00,,,,,,,,,,,,,,,,,,,,,,,,,,,,,,,,,,,,,,,,,,,,,,,,,,,,,
HOLE_037,Jerimum de Cima,102722,145.75,147.00,1.25,SMD,CT,PV,0.00,,,,,,,,,,,,,,,,,,,,,,,,,,,,,,,,,,,,,,,,,,,,,,,,,,,,,
HOLE_037,Jerimum de Cima,102723,147.00,148.60,1.60,SMD,CT,PV,0.00,,,,,,,,,,,,,,,,,,,,,,,,,,,,,,,,,,,,,,,,,,,,,,,,,,,,,
HOLE_037,Jerimum de Cima,102724,148.60,149.70,1.10,dID,SCP,PV,0.00,,,,,,,,,,,,,,,,,,,,,,,,,,,,,,,,,,,,,,,,,,,,,,,,,,,,,
HOLE_037,Jerimum de Cima,102725,149.70,150.70,1.00,dID,SCP,PV,0.04,,,,,,,,,,,,,,,,,,,,,,,,,,,,,,,,,,,,,,,,,,,,,,,,,,,,,
HOLE_037,Jerimum de Cima,102726,150.70,151.70,1.00,dID,SCP,PV,0.19,,,,,,,,,,,,,,,,,,,,,,,,,,,,,,,,,,,,,,,,,,,,,,,,,,,,,
HOLE_037,Jerimum de Cima,102727,151.70,152.60,0.90,dID,SCP,PV,0.04,,,,,,,,,,,,,,,,,,,,,,,,,,,,,,,,,,,,,,,,,,,,,,,,,,,,,
HOLE_037,Jerimum de Cima,102728,152.60,153.35,0.75,dID,SCP,PV,0.00,,,,,,,,,,,,,,,,,,,,,,,,,,,,,,,,,,,,,,,,,,,,,,,,,,,,,
HOLE_037,Jerimum de Cima,102729,153.35,153.85,0.50,dID,SCP,PV,0.04,,,,,,,,,,,,,,,,,,,,,,,,,,,,,,,,,,,,,,,,,,,,,,,,,,,,,
HOLE_037,Jerimum de Cima,102730,153.85,154.85,1.00,dID,SCP,PV,0.00,,,,,,,,,,,,,,,,,,,,,,,,,,,,,,,,,,,,,,,,,,,,,,,,,,,,,
HOLE_037,Jerimum de Cima,102731,154.85,156.00,1.15,dID,SCP,PV,0.00,,,,,,,,,,,,,,,,,,,,,,,,,,,,,,,,,,,,,,,,,,,,,,,,,,,,,
HOLE_037,Jerimum de Cima,102732,156.00,157.00,1.00,dID,SCP,PV,0.00,,,,,,,,,,,,,,,,,,,,,,,,,,,,,,,,,,,,,,,,,,,,,,,,,,,,,
HOLE_037,Jerimum de Cima,102733,157.00,158.00,1.00,dID,SCP,PV,0.01,,,,,,,,,,,,,,,,,,,,,,,,,,,,,,,,,,,,,,,,,,,,,,,,,,,,,
HOLE_037,Jerimum de Cima,102734,158.00,159.00,1.00,dID,SCP,PV,0.00,,,,,,,,,,,,,,,,,,,,,,,,,,,,,,,,,,,,,,,,,,,,,,,,,,,,,
HOLE_037,Jerimum de Cima,102735,159.00,160.00,1.00,dID,SCP,PV,0.02,,,,,,,,,,,,,,,,,,,,,,,,,,,,,,,,,,,,,,,,,,,,,,,,,,,,,
HOLE_037,Jerimum de Cima,102736,160.00,161.00,1.00,dID,SCP,PV,0.00,,,,,,,,,,,,,,,,,,,,,,,,,,,,,,,,,,,,,,,,,,,,,,,,,,,,,
HOLE_037,Jerimum de Cima,102737,161.00,162.35,1.35,dID,SCP,PV,0.00,,,,,,,,,,,,,,,,,,,,,,,,,,,,,,,,,,,,,,,,,,,,,,,,,,,,,
HOLE_037,Jerimum de Cima,102738,162.35,163.60,1.25,dID,SCP,PV,0.13,,,,,,,,,,,,,,,,,,,,,,,,,,,,,,,,,,,,,,,,,,,,,,,,,,,,,
HOLE_037,Jerimum de Cima,102739,163.60,165.00,1.40,dID,SCP,PV,0.00,,,,,,,,,,,,,,,,,,,,,,,,,,,,,,,,,,,,,,,,,,,,,,,,,,,,,
HOLE_037,Jerimum de Cima,102740,165.00,166.00,1.00,dID,SCP,PV,0.00,,,,,,,,,,,,,,,,,,,,,,,,,,,,,,,,,,,,,,,,,,,,,,,,,,,,,
HOLE_037,Jerimum de Cima,102741,166.00,167.00,1.00,dID,SCP,PV,0.00,,,,,,,,,,,,,,,,,,,,,,,,,,,,,,,,,,,,,,,,,,,,,,,,,,,,,
HOLE_037,Jerimum de Cima,102742,167.00,169.00,2.00,dID,SCP,PV,0.00,,,,,,,,,,,,,,,,,,,,,,,,,,,,,,,,,,,,,,,,,,,,,,,,,,,,,
HOLE_037,Jerimum de Cima,102743,169.00,171.00,2.00,dID,SCP,PV,0.00,,,,,,,,,,,,,,,,,,,,,,,,,,,,,,,,,,,,,,,,,,,,,,,,,,,,,
HOLE_037,Jerimum de Cima,102744,171.00,173.00,2.00,dID,SCP,PV,0.00,,,,,,,,,,,,,,,,,,,,,,,,,,,,,,,,,,,,,,,,,,,,,,,,,,,,,
HOLE_037,Jerimum de Cima,102745,173.00,174.00,1.00,dID,SCP,PV,0.05,,,,,,,,,,,,,,,,,,,,,,,,,,,,,,,,,,,,,,,,,,,,,,,,,,,,,
HOLE_037,Jerimum de Cima,102746,174.00,175.00,1.00,dID,SCP,PV,0.03,,,,,,,,,,,,,,,,,,,,,,,,,,,,,,,,,,,,,,,,,,,,,,,,,,,,,
HOLE_037,Jerimum de Cima,102747,175.00,177.00,2.00,dID,SCP,PV,0.01,,,,,,,,,,,,,,,,,,,,,,,,,,,,,,,,,,,,,,,,,,,,,,,,,,,,,
HOLE_037,Jerimum de Cima,102748,177.00,179.00,2.00,dID,SCP,PV,0.00,,,,,,,,,,,,,,,,,,,,,,,,,,,,,,,,,,,,,,,,,,,,,,,,,,,,,
HOLE_037,Jerimum de Cima,102749,179.00,181.00,2.00,dID,SCP,PV,0.00,,,,,,,,,,,,,,,,,,,,,,,,,,,,,,,,,,,,,,,,,,,,,,,,,,,,,
HOLE_037,Jerimum de Cima,102750,181.00,182.00,1.00,dID,SCP,PV,0.00,,,,,,,,,,,,,,,,,,,,,,,,,,,,,,,,,,,,,,,,,,,,,,,,,,,,,
HOLE_037,Jerimum de Cima,102751,182.00,184.00,2.00,dID,SCP,PV,0.00,,,,,,,,,,,,,,,,,,,,,,,,,,,,,,,,,,,,,,,,,,,,,,,,,,,,,
HOLE_037,Jerimum de Cima,102752,184.00,186.00,2.00,dID,SCP,PV,0.00,,,,,,,,,,,,,,,,,,,,,,,,,,,,,,,,,,,,,,,,,,,,,,,,,,,,,
HOLE_037,Jerimum de Cima,102753,186.00,188.00,2.00,dID,SCP,PV,0.00,,,,,,,,,,,,,,,,,,,,,,,,,,,,,,,,,,,,,,,,,,,,,,,,,,,,,
HOLE_037,Jerimum de Cima,102754,188.00,189.00,1.00,dID,SCP,PV,0.00,,,,,,,,,,,,,,,,,,,,,,,,,,,,,,,,,,,,,,,,,,,,,,,,,,,,,
HOLE_037,Jerimum de Cima,102755,189.00,190.00,1.00,dID,SCP,PV,0.00,,,,,,,,,,,,,,,,,,,,,,,,,,,,,,,,,,,,,,,,,,,,,,,,,,,,,
HOLE_037,Jerimum de Cima,102756,190.00,191.00,1.00,dID,SCP,PV,0.00,,,,,,,,,,,,,,,,,,,,,,,,,,,,,,,,,,,,,,,,,,,,,,,,,,,,,
HOLE_037,Jerimum de Cima,102757,191.00,192.00,1.00,dID,SCP,PV,0.00,,,,,,,,,,,,,,,,,,,,,,,,,,,,,,,,,,,,,,,,,,,,,,,,,,,,,
HOLE_037,Jerimum de Cima,102758,192.00,193.00,1.00,dID,SCP,PV,0.00,,,,,,,,,,,,,,,,,,,,,,,,,,,,,,,,,,,,,,,,,,,,,,,,,,,,,
HOLE_037,Jerimum de Cima,102759,193.00,194.00,1.00,dID,SCP,PV,0.00,,,,,,,,,,,,,,,,,,,,,,,,,,,,,,,,,,,,,,,,,,,,,,,,,,,,,
HOLE_037,Jerimum de Cima,102760,194.00,195.00,1.00,dID,SCP,PV,0.00,,,,,,,,,,,,,,,,,,,,,,,,,,,,,,,,,,,,,,,,,,,,,,,,,,,,,
HOLE_037,Jerimum de Cima,102761,195.00,196.00,1.00,dID,SCP,PV,0.00,,,,,,,,,,,,,,,,,,,,,,,,,,,,,,,,,,,,,,,,,,,,,,,,,,,,,
HOLE_037,Jerimum de Cima,102762,196.00,197.00,1.00,dID,SCP,PV,0.00,,,,,,,,,,,,,,,,,,,,,,,,,,,,,,,,,,,,,,,,,,,,,,,,,,,,,
HOLE_037,Jerimum de Cima,102763,197.00,198.00,1.00,dID,SCP,PV,0.01,,,,,,,,,,,,,,,,,,,,,,,,,,,,,,,,,,,,,,,,,,,,,,,,,,,,,
HOLE_037,Jerimum de Cima,102764,198.00,199.00,1.00,dID,SCP,PV,0.00,,,,,,,,,,,,,,,,,,,,,,,,,,,,,,,,,,,,,,,,,,,,,,,,,,,,,
HOLE_037,Jerimum de Cima,102765,199.00,200.00,1.00,dID,SCP,PV,0.00,,,,,,,,,,,,,,,,,,,,,,,,,,,,,,,,,,,,,,,,,,,,,,,,,,,,,
HOLE_037,Jerimum de Cima,102766,200.00,201.00,1.00,dID,SCP,PV,0.00,,,,,,,,,,,,,,,,,,,,,,,,,,,,,,,,,,,,,,,,,,,,,,,,,,,,,
HOLE_037,Jerimum de Cima,102767,201.00,202.00,1.00,dID,SCP,PV,0.01,,,,,,,,,,,,,,,,,,,,,,,,,,,,,,,,,,,,,,,,,,,,,,,,,,,,,
HOLE_037,Jerimum de Cima,102768,202.00,203.40,1.40,dID,SCP,PV,0.25,,,,,,,,,,,,,,,,,,,,,,,,,,,,,,,,,,,,,,,,,,,,,,,,,,,,,
HOLE_037,Jerimum de Cima,102769,203.40,205.00,1.60,dID,SCP,PV,0.00,,,,,,,,,,,,,,,,,,,,,,,,,,,,,,,,,,,,,,,,,,,,,,,,,,,,,
HOLE_037,Jerimum de Cima,102770,205.00,207.00,2.00,dID,SCP,PV,0.00,,,,,,,,,,,,,,,,,,,,,,,,,,,,,,,,,,,,,,,,,,,,,,,,,,,,,
HOLE_037,Jerimum de Cima,102771,207.00,209.00,2.00,dID,SCP,PV,0.00,,,,,,,,,,,,,,,,,,,,,,,,,,,,,,,,,,,,,,,,,,,,,,,,,,,,,
HOLE_037,Jerimum de Cima,102772,209.00,211.00,2.00,dID,SCP,PV,0.00,,,,,,,,,,,,,,,,,,,,,,,,,,,,,,,,,,,,,,,,,,,,,,,,,,,,,
HOLE_037,Jerimum de Cima,102773,211.00,213.00,2.00,dID,SCP,PV,0.00,,,,,,,,,,,,,,,,,,,,,,,,,,,,,,,,,,,,,,,,,,,,,,,,,,,,,
HOLE_037,Jerimum de Cima,102774,213.00,215.00,2.00,dID,SCP,PV,0.00,,,,,,,,,,,,,,,,,,,,,,,,,,,,,,,,,,,,,,,,,,,,,,,,,,,,,
HOLE_037,Jerimum de Cima,102775,215.00,217.00,2.00,dID,SCP,PV,0.00,,,,,,,,,,,,,,,,,,,,,,,,,,,,,,,,,,,,,,,,,,,,,,,,,,,,,
HOLE_037,Jerimum de Cima,102776,217.00,219.00,2.00,dID,SCP,PV,0.00,,,,,,,,,,,,,,,,,,,,,,,,,,,,,,,,,,,,,,,,,,,,,,,,,,,,,
HOLE_037,Jerimum de Cima,102777,219.00,221.00,2.00,dID,SCP,PV,0.00,,,,,,,,,,,,,,,,,,,,,,,,,,,,,,,,,,,,,,,,,,,,,,,,,,,,,
HOLE_037,Jerimum de Cima,102778,221.00,222.00,1.00,dID,SCP,PV,0.00,,,,,,,,,,,,,,,,,,,,,,,,,,,,,,,,,,,,,,,,,,,,,,,,,,,,,
HOLE_037,Jerimum de Cima,102779,222.00,223.90,1.90,dID,SCP,PV,0.00,,,,,,,,,,,,,,,,,,,,,,,,,,,,,,,,,,,,,,,,,,,,,,,,,,,,,
HOLE_037,Jerimum de Cima,102780,223.90,224.45,0.55,dID,SCP,PV,0.00,,,,,,,,,,,,,,,,,,,,,,,,,,,,,,,,,,,,,,,,,,,,,,,,,,,,,
HOLE_037,Jerimum de Cima,102781,224.45,225.75,1.30,dID,SCP,PV,0.01,,,,,,,,,,,,,,,,,,,,,,,,,,,,,,,,,,,,,,,,,,,,,,,,,,,,,
HOLE_037,Jerimum de Cima,102782,225.75,227.00,1.25,dID,SCP,PV,0.00,,,,,,,,,,,,,,,,,,,,,,,,,,,,,,,,,,,,,,,,,,,,,,,,,,,,,
HOLE_037,Jerimum de Cima,102783,227.00,229.00,2.00,dID,SCP,PV,0.00,,,,,,,,,,,,,,,,,,,,,,,,,,,,,,,,,,,,,,,,,,,,,,,,,,,,,
HOLE_037,Jerimum de Cima,102784,229.00,231.00,2.00,dID,SCP,PV,0.00,,,,,,,,,,,,,,,,,,,,,,,,,,,,,,,,,,,,,,,,,,,,,,,,,,,,,
HOLE_037,Jerimum de Cima,102785,231.00,233.00,2.00,dID,SCP,PV,0.00,,,,,,,,,,,,,,,,,,,,,,,,,,,,,,,,,,,,,,,,,,,,,,,,,,,,,
HOLE_037,Jerimum de Cima,102786,233.00,235.00,2.00,dID,SCP,PV,0.00,,,,,,,,,,,,,,,,,,,,,,,,,,,,,,,,,,,,,,,,,,,,,,,,,,,,,
HOLE_037,Jerimum de Cima,102787,235.00,237.00,2.00,dID,SCP,PV,0.00,,,,,,,,,,,,,,,,,,,,,,,,,,,,,,,,,,,,,,,,,,,,,,,,,,,,,
HOLE_037,Jerimum de Cima,102788,237.00,239.00,2.00,dID,SCP,PV,0.00,,,,,,,,,,,,,,,,,,,,,,,,,,,,,,,,,,,,,,,,,,,,,,,,,,,,,
HOLE_037,Jerimum de Cima,102789,239.00,240.00,1.00,dID,SCP,PV,0.00,,,,,,,,,,,,,,,,,,,,,,,,,,,,,,,,,,,,,,,,,,,,,,,,,,,,,
HOLE_037,Jerimum de Cima,102790,240.00,241.40,1.40,dID,SCP,PV,0.00,,,,,,,,,,,,,,,,,,,,,,,,,,,,,,,,,,,,,,,,,,,,,,,,,,,,,
HOLE_037,Jerimum de Cima,102791,241.40,242.00,0.60,dID,SCP,PV,0.00,,,,,,,,,,,,,,,,,,,,,,,,,,,,,,,,,,,,,,,,,,,,,,,,,,,,,
HOLE_037,Jerimum de Cima,102792,242.00,243.45,1.45,dID,SCP,PV,0.00,,,,,,,,,,,,,,,,,,,,,,,,,,,,,,,,,,,,,,,,,,,,,,,,,,,,,
HOLE_038,Jerimum de Cima,102793,0.00,1.15,1.15,QS,,,0.15,,,,,,,,,,,,,,,,,,,,,,,,,,,,,,,,,,,,,,,,,,,,,,,,,,,,,
HOLE_038,Jerimum de Cima,102794,1.15,2.35,1.20,QS,,,0.04,,,,,,,,,,,,,,,,,,,,,,,,,,,,,,,,,,,,,,,,,,,,,,,,,,,,,
HOLE_038,Jerimum de Cima,102795,2.35,3.00,0.65,QCOL,,,0.04,,,,,,,,,,,,,,,,,,,,,,,,,,,,,,,,,,,,,,,,,,,,,,,,,,,,,
HOLE_038,Jerimum de Cima,102796,3.00,4.00,1.00,SAP,,,0.01,,,,,,,,,,,,,,,,,,,,,,,,,,,,,,,,,,,,,,,,,,,,,,,,,,,,,
HOLE_038,Jerimum de Cima,102797,4.00,5.00,1.00,SAP,,,0.00,,,,,,,,,,,,,,,,,,,,,,,,,,,,,,,,,,,,,,,,,,,,,,,,,,,,,
HOLE_038,Jerimum de Cima,102798,5.00,6.00,1.00,SAP,,,0.00,,,,,,,,,,,,,,,,,,,,,,,,,,,,,,,,,,,,,,,,,,,,,,,,,,,,,
HOLE_038,Jerimum de Cima,102799,6.00,7.00,1.00,SAP,,,0.00,,,,,,,,,,,,,,,,,,,,,,,,,,,,,,,,,,,,,,,,,,,,,,,,,,,,,
HOLE_038,Jerimum de Cima,102800,7.00,8.00,1.00,SAP,,,0.00,,,,,,,,,,,,,,,,,,,,,,,,,,,,,,,,,,,,,,,,,,,,,,,,,,,,,
HOLE_038,Jerimum de Cima,102801,8.00,9.00,1.00,SAP,,,0.13,,,,,,,,,,,,,,,,,,,,,,,,,,,,,,,,,,,,,,,,,,,,,,,,,,,,,
HOLE_038,Jerimum de Cima,102802,9.00,10.00,1.00,SAP,,,0.01,,,,,,,,,,,,,,,,,,,,,,,,,,,,,,,,,,,,,,,,,,,,,,,,,,,,,
HOLE_038,Jerimum de Cima,102803,10.00,11.00,1.00,SAP,,,0.00,,,,,,,,,,,,,,,,,,,,,,,,,,,,,,,,,,,,,,,,,,,,,,,,,,,,,
HOLE_038,Jerimum de Cima,102804,11.00,12.00,1.00,SAP,,,0.00,,,,,,,,,,,,,,,,,,,,,,,,,,,,,,,,,,,,,,,,,,,,,,,,,,,,,
HOLE_038,Jerimum de Cima,102805,12.00,13.00,1.00,SAP,,,0.02,,,,,,,,,,,,,,,,,,,,,,,,,,,,,,,,,,,,,,,,,,,,,,,,,,,,,
HOLE_038,Jerimum de Cima,102806,13.00,14.00,1.00,SAP,,,0.00,,,,,,,,,,,,,,,,,,,,,,,,,,,,,,,,,,,,,,,,,,,,,,,,,,,,,
HOLE_038,Jerimum de Cima,102807,14.00,15.00,1.00,SAP,,,0.00,,,,,,,,,,,,,,,,,,,,,,,,,,,,,,,,,,,,,,,,,,,,,,,,,,,,,
HOLE_038,Jerimum de Cima,102808,15.00,16.00,1.00,SAP,,,0.03,,,,,,,,,,,,,,,,,,,,,,,,,,,,,,,,,,,,,,,,,,,,,,,,,,,,,
HOLE_038,Jerimum de Cima,102809,16.00,17.00,1.00,SAP,,,0.00,,,,,,,,,,,,,,,,,,,,,,,,,,,,,,,,,,,,,,,,,,,,,,,,,,,,,
HOLE_038,Jerimum de Cima,102810,17.00,18.00,1.00,SAP,,,0.00,,,,,,,,,,,,,,,,,,,,,,,,,,,,,,,,,,,,,,,,,,,,,,,,,,,,,
HOLE_038,Jerimum de Cima,102811,18.00,19.00,1.00,SAP,,,0.20,,,,,,,,,,,,,,,,,,,,,,,,,,,,,,,,,,,,,,,,,,,,,,,,,,,,,
HOLE_038,Jerimum de Cima,102812,19.00,20.00,1.00,SAP,,,0.00,,,,,,,,,,,,,,,,,,,,,,,,,,,,,,,,,,,,,,,,,,,,,,,,,,,,,
HOLE_038,Jerimum de Cima,102813,20.00,21.00,1.00,SAP,,,0.00,,,,,,,,,,,,,,,,,,,,,,,,,,,,,,,,,,,,,,,,,,,,,,,,,,,,,
HOLE_038,Jerimum de Cima,102814,21.00,22.00,1.00,SAP,,,0.35,,,,,,,,,,,,,,,,,,,,,,,,,,,,,,,,,,,,,,,,,,,,,,,,,,,,,
HOLE_038,Jerimum de Cima,102815,22.00,23.00,1.00,SAP,,,0.24,,,,,,,,,,,,,,,,,,,,,,,,,,,,,,,,,,,,,,,,,,,,,,,,,,,,,
HOLE_038,Jerimum de Cima,102816,23.00,24.00,1.00,SAP,,,0.02,,,,,,,,,,,,,,,,,,,,,,,,,,,,,,,,,,,,,,,,,,,,,,,,,,,,,
HOLE_038,Jerimum de Cima,102817,24.00,25.00,1.00,SAP,,,0.06,,,,,,,,,,,,,,,,,,,,,,,,,,,,,,,,,,,,,,,,,,,,,,,,,,,,,
HOLE_038,Jerimum de Cima,102818,25.00,26.00,1.00,SAP,,,0.00,,,,,,,,,,,,,,,,,,,,,,,,,,,,,,,,,,,,,,,,,,,,,,,,,,,,,
HOLE_038,Jerimum de Cima,102819,26.00,27.00,1.00,SAP,,,0.00,,,,,,,,,,,,,,,,,,,,,,,,,,,,,,,,,,,,,,,,,,,,,,,,,,,,,
HOLE_038,Jerimum de Cima,102820,27.00,28.00,1.00,SAP,,,0.00,,,,,,,,,,,,,,,,,,,,,,,,,,,,,,,,,,,,,,,,,,,,,,,,,,,,,
HOLE_038,Jerimum de Cima,102821,28.00,29.00,1.00,SAP,,,0.00,,,,,,,,,,,,,,,,,,,,,,,,,,,,,,,,,,,,,,,,,,,,,,,,,,,,,
HOLE_038,Jerimum de Cima,102822,29.00,30.00,1.00,SAP,,,0.00,,,,,,,,,,,,,,,,,,,,,,,,,,,,,,,,,,,,,,,,,,,,,,,,,,,,,
HOLE_038,Jerimum de Cima,102823,30.00,31.00,1.00,SAP,,,0.00,,,,,,,,,,,,,,,,,,,,,,,,,,,,,,,,,,,,,,,,,,,,,,,,,,,,,
HOLE_038,Jerimum de Cima,102824,31.00,32.00,1.00,SAP,,,0.01,,,,,,,,,,,,,,,,,,,,,,,,,,,,,,,,,,,,,,,,,,,,,,,,,,,,,
HOLE_038,Jerimum de Cima,102825,32.00,33.00,1.00,SAP,,,0.00,,,,,,,,,,,,,,,,,,,,,,,,,,,,,,,,,,,,,,,,,,,,,,,,,,,,,
HOLE_038,Jerimum de Cima,102826,33.00,34.00,1.00,SAP,,,0.00,,,,,,,,,,,,,,,,,,,,,,,,,,,,,,,,,,,,,,,,,,,,,,,,,,,,,
HOLE_038,Jerimum de Cima,102827,34.00,35.00,1.00,SAP,,,0.00,,,,,,,,,,,,,,,,,,,,,,,,,,,,,,,,,,,,,,,,,,,,,,,,,,,,,
HOLE_038,Jerimum de Cima,102828,35.00,36.00,1.00,SAP,,,0.13,,,,,,,,,,,,,,,,,,,,,,,,,,,,,,,,,,,,,,,,,,,,,,,,,,,,,
HOLE_038,Jerimum de Cima,102829,36.00,37.00,1.00,SAP,,,0.01,,,,,,,,,,,,,,,,,,,,,,,,,,,,,,,,,,,,,,,,,,,,,,,,,,,,,
HOLE_038,Jerimum de Cima,102830,37.00,38.00,1.00,SAP,,,0.00,,,,,,,,,,,,,,,,,,,,,,,,,,,,,,,,,,,,,,,,,,,,,,,,,,,,,
HOLE_038,Jerimum de Cima,102831,38.00,39.00,1.00,SAP,,,0.00,,,,,,,,,,,,,,,,,,,,,,,,,,,,,,,,,,,,,,,,,,,,,,,,,,,,,
HOLE_038,Jerimum de Cima,102832,39.00,40.00,1.00,SAP,,,0.00,,,,,,,,,,,,,,,,,,,,,,,,,,,,,,,,,,,,,,,,,,,,,,,,,,,,,
HOLE_038,Jerimum de Cima,102833,40.00,41.00,1.00,SAP,SIL,MT,0.00,,,,,,,,,,,,,,,,,,,,,,,,,,,,,,,,,,,,,,,,,,,,,,,,,,,,,
HOLE_038,Jerimum de Cima,102834,41.00,42.00,1.00,SAP,SIL,MT,0.00,,,,,,,,,,,,,,,,,,,,,,,,,,,,,,,,,,,,,,,,,,,,,,,,,,,,,
HOLE_038,Jerimum de Cima,102835,42.00,43.00,1.00,SAP,SIL,MT,0.00,,,,,,,,,,,,,,,,,,,,,,,,,,,,,,,,,,,,,,,,,,,,,,,,,,,,,
HOLE_038,Jerimum de Cima,102836,43.00,44.00,1.00,SAP,SIL,MT,0.00,,,,,,,,,,,,,,,,,,,,,,,,,,,,,,,,,,,,,,,,,,,,,,,,,,,,,
HOLE_038,Jerimum de Cima,102837,44.00,45.00,1.00,SAP,SIL,MT,0.00,,,,,,,,,,,,,,,,,,,,,,,,,,,,,,,,,,,,,,,,,,,,,,,,,,,,,
HOLE_038,Jerimum de Cima,102838,45.00,46.00,1.00,SAP,SIL,MT,0.00,,,,,,,,,,,,,,,,,,,,,,,,,,,,,,,,,,,,,,,,,,,,,,,,,,,,,
HOLE_038,Jerimum de Cima,102839,46.00,47.00,1.00,SAP,SIL,MT,0.00,,,,,,,,,,,,,,,,,,,,,,,,,,,,,,,,,,,,,,,,,,,,,,,,,,,,,
HOLE_038,Jerimum de Cima,102840,47.00,48.00,1.00,SAP,SIL,MT,0.01,,,,,,,,,,,,,,,,,,,,,,,,,,,,,,,,,,,,,,,,,,,,,,,,,,,,,
HOLE_038,Jerimum de Cima,102841,48.00,49.00,1.00,SAP,SIL,MT,0.00,,,,,,,,,,,,,,,,,,,,,,,,,,,,,,,,,,,,,,,,,,,,,,,,,,,,,
HOLE_038,Jerimum de Cima,102842,49.00,50.00,1.00,SAP,SIL,MT,0.00,,,,,,,,,,,,,,,,,,,,,,,,,,,,,,,,,,,,,,,,,,,,,,,,,,,,,
HOLE_038,Jerimum de Cima,102843,50.00,51.00,1.00,SAP,SIL,MT,0.00,,,,,,,,,,,,,,,,,,,,,,,,,,,,,,,,,,,,,,,,,,,,,,,,,,,,,
HOLE_038,Jerimum de Cima,102844,51.00,52.00,1.00,SAP,SIL,MT,0.00,,,,,,,,,,,,,,,,,,,,,,,,,,,,,,,,,,,,,,,,,,,,,,,,,,,,,
HOLE_038,Jerimum de Cima,102845,52.00,53.00,1.00,SAP,SIL,MT,0.00,,,,,,,,,,,,,,,,,,,,,,,,,,,,,,,,,,,,,,,,,,,,,,,,,,,,,
HOLE_038,Jerimum de Cima,102846,53.00,54.25,1.25,SAP,SIL,MT,0.00,,,,,,,,,,,,,,,,,,,,,,,,,,,,,,,,,,,,,,,,,,,,,,,,,,,,,
HOLE_038,Jerimum de Cima,102847,54.25,55.50,1.25,SAP,SIL,MT,0.00,,,,,,,,,,,,,,,,,,,,,,,,,,,,,,,,,,,,,,,,,,,,,,,,,,,,,
HOLE_038,Jerimum de Cima,102848,55.50,57.00,1.50,SAP,SIL,MT,0.00,,,,,,,,,,,,,,,,,,,,,,,,,,,,,,,,,,,,,,,,,,,,,,,,,,,,,
HOLE_038,Jerimum de Cima,102849,57.00,59.00,2.00,SAP,SIL,MT,0.00,,,,,,,,,,,,,,,,,,,,,,,,,,,,,,,,,,,,,,,,,,,,,,,,,,,,,
HOLE_038,Jerimum de Cima,102850,59.00,61.00,2.00,dID,SIL,MT,0.00,,,,,,,,,,,,,,,,,,,,,,,,,,,,,,,,,,,,,,,,,,,,,,,,,,,,,
HOLE_038,Jerimum de Cima,102851,61.00,63.00,2.00,dID,SIL,MT,0.00,,,,,,,,,,,,,,,,,,,,,,,,,,,,,,,,,,,,,,,,,,,,,,,,,,,,,
HOLE_038,Jerimum de Cima,102852,63.00,64.50,1.50,dID,SIL,MT,0.00,,,,,,,,,,,,,,,,,,,,,,,,,,,,,,,,,,,,,,,,,,,,,,,,,,,,,
HOLE_038,Jerimum de Cima,102853,64.50,65.85,1.35,dID,SIL,MT,0.00,,,,,,,,,,,,,,,,,,,,,,,,,,,,,,,,,,,,,,,,,,,,,,,,,,,,,
HOLE_038,Jerimum de Cima,102854,65.85,67.00,1.15,dID,SIL,MT,0.00,,,,,,,,,,,,,,,,,,,,,,,,,,,,,,,,,,,,,,,,,,,,,,,,,,,,,
HOLE_038,Jerimum de Cima,102855,67.00,68.10,1.10,dID,SIL,MT,0.00,,,,,,,,,,,,,,,,,,,,,,,,,,,,,,,,,,,,,,,,,,,,,,,,,,,,,
HOLE_038,Jerimum de Cima,102856,68.10,69.00,0.90,dID,SIL,MT,0.00,,,,,,,,,,,,,,,,,,,,,,,,,,,,,,,,,,,,,,,,,,,,,,,,,,,,,
HOLE_038,Jerimum de Cima,102857,69.00,70.00,1.00,dID,SIL,MT,0.05,,,,,,,,,,,,,,,,,,,,,,,,,,,,,,,,,,,,,,,,,,,,,,,,,,,,,
HOLE_038,Jerimum de Cima,102858,70.00,71.00,1.00,dID,SIL,MT,0.01,,,,,,,,,,,,,,,,,,,,,,,,,,,,,,,,,,,,,,,,,,,,,,,,,,,,,
HOLE_038,Jerimum de Cima,102859,71.00,72.00,1.00,dID,SIL,MT,0.00,,,,,,,,,,,,,,,,,,,,,,,,,,,,,,,,,,,,,,,,,,,,,,,,,,,,,
HOLE_038,Jerimum de Cima,102860,72.00,73.00,1.00,dID,SIL,MT,0.02,,,,,,,,,,,,,,,,,,,,,,,,,,,,,,,,,,,,,,,,,,,,,,,,,,,,,
HOLE_038,Jerimum de Cima,102861,73.00,75.00,2.00,dID,SIL,MT,0.02,,,,,,,,,,,,,,,,,,,,,,,,,,,,,,,,,,,,,,,,,,,,,,,,,,,,,
HOLE_038,Jerimum de Cima,102862,75.00,77.00,2.00,dID,SIL,MT,0.05,,,,,,,,,,,,,,,,,,,,,,,,,,,,,,,,,,,,,,,,,,,,,,,,,,,,,
HOLE_038,Jerimum de Cima,102863,77.00,79.00,2.00,dID,SIL,MT,0.16,,,,,,,,,,,,,,,,,,,,,,,,,,,,,,,,,,,,,,,,,,,,,,,,,,,,,
HOLE_038,Jerimum de Cima,102864,79.00,80.30,1.30,dID,SIL,MT,0.01,,,,,,,,,,,,,,,,,,,,,,,,,,,,,,,,,,,,,,,,,,,,,,,,,,,,,
HOLE_038,Jerimum de Cima,102865,80.30,81.00,0.70,dID,HM,MT,0.01,,,,,,,,,,,,,,,,,,,,,,,,,,,,,,,,,,,,,,,,,,,,,,,,,,,,,
HOLE_038,Jerimum de Cima,102866,81.00,81.60,0.60,dID,HM,MT,0.00,,,,,,,,,,,,,,,,,,,,,,,,,,,,,,,,,,,,,,,,,,,,,,,,,,,,,
HOLE_038,Jerimum de Cima,102867,81.60,83.00,1.40,dID,HM,MT,0.00,,,,,,,,,,,,,,,,,,,,,,,,,,,,,,,,,,,,,,,,,,,,,,,,,,,,,
HOLE_038,Jerimum de Cima,102868,83.00,84.90,1.90,dID,HM,MT,0.00,,,,,,,,,,,,,,,,,,,,,,,,,,,,,,,,,,,,,,,,,,,,,,,,,,,,,
HOLE_038,Jerimum de Cima,102869,84.90,86.00,1.10,dID,HM,MT,0.00,,,,,,,,,,,,,,,,,,,,,,,,,,,,,,,,,,,,,,,,,,,,,,,,,,,,,
HOLE_038,Jerimum de Cima,102870,86.00,88.00,2.00,dID,HM,MT,0.00,,,,,,,,,,,,,,,,,,,,,,,,,,,,,,,,,,,,,,,,,,,,,,,,,,,,,
HOLE_038,Jerimum de Cima,102871,88.00,88.75,0.75,dID,HM,MT,0.00,,,,,,,,,,,,,,,,,,,,,,,,,,,,,,,,,,,,,,,,,,,,,,,,,,,,,
HOLE_038,Jerimum de Cima,102872,88.75,90.60,1.85,dID,HM,MT,0.00,,,,,,,,,,,,,,,,,,,,,,,,,,,,,,,,,,,,,,,,,,,,,,,,,,,,,
HOLE_038,Jerimum de Cima,102873,90.60,92.55,1.95,dID,HM,MT,0.02,,,,,,,,,,,,,,,,,,,,,,,,,,,,,,,,,,,,,,,,,,,,,,,,,,,,,
HOLE_038,Jerimum de Cima,102874,92.55,93.15,0.60,dID,HM,MT,0.01,,,,,,,,,,,,,,,,,,,,,,,,,,,,,,,,,,,,,,,,,,,,,,,,,,,,,
HOLE_038,Jerimum de Cima,102875,93.15,94.00,0.85,dID,HM,MT,0.00,,,,,,,,,,,,,,,,,,,,,,,,,,,,,,,,,,,,,,,,,,,,,,,,,,,,,
HOLE_038,Jerimum de Cima,102876,94.00,94.85,0.85,dID,HM,MT,0.00,,,,,,,,,,,,,,,,,,,,,,,,,,,,,,,,,,,,,,,,,,,,,,,,,,,,,
HOLE_038,Jerimum de Cima,102877,94.85,96.00,1.15,dID,HM,MT,0.00,,,,,,,,,,,,,,,,,,,,,,,,,,,,,,,,,,,,,,,,,,,,,,,,,,,,,
HOLE_038,Jerimum de Cima,102878,96.00,98.00,2.00,dID,HM,MT,0.00,,,,,,,,,,,,,,,,,,,,,,,,,,,,,,,,,,,,,,,,,,,,,,,,,,,,,
HOLE_038,Jerimum de Cima,102879,98.00,100.00,2.00,dID,HM,MT,0.00,,,,,,,,,,,,,,,,,,,,,,,,,,,,,,,,,,,,,,,,,,,,,,,,,,,,,
HOLE_038,Jerimum de Cima,102880,100.00,101.85,1.85,dID,HM,MT,0.00,,,,,,,,,,,,,,,,,,,,,,,,,,,,,,,,,,,,,,,,,,,,,,,,,,,,,
HOLE_038,Jerimum de Cima,102881,101.85,102.75,0.90,dID,HM,MT,0.00,,,,,,,,,,,,,,,,,,,,,,,,,,,,,,,,,,,,,,,,,,,,,,,,,,,,,
HOLE_038,Jerimum de Cima,102882,102.75,103.75,1.00,dID,HM,MT,0.00,,,,,,,,,,,,,,,,,,,,,,,,,,,,,,,,,,,,,,,,,,,,,,,,,,,,,
HOLE_038,Jerimum de Cima,102883,103.75,104.75,1.00,dID,HM,MT,0.00,,,,,,,,,,,,,,,,,,,,,,,,,,,,,,,,,,,,,,,,,,,,,,,,,,,,,
HOLE_038,Jerimum de Cima,102884,104.75,105.80,1.05,dID,HM,MT,0.00,,,,,,,,,,,,,,,,,,,,,,,,,,,,,,,,,,,,,,,,,,,,,,,,,,,,,
HOLE_038,Jerimum de Cima,102885,105.80,106.85,1.05,dID,HM,MT,0.02,,,,,,,,,,,,,,,,,,,,,,,,,,,,,,,,,,,,,,,,,,,,,,,,,,,,,
HOLE_038,Jerimum de Cima,102886,106.85,108.00,1.15,dID,HM,MT,0.00,,,,,,,,,,,,,,,,,,,,,,,,,,,,,,,,,,,,,,,,,,,,,,,,,,,,,
HOLE_038,Jerimum de Cima,102887,108.00,109.20,1.20,dID,HM,MT,0.00,,,,,,,,,,,,,,,,,,,,,,,,,,,,,,,,,,,,,,,,,,,,,,,,,,,,,
HOLE_038,Jerimum de Cima,102888,109.20,109.70,0.50,dID,HM,MT,0.00,,,,,,,,,,,,,,,,,,,,,,,,,,,,,,,,,,,,,,,,,,,,,,,,,,,,,
HOLE_038,Jerimum de Cima,102889,109.70,111.00,1.30,dID,HM,MT,0.00,,,,,,,,,,,,,,,,,,,,,,,,,,,,,,,,,,,,,,,,,,,,,,,,,,,,,
HOLE_038,Jerimum de Cima,102890,111.00,112.00,1.00,dID,HM,MT,0.05,,,,,,,,,,,,,,,,,,,,,,,,,,,,,,,,,,,,,,,,,,,,,,,,,,,,,
HOLE_038,Jerimum de Cima,102891,112.00,113.00,1.00,dID,HM,MT,0.06,,,,,,,,,,,,,,,,,,,,,,,,,,,,,,,,,,,,,,,,,,,,,,,,,,,,,
HOLE_038,Jerimum de Cima,102892,113.00,115.00,2.00,dID,HM,MT,0.07,,,,,,,,,,,,,,,,,,,,,,,,,,,,,,,,,,,,,,,,,,,,,,,,,,,,,
HOLE_038,Jerimum de Cima,102893,115.00,117.00,2.00,dID,HM,MT,0.00,,,,,,,,,,,,,,,,,,,,,,,,,,,,,,,,,,,,,,,,,,,,,,,,,,,,,
HOLE_038,Jerimum de Cima,102894,117.00,118.00,1.00,dID,HM,MT,0.00,,,,,,,,,,,,,,,,,,,,,,,,,,,,,,,,,,,,,,,,,,,,,,,,,,,,,
HOLE_038,Jerimum de Cima,102895,118.00,118.70,0.70,dID,HM,MT,0.00,,,,,,,,,,,,,,,,,,,,,,,,,,,,,,,,,,,,,,,,,,,,,,,,,,,,,
HOLE_038,Jerimum de Cima,102896,118.70,120.00,1.30,dID,HM,MT,0.00,,,,,,,,,,,,,,,,,,,,,,,,,,,,,,,,,,,,,,,,,,,,,,,,,,,,,
HOLE_038,Jerimum de Cima,102897,120.00,121.00,1.00,dID,HM,MT,0.00,,,,,,,,,,,,,,,,,,,,,,,,,,,,,,,,,,,,,,,,,,,,,,,,,,,,,
HOLE_038,Jerimum de Cima,102898,121.00,122.00,1.00,dID,HM,MT,0.00,,,,,,,,,,,,,,,,,,,,,,,,,,,,,,,,,,,,,,,,,,,,,,,,,,,,,
HOLE_038,Jerimum de Cima,102899,122.00,124.00,2.00,dID,HM,MT,0.00,,,,,,,,,,,,,,,,,,,,,,,,,,,,,,,,,,,,,,,,,,,,,,,,,,,,,
HOLE_038,Jerimum de Cima,102900,124.00,126.00,2.00,dID,HM,MT,0.00,,,,,,,,,,,,,,,,,,,,,,,,,,,,,,,,,,,,,,,,,,,,,,,,,,,,,
HOLE_038,Jerimum de Cima,102901,126.00,128.00,2.00,dID,HM,MT,0.00,,,,,,,,,,,,,,,,,,,,,,,,,,,,,,,,,,,,,,,,,,,,,,,,,,,,,
HOLE_038,Jerimum de Cima,102902,128.00,130.00,2.00,dID,HM,MT,0.00,,,,,,,,,,,,,,,,,,,,,,,,,,,,,,,,,,,,,,,,,,,,,,,,,,,,,
HOLE_038,Jerimum de Cima,102903,130.00,131.80,1.80,dID,HM,MT,0.00,,,,,,,,,,,,,,,,,,,,,,,,,,,,,,,,,,,,,,,,,,,,,,,,,,,,,
HOLE_038,Jerimum de Cima,102904,131.80,133.50,1.70,dID,HM,MT,0.00,,,,,,,,,,,,,,,,,,,,,,,,,,,,,,,,,,,,,,,,,,,,,,,,,,,,,
HOLE_038,Jerimum de Cima,102905,133.50,135.00,1.50,dID,HM,MT,0.00,,,,,,,,,,,,,,,,,,,,,,,,,,,,,,,,,,,,,,,,,,,,,,,,,,,,,
HOLE_038,Jerimum de Cima,102906,135.00,137.00,2.00,dID,HM,MT,0.00,,,,,,,,,,,,,,,,,,,,,,,,,,,,,,,,,,,,,,,,,,,,,,,,,,,,,
HOLE_038,Jerimum de Cima,102907,137.00,139.00,2.00,dID,HM,MT,0.01,,,,,,,,,,,,,,,,,,,,,,,,,,,,,,,,,,,,,,,,,,,,,,,,,,,,,
HOLE_038,Jerimum de Cima,102908,139.00,140.35,1.35,dID,HM,MT,0.00,,,,,,,,,,,,,,,,,,,,,,,,,,,,,,,,,,,,,,,,,,,,,,,,,,,,,
HOLE_038,Jerimum de Cima,102909,140.35,140.85,0.50,dID,HM,MT,0.00,,,,,,,,,,,,,,,,,,,,,,,,,,,,,,,,,,,,,,,,,,,,,,,,,,,,,
HOLE_038,Jerimum de Cima,102910,140.85,142.00,1.15,dID,HM,MT,0.00,,,,,,,,,,,,,,,,,,,,,,,,,,,,,,,,,,,,,,,,,,,,,,,,,,,,,
HOLE_038,Jerimum de Cima,102911,142.00,143.00,1.00,dID,HM,MT,0.01,,,,,,,,,,,,,,,,,,,,,,,,,,,,,,,,,,,,,,,,,,,,,,,,,,,,,
HOLE_038,Jerimum de Cima,102912,143.00,144.00,1.00,dID,HM,MT,0.00,,,,,,,,,,,,,,,,,,,,,,,,,,,,,,,,,,,,,,,,,,,,,,,,,,,,,
HOLE_038,Jerimum de Cima,102913,144.00,146.00,2.00,dID,HM,MT,0.00,,,,,,,,,,,,,,,,,,,,,,,,,,,,,,,,,,,,,,,,,,,,,,,,,,,,,
HOLE_038,Jerimum de Cima,102914,146.00,147.20,1.20,dID,HM,MT,0.01,,,,,,,,,,,,,,,,,,,,,,,,,,,,,,,,,,,,,,,,,,,,,,,,,,,,,
HOLE_038,Jerimum de Cima,102915,147.20,148.40,1.20,dID,HM,MT,0.00,,,,,,,,,,,,,,,,,,,,,,,,,,,,,,,,,,,,,,,,,,,,,,,,,,,,,
HOLE_038,Jerimum de Cima,102916,148.40,149.35,0.95,dID,HM,MT,0.00,,,,,,,,,,,,,,,,,,,,,,,,,,,,,,,,,,,,,,,,,,,,,,,,,,,,,
HOLE_038,Jerimum de Cima,102917,149.35,150.85,1.50,dID,HM,MT,0.00,,,,,,,,,,,,,,,,,,,,,,,,,,,,,,,,,,,,,,,,,,,,,,,,,,,,,
HOLE_038,Jerimum de Cima,102918,150.85,152.30,1.45,dID,HM,MT,0.00,,,,,,,,,,,,,,,,,,,,,,,,,,,,,,,,,,,,,,,,,,,,,,,,,,,,,
HOLE_038,Jerimum de Cima,102919,152.30,153.75,1.45,dID,HM,MT,0.00,,,,,,,,,,,,,,,,,,,,,,,,,,,,,,,,,,,,,,,,,,,,,,,,,,,,,
HOLE_038,Jerimum de Cima,102920,153.75,155.20,1.45,dID,HM,MT,0.00,,,,,,,,,,,,,,,,,,,,,,,,,,,,,,,,,,,,,,,,,,,,,,,,,,,,,
HOLE_038,Jerimum de Cima,102921,155.20,156.20,1.00,dID,HM,MT,0.00,,,,,,,,,,,,,,,,,,,,,,,,,,,,,,,,,,,,,,,,,,,,,,,,,,,,,
HOLE_038,Jerimum de Cima,102922,156.20,157.20,1.00,dID,HM,MT,0.03,,,,,,,,,,,,,,,,,,,,,,,,,,,,,,,,,,,,,,,,,,,,,,,,,,,,,
HOLE_038,Jerimum de Cima,102923,157.20,158.60,1.40,dID,HM,MT,0.00,,,,,,,,,,,,,,,,,,,,,,,,,,,,,,,,,,,,,,,,,,,,,,,,,,,,,
HOLE_038,Jerimum de Cima,102924,158.60,160.00,1.40,dID,HM,MT,0.00,,,,,,,,,,,,,,,,,,,,,,,,,,,,,,,,,,,,,,,,,,,,,,,,,,,,,
HOLE_038,Jerimum de Cima,102925,160.00,161.45,1.45,dID,HM,MT,0.00,,,,,,,,,,,,,,,,,,,,,,,,,,,,,,,,,,,,,,,,,,,,,,,,,,,,,
HOLE_038,Jerimum de Cima,102926,161.45,163.00,1.55,dID,HM,MT,0.03,,,,,,,,,,,,,,,,,,,,,,,,,,,,,,,,,,,,,,,,,,,,,,,,,,,,,
HOLE_038,Jerimum de Cima,102927,163.00,164.00,1.00,dID,HM,MT,0.00,,,,,,,,,,,,,,,,,,,,,,,,,,,,,,,,,,,,,,,,,,,,,,,,,,,,,
HOLE_038,Jerimum de Cima,102928,164.00,165.00,1.00,dID,HM,MT,0.00,,,,,,,,,,,,,,,,,,,,,,,,,,,,,,,,,,,,,,,,,,,,,,,,,,,,,
HOLE_038,Jerimum de Cima,102929,165.00,166.00,1.00,dID,HM,MT,0.06,,,,,,,,,,,,,,,,,,,,,,,,,,,,,,,,,,,,,,,,,,,,,,,,,,,,,
HOLE_038,Jerimum de Cima,102930,166.00,167.30,1.30,dID,HM,MT,0.01,,,,,,,,,,,,,,,,,,,,,,,,,,,,,,,,,,,,,,,,,,,,,,,,,,,,,
HOLE_038,Jerimum de Cima,102931,167.30,169.10,1.80,dID,HM,MT,0.00,,,,,,,,,,,,,,,,,,,,,,,,,,,,,,,,,,,,,,,,,,,,,,,,,,,,,
HOLE_038,Jerimum de Cima,102932,169.10,170.90,1.80,dID,HM,MT,0.00,,,,,,,,,,,,,,,,,,,,,,,,,,,,,,,,,,,,,,,,,,,,,,,,,,,,,
HOLE_038,Jerimum de Cima,102933,170.90,172.70,1.80,dID,HM,MT,0.00,,,,,,,,,,,,,,,,,,,,,,,,,,,,,,,,,,,,,,,,,,,,,,,,,,,,,
HOLE_038,Jerimum de Cima,102934,172.70,173.40,0.70,dID,HM,MT,0.74,,,,,,,,,,,,,,,,,,,,,,,,,,,,,,,,,,,,,,,,,,,,,,,,,,,,,
HOLE_038,Jerimum de Cima,102935,173.40,175.20,1.80,dID,HM,MT,0.02,,,,,,,,,,,,,,,,,,,,,,,,,,,,,,,,,,,,,,,,,,,,,,,,,,,,,
HOLE_038,Jerimum de Cima,102936,175.20,177.00,1.80,dID,HM,MT,0.00,,,,,,,,,,,,,,,,,,,,,,,,,,,,,,,,,,,,,,,,,,,,,,,,,,,,,
HOLE_038,Jerimum de Cima,102937,177.00,178.80,1.80,dID,HM,MT,0.00,,,,,,,,,,,,,,,,,,,,,,,,,,,,,,,,,,,,,,,,,,,,,,,,,,,,,
HOLE_038,Jerimum de Cima,102938,178.80,180.55,1.75,dID,HM,MT,0.00,,,,,,,,,,,,,,,,,,,,,,,,,,,,,,,,,,,,,,,,,,,,,,,,,,,,,
HOLE_038,Jerimum de Cima,102939,180.55,181.85,1.30,dID,HM,MT,0.00,,,,,,,,,,,,,,,,,,,,,,,,,,,,,,,,,,,,,,,,,,,,,,,,,,,,,
HOLE_038,Jerimum de Cima,102940,181.85,183.00,1.15,dID,HM,MT,0.00,,,,,,,,,,,,,,,,,,,,,,,,,,,,,,,,,,,,,,,,,,,,,,,,,,,,,
HOLE_038,Jerimum de Cima,102941,183.00,185.00,2.00,dID,HM,MT,0.00,,,,,,,,,,,,,,,,,,,,,,,,,,,,,,,,,,,,,,,,,,,,,,,,,,,,,
HOLE_038,Jerimum de Cima,102942,185.00,186.60,1.60,dID,HM,MT,0.00,,,,,,,,,,,,,,,,,,,,,,,,,,,,,,,,,,,,,,,,,,,,,,,,,,,,,
HOLE_038,Jerimum de Cima,102943,186.60,187.90,1.30,dID,HM,MT,0.01,,,,,,,,,,,,,,,,,,,,,,,,,,,,,,,,,,,,,,,,,,,,,,,,,,,,,
HOLE_038,Jerimum de Cima,102944,187.90,189.00,1.10,dID,HM,MT,0.00,,,,,,,,,,,,,,,,,,,,,,,,,,,,,,,,,,,,,,,,,,,,,,,,,,,,,
HOLE_038,Jerimum de Cima,102945,189.00,190.50,1.50,dID,HM,MT,0.00,,,,,,,,,,,,,,,,,,,,,,,,,,,,,,,,,,,,,,,,,,,,,,,,,,,,,
HOLE_038,Jerimum de Cima,102946,190.50,192.00,1.50,dID,HM,MT,0.00,,,,,,,,,,,,,,,,,,,,,,,,,,,,,,,,,,,,,,,,,,,,,,,,,,,,,
HOLE_038,Jerimum de Cima,102947,192.00,192.85,0.85,dID,HM,MT,0.00,,,,,,,,,,,,,,,,,,,,,,,,,,,,,,,,,,,,,,,,,,,,,,,,,,,,,
HOLE_038,Jerimum de Cima,102948,192.85,194.55,1.70,dID,HM,MT,0.00,,,,,,,,,,,,,,,,,,,,,,,,,,,,,,,,,,,,,,,,,,,,,,,,,,,,,
HOLE_038,Jerimum de Cima,102949,194.55,196.10,1.55,dID,HM,MT,0.00,,,,,,,,,,,,,,,,,,,,,,,,,,,,,,,,,,,,,,,,,,,,,,,,,,,,,
HOLE_038,Jerimum de Cima,102950,196.10,198.00,1.90,dID,HM,FR,0.00,,,,,,,,,,,,,,,,,,,,,,,,,,,,,,,,,,,,,,,,,,,,,,,,,,,,,
HOLE_038,Jerimum de Cima,102951,198.00,200.00,2.00,dID,HM,FR,0.00,,,,,,,,,,,,,,,,,,,,,,,,,,,,,,,,,,,,,,,,,,,,,,,,,,,,,
HOLE_038,Jerimum de Cima,102952,200.00,202.00,2.00,dID,HM,FR,0.01,,,,,,,,,,,,,,,,,,,,,,,,,,,,,,,,,,,,,,,,,,,,,,,,,,,,,
HOLE_038,Jerimum de Cima,102953,202.00,204.00,2.00,dID,HM,FR,0.00,,,,,,,,,,,,,,,,,,,,,,,,,,,,,,,,,,,,,,,,,,,,,,,,,,,,,
HOLE_038,Jerimum de Cima,102954,204.00,206.00,2.00,dID,HM,FR,0.01,,,,,,,,,,,,,,,,,,,,,,,,,,,,,,,,,,,,,,,,,,,,,,,,,,,,,
HOLE_038,Jerimum de Cima,102955,206.00,207.85,1.85,dID,HM,FR,0.00,,,,,,,,,,,,,,,,,,,,,,,,,,,,,,,,,,,,,,,,,,,,,,,,,,,,,
HOLE_039,Jerimum de Cima,102956,0.00,1.00,1.00,QS,,,0.07,,,,,,,,,,,,,,,,,,,,,,,,,,,,,,,,,,,,,,,,,,,,,,,,,,,,,
HOLE_039,Jerimum de Cima,102957,1.00,2.00,1.00,QS,,,0.08,,,,,,,,,,,,,,,,,,,,,,,,,,,,,,,,,,,,,,,,,,,,,,,,,,,,,
HOLE_039,Jerimum de Cima,102958,2.00,3.00,1.00,QS,,,0.07,,,,,,,,,,,,,,,,,,,,,,,,,,,,,,,,,,,,,,,,,,,,,,,,,,,,,
HOLE_039,Jerimum de Cima,102959,3.00,4.00,1.00,QS,,,0.10,,,,,,,,,,,,,,,,,,,,,,,,,,,,,,,,,,,,,,,,,,,,,,,,,,,,,
HOLE_039,Jerimum de Cima,102960,4.00,5.15,1.15,QS,,,0.06,,,,,,,,,,,,,,,,,,,,,,,,,,,,,,,,,,,,,,,,,,,,,,,,,,,,,
HOLE_039,Jerimum de Cima,102961,5.15,6.30,1.15,QS,,,0.10,,,,,,,,,,,,,,,,,,,,,,,,,,,,,,,,,,,,,,,,,,,,,,,,,,,,,
HOLE_039,Jerimum de Cima,102962,6.30,7.55,1.25,QS,,,0.11,,,,,,,,,,,,,,,,,,,,,,,,,,,,,,,,,,,,,,,,,,,,,,,,,,,,,
HOLE_039,Jerimum de Cima,102963,7.55,8.75,1.20,QCOL,,,0.15,,,,,,,,,,,,,,,,,,,,,,,,,,,,,,,,,,,,,,,,,,,,,,,,,,,,,
HOLE_039,Jerimum de Cima,102964,8.75,10.00,1.25,QCOL,,,0.10,,,,,,,,,,,,,,,,,,,,,,,,,,,,,,,,,,,,,,,,,,,,,,,,,,,,,
HOLE_039,Jerimum de Cima,102965,10.00,11.10,1.10,QAL,,,0.07,,,,,,,,,,,,,,,,,,,,,,,,,,,,,,,,,,,,,,,,,,,,,,,,,,,,,
HOLE_039,Jerimum de Cima,102966,11.10,12.20,1.10,QAL,,,0.06,,,,,,,,,,,,,,,,,,,,,,,,,,,,,,,,,,,,,,,,,,,,,,,,,,,,,
HOLE_039,Jerimum de Cima,102967,12.20,13.35,1.15,QAL,,,0.02,,,,,,,,,,,,,,,,,,,,,,,,,,,,,,,,,,,,,,,,,,,,,,,,,,,,,
HOLE_039,Jerimum de Cima,102968,13.35,14.50,1.15,QAL,,,0.00,,,,,,,,,,,,,,,,,,,,,,,,,,,,,,,,,,,,,,,,,,,,,,,,,,,,,
HOLE_039,Jerimum de Cima,102969,14.50,15.70,1.20,QAL,,,0.01,,,,,,,,,,,,,,,,,,,,,,,,,,,,,,,,,,,,,,,,,,,,,,,,,,,,,
HOLE_039,Jerimum de Cima,102970,15.70,16.90,1.20,QAL,,,0.00,,,,,,,,,,,,,,,,,,,,,,,,,,,,,,,,,,,,,,,,,,,,,,,,,,,,,
HOLE_039,Jerimum de Cima,102971,16.90,18.10,1.20,QAL,,,0.00,,,,,,,,,,,,,,,,,,,,,,,,,,,,,,,,,,,,,,,,,,,,,,,,,,,,,
HOLE_039,Jerimum de Cima,102972,18.10,19.20,1.10,QAL,,,0.01,,,,,,,,,,,,,,,,,,,,,,,,,,,,,,,,,,,,,,,,,,,,,,,,,,,,,
HOLE_039,Jerimum de Cima,102973,19.20,20.60,1.40,QAR,,,0.04,,,,,,,,,,,,,,,,,,,,,,,,,,,,,,,,,,,,,,,,,,,,,,,,,,,,,
HOLE_039,Jerimum de Cima,102974,20.60,22.00,1.40,QAR,,,0.05,,,,,,,,,,,,,,,,,,,,,,,,,,,,,,,,,,,,,,,,,,,,,,,,,,,,,
HOLE_039,Jerimum de Cima,102975,22.00,23.55,1.55,QAL,,,0.03,,,,,,,,,,,,,,,,,,,,,,,,,,,,,,,,,,,,,,,,,,,,,,,,,,,,,
HOLE_039,Jerimum de Cima,102976,23.55,24.60,1.05,SAP,SAP,MT,0.04,,,,,,,,,,,,,,,,,,,,,,,,,,,,,,,,,,,,,,,,,,,,,,,,,,,,,
HOLE_039,Jerimum de Cima,102977,24.60,25.50,0.90,SAP,SAP,MT,0.00,,,,,,,,,,,,,,,,,,,,,,,,,,,,,,,,,,,,,,,,,,,,,,,,,,,,,
HOLE_039,Jerimum de Cima,102978,25.50,26.50,1.00,SAP,SAP,MT,0.03,,,,,,,,,,,,,,,,,,,,,,,,,,,,,,,,,,,,,,,,,,,,,,,,,,,,,
HOLE_039,Jerimum de Cima,102979,26.50,27.50,1.00,SAP,SAP,MT,0.03,,,,,,,,,,,,,,,,,,,,,,,,,,,,,,,,,,,,,,,,,,,,,,,,,,,,,
HOLE_039,Jerimum de Cima,102980,27.50,28.50,1.00,SAP,SAP,MT,0.01,,,,,,,,,,,,,,,,,,,,,,,,,,,,,,,,,,,,,,,,,,,,,,,,,,,,,
HOLE_039,Jerimum de Cima,102981,28.50,29.75,1.25,SAP,SAP,MT,0.00,,,,,,,,,,,,,,,,,,,,,,,,,,,,,,,,,,,,,,,,,,,,,,,,,,,,,
HOLE_039,Jerimum de Cima,102982,29.75,31.00,1.25,SAP,SAP,MT,0.01,,,,,,,,,,,,,,,,,,,,,,,,,,,,,,,,,,,,,,,,,,,,,,,,,,,,,
HOLE_039,Jerimum de Cima,102983,31.00,32.00,1.00,SAP,SAP,MT,0.01,,,,,,,,,,,,,,,,,,,,,,,,,,,,,,,,,,,,,,,,,,,,,,,,,,,,,
HOLE_039,Jerimum de Cima,102984,32.00,33.00,1.00,SAP,SAP,MT,0.00,,,,,,,,,,,,,,,,,,,,,,,,,,,,,,,,,,,,,,,,,,,,,,,,,,,,,
HOLE_039,Jerimum de Cima,102985,33.00,34.00,1.00,SAP,SAP,MT,0.00,,,,,,,,,,,,,,,,,,,,,,,,,,,,,,,,,,,,,,,,,,,,,,,,,,,,,
HOLE_039,Jerimum de Cima,102986,34.00,35.00,1.00,SAP,SAP,MT,0.00,,,,,,,,,,,,,,,,,,,,,,,,,,,,,,,,,,,,,,,,,,,,,,,,,,,,,
HOLE_039,Jerimum de Cima,102987,35.00,36.00,1.00,SAP,SAP,MT,0.01,,,,,,,,,,,,,,,,,,,,,,,,,,,,,,,,,,,,,,,,,,,,,,,,,,,,,
HOLE_039,Jerimum de Cima,102988,36.00,37.00,1.00,SAP,SAP,MT,0.02,,,,,,,,,,,,,,,,,,,,,,,,,,,,,,,,,,,,,,,,,,,,,,,,,,,,,
HOLE_039,Jerimum de Cima,102989,37.00,38.00,1.00,SAP,SAP,MT,0.01,,,,,,,,,,,,,,,,,,,,,,,,,,,,,,,,,,,,,,,,,,,,,,,,,,,,,
HOLE_039,Jerimum de Cima,102990,38.00,39.00,1.00,SAP,SAP,MT,0.01,,,,,,,,,,,,,,,,,,,,,,,,,,,,,,,,,,,,,,,,,,,,,,,,,,,,,
HOLE_039,Jerimum de Cima,102991,39.00,40.00,1.00,SAP,SAP,MT,0.00,,,,,,,,,,,,,,,,,,,,,,,,,,,,,,,,,,,,,,,,,,,,,,,,,,,,,
HOLE_039,Jerimum de Cima,102992,40.00,41.00,1.00,SAP,SAP,MT,0.00,,,,,,,,,,,,,,,,,,,,,,,,,,,,,,,,,,,,,,,,,,,,,,,,,,,,,
HOLE_039,Jerimum de Cima,102993,41.00,42.20,1.20,SAP,SAP,MT,0.00,,,,,,,,,,,,,,,,,,,,,,,,,,,,,,,,,,,,,,,,,,,,,,,,,,,,,
HOLE_039,Jerimum de Cima,102994,42.20,43.40,1.20,SAP,SAP,MT,0.35,,,,,,,,,,,,,,,,,,,,,,,,,,,,,,,,,,,,,,,,,,,,,,,,,,,,,
HOLE_039,Jerimum de Cima,102995,43.40,44.55,1.15,SAP,SAP,MT,0.11,,,,,,,,,,,,,,,,,,,,,,,,,,,,,,,,,,,,,,,,,,,,,,,,,,,,,
HOLE_039,Jerimum de Cima,102996,44.55,45.10,0.55,SAP,SAP,MT,0.45,,,,,,,,,,,,,,,,,,,,,,,,,,,,,,,,,,,,,,,,,,,,,,,,,,,,,
HOLE_039,Jerimum de Cima,102997,45.10,46.00,0.90,SAP,SAP,MT,0.03,,,,,,,,,,,,,,,,,,,,,,,,,,,,,,,,,,,,,,,,,,,,,,,,,,,,,
HOLE_039,Jerimum de Cima,102998,46.00,47.00,1.00,SAP,SAP,MT,0.00,,,,,,,,,,,,,,,,,,,,,,,,,,,,,,,,,,,,,,,,,,,,,,,,,,,,,
HOLE_039,Jerimum de Cima,102999,47.00,48.00,1.00,SAP,SAP,MT,0.01,,,,,,,,,,,,,,,,,,,,,,,,,,,,,,,,,,,,,,,,,,,,,,,,,,,,,
HOLE_039,Jerimum de Cima,103000,48.00,49.00,1.00,SAP,SAP,MT,0.00,,,,,,,,,,,,,,,,,,,,,,,,,,,,,,,,,,,,,,,,,,,,,,,,,,,,,
HOLE_039,Jerimum de Cima,103001,49.00,50.00,1.00,SAP,SAP,MT,0.00,,,,,,,,,,,,,,,,,,,,,,,,,,,,,,,,,,,,,,,,,,,,,,,,,,,,,
HOLE_039,Jerimum de Cima,103002,50.00,51.00,1.00,SAP,SAP,MT,0.00,,,,,,,,,,,,,,,,,,,,,,,,,,,,,,,,,,,,,,,,,,,,,,,,,,,,,
HOLE_039,Jerimum de Cima,103003,51.00,52.10,1.10,SAP,SAP,MT,0.00,,,,,,,,,,,,,,,,,,,,,,,,,,,,,,,,,,,,,,,,,,,,,,,,,,,,,
HOLE_039,Jerimum de Cima,103004,52.10,53.20,1.10,SAP,SAP,MT,0.00,,,,,,,,,,,,,,,,,,,,,,,,,,,,,,,,,,,,,,,,,,,,,,,,,,,,,
HOLE_039,Jerimum de Cima,103005,53.20,54.30,1.10,SAP,SAP,MT,0.00,,,,,,,,,,,,,,,,,,,,,,,,,,,,,,,,,,,,,,,,,,,,,,,,,,,,,
HOLE_039,Jerimum de Cima,103006,54.30,55.40,1.10,SAP,SAP,MT,0.03,,,,,,,,,,,,,,,,,,,,,,,,,,,,,,,,,,,,,,,,,,,,,,,,,,,,,
HOLE_039,Jerimum de Cima,103007,55.40,56.50,1.10,SAP,SAP,MT,0.00,,,,,,,,,,,,,,,,,,,,,,,,,,,,,,,,,,,,,,,,,,,,,,,,,,,,,
HOLE_039,Jerimum de Cima,103008,56.50,57.60,1.10,SAP,SAP,MT,0.00,,,,,,,,,,,,,,,,,,,,,,,,,,,,,,,,,,,,,,,,,,,,,,,,,,,,,
HOLE_039,Jerimum de Cima,103009,57.60,59.30,1.70,dID,EPI,FR,0.00,,,,,,,,,,,,,,,,,,,,,,,,,,,,,,,,,,,,,,,,,,,,,,,,,,,,,
HOLE_039,Jerimum de Cima,103010,59.30,61.00,1.70,dID,EPI,FR,0.00,,,,,,,,,,,,,,,,,,,,,,,,,,,,,,,,,,,,,,,,,,,,,,,,,,,,,
HOLE_039,Jerimum de Cima,103011,61.00,62.70,1.70,dID,EPI,FR,0.00,,,,,,,,,,,,,,,,,,,,,,,,,,,,,,,,,,,,,,,,,,,,,,,,,,,,,
HOLE_039,Jerimum de Cima,103012,62.70,64.00,1.30,dID,EPI,FR,0.00,,,,,,,,,,,,,,,,,,,,,,,,,,,,,,,,,,,,,,,,,,,,,,,,,,,,,
HOLE_039,Jerimum de Cima,103013,64.00,65.60,1.60,dID,EPI,FR,0.00,,,,,,,,,,,,,,,,,,,,,,,,,,,,,,,,,,,,,,,,,,,,,,,,,,,,,
HOLE_039,Jerimum de Cima,103014,65.60,67.20,1.60,dID,EPI,FR,0.00,,,,,,,,,,,,,,,,,,,,,,,,,,,,,,,,,,,,,,,,,,,,,,,,,,,,,
HOLE_039,Jerimum de Cima,103015,67.20,68.80,1.60,dID,EPI,FR,0.00,,,,,,,,,,,,,,,,,,,,,,,,,,,,,,,,,,,,,,,,,,,,,,,,,,,,,
HOLE_039,Jerimum de Cima,103016,68.80,70.60,1.80,dID,EPI,FR,0.00,,,,,,,,,,,,,,,,,,,,,,,,,,,,,,,,,,,,,,,,,,,,,,,,,,,,,
HOLE_039,Jerimum de Cima,103017,70.60,71.10,0.50,dID,EPI,FR,0.03,,,,,,,,,,,,,,,,,,,,,,,,,,,,,,,,,,,,,,,,,,,,,,,,,,,,,
HOLE_039,Jerimum de Cima,103018,71.10,73.10,2.00,dID,EPI,FR,0.00,,,,,,,,,,,,,,,,,,,,,,,,,,,,,,,,,,,,,,,,,,,,,,,,,,,,,
HOLE_039,Jerimum de Cima,103019,73.10,73.70,0.60,dID,EPI,FR,0.13,,,,,,,,,,,,,,,,,,,,,,,,,,,,,,,,,,,,,,,,,,,,,,,,,,,,,
HOLE_039,Jerimum de Cima,103020,73.70,75.10,1.40,dID,EPI,FR,0.05,,,,,,,,,,,,,,,,,,,,,,,,,,,,,,,,,,,,,,,,,,,,,,,,,,,,,
HOLE_039,Jerimum de Cima,103021,75.10,76.45,1.35,dID,EPI,FR,0.00,,,,,,,,,,,,,,,,,,,,,,,,,,,,,,,,,,,,,,,,,,,,,,,,,,,,,
HOLE_039,Jerimum de Cima,103022,76.45,77.30,0.85,dID,EPI,FR,0.02,,,,,,,,,,,,,,,,,,,,,,,,,,,,,,,,,,,,,,,,,,,,,,,,,,,,,
HOLE_039,Jerimum de Cima,103023,77.30,78.65,1.35,dID,EPI,FR,0.00,,,,,,,,,,,,,,,,,,,,,,,,,,,,,,,,,,,,,,,,,,,,,,,,,,,,,
HOLE_039,Jerimum de Cima,103024,78.65,80.00,1.35,dID,EPI,FR,0.00,,,,,,,,,,,,,,,,,,,,,,,,,,,,,,,,,,,,,,,,,,,,,,,,,,,,,
HOLE_039,Jerimum de Cima,103025,80.00,82.00,2.00,dID,EPI,FR,0.02,,,,,,,,,,,,,,,,,,,,,,,,,,,,,,,,,,,,,,,,,,,,,,,,,,,,,
HOLE_039,Jerimum de Cima,103026,82.00,84.00,2.00,dID,EPI,FR,0.00,,,,,,,,,,,,,,,,,,,,,,,,,,,,,,,,,,,,,,,,,,,,,,,,,,,,,
HOLE_039,Jerimum de Cima,103027,84.00,84.50,0.50,dID,EPI,FR,0.63,,,,,,,,,,,,,,,,,,,,,,,,,,,,,,,,,,,,,,,,,,,,,,,,,,,,,
HOLE_039,Jerimum de Cima,103028,84.50,86.10,1.60,dID,EPI,FR,0.00,,,,,,,,,,,,,,,,,,,,,,,,,,,,,,,,,,,,,,,,,,,,,,,,,,,,,
HOLE_039,Jerimum de Cima,103029,86.10,86.60,0.50,dID,EPI,FR,0.05,,,,,,,,,,,,,,,,,,,,,,,,,,,,,,,,,,,,,,,,,,,,,,,,,,,,,
HOLE_039,Jerimum de Cima,103030,86.60,88.60,2.00,dID,EPI,FR,0.00,,,,,,,,,,,,,,,,,,,,,,,,,,,,,,,,,,,,,,,,,,,,,,,,,,,,,
HOLE_039,Jerimum de Cima,103031,88.60,90.60,2.00,dID,EPI,FR,0.00,,,,,,,,,,,,,,,,,,,,,,,,,,,,,,,,,,,,,,,,,,,,,,,,,,,,,
HOLE_039,Jerimum de Cima,103032,90.60,92.60,2.00,dID,EPI,FR,0.00,,,,,,,,,,,,,,,,,,,,,,,,,,,,,,,,,,,,,,,,,,,,,,,,,,,,,
HOLE_039,Jerimum de Cima,103033,92.60,94.35,1.75,dID,EPI,FR,0.00,,,,,,,,,,,,,,,,,,,,,,,,,,,,,,,,,,,,,,,,,,,,,,,,,,,,,
HOLE_039,Jerimum de Cima,103034,94.35,95.85,1.50,MD,CT,MT,0.00,,,,,,,,,,,,,,,,,,,,,,,,,,,,,,,,,,,,,,,,,,,,,,,,,,,,,
HOLE_039,Jerimum de Cima,103035,95.85,97.35,1.50,MD,CT,MT,0.00,,,,,,,,,,,,,,,,,,,,,,,,,,,,,,,,,,,,,,,,,,,,,,,,,,,,,
HOLE_039,Jerimum de Cima,103036,97.35,98.85,1.50,MD,CT,MT,0.00,,,,,,,,,,,,,,,,,,,,,,,,,,,,,,,,,,,,,,,,,,,,,,,,,,,,,
HOLE_039,Jerimum de Cima,103037,98.85,100.40,1.55,MD,CT,MT,0.00,,,,,,,,,,,,,,,,,,,,,,,,,,,,,,,,,,,,,,,,,,,,,,,,,,,,,
HOLE_039,Jerimum de Cima,103038,100.40,101.70,1.30,dID,HM,MT,0.00,,,,,,,,,,,,,,,,,,,,,,,,,,,,,,,,,,,,,,,,,,,,,,,,,,,,,
HOLE_039,Jerimum de Cima,103039,101.70,102.20,0.50,dID,HM,MT,0.00,,,,,,,,,,,,,,,,,,,,,,,,,,,,,,,,,,,,,,,,,,,,,,,,,,,,,
HOLE_039,Jerimum de Cima,103040,102.20,102.90,0.70,dID,HM,MT,0.00,,,,,,,,,,,,,,,,,,,,,,,,,,,,,,,,,,,,,,,,,,,,,,,,,,,,,
HOLE_039,Jerimum de Cima,103041,102.90,104.60,1.70,dID,HM,MT,0.00,,,,,,,,,,,,,,,,,,,,,,,,,,,,,,,,,,,,,,,,,,,,,,,,,,,,,
HOLE_039,Jerimum de Cima,103042,104.60,106.30,1.70,dID,HM,MT,0.05,,,,,,,,,,,,,,,,,,,,,,,,,,,,,,,,,,,,,,,,,,,,,,,,,,,,,
HOLE_039,Jerimum de Cima,103043,106.30,107.95,1.65,dID,HM,MT,0.00,,,,,,,,,,,,,,,,,,,,,,,,,,,,,,,,,,,,,,,,,,,,,,,,,,,,,
HOLE_039,Jerimum de Cima,103044,107.95,108.60,0.65,dID,HM,MT,0.00,,,,,,,,,,,,,,,,,,,,,,,,,,,,,,,,,,,,,,,,,,,,,,,,,,,,,
HOLE_039,Jerimum de Cima,103045,108.60,110.60,2.00,dID,HM,MT,0.00,,,,,,,,,,,,,,,,,,,,,,,,,,,,,,,,,,,,,,,,,,,,,,,,,,,,,
HOLE_039,Jerimum de Cima,103046,110.60,112.60,2.00,dID,HM,MT,0.03,,,,,,,,,,,,,,,,,,,,,,,,,,,,,,,,,,,,,,,,,,,,,,,,,,,,,
HOLE_039,Jerimum de Cima,103047,112.60,113.10,0.50,dID,HM,MT,0.00,,,,,,,,,,,,,,,,,,,,,,,,,,,,,,,,,,,,,,,,,,,,,,,,,,,,,
HOLE_039,Jerimum de Cima,103048,113.10,114.65,1.55,dID,HM,MT,0.00,,,,,,,,,,,,,,,,,,,,,,,,,,,,,,,,,,,,,,,,,,,,,,,,,,,,,
HOLE_039,Jerimum de Cima,103049,114.65,116.20,1.55,dID,HM,MT,0.00,,,,,,,,,,,,,,,,,,,,,,,,,,,,,,,,,,,,,,,,,,,,,,,,,,,,,
HOLE_039,Jerimum de Cima,103050,116.20,117.20,1.00,dID,HM,MT,0.00,,,,,,,,,,,,,,,,,,,,,,,,,,,,,,,,,,,,,,,,,,,,,,,,,,,,,
HOLE_039,Jerimum de Cima,103051,117.20,118.45,1.25,dID,HM,MT,0.00,,,,,,,,,,,,,,,,,,,,,,,,,,,,,,,,,,,,,,,,,,,,,,,,,,,,,
HOLE_039,Jerimum de Cima,103052,118.45,119.70,1.25,dID,HM,MT,0.00,,,,,,,,,,,,,,,,,,,,,,,,,,,,,,,,,,,,,,,,,,,,,,,,,,,,,
HOLE_039,Jerimum de Cima,103053,119.70,120.65,0.95,dID,HM,MT,0.00,,,,,,,,,,,,,,,,,,,,,,,,,,,,,,,,,,,,,,,,,,,,,,,,,,,,,
HOLE_039,Jerimum de Cima,103054,120.65,122.65,2.00,dID,HM,MT,0.00,,,,,,,,,,,,,,,,,,,,,,,,,,,,,,,,,,,,,,,,,,,,,,,,,,,,,
HOLE_039,Jerimum de Cima,103055,122.65,124.65,2.00,dID,UAL,,0.00,,,,,,,,,,,,,,,,,,,,,,,,,,,,,,,,,,,,,,,,,,,,,,,,,,,,,
HOLE_039,Jerimum de Cima,103056,124.65,125.55,0.90,dID,UAL,,0.00,,,,,,,,,,,,,,,,,,,,,,,,,,,,,,,,,,,,,,,,,,,,,,,,,,,,,
HOLE_039,Jerimum de Cima,103057,125.55,127.55,2.00,dID,UAL,,0.00,,,,,,,,,,,,,,,,,,,,,,,,,,,,,,,,,,,,,,,,,,,,,,,,,,,,,
HOLE_039,Jerimum de Cima,103058,127.55,128.25,0.70,dID,UAL,,0.01,,,,,,,,,,,,,,,,,,,,,,,,,,,,,,,,,,,,,,,,,,,,,,,,,,,,,
HOLE_039,Jerimum de Cima,103059,128.25,129.65,1.40,dID,UAL,,0.00,,,,,,,,,,,,,,,,,,,,,,,,,,,,,,,,,,,,,,,,,,,,,,,,,,,,,
HOLE_039,Jerimum de Cima,103060,129.65,131.05,1.40,dID,UAL,,0.00,,,,,,,,,,,,,,,,,,,,,,,,,,,,,,,,,,,,,,,,,,,,,,,,,,,,,
HOLE_039,Jerimum de Cima,103061,131.05,132.55,1.50,dID,UAL,,0.00,0.25,3.98,1.5,,1373,1.4,2.5,2.633,0.25,,9,5,,21,3.23,,,,,,2.27,22.5,22,,0.68,0.0562,0.5,3.43,,4,0.07,12,,,0.04,5,4.5,,5,525.9,,,,,0.34,10,,69,2.5,11,,57,126.2
HOLE_039,Jerimum de Cima,103062,132.55,133.75,1.20,dID,UAL,,0.00,0.25,7.17,1.5,,1354,1,2.5,2.809,0.25,,10,3,,14,3.5,,,,,,2.47,43.7,29,,0.93,0.0602,0.5,3.15,,3,0.09,16,,,0.1,5,9.1,,5,643.6,,,,,0.37,10,,76,2.5,18,,67,136.8
HOLE_039,Jerimum de Cima,103063,133.75,134.35,0.60,dID,UAL,,0.00,0.25,4.91,1.5,,1301,1.2,2.5,2.528,0.25,,9,5,,18,3.3,,,,,,2.32,28.5,26,,0.85,0.0634,0.5,2.91,,3,0.08,15,,,0.03,5,6.9,,5,489.4,,,,,0.37,10,,76,2.5,15.4,,63,121.1
HOLE_039,Jerimum de Cima,103064,134.35,135.75,1.40,dID,UAL,,0.00,0.25,4.36,1.5,,1192,1.3,2.5,2.744,0.25,,11,5,,19,3.48,,,,,,2.14,24.3,22,,0.89,0.0623,0.5,2.97,,2,0.09,12,,,0.06,5,6.6,,5,588.4,,,,,0.38,10,,82,2.5,15.1,,66,115.5
HOLE_039,Jerimum de Cima,103065,135.75,137.15,1.40,dID,UAL,,0.00,0.25,4.75,1.5,,1147,1.2,2.5,3.364,0.25,,13,8,,30,4.08,,,,,,2.19,30,24,,1.08,0.0707,0.5,3.18,,5,0.14,12,,,0.15,5,8.7,,5,798.3,,,,,0.41,10,,99,2.5,20.7,,77,125.4
HOLE_039,Jerimum de Cima,103066,137.15,138.60,1.45,dID,UAL,,0.00,0.25,5.92,1.5,,895,1.2,2.5,2.595,0.25,,9,4,,20,3.14,,,,,,2.29,33.4,21,,0.74,0.0547,0.5,3.38,,2,0.08,13,,,0.08,5,6.8,,5,606.9,,,,,0.33,10,,66,2.5,15.5,,54,120.6
HOLE_039,Jerimum de Cima,103067,138.60,139.75,1.15,dID,UAL,,0.00,0.25,5.65,1.5,,833,0.6,2.5,3.963,0.25,,17,6,,27,4.54,,,,,,1.36,19.6,36,,1.45,0.0848,0.5,3.06,,11,0.15,10,,,0.2,5,6.6,,5,976.2,,,,,0.44,10,,103,2.5,8.6,,92,56.6
HOLE_039,Jerimum de Cima,103068,139.75,140.85,1.10,dID,UAL,,0.00,0.25,4.91,1.5,,976,0.9,2.5,4.196,0.25,,13,4,,30,4.49,,,,,,1.44,22.1,34,,1.17,0.0867,0.5,3.73,,2,0.17,13,,,0.15,5,4.6,,5,965.8,,,,,0.42,10,,87,2.5,11.1,,100,78.7
HOLE_039,Jerimum de Cima,103069,140.85,142.80,1.95,dID,UAL,,0.00,0.25,4.86,1.5,,934,1.3,2.5,3.184,0.25,,12,5,,23,3.65,,,,,,1.93,26.6,30,,0.98,0.0686,0.5,3.4,,5,0.09,12,,,0.1,5,6.6,,5,627.3,,,,,0.39,10,,82,2.5,15.3,,71,116.1
HOLE_039,Jerimum de Cima,103070,142.80,144.70,1.90,dID,UAL,,0.00,0.25,4.25,1.5,,1139,1.2,2.5,2.94,0.25,,11,5,,16,3.6,,,,,,2.07,22,28,,0.91,0.0668,0.5,3.14,,3,0.1,12,,,0.05,5,6.2,,5,552.9,,,,,0.38,10,,80,2.5,15,,69,108.7
HOLE_039,Jerimum de Cima,103071,144.70,146.65,1.95,dID,UAL,,0.00,0.25,4.95,1.5,,835,0.7,2.5,3.374,0.25,,14,5,,24,3.87,,,,,,1.39,18.7,30,,1.24,0.0677,0.5,3.04,,9,0.12,10,,,0.14,5,6.3,,5,816.5,,,,,0.38,10,,91,2.5,7.9,,77,63.3
HOLE_039,Jerimum de Cima,103072,146.65,147.15,0.50,GSTR,SS,VN,0.18,0.25,4.76,1.5,,755,0.9,2.5,3.172,0.25,,9,2,,18,3.61,,,,,,2.34,20.5,37,,0.92,0.0703,0.5,3.03,,0.5,0.15,11,,,0.7,5,3.3,,5,478.5,,,,,0.33,10,,66,2.5,9.1,,79,90.4
HOLE_039,Jerimum de Cima,103073,147.15,148.15,1.00,GSTR,SS,VN,0.02,0.25,6.56,1.5,,915,1,2.5,3.656,0.25,,11,2,,23,4.18,,,,,,1.88,29.5,28,,1.1,0.0835,0.5,3.4,,0.5,0.16,12,,,0.15,5,6,,5,879.9,,,,,0.39,10,,77,2.5,13.6,,83,103.3
HOLE_039,Jerimum de Cima,103074,148.15,149.10,0.95,GSTR,SS,VN,0.01,0.25,4.36,1.5,,1035,1.1,2.5,1.807,0.25,,5,1,,6,2.17,,,,,,2.64,21.7,16,,0.47,0.0455,0.5,2.9,,1,0.05,13,,,0.07,5,2.6,,5,442.8,,,,,0.2,10,,36,2.5,7,,47,90.2
HOLE_039,Jerimum de Cima,103075,149.10,149.60,0.50,GSTR,SS,VN,80.51,96.6,4.45,12,,895,1.2,10,1.793,1.3,,7,9,,1079,3.67,,,,,,2.94,26.1,14,,0.48,0.0503,0.5,0.99,,1,0.06,172,,,2.77,5,3.8,,5,223.8,,,,,0.19,10,,38,11,7.8,,115,85.5
HOLE_039,Jerimum de Cima,103076,149.60,150.40,0.80,GSTR,SS,VN,0.17,0.25,5.32,1.5,,1118,0.8,2.5,4.383,1.8,,13,4,,54,4.89,,,,,,2.11,33.5,34,,1.3,0.1038,0.5,3.15,,0.5,0.21,15,,,0.37,5,4.2,,5,1077,,,,,0.44,10,,91,2.5,10.5,,194,97.8
HOLE_039,Jerimum de Cima,103077,150.40,152.00,1.60,dID,UAL,,0.01,0.25,4.63,1.5,,1345,1.2,2.5,2.561,0.25,,11,5,,21,3.38,,,,,,2.27,22.2,21,,0.86,0.0594,0.5,2.98,,3,0.09,13,,,0.02,5,5.2,,5,596.1,,,,,0.37,10,,76,2.5,13.7,,68,129.3
HOLE_039,Jerimum de Cima,103078,152.00,154.00,2.00,dID,UAL,,0.00,0.25,4.61,1.5,,1007,1.3,2.5,3.342,0.25,,13,7,,24,3.87,,,,,,1.69,23,28,,1.11,0.072,0.5,3.35,,8,0.1,12,,,0.03,5,7.2,,5,751.2,,,,,0.4,10,,90,2.5,14.2,,76,106.7
HOLE_039,Jerimum de Cima,103079,154.00,156.00,2.00,dID,UAL,,0.00,0.25,4,1.5,,1348,1.2,2.5,2.409,0.25,,8,4,,16,2.86,,,,,,2.14,20.1,23,,0.63,0.0485,0.5,3.32,,4,0.07,12,,,0.02,5,3.6,,5,614.9,,,,,0.28,10,,60,2.5,8.7,,57,101.1
HOLE_039,Jerimum de Cima,103080,156.00,156.60,0.60,dID,UAL,,0.01,0.25,4.85,1.5,,1009,1.1,2.5,3.164,0.25,,13,7,,5,3.58,,,,,,1.9,18,25,,1.16,0.0691,0.5,3.25,,8,0.09,12,,,0.03,5,6.3,,5,778,,,,,0.32,10,,89,2.5,8.5,,69,45
HOLE_039,Jerimum de Cima,103081,156.60,158.00,1.40,dID,UAL,,0.03,0.25,5.47,1.5,,1169,1.2,2.5,3.448,0.25,,15,6,,8,3.83,,,,,,2.06,21,25,,1.25,0.0733,1,3.33,,10,0.09,21,,,0.04,5,7.1,,5,889.2,,,,,0.34,10,,94,2.5,9.4,,72,42
HOLE_039,Jerimum de Cima,103082,158.00,160.00,2.00,dID,UAL,,0.00,0.25,5.5,1.5,,1132,1.2,2.5,2.763,0.25,,11,4,,14,3.21,,,,,,2.33,23.7,26,,0.94,0.0613,0.5,3.2,,6,0.07,15,,,0.02,5,6.2,,5,667.8,,,,,0.3,10,,68,2.5,10.3,,66,89.1
HOLE_039,Jerimum de Cima,103083,160.00,162.00,2.00,dID,UAL,,0.00,0.25,5.78,1.5,,1019,0.9,2.5,3.558,0.25,,15,8,,16,3.93,,,,,,1.78,22.9,24,,1.32,0.0673,0.5,3.07,,10,0.09,12,,,0.02,5,7.7,,5,941.6,,,,,0.34,10,,98,2.5,9.3,,63,36.9
HOLE_039,Jerimum de Cima,103084,162.00,163.55,1.55,dID,UAL,,0.00,0.25,5.2,1.5,,1106,1,2.5,3.52,0.25,,15,10,,16,3.96,,,,,,2.06,22.7,27,,1.35,0.0726,0.5,3.04,,10,0.1,19,,,0.01,5,7.2,,5,926.6,,,,,0.35,10,,99,2.5,9.1,,71,41.8
HOLE_039,Jerimum de Cima,103085,163.55,164.05,0.50,dID,UAL,,0.07,1.5,5.26,1.5,,1047,0.8,2.5,3.141,0.25,,16,7,,7,3.83,,,,,,2.11,17.9,40,,1.25,0.0761,16,3.3,,9,0.08,42,,,0.13,5,7.1,,5,466.8,,,,,0.31,10,,97,2.5,8.1,,85,39.4
HOLE_039,Jerimum de Cima,103086,164.05,166.00,1.95,dID,UAL,,0.00,0.25,5.05,1.5,,1043,1,2.5,3.371,0.25,,15,6,,15,3.75,,,,,,1.85,20.6,25,,1.25,0.0677,0.5,3.01,,11,0.09,13,,,0.04,5,6.8,,5,873.9,,,,,0.34,10,,97,2.5,8.3,,69,40
HOLE_039,Jerimum de Cima,103087,166.00,168.00,2.00,dID,UAL,,0.00,0.25,4.1,1.5,,1044,1,2.5,3.182,0.25,,14,7,,14,3.6,,,,,,1.99,17.6,24,,1.06,0.0681,0.5,3.2,,9,0.09,13,,,0.03,5,5.3,,5,731.3,,,,,0.34,10,,96,2.5,7.9,,66,44.4
HOLE_039,Jerimum de Cima,103088,168.00,170.00,2.00,dID,UAL,,0.00,0.25,4.12,1.5,,1156,1.3,2.5,2.791,0.25,,11,5,,30,3.45,,,,,,2.16,19.5,34,,0.81,0.0657,0.5,3.27,,6,0.09,13,,,0.06,5,5.2,,5,609,,,,,0.37,10,,79,2.5,12,,72,106.6
HOLE_039,Jerimum de Cima,103089,170.00,171.65,1.65,dID,UAL,,0.00,0.25,4.03,1.5,,1340,1.3,2.5,2.84,0.25,,13,5,,37,3.7,,,,,,2.41,27.2,25,,0.94,0.0741,0.5,2.99,,5,0.09,15,,,0.06,5,6.2,,5,574.4,,,,,0.4,10,,89,2.5,17.3,,78,125.2
HOLE_039,Jerimum de Cima,103090,171.65,172.40,0.75,dID,UAL,,0.00,0.5,4.44,1.5,,889,1.3,2.5,3.107,0.25,,15,9,,36,3.51,,,,,,1.53,16.3,42,,1.22,0.0706,0.5,3.29,,16,0.09,26,,,0.16,5,5.7,,5,666,,,,,0.33,10,,83,2.5,7.4,,104,40.2
HOLE_039,Jerimum de Cima,103091,172.40,173.40,1.00,dID,UAL,,0.01,0.25,3.76,3,,1257,1,2.5,0.764,0.25,,3,2,,10,1.33,,,,,,4.51,70.3,9,,0.24,0.0288,0.5,1.82,,3,0.02,27,,,0.08,5,2.9,,5,279.9,,,,,0.13,10,,18,2.5,12.1,,26,123.8
HOLE_039,Jerimum de Cima,103092,173.40,175.00,1.60,dID,UAL,,0.00,0.25,4.02,1.5,,1273,1.3,2.5,2.611,0.25,,11,6,,38,3.18,,,,,,2.51,22.7,31,,0.82,0.0648,2,3,,8,0.07,22,,,0.08,5,4.9,,5,576.9,,,,,0.32,10,,73,2.5,13.7,,80,92.4
HOLE_039,Jerimum de Cima,103093,175.00,177.00,2.00,dID,UAL,,0.00,0.25,4.19,1.5,,1204,1.2,2.5,2.766,0.25,,11,4,,25,3.38,,,,,,2.26,22.8,27,,0.79,0.0679,0.5,3.17,,5,0.08,18,,,0.04,5,5.6,,5,578.3,,,,,0.37,10,,81,2.5,15.4,,79,104.9
HOLE_039,Jerimum de Cima,103094,177.00,179.00,2.00,dID,UAL,,0.00,0.25,4.7,1.5,,913,1.3,2.5,2.619,0.25,,11,8,,12,3.04,,,,,,2.31,18.6,23,,0.94,0.0705,0.5,3.25,,11,0.06,18,,,0.03,5,5.4,,5,678,,,,,0.28,10,,71,2.5,7.9,,74,56.8
HOLE_039,Jerimum de Cima,103095,179.00,181.00,2.00,dID,UAL,,0.00,0.25,4.42,1.5,,1300,1.2,2.5,2.797,0.25,,12,7,,32,3.79,,,,,,2.19,26,19,,0.97,0.0699,0.5,2.86,,8,0.09,15,,,0.06,5,6.2,,5,697.7,,,,,0.38,10,,86,2.5,14.6,,78,103.9
HOLE_039,Jerimum de Cima,103096,181.00,183.00,2.00,dID,UAL,,0.00,0.25,5.05,1.5,,1350,1.2,2.5,3.179,0.25,,12,7,,40,4.11,,,,,,2.24,30.3,25,,1.04,0.0749,0.5,3.1,,5,0.1,15,,,0.08,5,7.6,,5,709.1,,,,,0.44,10,,96,2.5,19.3,,82,120.3
HOLE_039,Jerimum de Cima,103097,183.00,184.30,1.30,dID,UAL,,0.01,1.3,4.9,1.5,,1401,1.2,2.5,2.87,0.25,,13,6,,34,3.58,,,,,,2.27,32.7,24,,0.91,0.0658,0.5,2.96,,5,0.09,22,,,0.26,5,6.9,,5,623.3,,,,,0.39,10,,83,2.5,21.3,,73,125
HOLE_039,Jerimum de Cima,103098,184.30,185.60,1.30,dID,UAL,,0.00,0.25,4.73,1.5,,1267,1.3,2.5,2.417,0.25,,11,6,,40,3.51,,,,,,2.27,30.3,28,,0.95,0.0658,0.5,2.84,,3,0.09,15,,,0.09,5,6.7,,5,569.2,,,,,0.38,10,,80,2.5,20.2,,74,108.5
HOLE_039,Jerimum de Cima,103099,185.60,186.10,0.50,GSTR,SS QV,VN,0.16,0.25,5.15,4,,1038,1.1,2.5,2.818,0.25,,4,2,,105,3.5,,,,,,3.05,30.3,58,,0.94,0.0715,0.5,2.07,,3,0.09,13,,,0.49,5,6.7,,5,278.5,,,,,0.36,10,,83,2.5,15.3,,57,129.1
HOLE_039,Jerimum de Cima,103100,186.10,187.10,1.00,GSTR,SS QV,VN,0.00,0.25,5.01,1.5,,1175,1,2.5,2.94,0.25,,13,7,,14,3.41,,,,,,2.18,20.2,32,,1.14,0.0665,0.5,3,,12,0.08,11,,,0.06,5,6.6,,5,680.7,,,,,0.32,10,,84,2.5,9.9,,67,52
HOLE_039,Jerimum de Cima,103101,187.10,188.75,1.65,GSTR,SS QV,VN,0.01,0.25,5.09,1.5,,1382,1.1,2.5,2.662,0.25,,12,7,,15,3.58,,,,,,2.77,24.9,23,,1.11,0.0715,0.5,3.22,,10,0.08,17,,,0.05,5,6.7,,5,715.8,,,,,0.36,10,,83,2.5,13.3,,74,95.2
HOLE_039,Jerimum de Cima,103102,188.75,189.25,0.50,GSTR,SS QV,VN,0.02,0.25,8.58,3,,1102,1.1,2.5,1.84,0.25,,12,17,,9,3.68,,,,,,2.06,49.5,35,,1.08,0.0589,0.5,4.64,,7,0.1,9,,,0.45,5,9.7,,5,473.9,,,,,0.35,10,,72,2.5,19.1,,51,131
HOLE_039,Jerimum de Cima,103103,189.25,189.75,0.50,GSTR,SS QV,VN,0.64,1.4,6.65,9,,1036,1,2.5,1.807,0.25,,11,6,,25,3.19,,,,,,3.19,38.4,38,,0.91,0.0488,0.5,2.23,,5,0.08,10,,,0.96,5,7.5,,5,178.2,,,,,0.3,10,,73,2.5,16.5,,51,114.4
HOLE_039,Jerimum de Cima,103104,189.75,190.25,0.50,GSTR,SS QV,VN,0.21,0.25,7.38,8,,1259,1.3,2.5,1.757,0.25,,12,2,,25,3.51,,,,,,3.18,46.5,45,,1.06,0.0594,0.5,2.65,,4,0.1,12,,,0.72,5,9.7,,5,269.2,,,,,0.39,10,,86,6,21.1,,56,129.4
HOLE_039,Jerimum de Cima,103105,190.25,192.00,1.75,dID,HM,MT,0.01,0.25,6.46,1.5,,1527,1.1,2.5,2.506,0.25,,11,7,,19,3.41,,,,,,2.93,33.9,29,,0.98,0.0595,0.5,3.33,,7,0.07,13,,,0.1,5,6.9,,5,732.8,,,,,0.34,10,,77,2.5,15.2,,69,101
HOLE_039,Jerimum de Cima,103106,192.00,193.00,1.00,dID,HM,MT,0.00,0.25,7.89,4,,1526,0.9,2.5,2.655,0.25,,12,8,,28,3.28,,,,,,2.29,31.3,26,,1.08,0.0625,0.5,3.48,,8,0.08,12,,,0.03,5,8.4,,5,825.8,,,,,0.31,10,,71,2.5,11.1,,59,46.4
HOLE_039,Jerimum de Cima,103107,193.00,194.00,1.00,dID,HM,MT,0.00,0.25,7.16,1.5,,693,0.9,2.5,3.545,0.25,,11,7,,4,3.27,,,,,,1.68,31.7,22,,1,0.0663,0.5,4.49,,8,0.08,8,,,0.02,5,7.4,,5,733,,,,,0.31,10,,74,2.5,9.8,,66,55
HOLE_039,Jerimum de Cima,103108,194.00,195.00,1.00,dID,HM,MT,0.00,0.25,6.42,1.5,,821,0.9,2.5,2.448,0.25,,11,7,,5,3.27,,,,,,2.07,28.5,23,,1.02,0.0659,0.5,4.03,,10,0.07,8,,,0.005,5,7.2,,5,641.8,,,,,0.31,10,,76,2.5,8.9,,74,44.2
HOLE_039,Jerimum de Cima,103109,195.00,196.00,1.00,dID,HM,MT,0.00,0.25,8.06,1.5,,602,0.6,2.5,2.371,0.25,,9,4,,5,2.67,,,,,,1.78,33.9,17,,0.84,0.0521,0.5,5.04,,5,0.08,6,,,0.05,5,7.1,,5,437.2,,,,,0.28,10,,52,2.5,10.3,,55,81.4
HOLE_039,Jerimum de Cima,103110,196.00,197.00,1.00,dID,HM,MT,0.00,0.25,7.87,1.5,,1200,0.9,2.5,2.369,0.25,,9,5,,12,2.97,,,,,,1.97,40.9,16,,0.8,0.0595,0.5,4.36,,6,0.08,7,,,0.01,5,8,,5,801.1,,,,,0.3,10,,60,2.5,14.7,,47,77
HOLE_039,Jerimum de Cima,103111,197.00,198.00,1.00,dID,HM,MT,0.00,0.25,7.9,1.5,,1068,1,2.5,2.63,0.25,,9,4,,6,3.24,,,,,,1.68,31.6,22,,0.98,0.066,0.5,4.12,,6,0.09,14,,,0.02,5,7,,5,907.4,,,,,0.31,10,,61,2.5,11,,59,87.5
HOLE_039,Jerimum de Cima,103112,198.00,199.00,1.00,dID,HM,MT,0.00,0.25,8.95,1.5,,1505,1.1,2.5,2.77,0.25,,10,3,,9,3.2,,,,,,2.13,33.7,21,,1,0.0662,0.5,3.95,,5,0.09,17,,,0.02,5,7.7,,5,1057.1,,,,,0.32,10,,63,2.5,13.8,,62,99
HOLE_039,Jerimum de Cima,103113,199.00,200.25,1.25,dID,HM,MT,0.00,0.25,8.2,1.5,,1292,0.9,2.5,2.558,0.25,,9,4,,9,2.78,,,,,,2.08,26.9,19,,0.89,0.0573,0.5,3.55,,5,0.08,11,,,0.02,5,6.4,,5,930.6,,,,,0.27,10,,54,2.5,9.3,,48,67.6
HOLE_039,Jerimum de Cima,103114,200.25,201.25,1.00,dID,HM,MT,0.03,0.25,7.31,1.5,,1307,0.9,2.5,2.45,0.25,,10,4,,16,3,,,,,,2.14,31,22,,0.91,0.0557,0.5,2.98,,5,0.08,20,,,0.16,5,7.4,,5,752.5,,,,,0.3,10,,65,2.5,14.9,,54,89.1
HOLE_039,Jerimum de Cima,103115,201.25,202.25,1.00,dID,HM,MT,0.00,0.25,7.08,1.5,,1024,1.1,2.5,3.107,0.25,,13,7,,17,3.65,,,,,,1.82,28.1,22,,1.27,0.0802,0.5,3.15,,9,0.08,14,,,0.03,5,9.6,,5,886,,,,,0.32,10,,83,2.5,11.1,,68,61.5
HOLE_039,Jerimum de Cima,103116,202.25,203.70,1.45,dID,EPI,MT,0.00,0.25,6.19,1.5,,974,1,2.5,3.269,0.25,,13,10,,9,3.54,,,,,,1.82,20.9,23,,1.24,0.0734,0.5,3.34,,10,0.08,14,,,0.03,5,8.1,,5,824.9,,,,,0.31,10,,85,2.5,8.4,,65,42.8
HOLE_039,Jerimum de Cima,103117,203.70,205.45,1.75,dID,EPI,MT,0.01,0.25,5.35,1.5,,1064,0.9,2.5,3.208,0.25,,15,5,,17,3.73,,,,,,1.74,18.7,33,,1.27,0.0648,0.5,3.36,,11,0.09,11,,,0.05,5,6.4,,5,774.7,,,,,0.33,10,,90,2.5,8.1,,67,36.4
HOLE_039,Jerimum de Cima,103118,205.45,206.00,0.55,dID,EPI,MT,0.01,0.25,5.77,1.5,,979,1,2.5,3.516,0.25,,16,10,,18,4.07,,,,,,1.67,22.3,34,,1.37,0.0706,0.5,3.47,,17,0.09,13,,,0.03,5,7.8,,5,936.7,,,,,0.36,10,,101,2.5,9.5,,75,38.1
HOLE_039,Jerimum de Cima,103119,206.00,206.80,0.80,dID,EPI,MT,0.01,0.25,7.18,1.5,,685,0.7,2.5,3.473,0.25,,15,8,,16,3.92,,,,,,1.31,25.7,31,,1.37,0.0683,0.5,3.89,,12,0.09,10,,,0.11,5,9.4,,5,712.4,,,,,0.35,10,,97,2.5,10.2,,66,41.2
HOLE_039,Jerimum de Cima,103120,206.80,207.60,0.80,dID,EPI,MT,0.00,0.25,7.95,1.5,,1056,0.7,2.5,3.564,0.25,,14,8,,8,4.02,,,,,,1.86,28,28,,1.44,0.0711,0.5,3.96,,10,0.1,11,,,0.08,5,9.6,,5,910.4,,,,,0.36,10,,94,2.5,10.5,,77,40.9
HOLE_039,Jerimum de Cima,103121,207.60,208.50,0.90,dID,EPI,MT,0.00,0.25,7.66,1.5,,1058,0.9,2.5,2.812,0.25,,12,10,,39,3.66,,,,,,2.1,33.6,25,,1.21,0.0669,0.5,4.06,,9,0.08,12,,,0.02,5,8.5,,5,778.2,,,,,0.33,10,,82,2.5,10.6,,74,60.2
HOLE_039,Jerimum de Cima,103122,208.50,209.80,1.30,dID,EPI,MT,0.00,0.25,4.82,1.5,,1079,1.2,2.5,2.552,0.25,,9,10,,11,2.71,,,,,,2.36,18.1,21,,0.77,0.0579,0.5,3.28,,6,0.05,16,,,0.03,5,5.2,,5,568.8,,,,,0.27,10,,59,2.5,10.4,,66,73.8
HOLE_039,Jerimum de Cima,103123,209.80,210.80,1.00,dID,EPI,MT,0.00,0.25,8.28,1.5,,1377,1,2.5,2.647,0.25,,10,7,,29,3.34,,,,,,2.44,39.8,22,,0.97,0.0596,0.5,3.11,,4,0.09,32,,,0.1,5,8.5,,5,863.8,,,,,0.35,10,,70,2.5,18.5,,57,110.6
HOLE_039,Jerimum de Cima,103124,210.80,211.30,0.50,dID,EPI,MT,0.11,0.25,6.38,1.5,,932,0.9,2.5,2.918,0.25,,12,11,,11,3.5,,,,,,1.96,26.9,32,,1.19,0.0609,0.5,2.41,,9,0.09,11,,,0.23,5,8.5,,5,652.9,,,,,0.33,10,,84,2.5,11.8,,64,54
HOLE_039,Jerimum de Cima,103125,211.30,213.00,1.70,dID,EPI,MT,0.00,0.25,5.78,1.5,,1253,1,2.5,3.272,0.25,,14,12,,15,3.71,,,,,,2.26,21.2,25,,1.15,0.0674,0.5,3.24,,10,0.08,14,,,0.02,5,6.3,,5,862.7,,,,,0.34,10,,86,2.5,9.2,,65,39
HOLE_039,Jerimum de Cima,103126,213.00,215.00,2.00,dID,EPI,MT,0.03,0.25,5.44,1.5,,1270,1.2,2.5,2.982,0.25,,12,8,,22,3.87,,,,,,2.28,22.3,23,,1.14,0.0761,0.5,3.28,,9,0.09,16,,,0.06,5,7.4,,5,753.2,,,,,0.39,10,,89,2.5,11.6,,77,85.8
HOLE_039,Jerimum de Cima,103127,215.00,216.50,1.50,dID,EPI,MT,0.00,0.25,4.27,1.5,,1035,1.2,2.5,2.897,0.25,,13,6,,18,3.62,,,,,,1.93,20.8,21,,1.07,0.0682,0.5,3.24,,7,0.09,13,,,0.03,5,5.9,,5,751,,,,,0.36,10,,88,2.5,11.5,,72,66.3
HOLE_039,Jerimum de Cima,103128,216.50,217.80,1.30,dID,EPI,MT,0.00,0.25,3.79,1.5,,1015,1.1,2.5,2.763,0.25,,10,7,,6,2.93,,,,,,2.07,14.5,21,,0.84,0.055,0.5,3.04,,8,0.06,14,,,0.005,5,4.1,,5,635.5,,,,,0.27,10,,65,2.5,7.5,,59,56
HOLE_039,Jerimum de Cima,103129,217.80,218.65,0.85,dID,EPI,MT,0.27,0.25,5.43,1.5,,940,1.1,2.5,3.115,0.25,,13,4,,14,3.51,,,,,,2.06,22.6,39,,1.18,0.0666,0.5,3.04,,9,0.09,14,,,0.26,5,7.3,,5,706.2,,,,,0.33,10,,81,2.5,12,,74,58.2
HOLE_039,Jerimum de Cima,103130,218.65,220.30,1.65,dID,EPI,MT,0.00,0.25,5.41,1.5,,918,1.2,2.5,3.829,0.25,,14,8,,13,3.98,,,,,,1.55,21.9,22,,1.2,0.0741,0.5,3.29,,10,0.1,13,,,0.02,5,7.6,,5,945.4,,,,,0.36,10,,96,2.5,11.2,,89,48.6
HOLE_039,Jerimum de Cima,103131,220.30,221.90,1.60,dID,EPI,MT,0.00,0.25,5.12,1.5,,737,1.3,2.5,3.748,0.25,,15,8,,11,3.97,,,,,,1.38,21.9,25,,1.24,0.0773,0.5,3.31,,10,0.1,14,,,0.02,5,6.9,,5,977.4,,,,,0.37,10,,99,2.5,10.7,,77,47.1
HOLE_039,Jerimum de Cima,103132,221.90,222.90,1.00,dID,EPI,MT,0.00,0.25,5.36,1.5,,947,1,2.5,3.734,0.25,,11,3,,35,3.56,,,,,,1.74,15.1,26,,0.96,0.0657,0.5,3.5,,4,0.11,13,,,0.1,5,5.1,,5,925.8,,,,,0.33,10,,74,2.5,7.9,,67,70.8
HOLE_039,Jerimum de Cima,103133,222.90,223.40,0.50,GSTR,SS QV,VN,0.00,0.25,7.54,1.5,,960,1.1,2.5,3.852,0.25,,12,3,,32,3.89,,,,,,1.75,30.6,27,,1.1,0.0726,0.5,3.44,,7,0.13,12,,,0.18,5,8.8,,5,1012.4,,,,,0.37,10,,83,2.5,13.8,,70,87.7
HOLE_039,Jerimum de Cima,103134,223.40,224.05,0.65,GSTR,SS QV,VN,0.00,0.25,7.88,1.5,,1115,1.3,2.5,3.147,0.25,,12,4,,29,4.2,,,,,,1.9,44.3,32,,1.16,0.0733,0.5,3.11,,4,0.12,16,,,0.29,5,10.7,,5,894.3,,,,,0.41,10,,89,2.5,22.1,,76,122.5
HOLE_039,Jerimum de Cima,103135,224.05,224.80,0.75,GSTR,SS QV,VN,0.51,1,6.39,5,,1108,1.3,2.5,2.967,0.25,,6,2,,9,2.57,,,,,,3.46,28.2,19,,0.52,0.0424,0.5,1.58,,3,0.06,7,,,1.21,5,4.4,,5,195.9,,,,,0.22,10,,46,8,9.6,,27,118.6
HOLE_039,Jerimum de Cima,103136,224.80,225.70,0.90,GSTR,SS QV,VN,0.03,0.25,7.82,1.5,,1313,1,2.5,2.283,0.25,,6,1,,10,2.3,,,,,,2.43,37,22,,0.6,0.0427,0.5,3.34,,1,0.07,11,,,0.3,5,4.3,,5,494.8,,,,,0.22,10,,39,2.5,10.1,,34,131.3
HOLE_039,Jerimum de Cima,103137,225.70,227.30,1.60,dID,EPI,FR,0.01,0.25,5.24,1.5,,1163,1.3,2.5,2.964,0.25,,12,5,,32,3.95,,,,,,1.91,25.4,29,,1.09,0.0711,0.5,3.35,,4,0.1,17,,,0.13,5,7.4,,5,930.7,,,,,0.4,10,,90,2.5,15.2,,86,97.9
HOLE_039,Jerimum de Cima,103138,227.30,229.25,1.95,dID,EPI,FR,0.00,0.25,7.24,1.5,,1490,0.9,2.5,2.452,0.25,,7,3,,5,2.83,,,,,,2.05,42.4,16,,0.64,0.0478,0.5,3.56,,3,0.08,13,,,0.04,5,5.2,,5,919,,,,,0.26,10,,48,2.5,13.7,,52,135.7
HOLE_039,Jerimum de Cima,103139,229.25,230.30,1.05,dID,SS QV,VN,0.04,0.25,7.92,1.5,,831,1.1,2.5,2.66,0.25,,10,3,,37,3.63,,,,,,2,35.2,30,,1.07,0.0512,0.5,3.72,,5,0.11,16,,,0.15,5,10.1,,5,415.7,,,,,0.35,10,,75,2.5,18,,69,112.4
HOLE_039,Jerimum de Cima,103140,230.30,231.30,1.00,dID,SS QV,VN,0.00,0.25,8.39,1.5,,1071,1,2.5,2.831,0.25,,13,4,,19,3.79,,,,,,2.16,33.1,32,,1.23,0.0606,0.5,3.59,,7,0.11,9,,,0.15,5,10.5,,5,573.7,,,,,0.37,10,,86,2.5,15.7,,59,87.7
HOLE_039,Jerimum de Cima,103141,231.30,232.20,0.90,dID,SS QV,VN,0.00,0.25,6.88,1.5,,1113,0.8,2.5,3.209,0.25,,7,2,,5,2.51,,,,,,2.12,29.9,16,,0.64,0.0357,0.5,3.73,,3,0.06,7,,,0.08,5,5.1,,5,453.8,,,,,0.22,10,,44,2.5,9,,38,97.6
HOLE_039,Jerimum de Cima,103142,232.20,232.90,0.70,dID,SS QV,VN,0.01,0.25,7.75,1.5,,1221,0.9,8,2.653,0.25,,7,3,,6,2.41,,,,,,2.51,33.1,21,,0.71,0.0415,0.5,3.28,,4,0.07,13,,,0.18,5,5.4,,5,391.2,,,,,0.23,10,,49,2.5,9.8,,36,95.1
HOLE_039,Jerimum de Cima,103143,232.90,233.65,0.75,dID,SS QV,VN,0.00,0.25,8.57,1.5,,1193,1,2.5,3.017,0.25,,13,4,,15,3.69,,,,,,2.29,30.2,24,,0.94,0.0514,0.5,4.04,,5,0.14,7,,,0.22,5,6.9,,5,608.3,,,,,0.33,10,,76,2.5,12.4,,53,64.9
HOLE_039,Jerimum de Cima,103144,233.65,235.00,1.35,dID,HM,MT,0.00,0.25,5.98,1.5,,1496,0.9,2.5,3.437,0.25,,14,6,,42,3.83,,,,,,2.05,23.4,28,,1.27,0.0725,0.5,2.91,,14,0.08,9,,,0.04,5,7.5,,5,1037.2,,,,,0.34,10,,90,2.5,12.8,,74,51.8
HOLE_039,Jerimum de Cima,103145,235.00,236.30,1.30,dID,HM,MT,0.00,0.25,6.33,1.5,,1039,1,2.5,3.755,0.25,,14,10,,22,4.11,,,,,,1.64,25.8,28,,1.35,0.0783,0.5,3.23,,12,0.1,19,,,0.08,5,8.9,,5,1160,,,,,0.37,10,,90,2.5,15.8,,79,58.1
HOLE_039,Jerimum de Cima,103146,236.30,236.80,0.50,dID,HM,MT,0.10,0.25,6.66,3,,1335,1.1,2.5,3.562,0.25,,14,10,,11,3.81,,,,,,2.07,24.8,33,,1.37,0.0792,0.5,2.83,,14,0.09,12,,,0.19,5,8.9,,5,946,,,,,0.35,10,,80,2.5,14.9,,75,44.5
HOLE_039,Jerimum de Cima,103147,236.80,238.00,1.20,dID,HM,MT,0.00,0.25,5.5,1.5,,1274,1.2,2.5,3.136,0.25,,14,15,,24,4.14,,,,,,1.88,26.4,26,,1.2,0.0806,0.5,3.06,,8,0.1,15,,,0.04,5,7.4,,5,965,,,,,0.4,10,,96,2.5,15.5,,103,86.9
HOLE_039,Jerimum de Cima,103148,238.00,239.40,1.40,dID,HM,MT,0.00,0.25,5.27,1.5,,1452,1.3,2.5,3.229,0.25,,14,5,,22,4.44,,,,,,2.11,36.8,20,,1.27,0.0893,0.5,3.01,,6,0.11,18,,,0.1,5,11.2,,5,803.5,,,,,0.43,10,,107,2.5,18.9,,87,94.6
HOLE_039,Jerimum de Cima,103149,239.40,240.90,1.50,dID,HM,MT,0.00,0.25,8.09,1.5,,1052,1,2.5,3.43,0.25,,12,4,,35,3.32,,,,,,2.16,33.3,15,,0.94,0.0628,0.5,3.98,,6,0.1,27,,,0.2,5,8.9,,5,942.9,,,,,0.33,10,,74,2.5,14.8,,68,82.1
HOLE_039,Jerimum de Cima,103150,240.90,242.10,1.20,dID,HM,MT,0.00,0.25,7.04,1.5,,794,1.1,2.5,2.715,0.25,,11,4,,13,3.14,,,,,,1.49,25.8,15,,1.1,0.0692,0.5,2.82,,9,0.08,18,,,0.05,5,7.6,,5,772.4,,,,,0.27,10,,66,2.5,11,,70,43.2
HOLE_039,Jerimum de Cima,103151,242.10,243.90,1.80,dID,HM,MT,0.00,0.25,9.15,1.5,,1576,1.1,2.5,3.04,0.25,,11,4,,8,3.74,,,,,,2.13,36.4,16,,1.11,0.0712,0.5,3.83,,7,0.13,19,,,0.05,5,8.2,,5,1213.4,,,,,0.37,10,,74,2.5,11.5,,76,80
HOLE_039,Jerimum de Cima,103152,243.90,245.00,1.10,dID,HM,MT,0.00,0.25,5.51,1.5,,974,1.4,2.5,3.1,0.25,,13,4,,12,3.85,,,,,,2.05,21.3,22,,1.25,0.0811,0.5,3.51,,10,0.09,14,,,0.03,5,7.5,,5,783.5,,,,,0.36,10,,86,2.5,12.7,,88,59.8
HOLE_039,Jerimum de Cima,103153,245.00,247.00,2.00,dID,HM,MT,0.00,0.25,5.85,1.5,,864,1.2,2.5,3.585,0.25,,14,5,,22,3.99,,,,,,1.46,23.1,23,,1.25,0.0794,0.5,3.53,,9,0.1,16,,,0.03,5,7.1,,5,933.6,,,,,0.36,10,,95,2.5,10.5,,81,65.3
HOLE_039,Jerimum de Cima,103154,247.00,249.00,2.00,dID,HM,MT,0.00,0.25,8.25,1.5,,1026,0.8,2.5,3.83,0.25,,19,12,,8,4.78,,,,,,1.66,33.4,21,,1.9,0.0878,0.5,2.91,,19,0.12,14,,,0.03,5,15.2,,5,1177.9,,,,,0.42,10,,118,2.5,15.4,,87,43.7
HOLE_039,Jerimum de Cima,103155,249.00,251.00,2.00,dID,HM,MT,0.00,0.25,5.17,1.5,,730,1.4,2.5,3.739,0.25,,15,6,,19,4.18,,,,,,1.57,21,34,,1.33,0.0928,0.5,3.77,,12,0.1,18,,,0.03,5,8,,5,684,,,,,0.34,10,,96,2.5,11.6,,96,51
HOLE_039,Jerimum de Cima,103156,251.00,252.90,1.90,dID,HM,MT,0.00,0.25,7.36,1.5,,689,1.2,2.5,1.933,0.25,,14,3,,14,3.96,,,,,,1.78,26.6,37,,1.42,0.0694,0.5,3.99,,10,0.1,8,,,0.04,5,9.8,,5,371.5,,,,,0.32,10,,90,2.5,9.1,,74,66.3
HOLE_039,Jerimum de Cima,103157,252.90,254.30,1.40,SMD,CT,MT,0.00,0.25,5.03,1.5,,312,0.8,2.5,3.33,0.25,,40,297,,56,6.64,,,,,,0.98,25.3,126,,5.36,0.1037,0.5,0.9,,252,0.14,4,,,0.01,5,14.9,,5,201.4,,,,,0.61,10,,140,2.5,16.7,,118,168.4
HOLE_039,Jerimum de Cima,103158,254.30,255.70,1.40,SMD,CT,MT,0.00,0.25,5.4,1.5,,176,0.8,2.5,4.872,0.25,,43,295,,52,6.7,,,,,,0.43,30.5,124,,5.74,0.1157,0.5,0.96,,288,0.13,4,,,0.005,5,16.6,,5,284.1,,,,,0.56,10,,138,2.5,16.8,,124,168.4
HOLE_039,Jerimum de Cima,103159,255.70,256.85,1.15,dID,HM,MT,0.00,0.25,8.61,1.5,,1132,1,2.5,3.258,0.25,,14,5,,48,4.5,,,,,,1.98,32.2,27,,1.16,0.0587,0.5,3.67,,5,0.18,13,,,0.12,5,11.8,,5,809.6,,,,,0.34,10,,96,10,16.8,,71,77.4
HOLE_039,Jerimum de Cima,103160,256.85,258.55,1.70,dID,HM,MT,0.00,0.25,7.25,1.5,,903,1,2.5,2.3,0.25,,11,3,,32,3.86,,,,,,1.69,37.4,23,,1.07,0.0562,0.5,2.91,,4,0.11,14,,,0.07,5,12.1,,5,611.2,,,,,0.36,10,,85,2.5,19,,68,115.8
HOLE_039,Jerimum de Cima,103161,258.55,260.20,1.65,dID,HM,MT,0.00,0.25,7.41,1.5,,840,1.1,2.5,2.619,0.25,,11,2,,26,3.81,,,,,,1.67,43.6,27,,1.08,0.0656,0.5,3.51,,3,0.1,11,,,0.07,5,10.5,,5,449.6,,,,,0.35,10,,79,2.5,18.6,,64,122.4
HOLE_039,Jerimum de Cima,103162,260.20,260.80,0.60,dID,HM,MT,0.02,0.25,7.43,1.5,,827,0.9,2.5,2.705,0.25,,12,3,,43,4.19,,,,,,1.51,63.2,27,,1.24,0.0707,0.5,3.33,,4,0.12,12,,,0.22,5,11.9,,5,582.9,,,,,0.42,10,,81,2.5,21.3,,70,141.4
HOLE_039,Jerimum de Cima,103163,260.80,261.40,0.60,dID,HM,MT,0.01,0.25,5.64,1.5,,956,1.3,2.5,3.609,0.25,,15,4,,29,4.39,,,,,,1.79,31.2,27,,1.32,0.0857,0.5,3.19,,6,0.11,15,,,0.14,5,8.8,,5,884.8,,,,,0.41,10,,100,2.5,15.1,,86,89.8
HOLE_039,Jerimum de Cima,103164,261.40,263.30,1.90,dID,HM,MT,0.00,0.25,5,1.5,,1010,0.8,2.5,3.472,0.25,,16,7,,23,4.06,,,,,,1.74,18.4,24,,1.32,0.0711,2,3.09,,11,0.1,14,,,0.03,5,6.6,,5,915.5,,,,,0.34,10,,102,2.5,8.5,,81,31.8
HOLE_039,Jerimum de Cima,103165,263.30,263.95,0.65,dID,HM,MT,0.37,0.25,7.08,4,,915,1.1,2.5,3.8,3.6,,15,5,,44,3.9,,,,,,2.71,23.2,41,,1.39,0.0851,0.5,1.99,,11,0.1,34,,,0.49,5,8.9,,5,530.4,,,,,0.33,10,,98,9,9.3,,306,38.2
HOLE_039,Jerimum de Cima,103166,263.95,265.35,1.40,dID,HM,MT,0.01,0.25,5.52,1.5,,1081,0.9,2.5,2.898,0.25,,14,4,,47,3.68,,,,,,2.08,17.1,32,,1.25,0.063,0.5,2.87,,13,0.1,15,,,0.13,5,7.3,,5,698,,,,,0.34,10,,97,2.5,7.6,,79,42.7
HOLE_039,Jerimum de Cima,103167,265.35,266.85,1.50,dID,EPI,MT,0.00,0.25,6.3,1.5,,972,0.8,2.5,3.211,0.25,,14,5,,17,3.77,,,,,,1.78,20.9,20,,1.27,0.0634,0.5,2.95,,12,0.09,11,,,0.02,5,8,,5,956.7,,,,,0.33,10,,89,2.5,8.9,,62,44.7
HOLE_039,Jerimum de Cima,103168,266.85,268.35,1.50,dID,EPI,MT,0.00,0.25,5.22,1.5,,982,0.9,2.5,3.205,0.25,,15,4,,40,3.76,,,,,,1.66,15.4,23,,1.22,0.0613,0.5,2.91,,10,0.1,11,,,0.07,5,7,,5,819.3,,,,,0.34,10,,97,2.5,7.2,,64,35.9
HOLE_039,Jerimum de Cima,103169,268.35,269.85,1.50,dID,EPI,MT,0.00,0.25,6.33,1.5,,1047,0.8,2.5,3.377,0.25,,15,5,,35,3.82,,,,,,1.72,20.4,23,,1.26,0.0677,0.5,2.9,,10,0.1,14,,,0.11,5,8.4,,5,948.5,,,,,0.36,10,,92,2.5,9.9,,70,50.5
HOLE_040,Jerimum de Cima,103170,0.00,1.00,1.00,QS,,,0.05,,,,,,,,,,,,,,,,,,,,,,,,,,,,,,,,,,,,,,,,,,,,,,,,,,,,,
HOLE_040,Jerimum de Cima,103171,1.00,2.00,1.00,QS,,,0.07,,,,,,,,,,,,,,,,,,,,,,,,,,,,,,,,,,,,,,,,,,,,,,,,,,,,,
HOLE_040,Jerimum de Cima,103172,2.00,3.15,1.15,QS,,,0.06,,,,,,,,,,,,,,,,,,,,,,,,,,,,,,,,,,,,,,,,,,,,,,,,,,,,,
HOLE_040,Jerimum de Cima,103173,3.15,4.30,1.15,QS,,,0.05,,,,,,,,,,,,,,,,,,,,,,,,,,,,,,,,,,,,,,,,,,,,,,,,,,,,,
HOLE_040,Jerimum de Cima,103174,4.30,5.40,1.10,QS,,,0.06,,,,,,,,,,,,,,,,,,,,,,,,,,,,,,,,,,,,,,,,,,,,,,,,,,,,,
HOLE_040,Jerimum de Cima,103175,5.40,6.50,1.10,QS,,,0.07,,,,,,,,,,,,,,,,,,,,,,,,,,,,,,,,,,,,,,,,,,,,,,,,,,,,,
HOLE_040,Jerimum de Cima,103176,6.50,7.25,0.75,QC,,,0.06,,,,,,,,,,,,,,,,,,,,,,,,,,,,,,,,,,,,,,,,,,,,,,,,,,,,,
HOLE_040,Jerimum de Cima,103177,7.25,8.15,0.90,QAL,,,0.06,,,,,,,,,,,,,,,,,,,,,,,,,,,,,,,,,,,,,,,,,,,,,,,,,,,,,
HOLE_040,Jerimum de Cima,103178,8.15,9.15,1.00,QAL,,,0.05,,,,,,,,,,,,,,,,,,,,,,,,,,,,,,,,,,,,,,,,,,,,,,,,,,,,,
HOLE_040,Jerimum de Cima,103179,9.15,10.00,0.85,QAL,,,0.01,,,,,,,,,,,,,,,,,,,,,,,,,,,,,,,,,,,,,,,,,,,,,,,,,,,,,
HOLE_040,Jerimum de Cima,103180,10.00,11.00,1.00,QAL,,,0.01,,,,,,,,,,,,,,,,,,,,,,,,,,,,,,,,,,,,,,,,,,,,,,,,,,,,,
HOLE_040,Jerimum de Cima,103181,11.00,12.10,1.10,QAL,,,0.02,,,,,,,,,,,,,,,,,,,,,,,,,,,,,,,,,,,,,,,,,,,,,,,,,,,,,
HOLE_040,Jerimum de Cima,103182,12.10,13.00,0.90,QAL,,,0.05,,,,,,,,,,,,,,,,,,,,,,,,,,,,,,,,,,,,,,,,,,,,,,,,,,,,,
HOLE_040,Jerimum de Cima,103183,13.00,14.00,1.00,QAL,,,0.02,,,,,,,,,,,,,,,,,,,,,,,,,,,,,,,,,,,,,,,,,,,,,,,,,,,,,
HOLE_040,Jerimum de Cima,103184,14.00,15.20,1.20,QAL,,,0.03,,,,,,,,,,,,,,,,,,,,,,,,,,,,,,,,,,,,,,,,,,,,,,,,,,,,,
HOLE_040,Jerimum de Cima,103185,15.20,16.10,0.90,QAL,,,0.02,,,,,,,,,,,,,,,,,,,,,,,,,,,,,,,,,,,,,,,,,,,,,,,,,,,,,
HOLE_040,Jerimum de Cima,103186,16.10,17.00,0.90,QAL,,,0.00,,,,,,,,,,,,,,,,,,,,,,,,,,,,,,,,,,,,,,,,,,,,,,,,,,,,,
HOLE_040,Jerimum de Cima,103187,17.00,18.00,1.00,QAL,,,0.02,,,,,,,,,,,,,,,,,,,,,,,,,,,,,,,,,,,,,,,,,,,,,,,,,,,,,
HOLE_040,Jerimum de Cima,103188,18.00,19.00,1.00,QAL,,,0.03,,,,,,,,,,,,,,,,,,,,,,,,,,,,,,,,,,,,,,,,,,,,,,,,,,,,,
HOLE_040,Jerimum de Cima,103189,19.00,20.00,1.00,QAL,,,0.03,,,,,,,,,,,,,,,,,,,,,,,,,,,,,,,,,,,,,,,,,,,,,,,,,,,,,
HOLE_040,Jerimum de Cima,103190,20.00,21.00,1.00,QAL,,,0.12,,,,,,,,,,,,,,,,,,,,,,,,,,,,,,,,,,,,,,,,,,,,,,,,,,,,,
HOLE_040,Jerimum de Cima,103191,21.00,22.00,1.00,QAL,,,0.10,,,,,,,,,,,,,,,,,,,,,,,,,,,,,,,,,,,,,,,,,,,,,,,,,,,,,
HOLE_040,Jerimum de Cima,103192,22.00,23.00,1.00,QAL,,,0.01,,,,,,,,,,,,,,,,,,,,,,,,,,,,,,,,,,,,,,,,,,,,,,,,,,,,,
HOLE_040,Jerimum de Cima,103193,23.00,24.00,1.00,QAL,,,0.02,,,,,,,,,,,,,,,,,,,,,,,,,,,,,,,,,,,,,,,,,,,,,,,,,,,,,
HOLE_040,Jerimum de Cima,103194,24.00,25.15,1.15,QAL,,,0.01,,,,,,,,,,,,,,,,,,,,,,,,,,,,,,,,,,,,,,,,,,,,,,,,,,,,,
HOLE_040,Jerimum de Cima,103195,25.15,26.30,1.15,QAL,,,0.00,,,,,,,,,,,,,,,,,,,,,,,,,,,,,,,,,,,,,,,,,,,,,,,,,,,,,
HOLE_040,Jerimum de Cima,103196,26.30,27.50,1.20,QAL,,,0.00,,,,,,,,,,,,,,,,,,,,,,,,,,,,,,,,,,,,,,,,,,,,,,,,,,,,,
HOLE_040,Jerimum de Cima,103197,27.50,28.30,0.80,QAR,,,0.00,,,,,,,,,,,,,,,,,,,,,,,,,,,,,,,,,,,,,,,,,,,,,,,,,,,,,
HOLE_040,Jerimum de Cima,103198,28.30,29.15,0.85,QAR,,,0.00,,,,,,,,,,,,,,,,,,,,,,,,,,,,,,,,,,,,,,,,,,,,,,,,,,,,,
HOLE_040,Jerimum de Cima,103199,29.15,30.00,0.85,QAR,,,0.38,,,,,,,,,,,,,,,,,,,,,,,,,,,,,,,,,,,,,,,,,,,,,,,,,,,,,
HOLE_040,Jerimum de Cima,103200,30.00,30.75,0.75,QAR,,,0.00,,,,,,,,,,,,,,,,,,,,,,,,,,,,,,,,,,,,,,,,,,,,,,,,,,,,,
HOLE_040,Jerimum de Cima,103201,30.75,31.90,1.15,SAP,,,0.00,,,,,,,,,,,,,,,,,,,,,,,,,,,,,,,,,,,,,,,,,,,,,,,,,,,,,
HOLE_040,Jerimum de Cima,103202,31.90,33.00,1.10,SAP,,,0.00,,,,,,,,,,,,,,,,,,,,,,,,,,,,,,,,,,,,,,,,,,,,,,,,,,,,,
HOLE_040,Jerimum de Cima,103203,33.00,34.00,1.00,SAP,,,0.00,,,,,,,,,,,,,,,,,,,,,,,,,,,,,,,,,,,,,,,,,,,,,,,,,,,,,
HOLE_040,Jerimum de Cima,103204,34.00,35.00,1.00,SAP,,,0.00,,,,,,,,,,,,,,,,,,,,,,,,,,,,,,,,,,,,,,,,,,,,,,,,,,,,,
HOLE_040,Jerimum de Cima,103205,35.00,36.00,1.00,SAP,,,0.00,,,,,,,,,,,,,,,,,,,,,,,,,,,,,,,,,,,,,,,,,,,,,,,,,,,,,
HOLE_040,Jerimum de Cima,103206,36.00,37.00,1.00,SAP,,,0.00,,,,,,,,,,,,,,,,,,,,,,,,,,,,,,,,,,,,,,,,,,,,,,,,,,,,,
HOLE_040,Jerimum de Cima,103207,37.00,38.00,1.00,SAP,,,0.00,,,,,,,,,,,,,,,,,,,,,,,,,,,,,,,,,,,,,,,,,,,,,,,,,,,,,
HOLE_040,Jerimum de Cima,103208,38.00,39.00,1.00,SAP,,,0.00,,,,,,,,,,,,,,,,,,,,,,,,,,,,,,,,,,,,,,,,,,,,,,,,,,,,,
HOLE_040,Jerimum de Cima,103209,39.00,40.15,1.15,SAP,,,0.00,,,,,,,,,,,,,,,,,,,,,,,,,,,,,,,,,,,,,,,,,,,,,,,,,,,,,
HOLE_040,Jerimum de Cima,103210,40.15,41.50,1.35,SAP,,,0.00,,,,,,,,,,,,,,,,,,,,,,,,,,,,,,,,,,,,,,,,,,,,,,,,,,,,,
HOLE_040,Jerimum de Cima,103211,41.50,43.00,1.50,dID,POT,MT,0.00,,,,,,,,,,,,,,,,,,,,,,,,,,,,,,,,,,,,,,,,,,,,,,,,,,,,,
HOLE_040,Jerimum de Cima,103212,43.00,44.30,1.30,dID,POT,MT,0.00,,,,,,,,,,,,,,,,,,,,,,,,,,,,,,,,,,,,,,,,,,,,,,,,,,,,,
HOLE_040,Jerimum de Cima,103213,44.30,45.45,1.15,dID,POT,MT,0.00,,,,,,,,,,,,,,,,,,,,,,,,,,,,,,,,,,,,,,,,,,,,,,,,,,,,,
HOLE_040,Jerimum de Cima,103214,45.45,46.60,1.15,dID,POT,MT,0.00,,,,,,,,,,,,,,,,,,,,,,,,,,,,,,,,,,,,,,,,,,,,,,,,,,,,,
HOLE_040,Jerimum de Cima,103215,46.60,47.75,1.15,dID,POT,MT,0.00,,,,,,,,,,,,,,,,,,,,,,,,,,,,,,,,,,,,,,,,,,,,,,,,,,,,,
HOLE_040,Jerimum de Cima,103216,47.75,49.50,1.75,dID,POT,MT,0.00,,,,,,,,,,,,,,,,,,,,,,,,,,,,,,,,,,,,,,,,,,,,,,,,,,,,,
HOLE_040,Jerimum de Cima,103217,49.50,50.00,0.50,dID,POT,MT,0.00,,,,,,,,,,,,,,,,,,,,,,,,,,,,,,,,,,,,,,,,,,,,,,,,,,,,,
HOLE_040,Jerimum de Cima,103218,50.00,52.00,2.00,dID,POT,MT,0.00,,,,,,,,,,,,,,,,,,,,,,,,,,,,,,,,,,,,,,,,,,,,,,,,,,,,,
HOLE_040,Jerimum de Cima,103219,52.00,54.00,2.00,dID,POT,MT,0.00,,,,,,,,,,,,,,,,,,,,,,,,,,,,,,,,,,,,,,,,,,,,,,,,,,,,,
HOLE_040,Jerimum de Cima,103220,54.00,56.00,2.00,dID,POT,MT,0.00,,,,,,,,,,,,,,,,,,,,,,,,,,,,,,,,,,,,,,,,,,,,,,,,,,,,,
HOLE_040,Jerimum de Cima,103221,56.00,57.00,1.00,dID,POT,MT,0.00,,,,,,,,,,,,,,,,,,,,,,,,,,,,,,,,,,,,,,,,,,,,,,,,,,,,,
HOLE_040,Jerimum de Cima,103222,57.00,57.60,0.60,dID,POT,MT,0.00,,,,,,,,,,,,,,,,,,,,,,,,,,,,,,,,,,,,,,,,,,,,,,,,,,,,,
HOLE_040,Jerimum de Cima,103223,57.60,58.50,0.90,dID,POT,MT,0.00,,,,,,,,,,,,,,,,,,,,,,,,,,,,,,,,,,,,,,,,,,,,,,,,,,,,,
HOLE_040,Jerimum de Cima,103224,58.50,59.45,0.95,dID,POT,MT,0.00,,,,,,,,,,,,,,,,,,,,,,,,,,,,,,,,,,,,,,,,,,,,,,,,,,,,,
HOLE_040,Jerimum de Cima,103225,59.45,60.45,1.00,dID,POT,MT,0.00,,,,,,,,,,,,,,,,,,,,,,,,,,,,,,,,,,,,,,,,,,,,,,,,,,,,,
HOLE_040,Jerimum de Cima,103226,60.45,61.70,1.25,dID,POT,MT,0.00,,,,,,,,,,,,,,,,,,,,,,,,,,,,,,,,,,,,,,,,,,,,,,,,,,,,,
HOLE_040,Jerimum de Cima,103227,61.70,63.00,1.30,dID,POT,MT,0.00,,,,,,,,,,,,,,,,,,,,,,,,,,,,,,,,,,,,,,,,,,,,,,,,,,,,,
HOLE_040,Jerimum de Cima,103228,63.00,63.80,0.80,dID,POT,MT,0.00,,,,,,,,,,,,,,,,,,,,,,,,,,,,,,,,,,,,,,,,,,,,,,,,,,,,,
HOLE_040,Jerimum de Cima,103229,63.80,65.50,1.70,dID,POT,MT,0.00,,,,,,,,,,,,,,,,,,,,,,,,,,,,,,,,,,,,,,,,,,,,,,,,,,,,,
HOLE_040,Jerimum de Cima,103230,65.50,67.20,1.70,dID,POT,MT,0.00,,,,,,,,,,,,,,,,,,,,,,,,,,,,,,,,,,,,,,,,,,,,,,,,,,,,,
HOLE_040,Jerimum de Cima,103231,67.20,68.90,1.70,dID,POT,MT,0.00,,,,,,,,,,,,,,,,,,,,,,,,,,,,,,,,,,,,,,,,,,,,,,,,,,,,,
HOLE_040,Jerimum de Cima,103232,68.90,70.70,1.80,dID,POT,MT,0.01,,,,,,,,,,,,,,,,,,,,,,,,,,,,,,,,,,,,,,,,,,,,,,,,,,,,,
HOLE_040,Jerimum de Cima,103233,70.70,72.30,1.60,dID,POT,MT,0.00,,,,,,,,,,,,,,,,,,,,,,,,,,,,,,,,,,,,,,,,,,,,,,,,,,,,,
HOLE_040,Jerimum de Cima,103234,72.30,74.10,1.80,dID,POT,MT,0.00,,,,,,,,,,,,,,,,,,,,,,,,,,,,,,,,,,,,,,,,,,,,,,,,,,,,,
HOLE_040,Jerimum de Cima,103235,74.10,75.45,1.35,dID,POT,MT,0.00,,,,,,,,,,,,,,,,,,,,,,,,,,,,,,,,,,,,,,,,,,,,,,,,,,,,,
HOLE_040,Jerimum de Cima,103236,75.45,76.80,1.35,dID,POT,MT,0.00,,,,,,,,,,,,,,,,,,,,,,,,,,,,,,,,,,,,,,,,,,,,,,,,,,,,,
HOLE_040,Jerimum de Cima,103237,76.80,78.25,1.45,dID,POT,MT,0.00,,,,,,,,,,,,,,,,,,,,,,,,,,,,,,,,,,,,,,,,,,,,,,,,,,,,,
HOLE_040,Jerimum de Cima,103238,78.25,79.70,1.45,dID,POT,MT,0.01,,,,,,,,,,,,,,,,,,,,,,,,,,,,,,,,,,,,,,,,,,,,,,,,,,,,,
HOLE_040,Jerimum de Cima,103239,79.70,81.15,1.45,dID,POT,MT,0.02,,,,,,,,,,,,,,,,,,,,,,,,,,,,,,,,,,,,,,,,,,,,,,,,,,,,,
HOLE_040,Jerimum de Cima,103240,81.15,82.65,1.50,dID,POT,MT,0.00,,,,,,,,,,,,,,,,,,,,,,,,,,,,,,,,,,,,,,,,,,,,,,,,,,,,,
HOLE_040,Jerimum de Cima,103241,82.65,84.50,1.85,dID,CT,FR,0.03,,,,,,,,,,,,,,,,,,,,,,,,,,,,,,,,,,,,,,,,,,,,,,,,,,,,,
HOLE_040,Jerimum de Cima,103242,84.50,86.20,1.70,dID,CT,FR,0.01,,,,,,,,,,,,,,,,,,,,,,,,,,,,,,,,,,,,,,,,,,,,,,,,,,,,,
HOLE_040,Jerimum de Cima,103243,86.20,87.90,1.70,dID,CT,FR,0.00,,,,,,,,,,,,,,,,,,,,,,,,,,,,,,,,,,,,,,,,,,,,,,,,,,,,,
HOLE_040,Jerimum de Cima,103244,87.90,89.10,1.20,dID,CT,FR,0.00,,,,,,,,,,,,,,,,,,,,,,,,,,,,,,,,,,,,,,,,,,,,,,,,,,,,,
HOLE_040,Jerimum de Cima,103245,89.10,90.65,1.55,dID,CT,FR,0.02,,,,,,,,,,,,,,,,,,,,,,,,,,,,,,,,,,,,,,,,,,,,,,,,,,,,,
HOLE_040,Jerimum de Cima,103246,90.65,91.75,1.10,dID,CT,FR,0.00,,,,,,,,,,,,,,,,,,,,,,,,,,,,,,,,,,,,,,,,,,,,,,,,,,,,,
HOLE_040,Jerimum de Cima,103247,91.75,92.80,1.05,dID,CT,FR,0.01,,,,,,,,,,,,,,,,,,,,,,,,,,,,,,,,,,,,,,,,,,,,,,,,,,,,,
HOLE_040,Jerimum de Cima,103248,92.80,94.10,1.30,dID,CT,FR,0.00,,,,,,,,,,,,,,,,,,,,,,,,,,,,,,,,,,,,,,,,,,,,,,,,,,,,,
HOLE_040,Jerimum de Cima,103249,94.10,95.40,1.30,dID,CT,FR,0.00,,,,,,,,,,,,,,,,,,,,,,,,,,,,,,,,,,,,,,,,,,,,,,,,,,,,,
HOLE_040,Jerimum de Cima,103250,95.40,96.70,1.30,dID,CT,FR,0.00,,,,,,,,,,,,,,,,,,,,,,,,,,,,,,,,,,,,,,,,,,,,,,,,,,,,,
HOLE_040,Jerimum de Cima,103251,96.70,98.00,1.30,dID,CT,FR,0.00,,,,,,,,,,,,,,,,,,,,,,,,,,,,,,,,,,,,,,,,,,,,,,,,,,,,,
HOLE_040,Jerimum de Cima,103252,98.00,99.40,1.40,dID,CT,FR,0.00,,,,,,,,,,,,,,,,,,,,,,,,,,,,,,,,,,,,,,,,,,,,,,,,,,,,,
HOLE_040,Jerimum de Cima,103253,99.40,100.80,1.40,dID,CT,FR,0.00,,,,,,,,,,,,,,,,,,,,,,,,,,,,,,,,,,,,,,,,,,,,,,,,,,,,,
HOLE_040,Jerimum de Cima,103254,100.80,101.30,0.50,dID,CT,FR,0.07,,,,,,,,,,,,,,,,,,,,,,,,,,,,,,,,,,,,,,,,,,,,,,,,,,,,,
HOLE_040,Jerimum de Cima,103255,101.30,102.30,1.00,dID,CT,FR,0.00,,,,,,,,,,,,,,,,,,,,,,,,,,,,,,,,,,,,,,,,,,,,,,,,,,,,,
HOLE_040,Jerimum de Cima,103256,102.30,103.35,1.05,dID,CT,FR,0.00,,,,,,,,,,,,,,,,,,,,,,,,,,,,,,,,,,,,,,,,,,,,,,,,,,,,,
HOLE_040,Jerimum de Cima,103257,103.35,104.80,1.45,dID,CT,FR,0.00,,,,,,,,,,,,,,,,,,,,,,,,,,,,,,,,,,,,,,,,,,,,,,,,,,,,,
HOLE_040,Jerimum de Cima,103258,104.80,106.70,1.90,dID,CT,FR,0.00,,,,,,,,,,,,,,,,,,,,,,,,,,,,,,,,,,,,,,,,,,,,,,,,,,,,,
HOLE_040,Jerimum de Cima,103259,106.70,107.45,0.75,dID,CT,FR,0.00,,,,,,,,,,,,,,,,,,,,,,,,,,,,,,,,,,,,,,,,,,,,,,,,,,,,,
HOLE_040,Jerimum de Cima,103260,107.45,108.55,1.10,dID,CT,FR,0.00,,,,,,,,,,,,,,,,,,,,,,,,,,,,,,,,,,,,,,,,,,,,,,,,,,,,,
HOLE_040,Jerimum de Cima,103261,108.55,110.20,1.65,dID,CT,FR,0.00,,,,,,,,,,,,,,,,,,,,,,,,,,,,,,,,,,,,,,,,,,,,,,,,,,,,,
HOLE_040,Jerimum de Cima,103262,110.20,111.80,1.60,dID,CT,FR,0.00,,,,,,,,,,,,,,,,,,,,,,,,,,,,,,,,,,,,,,,,,,,,,,,,,,,,,
HOLE_040,Jerimum de Cima,103263,111.80,112.40,0.60,dID,CT,FR,0.00,,,,,,,,,,,,,,,,,,,,,,,,,,,,,,,,,,,,,,,,,,,,,,,,,,,,,
HOLE_040,Jerimum de Cima,103264,112.40,114.00,1.60,dID,CT,FR,0.00,,,,,,,,,,,,,,,,,,,,,,,,,,,,,,,,,,,,,,,,,,,,,,,,,,,,,
HOLE_040,Jerimum de Cima,103265,114.00,114.60,0.60,dID,CT,FR,0.15,,,,,,,,,,,,,,,,,,,,,,,,,,,,,,,,,,,,,,,,,,,,,,,,,,,,,
HOLE_040,Jerimum de Cima,103266,114.60,116.05,1.45,dID,CT,FR,0.00,,,,,,,,,,,,,,,,,,,,,,,,,,,,,,,,,,,,,,,,,,,,,,,,,,,,,
HOLE_040,Jerimum de Cima,103267,116.05,117.85,1.80,dID,CT,FR,0.00,,,,,,,,,,,,,,,,,,,,,,,,,,,,,,,,,,,,,,,,,,,,,,,,,,,,,
HOLE_040,Jerimum de Cima,103268,117.85,119.65,1.80,dID,CT,FR,0.02,,,,,,,,,,,,,,,,,,,,,,,,,,,,,,,,,,,,,,,,,,,,,,,,,,,,,
HOLE_040,Jerimum de Cima,103269,119.65,121.35,1.70,dID,CT,FR,0.01,,,,,,,,,,,,,,,,,,,,,,,,,,,,,,,,,,,,,,,,,,,,,,,,,,,,,
HOLE_040,Jerimum de Cima,103270,121.35,123.05,1.70,dID,CT,FR,0.03,,,,,,,,,,,,,,,,,,,,,,,,,,,,,,,,,,,,,,,,,,,,,,,,,,,,,
HOLE_040,Jerimum de Cima,103271,123.05,125.05,2.00,dID,CT,FR,0.00,,,,,,,,,,,,,,,,,,,,,,,,,,,,,,,,,,,,,,,,,,,,,,,,,,,,,
HOLE_040,Jerimum de Cima,103272,125.05,125.60,0.55,dID,CT,FR,0.11,,,,,,,,,,,,,,,,,,,,,,,,,,,,,,,,,,,,,,,,,,,,,,,,,,,,,
HOLE_040,Jerimum de Cima,103273,125.60,127.05,1.45,dID,CT,FR,0.02,,,,,,,,,,,,,,,,,,,,,,,,,,,,,,,,,,,,,,,,,,,,,,,,,,,,,
HOLE_040,Jerimum de Cima,103274,127.05,128.55,1.50,dID,CT,FR,0.00,,,,,,,,,,,,,,,,,,,,,,,,,,,,,,,,,,,,,,,,,,,,,,,,,,,,,
HOLE_040,Jerimum de Cima,103275,128.55,130.55,2.00,dID,CT,FR,0.02,,,,,,,,,,,,,,,,,,,,,,,,,,,,,,,,,,,,,,,,,,,,,,,,,,,,,
HOLE_040,Jerimum de Cima,103276,130.55,131.50,0.95,dID,CT,FR,0.02,,,,,,,,,,,,,,,,,,,,,,,,,,,,,,,,,,,,,,,,,,,,,,,,,,,,,
HOLE_040,Jerimum de Cima,103277,131.50,132.55,1.05,dID,CT,FR,0.00,,,,,,,,,,,,,,,,,,,,,,,,,,,,,,,,,,,,,,,,,,,,,,,,,,,,,
HOLE_040,Jerimum de Cima,103278,132.55,133.55,1.00,dID,SS,VN,0.00,,,,,,,,,,,,,,,,,,,,,,,,,,,,,,,,,,,,,,,,,,,,,,,,,,,,,
HOLE_040,Jerimum de Cima,103279,133.55,134.50,0.95,dID,SS,VN,0.02,,,,,,,,,,,,,,,,,,,,,,,,,,,,,,,,,,,,,,,,,,,,,,,,,,,,,
HOLE_040,Jerimum de Cima,103280,134.50,135.00,0.50,dID,SS,VN,0.06,,,,,,,,,,,,,,,,,,,,,,,,,,,,,,,,,,,,,,,,,,,,,,,,,,,,,
HOLE_040,Jerimum de Cima,103281,135.00,135.50,0.50,dID,SS,VN,0.24,,,,,,,,,,,,,,,,,,,,,,,,,,,,,,,,,,,,,,,,,,,,,,,,,,,,,
HOLE_040,Jerimum de Cima,103282,135.50,136.80,1.30,dID,SS,VN,0.01,,,,,,,,,,,,,,,,,,,,,,,,,,,,,,,,,,,,,,,,,,,,,,,,,,,,,
HOLE_040,Jerimum de Cima,103283,136.80,138.15,1.35,dID,SS,VN,0.21,,,,,,,,,,,,,,,,,,,,,,,,,,,,,,,,,,,,,,,,,,,,,,,,,,,,,
HOLE_040,Jerimum de Cima,103284,138.15,139.15,1.00,dID,CTHM,FR,0.05,,,,,,,,,,,,,,,,,,,,,,,,,,,,,,,,,,,,,,,,,,,,,,,,,,,,,
HOLE_040,Jerimum de Cima,103285,139.15,140.30,1.15,dID,CTHM,FR,0.08,,,,,,,,,,,,,,,,,,,,,,,,,,,,,,,,,,,,,,,,,,,,,,,,,,,,,
HOLE_040,Jerimum de Cima,103286,140.30,141.35,1.05,dID,CTHM,FR,0.04,,,,,,,,,,,,,,,,,,,,,,,,,,,,,,,,,,,,,,,,,,,,,,,,,,,,,
HOLE_040,Jerimum de Cima,103287,141.35,142.60,1.25,dID,CTHM,FR,0.01,,,,,,,,,,,,,,,,,,,,,,,,,,,,,,,,,,,,,,,,,,,,,,,,,,,,,
HOLE_040,Jerimum de Cima,103288,142.60,143.60,1.00,dID,CTHM,FR,0.02,,,,,,,,,,,,,,,,,,,,,,,,,,,,,,,,,,,,,,,,,,,,,,,,,,,,,
HOLE_040,Jerimum de Cima,103289,143.60,144.50,0.90,dID,CTHM,FR,0.00,,,,,,,,,,,,,,,,,,,,,,,,,,,,,,,,,,,,,,,,,,,,,,,,,,,,,
HOLE_040,Jerimum de Cima,103290,144.50,145.40,0.90,dID,CTHM,FR,0.00,,,,,,,,,,,,,,,,,,,,,,,,,,,,,,,,,,,,,,,,,,,,,,,,,,,,,
HOLE_040,Jerimum de Cima,103291,145.40,146.30,0.90,dID,CTHM,FR,0.01,,,,,,,,,,,,,,,,,,,,,,,,,,,,,,,,,,,,,,,,,,,,,,,,,,,,,
HOLE_040,Jerimum de Cima,103292,146.30,147.00,0.70,GSTR,SS,VN,0.04,,,,,,,,,,,,,,,,,,,,,,,,,,,,,,,,,,,,,,,,,,,,,,,,,,,,,
HOLE_040,Jerimum de Cima,103293,147.00,147.50,0.50,GSTR,SS,VN,0.02,,,,,,,,,,,,,,,,,,,,,,,,,,,,,,,,,,,,,,,,,,,,,,,,,,,,,
HOLE_040,Jerimum de Cima,103294,147.50,148.35,0.85,GSTR,SS,VN,0.01,,,,,,,,,,,,,,,,,,,,,,,,,,,,,,,,,,,,,,,,,,,,,,,,,,,,,
HOLE_040,Jerimum de Cima,103295,148.35,149.05,0.70,GSTR,SS,VN,1.80,,,,,,,,,,,,,,,,,,,,,,,,,,,,,,,,,,,,,,,,,,,,,,,,,,,,,
HOLE_040,Jerimum de Cima,103296,149.05,149.75,0.70,GSTR,SS,VN,0.38,,,,,,,,,,,,,,,,,,,,,,,,,,,,,,,,,,,,,,,,,,,,,,,,,,,,,
HOLE_040,Jerimum de Cima,103297,149.75,150.65,0.90,GSTR,SS,VN,1.21,,,,,,,,,,,,,,,,,,,,,,,,,,,,,,,,,,,,,,,,,,,,,,,,,,,,,
HOLE_040,Jerimum de Cima,103298,150.65,151.70,1.05,GSTR,SS,VN,0.02,,,,,,,,,,,,,,,,,,,,,,,,,,,,,,,,,,,,,,,,,,,,,,,,,,,,,
HOLE_040,Jerimum de Cima,103299,151.70,152.40,0.70,GSTR,SS,VN,0.13,,,,,,,,,,,,,,,,,,,,,,,,,,,,,,,,,,,,,,,,,,,,,,,,,,,,,
HOLE_040,Jerimum de Cima,103300,152.40,153.45,1.05,GSTR,SS,VN,0.00,,,,,,,,,,,,,,,,,,,,,,,,,,,,,,,,,,,,,,,,,,,,,,,,,,,,,
HOLE_040,Jerimum de Cima,103301,153.45,154.45,1.00,GSTR,SS,VN,0.64,,,,,,,,,,,,,,,,,,,,,,,,,,,,,,,,,,,,,,,,,,,,,,,,,,,,,
HOLE_040,Jerimum de Cima,103302,154.45,155.50,1.05,GSTR,SS,VN,0.04,,,,,,,,,,,,,,,,,,,,,,,,,,,,,,,,,,,,,,,,,,,,,,,,,,,,,
HOLE_040,Jerimum de Cima,103303,155.50,156.50,1.00,GSTR,SS,VN,0.01,,,,,,,,,,,,,,,,,,,,,,,,,,,,,,,,,,,,,,,,,,,,,,,,,,,,,
HOLE_040,Jerimum de Cima,103304,156.50,157.50,1.00,GSTR,SS,VN,0.00,,,,,,,,,,,,,,,,,,,,,,,,,,,,,,,,,,,,,,,,,,,,,,,,,,,,,
HOLE_040,Jerimum de Cima,103305,157.50,158.50,1.00,GSTR,SS,VN,0.00,,,,,,,,,,,,,,,,,,,,,,,,,,,,,,,,,,,,,,,,,,,,,,,,,,,,,
HOLE_040,Jerimum de Cima,103306,158.50,159.50,1.00,GSTR,SS,VN,0.01,,,,,,,,,,,,,,,,,,,,,,,,,,,,,,,,,,,,,,,,,,,,,,,,,,,,,
HOLE_040,Jerimum de Cima,103307,159.50,160.20,0.70,GSTR,SS,VN,0.02,,,,,,,,,,,,,,,,,,,,,,,,,,,,,,,,,,,,,,,,,,,,,,,,,,,,,
HOLE_040,Jerimum de Cima,103308,160.20,160.90,0.70,GSTR,SS,VN,0.01,,,,,,,,,,,,,,,,,,,,,,,,,,,,,,,,,,,,,,,,,,,,,,,,,,,,,
HOLE_040,Jerimum de Cima,103309,160.90,161.90,1.00,GSTR,SS,VN,0.00,,,,,,,,,,,,,,,,,,,,,,,,,,,,,,,,,,,,,,,,,,,,,,,,,,,,,
HOLE_040,Jerimum de Cima,103310,161.90,162.90,1.00,GSTR,SS,VN,0.00,,,,,,,,,,,,,,,,,,,,,,,,,,,,,,,,,,,,,,,,,,,,,,,,,,,,,
HOLE_040,Jerimum de Cima,103311,162.90,164.00,1.10,GSTR,SS,VN,0.00,,,,,,,,,,,,,,,,,,,,,,,,,,,,,,,,,,,,,,,,,,,,,,,,,,,,,
HOLE_040,Jerimum de Cima,103312,164.00,165.00,1.00,GSTR,SS,VN,0.39,,,,,,,,,,,,,,,,,,,,,,,,,,,,,,,,,,,,,,,,,,,,,,,,,,,,,
HOLE_040,Jerimum de Cima,103313,165.00,166.20,1.20,GSTR,SS,VN,0.00,,,,,,,,,,,,,,,,,,,,,,,,,,,,,,,,,,,,,,,,,,,,,,,,,,,,,
HOLE_040,Jerimum de Cima,103314,166.20,167.45,1.25,GSTR,SS,VN,0.00,,,,,,,,,,,,,,,,,,,,,,,,,,,,,,,,,,,,,,,,,,,,,,,,,,,,,
HOLE_040,Jerimum de Cima,103315,167.45,168.00,0.55,GSTR,SS,VN,0.00,,,,,,,,,,,,,,,,,,,,,,,,,,,,,,,,,,,,,,,,,,,,,,,,,,,,,
HOLE_040,Jerimum de Cima,103316,168.00,169.00,1.00,dID,CT,FR,0.00,,,,,,,,,,,,,,,,,,,,,,,,,,,,,,,,,,,,,,,,,,,,,,,,,,,,,
HOLE_040,Jerimum de Cima,103317,169.00,170.25,1.25,dID,CT,FR,0.02,,,,,,,,,,,,,,,,,,,,,,,,,,,,,,,,,,,,,,,,,,,,,,,,,,,,,
HOLE_040,Jerimum de Cima,103318,170.25,172.00,1.75,dID,CT,FR,0.01,,,,,,,,,,,,,,,,,,,,,,,,,,,,,,,,,,,,,,,,,,,,,,,,,,,,,
HOLE_040,Jerimum de Cima,103319,172.00,174.00,2.00,dID,CT,FR,0.00,,,,,,,,,,,,,,,,,,,,,,,,,,,,,,,,,,,,,,,,,,,,,,,,,,,,,
HOLE_040,Jerimum de Cima,103320,174.00,176.00,2.00,dID,CT,FR,0.00,,,,,,,,,,,,,,,,,,,,,,,,,,,,,,,,,,,,,,,,,,,,,,,,,,,,,
HOLE_040,Jerimum de Cima,103321,176.00,176.80,0.80,dID,CT,FR,0.00,,,,,,,,,,,,,,,,,,,,,,,,,,,,,,,,,,,,,,,,,,,,,,,,,,,,,
HOLE_040,Jerimum de Cima,103322,176.80,177.30,0.50,dID,CT,FR,0.84,,,,,,,,,,,,,,,,,,,,,,,,,,,,,,,,,,,,,,,,,,,,,,,,,,,,,
HOLE_040,Jerimum de Cima,103323,177.30,177.90,0.60,dID,CT,FR,0.00,,,,,,,,,,,,,,,,,,,,,,,,,,,,,,,,,,,,,,,,,,,,,,,,,,,,,
HOLE_040,Jerimum de Cima,103324,177.90,178.85,0.95,dID,CT,FR,0.01,,,,,,,,,,,,,,,,,,,,,,,,,,,,,,,,,,,,,,,,,,,,,,,,,,,,,
HOLE_040,Jerimum de Cima,103325,178.85,180.00,1.15,dID,CT,FR,0.00,,,,,,,,,,,,,,,,,,,,,,,,,,,,,,,,,,,,,,,,,,,,,,,,,,,,,
HOLE_040,Jerimum de Cima,103326,180.00,181.30,1.30,dID,CT,FR,0.00,,,,,,,,,,,,,,,,,,,,,,,,,,,,,,,,,,,,,,,,,,,,,,,,,,,,,
HOLE_040,Jerimum de Cima,103327,181.30,182.60,1.30,dID,CT,FR,0.00,,,,,,,,,,,,,,,,,,,,,,,,,,,,,,,,,,,,,,,,,,,,,,,,,,,,,
HOLE_040,Jerimum de Cima,103328,182.60,184.00,1.40,dID,CT,FR,0.00,,,,,,,,,,,,,,,,,,,,,,,,,,,,,,,,,,,,,,,,,,,,,,,,,,,,,
HOLE_040,Jerimum de Cima,103329,184.00,186.00,2.00,dID,CT,FR,0.00,,,,,,,,,,,,,,,,,,,,,,,,,,,,,,,,,,,,,,,,,,,,,,,,,,,,,
HOLE_040,Jerimum de Cima,103330,186.00,188.00,2.00,dID,CT,FR,0.00,,,,,,,,,,,,,,,,,,,,,,,,,,,,,,,,,,,,,,,,,,,,,,,,,,,,,
HOLE_040,Jerimum de Cima,103331,188.00,190.00,2.00,dID,CT,FR,0.00,,,,,,,,,,,,,,,,,,,,,,,,,,,,,,,,,,,,,,,,,,,,,,,,,,,,,
HOLE_040,Jerimum de Cima,103332,190.00,192.00,2.00,dID,CT,FR,0.00,,,,,,,,,,,,,,,,,,,,,,,,,,,,,,,,,,,,,,,,,,,,,,,,,,,,,
HOLE_040,Jerimum de Cima,103333,192.00,194.00,2.00,dID,CT,FR,0.00,,,,,,,,,,,,,,,,,,,,,,,,,,,,,,,,,,,,,,,,,,,,,,,,,,,,,
HOLE_040,Jerimum de Cima,103334,194.00,196.00,2.00,dID,CT,FR,0.00,,,,,,,,,,,,,,,,,,,,,,,,,,,,,,,,,,,,,,,,,,,,,,,,,,,,,
HOLE_040,Jerimum de Cima,103335,196.00,198.00,2.00,dID,CT,FR,0.00,,,,,,,,,,,,,,,,,,,,,,,,,,,,,,,,,,,,,,,,,,,,,,,,,,,,,
HOLE_040,Jerimum de Cima,103336,198.00,200.00,2.00,dID,CT,FR,0.00,,,,,,,,,,,,,,,,,,,,,,,,,,,,,,,,,,,,,,,,,,,,,,,,,,,,,
HOLE_040,Jerimum de Cima,103337,200.00,202.00,2.00,dID,CT,FR,0.00,,,,,,,,,,,,,,,,,,,,,,,,,,,,,,,,,,,,,,,,,,,,,,,,,,,,,
HOLE_040,Jerimum de Cima,103338,202.00,204.00,2.00,dID,CT,FR,0.00,,,,,,,,,,,,,,,,,,,,,,,,,,,,,,,,,,,,,,,,,,,,,,,,,,,,,
HOLE_040,Jerimum de Cima,103339,204.00,206.00,2.00,dID,CT,FR,0.00,,,,,,,,,,,,,,,,,,,,,,,,,,,,,,,,,,,,,,,,,,,,,,,,,,,,,
HOLE_040,Jerimum de Cima,103340,206.00,208.00,2.00,dID,CT,FR,0.00,,,,,,,,,,,,,,,,,,,,,,,,,,,,,,,,,,,,,,,,,,,,,,,,,,,,,
HOLE_040,Jerimum de Cima,103341,208.00,210.00,2.00,dID,CT,FR,0.01,,,,,,,,,,,,,,,,,,,,,,,,,,,,,,,,,,,,,,,,,,,,,,,,,,,,,
HOLE_040,Jerimum de Cima,103342,210.00,211.80,1.80,dID,CT,FR,0.01,,,,,,,,,,,,,,,,,,,,,,,,,,,,,,,,,,,,,,,,,,,,,,,,,,,,,
HOLE_040,Jerimum de Cima,103343,211.80,212.30,0.50,dID,HM,MT,10.78,,,,,,,,,,,,,,,,,,,,,,,,,,,,,,,,,,,,,,,,,,,,,,,,,,,,,
HOLE_040,Jerimum de Cima,103344,212.30,213.25,0.95,dID,HM,MT,0.01,,,,,,,,,,,,,,,,,,,,,,,,,,,,,,,,,,,,,,,,,,,,,,,,,,,,,
HOLE_040,Jerimum de Cima,103345,213.25,214.00,0.75,dID,HM,MT,0.01,,,,,,,,,,,,,,,,,,,,,,,,,,,,,,,,,,,,,,,,,,,,,,,,,,,,,
HOLE_040,Jerimum de Cima,103346,214.00,215.55,1.55,dID,HM,MT,0.00,,,,,,,,,,,,,,,,,,,,,,,,,,,,,,,,,,,,,,,,,,,,,,,,,,,,,
HOLE_040,Jerimum de Cima,103347,215.55,216.20,0.65,dID,HM,MT,0.04,,,,,,,,,,,,,,,,,,,,,,,,,,,,,,,,,,,,,,,,,,,,,,,,,,,,,
HOLE_040,Jerimum de Cima,103348,216.20,217.35,1.15,dID,HM,MT,0.00,,,,,,,,,,,,,,,,,,,,,,,,,,,,,,,,,,,,,,,,,,,,,,,,,,,,,
HOLE_040,Jerimum de Cima,103349,217.35,218.50,1.15,dID,HM,MT,0.01,,,,,,,,,,,,,,,,,,,,,,,,,,,,,,,,,,,,,,,,,,,,,,,,,,,,,
HOLE_040,Jerimum de Cima,103350,218.50,219.30,0.80,dID,HM,MT,4.80,,,,,,,,,,,,,,,,,,,,,,,,,,,,,,,,,,,,,,,,,,,,,,,,,,,,,
HOLE_040,Jerimum de Cima,103351,219.30,220.95,1.65,dID,HM,MT,0.00,,,,,,,,,,,,,,,,,,,,,,,,,,,,,,,,,,,,,,,,,,,,,,,,,,,,,
HOLE_040,Jerimum de Cima,103352,220.95,222.60,1.65,dID,HM,MT,0.01,,,,,,,,,,,,,,,,,,,,,,,,,,,,,,,,,,,,,,,,,,,,,,,,,,,,,
HOLE_040,Jerimum de Cima,103353,222.60,223.40,0.80,dID,HM,MT,0.00,,,,,,,,,,,,,,,,,,,,,,,,,,,,,,,,,,,,,,,,,,,,,,,,,,,,,
HOLE_040,Jerimum de Cima,103354,223.40,224.20,0.80,dID,HM,MT,0.06,,,,,,,,,,,,,,,,,,,,,,,,,,,,,,,,,,,,,,,,,,,,,,,,,,,,,
HOLE_040,Jerimum de Cima,103355,224.20,224.70,0.50,dID,HM,MT,0.19,,,,,,,,,,,,,,,,,,,,,,,,,,,,,,,,,,,,,,,,,,,,,,,,,,,,,
HOLE_040,Jerimum de Cima,103356,224.70,225.70,1.00,IA,EPI,FR,0.73,,,,,,,,,,,,,,,,,,,,,,,,,,,,,,,,,,,,,,,,,,,,,,,,,,,,,
HOLE_040,Jerimum de Cima,103357,225.70,226.20,0.50,IA,EPI,FR,0.03,,,,,,,,,,,,,,,,,,,,,,,,,,,,,,,,,,,,,,,,,,,,,,,,,,,,,
HOLE_040,Jerimum de Cima,103358,226.20,227.20,1.00,IA,EPI,FR,0.04,,,,,,,,,,,,,,,,,,,,,,,,,,,,,,,,,,,,,,,,,,,,,,,,,,,,,
HOLE_040,Jerimum de Cima,103359,227.20,228.00,0.80,IA,EPI,FR,0.04,,,,,,,,,,,,,,,,,,,,,,,,,,,,,,,,,,,,,,,,,,,,,,,,,,,,,
HOLE_040,Jerimum de Cima,103360,228.00,229.50,1.50,IA,EPI,FR,0.01,,,,,,,,,,,,,,,,,,,,,,,,,,,,,,,,,,,,,,,,,,,,,,,,,,,,,
HOLE_040,Jerimum de Cima,103361,229.50,230.00,0.50,IA,EPI,FR,0.04,,,,,,,,,,,,,,,,,,,,,,,,,,,,,,,,,,,,,,,,,,,,,,,,,,,,,
HOLE_040,Jerimum de Cima,103362,230.00,231.50,1.50,IA,EPI,FR,0.05,,,,,,,,,,,,,,,,,,,,,,,,,,,,,,,,,,,,,,,,,,,,,,,,,,,,,
HOLE_040,Jerimum de Cima,103363,231.50,232.20,0.70,GSTR,SS QV,VN,0.00,,,,,,,,,,,,,,,,,,,,,,,,,,,,,,,,,,,,,,,,,,,,,,,,,,,,,
HOLE_040,Jerimum de Cima,103364,232.20,232.90,0.70,GSTR,SS QV,VN,0.00,,,,,,,,,,,,,,,,,,,,,,,,,,,,,,,,,,,,,,,,,,,,,,,,,,,,,
HOLE_040,Jerimum de Cima,103365,232.90,233.50,0.60,GSTR,SS QV,VN,0.43,,,,,,,,,,,,,,,,,,,,,,,,,,,,,,,,,,,,,,,,,,,,,,,,,,,,,
HOLE_040,Jerimum de Cima,103366,233.50,234.20,0.70,IA,HM,MT,0.39,,,,,,,,,,,,,,,,,,,,,,,,,,,,,,,,,,,,,,,,,,,,,,,,,,,,,
HOLE_040,Jerimum de Cima,103367,234.20,235.25,1.05,IA,HM,MT,0.04,,,,,,,,,,,,,,,,,,,,,,,,,,,,,,,,,,,,,,,,,,,,,,,,,,,,,
HOLE_040,Jerimum de Cima,103368,235.25,236.00,0.75,IA,HM,MT,0.00,,,,,,,,,,,,,,,,,,,,,,,,,,,,,,,,,,,,,,,,,,,,,,,,,,,,,
HOLE_040,Jerimum de Cima,103369,236.00,236.60,0.60,IA,HM,MT,0.00,,,,,,,,,,,,,,,,,,,,,,,,,,,,,,,,,,,,,,,,,,,,,,,,,,,,,
HOLE_040,Jerimum de Cima,103370,236.60,237.10,0.50,IA,HM,MT,0.00,,,,,,,,,,,,,,,,,,,,,,,,,,,,,,,,,,,,,,,,,,,,,,,,,,,,,
HOLE_040,Jerimum de Cima,103371,237.10,238.90,1.80,IA,HM,MT,0.00,,,,,,,,,,,,,,,,,,,,,,,,,,,,,,,,,,,,,,,,,,,,,,,,,,,,,
HOLE_040,Jerimum de Cima,103372,238.90,240.70,1.80,dID,CT,FR,0.00,,,,,,,,,,,,,,,,,,,,,,,,,,,,,,,,,,,,,,,,,,,,,,,,,,,,,
HOLE_040,Jerimum de Cima,103373,240.70,241.55,0.85,dID,CT,FR,0.00,,,,,,,,,,,,,,,,,,,,,,,,,,,,,,,,,,,,,,,,,,,,,,,,,,,,,
HOLE_040,Jerimum de Cima,103374,241.55,242.35,0.80,dID,CT,FR,0.00,,,,,,,,,,,,,,,,,,,,,,,,,,,,,,,,,,,,,,,,,,,,,,,,,,,,,
HOLE_040,Jerimum de Cima,103375,242.35,243.00,0.65,dID,CT,FR,0.00,,,,,,,,,,,,,,,,,,,,,,,,,,,,,,,,,,,,,,,,,,,,,,,,,,,,,
HOLE_040,Jerimum de Cima,103376,243.00,244.00,1.00,dID,CT,FR,0.00,,,,,,,,,,,,,,,,,,,,,,,,,,,,,,,,,,,,,,,,,,,,,,,,,,,,,
HOLE_040,Jerimum de Cima,103377,244.00,245.60,1.60,dID,CT,FR,0.00,,,,,,,,,,,,,,,,,,,,,,,,,,,,,,,,,,,,,,,,,,,,,,,,,,,,,
HOLE_040,Jerimum de Cima,103378,245.60,246.10,0.50,dID,CT,FR,0.03,,,,,,,,,,,,,,,,,,,,,,,,,,,,,,,,,,,,,,,,,,,,,,,,,,,,,
HOLE_040,Jerimum de Cima,103379,246.10,247.60,1.50,dID,CT,FR,0.00,,,,,,,,,,,,,,,,,,,,,,,,,,,,,,,,,,,,,,,,,,,,,,,,,,,,,
HOLE_040,Jerimum de Cima,103380,247.60,249.10,1.50,dID,CT,FR,0.00,,,,,,,,,,,,,,,,,,,,,,,,,,,,,,,,,,,,,,,,,,,,,,,,,,,,,
HOLE_040,Jerimum de Cima,103381,249.10,250.65,1.55,dID,CT,FR,0.00,,,,,,,,,,,,,,,,,,,,,,,,,,,,,,,,,,,,,,,,,,,,,,,,,,,,,
HOLE_040,Jerimum de Cima,103382,250.65,251.35,0.70,dID,CT,FR,0.05,,,,,,,,,,,,,,,,,,,,,,,,,,,,,,,,,,,,,,,,,,,,,,,,,,,,,
HOLE_040,Jerimum de Cima,103383,251.35,252.50,1.15,dID,CT,FR,0.00,,,,,,,,,,,,,,,,,,,,,,,,,,,,,,,,,,,,,,,,,,,,,,,,,,,,,
HOLE_040,Jerimum de Cima,103384,252.50,253.50,1.00,dID,CT,FR,0.00,,,,,,,,,,,,,,,,,,,,,,,,,,,,,,,,,,,,,,,,,,,,,,,,,,,,,
HOLE_040,Jerimum de Cima,103385,253.50,254.55,1.05,dID,CT,FR,0.00,,,,,,,,,,,,,,,,,,,,,,,,,,,,,,,,,,,,,,,,,,,,,,,,,,,,,
HOLE_040,Jerimum de Cima,103386,254.55,255.55,1.00,dID,CT,FR,0.00,,,,,,,,,,,,,,,,,,,,,,,,,,,,,,,,,,,,,,,,,,,,,,,,,,,,,
HOLE_040,Jerimum de Cima,103387,255.55,256.55,1.00,dID,CT,FR,0.00,,,,,,,,,,,,,,,,,,,,,,,,,,,,,,,,,,,,,,,,,,,,,,,,,,,,,
HOLE_040,Jerimum de Cima,103388,256.55,257.35,0.80,dID,CT,FR,0.00,,,,,,,,,,,,,,,,,,,,,,,,,,,,,,,,,,,,,,,,,,,,,,,,,,,,,
HOLE_040,Jerimum de Cima,103389,257.35,259.00,1.65,dID,CT,FR,0.00,,,,,,,,,,,,,,,,,,,,,,,,,,,,,,,,,,,,,,,,,,,,,,,,,,,,,
HOLE_040,Jerimum de Cima,103390,259.00,260.60,1.60,dID,CT,FR,0.00,,,,,,,,,,,,,,,,,,,,,,,,,,,,,,,,,,,,,,,,,,,,,,,,,,,,,
HOLE_040,Jerimum de Cima,103391,260.60,262.20,1.60,dID,CT,FR,0.00,,,,,,,,,,,,,,,,,,,,,,,,,,,,,,,,,,,,,,,,,,,,,,,,,,,,,
HOLE_040,Jerimum de Cima,103392,262.20,263.75,1.55,dID,CT,FR,0.00,,,,,,,,,,,,,,,,,,,,,,,,,,,,,,,,,,,,,,,,,,,,,,,,,,,,,
HOLE_041,Jerimum de Cima,103393,0.00,1.00,1.00,QCOL,,,0.03,,,,,,,,,,,,,,,,,,,,,,,,,,,,,,,,,,,,,,,,,,,,,,,,,,,,,
HOLE_041,Jerimum de Cima,103394,1.00,2.00,1.00,QCOL,,,0.01,,,,,,,,,,,,,,,,,,,,,,,,,,,,,,,,,,,,,,,,,,,,,,,,,,,,,
HOLE_041,Jerimum de Cima,103395,2.00,3.00,1.00,QCOL,,,0.03,,,,,,,,,,,,,,,,,,,,,,,,,,,,,,,,,,,,,,,,,,,,,,,,,,,,,
HOLE_041,Jerimum de Cima,103396,3.00,4.00,1.00,QCOL,,,0.05,,,,,,,,,,,,,,,,,,,,,,,,,,,,,,,,,,,,,,,,,,,,,,,,,,,,,
HOLE_041,Jerimum de Cima,103397,4.00,5.00,1.00,QCOL,,,0.03,,,,,,,,,,,,,,,,,,,,,,,,,,,,,,,,,,,,,,,,,,,,,,,,,,,,,
HOLE_041,Jerimum de Cima,103398,5.00,6.00,1.00,QCOL,,,0.01,,,,,,,,,,,,,,,,,,,,,,,,,,,,,,,,,,,,,,,,,,,,,,,,,,,,,
HOLE_041,Jerimum de Cima,103399,6.00,7.00,1.00,QCOL,,,0.02,,,,,,,,,,,,,,,,,,,,,,,,,,,,,,,,,,,,,,,,,,,,,,,,,,,,,
HOLE_041,Jerimum de Cima,103400,7.00,7.85,0.85,QCOL,,,0.01,,,,,,,,,,,,,,,,,,,,,,,,,,,,,,,,,,,,,,,,,,,,,,,,,,,,,
HOLE_041,Jerimum de Cima,103401,7.85,9.00,1.15,SAP,CTHM,PV,0.00,,,,,,,,,,,,,,,,,,,,,,,,,,,,,,,,,,,,,,,,,,,,,,,,,,,,,
HOLE_041,Jerimum de Cima,103402,9.00,10.00,1.00,SAP,CTHM,PV,0.00,,,,,,,,,,,,,,,,,,,,,,,,,,,,,,,,,,,,,,,,,,,,,,,,,,,,,
HOLE_041,Jerimum de Cima,103403,10.00,11.00,1.00,SAP,CTHM,PV,0.00,,,,,,,,,,,,,,,,,,,,,,,,,,,,,,,,,,,,,,,,,,,,,,,,,,,,,
HOLE_041,Jerimum de Cima,103404,11.00,12.00,1.00,SAP,CTHM,PV,0.00,,,,,,,,,,,,,,,,,,,,,,,,,,,,,,,,,,,,,,,,,,,,,,,,,,,,,
HOLE_041,Jerimum de Cima,103405,12.00,13.00,1.00,SAP,CTHM,PV,0.00,,,,,,,,,,,,,,,,,,,,,,,,,,,,,,,,,,,,,,,,,,,,,,,,,,,,,
HOLE_041,Jerimum de Cima,103406,13.00,14.00,1.00,SAP,CTHM,PV,0.00,,,,,,,,,,,,,,,,,,,,,,,,,,,,,,,,,,,,,,,,,,,,,,,,,,,,,
HOLE_041,Jerimum de Cima,103407,14.00,15.00,1.00,SAP,CTHM,PV,0.00,,,,,,,,,,,,,,,,,,,,,,,,,,,,,,,,,,,,,,,,,,,,,,,,,,,,,
HOLE_041,Jerimum de Cima,103408,15.00,16.00,1.00,SAP,CTHM,PV,0.00,,,,,,,,,,,,,,,,,,,,,,,,,,,,,,,,,,,,,,,,,,,,,,,,,,,,,
HOLE_041,Jerimum de Cima,103409,16.00,17.00,1.00,SAP,CTHM,PV,0.00,,,,,,,,,,,,,,,,,,,,,,,,,,,,,,,,,,,,,,,,,,,,,,,,,,,,,
HOLE_041,Jerimum de Cima,103410,17.00,18.00,1.00,SAP,CTHM,PV,0.00,,,,,,,,,,,,,,,,,,,,,,,,,,,,,,,,,,,,,,,,,,,,,,,,,,,,,
HOLE_041,Jerimum de Cima,103411,18.00,19.00,1.00,SAP,CTHM,PV,0.00,,,,,,,,,,,,,,,,,,,,,,,,,,,,,,,,,,,,,,,,,,,,,,,,,,,,,
HOLE_041,Jerimum de Cima,103412,19.00,20.00,1.00,SAP,CTHM,PV,0.00,,,,,,,,,,,,,,,,,,,,,,,,,,,,,,,,,,,,,,,,,,,,,,,,,,,,,
HOLE_041,Jerimum de Cima,103413,20.00,21.00,1.00,SAP,CTHM,PV,0.00,,,,,,,,,,,,,,,,,,,,,,,,,,,,,,,,,,,,,,,,,,,,,,,,,,,,,
HOLE_041,Jerimum de Cima,103414,21.00,22.00,1.00,SAP,CTHM,PV,0.00,,,,,,,,,,,,,,,,,,,,,,,,,,,,,,,,,,,,,,,,,,,,,,,,,,,,,
HOLE_041,Jerimum de Cima,103415,22.00,23.00,1.00,SAP,CTHM,PV,0.00,,,,,,,,,,,,,,,,,,,,,,,,,,,,,,,,,,,,,,,,,,,,,,,,,,,,,
HOLE_041,Jerimum de Cima,103416,23.00,23.60,0.60,SAP,CTHM,PV,0.00,,,,,,,,,,,,,,,,,,,,,,,,,,,,,,,,,,,,,,,,,,,,,,,,,,,,,
HOLE_041,Jerimum de Cima,103417,23.60,24.55,0.95,SAP,CTHM,PV,0.00,,,,,,,,,,,,,,,,,,,,,,,,,,,,,,,,,,,,,,,,,,,,,,,,,,,,,
HOLE_041,Jerimum de Cima,103418,24.55,26.00,1.45,SAP,CTHM,PV,0.00,,,,,,,,,,,,,,,,,,,,,,,,,,,,,,,,,,,,,,,,,,,,,,,,,,,,,
HOLE_041,Jerimum de Cima,103419,26.00,27.00,1.00,SAP,CTHM,PV,0.00,,,,,,,,,,,,,,,,,,,,,,,,,,,,,,,,,,,,,,,,,,,,,,,,,,,,,
HOLE_041,Jerimum de Cima,103420,27.00,28.00,1.00,SAP,CTHM,PV,0.00,,,,,,,,,,,,,,,,,,,,,,,,,,,,,,,,,,,,,,,,,,,,,,,,,,,,,
HOLE_041,Jerimum de Cima,103421,28.00,29.00,1.00,SAP,CTHM,PV,0.00,,,,,,,,,,,,,,,,,,,,,,,,,,,,,,,,,,,,,,,,,,,,,,,,,,,,,
HOLE_041,Jerimum de Cima,103422,29.00,30.00,1.00,SAP,CTHM,PV,0.00,,,,,,,,,,,,,,,,,,,,,,,,,,,,,,,,,,,,,,,,,,,,,,,,,,,,,
HOLE_041,Jerimum de Cima,103423,30.00,31.00,1.00,SAP,CTHM,PV,0.00,,,,,,,,,,,,,,,,,,,,,,,,,,,,,,,,,,,,,,,,,,,,,,,,,,,,,
HOLE_041,Jerimum de Cima,103424,31.00,32.00,1.00,SAP,CTHM,PV,0.00,,,,,,,,,,,,,,,,,,,,,,,,,,,,,,,,,,,,,,,,,,,,,,,,,,,,,
HOLE_041,Jerimum de Cima,103425,32.00,33.00,1.00,SAP,CTHM,PV,0.00,,,,,,,,,,,,,,,,,,,,,,,,,,,,,,,,,,,,,,,,,,,,,,,,,,,,,
HOLE_041,Jerimum de Cima,103426,33.00,34.00,1.00,SAP,CTHM,PV,0.00,,,,,,,,,,,,,,,,,,,,,,,,,,,,,,,,,,,,,,,,,,,,,,,,,,,,,
HOLE_041,Jerimum de Cima,103427,34.00,35.00,1.00,SAP,CTHM,PV,0.00,,,,,,,,,,,,,,,,,,,,,,,,,,,,,,,,,,,,,,,,,,,,,,,,,,,,,
HOLE_041,Jerimum de Cima,103428,35.00,36.00,1.00,SAP,CTHM,PV,0.11,,,,,,,,,,,,,,,,,,,,,,,,,,,,,,,,,,,,,,,,,,,,,,,,,,,,,
HOLE_041,Jerimum de Cima,103429,36.00,37.00,1.00,SAP,CTHM,PV,0.21,,,,,,,,,,,,,,,,,,,,,,,,,,,,,,,,,,,,,,,,,,,,,,,,,,,,,
HOLE_041,Jerimum de Cima,103430,37.00,38.00,1.00,SAP,CTHM,PV,0.00,,,,,,,,,,,,,,,,,,,,,,,,,,,,,,,,,,,,,,,,,,,,,,,,,,,,,
HOLE_041,Jerimum de Cima,103431,38.00,39.00,1.00,SAP,CTHM,PV,0.00,,,,,,,,,,,,,,,,,,,,,,,,,,,,,,,,,,,,,,,,,,,,,,,,,,,,,
HOLE_041,Jerimum de Cima,103432,39.00,40.00,1.00,SAP,CTHM,PV,0.00,,,,,,,,,,,,,,,,,,,,,,,,,,,,,,,,,,,,,,,,,,,,,,,,,,,,,
HOLE_041,Jerimum de Cima,103433,40.00,41.00,1.00,SAP,CTHM,PV,0.00,,,,,,,,,,,,,,,,,,,,,,,,,,,,,,,,,,,,,,,,,,,,,,,,,,,,,
HOLE_041,Jerimum de Cima,103434,41.00,42.00,1.00,SAP,CTHM,PV,0.00,,,,,,,,,,,,,,,,,,,,,,,,,,,,,,,,,,,,,,,,,,,,,,,,,,,,,
HOLE_041,Jerimum de Cima,103435,42.00,43.00,1.00,SAP,CTHM,PV,0.00,,,,,,,,,,,,,,,,,,,,,,,,,,,,,,,,,,,,,,,,,,,,,,,,,,,,,
HOLE_041,Jerimum de Cima,103436,43.00,44.00,1.00,SAP,CTHM,PV,0.00,,,,,,,,,,,,,,,,,,,,,,,,,,,,,,,,,,,,,,,,,,,,,,,,,,,,,
HOLE_041,Jerimum de Cima,103437,44.00,45.00,1.00,SAP,CTHM,PV,0.00,,,,,,,,,,,,,,,,,,,,,,,,,,,,,,,,,,,,,,,,,,,,,,,,,,,,,
HOLE_041,Jerimum de Cima,103438,45.00,46.00,1.00,SAP,CTHM,PV,0.00,,,,,,,,,,,,,,,,,,,,,,,,,,,,,,,,,,,,,,,,,,,,,,,,,,,,,
HOLE_041,Jerimum de Cima,103439,46.00,47.00,1.00,SAP,CTHM,PV,0.00,,,,,,,,,,,,,,,,,,,,,,,,,,,,,,,,,,,,,,,,,,,,,,,,,,,,,
HOLE_041,Jerimum de Cima,103440,47.00,48.00,1.00,SAP,CTHM,PV,0.00,,,,,,,,,,,,,,,,,,,,,,,,,,,,,,,,,,,,,,,,,,,,,,,,,,,,,
HOLE_041,Jerimum de Cima,103441,48.00,49.00,1.00,SAP,CTHM,PV,0.00,,,,,,,,,,,,,,,,,,,,,,,,,,,,,,,,,,,,,,,,,,,,,,,,,,,,,
HOLE_041,Jerimum de Cima,103442,49.00,50.00,1.00,SAP,CTHM,PV,0.00,,,,,,,,,,,,,,,,,,,,,,,,,,,,,,,,,,,,,,,,,,,,,,,,,,,,,
HOLE_041,Jerimum de Cima,103443,50.00,51.00,1.00,SAP,CTHM,PV,0.00,,,,,,,,,,,,,,,,,,,,,,,,,,,,,,,,,,,,,,,,,,,,,,,,,,,,,
HOLE_041,Jerimum de Cima,103444,51.00,52.00,1.00,SAP,CTHM,PV,0.00,,,,,,,,,,,,,,,,,,,,,,,,,,,,,,,,,,,,,,,,,,,,,,,,,,,,,
HOLE_041,Jerimum de Cima,103445,52.00,53.05,1.05,SAP,CTHM,PV,0.00,,,,,,,,,,,,,,,,,,,,,,,,,,,,,,,,,,,,,,,,,,,,,,,,,,,,,
HOLE_041,Jerimum de Cima,103446,53.05,54.25,1.20,ID,CTHM,PV,0.00,,,,,,,,,,,,,,,,,,,,,,,,,,,,,,,,,,,,,,,,,,,,,,,,,,,,,
HOLE_041,Jerimum de Cima,103447,54.25,55.10,0.85,ID,CTHM,PV,0.00,,,,,,,,,,,,,,,,,,,,,,,,,,,,,,,,,,,,,,,,,,,,,,,,,,,,,
HOLE_041,Jerimum de Cima,103448,55.10,55.60,0.50,GSTR,SS,PV,0.55,0.25,6.07,1.5,,657,1.7,11,2.098,0.25,,9,9,,6,2.57,,,,,,2.11,12,13,,0.51,0.037,0.5,3.41,,3,0.07,22,,,1.43,5,3.9,,5,219.5,,,,,0.2,10,,34,5,4.8,,33,34.4
HOLE_041,Jerimum de Cima,103449,55.60,56.10,0.50,GSTR,SS,PV,1.93,0.8,4.63,1.5,,1283,2.2,11,2.047,0.25,,6,9,,7,2.37,,,,,,3.6,16,17,,0.55,0.0456,0.5,1.93,,3,0.07,19,,,1,5,3.2,,5,148.8,,,,,0.2,10,,46,10,4.3,,30,40.5
HOLE_041,Jerimum de Cima,103450,56.10,56.70,0.60,GSTR,SS,PV,0.22,0.25,4.53,1.5,,1178,1.9,9,1.86,0.25,,5,9,,8,1.95,,,,,,2.98,16.6,15,,0.48,0.0586,0.5,2.7,,2,0.06,18,,,0.43,5,3.2,,5,278,,,,,0.18,10,,43,6,3.9,,30,35.3
HOLE_041,Jerimum de Cima,103451,56.70,57.30,0.60,GSTR,SS,PV,0.29,0.25,3.95,1.5,,1309,1.8,11,2.591,0.25,,7,8,,10,2.3,,,,,,3.08,11.3,18,,0.56,0.0701,0.5,2.29,,2,0.06,18,,,0.63,5,2.8,,5,310.8,,,,,0.19,10,,43,6,3.4,,34,34.6
HOLE_041,Jerimum de Cima,103452,57.30,58.35,1.05,GSTR,SS,PV,0.03,0.25,3.22,1.5,,864,1.6,11,2.603,0.25,,7,8,,4,2.09,,,,,,2.52,11.7,16,,0.51,0.0582,0.5,3.07,,4,0.06,15,,,0.21,5,2.4,,5,345.5,,,,,0.2,10,,40,2.5,3.4,,41,33.3
HOLE_041,Jerimum de Cima,103453,58.35,59.40,1.05,ID,CTHM,ST,0.00,,,,,,,,,,,,,,,,,,,,,,,,,,,,,,,,,,,,,,,,,,,,,,,,,,,,,
HOLE_041,Jerimum de Cima,103454,59.40,61.00,1.60,ID,CTHM,ST,0.00,,,,,,,,,,,,,,,,,,,,,,,,,,,,,,,,,,,,,,,,,,,,,,,,,,,,,
HOLE_041,Jerimum de Cima,103455,61.00,62.00,1.00,ID,CTHM,ST,0.00,,,,,,,,,,,,,,,,,,,,,,,,,,,,,,,,,,,,,,,,,,,,,,,,,,,,,
HOLE_041,Jerimum de Cima,103456,62.00,63.00,1.00,ID,CTHM,ST,0.00,,,,,,,,,,,,,,,,,,,,,,,,,,,,,,,,,,,,,,,,,,,,,,,,,,,,,
HOLE_041,Jerimum de Cima,103457,63.00,65.00,2.00,ID,CTHM,ST,0.00,,,,,,,,,,,,,,,,,,,,,,,,,,,,,,,,,,,,,,,,,,,,,,,,,,,,,
HOLE_041,Jerimum de Cima,103458,65.00,67.00,2.00,ID,CTHM,ST,0.00,,,,,,,,,,,,,,,,,,,,,,,,,,,,,,,,,,,,,,,,,,,,,,,,,,,,,
HOLE_041,Jerimum de Cima,103459,67.00,68.00,1.00,ID,CTHM,ST,0.00,,,,,,,,,,,,,,,,,,,,,,,,,,,,,,,,,,,,,,,,,,,,,,,,,,,,,
HOLE_041,Jerimum de Cima,103460,68.00,69.00,1.00,ID,CTHM,ST,0.00,,,,,,,,,,,,,,,,,,,,,,,,,,,,,,,,,,,,,,,,,,,,,,,,,,,,,
HOLE_041,Jerimum de Cima,103461,69.00,70.00,1.00,ID,CTHM,ST,0.00,,,,,,,,,,,,,,,,,,,,,,,,,,,,,,,,,,,,,,,,,,,,,,,,,,,,,
HOLE_041,Jerimum de Cima,103462,70.00,71.00,1.00,ID,CTHM,ST,0.00,,,,,,,,,,,,,,,,,,,,,,,,,,,,,,,,,,,,,,,,,,,,,,,,,,,,,
HOLE_041,Jerimum de Cima,103463,71.00,73.00,2.00,ID,CTHM,ST,0.00,,,,,,,,,,,,,,,,,,,,,,,,,,,,,,,,,,,,,,,,,,,,,,,,,,,,,
HOLE_041,Jerimum de Cima,103464,73.00,74.00,1.00,ID,CTHM,ST,0.00,,,,,,,,,,,,,,,,,,,,,,,,,,,,,,,,,,,,,,,,,,,,,,,,,,,,,
HOLE_041,Jerimum de Cima,103465,74.00,76.00,2.00,ID,CTHM,FR,0.00,,,,,,,,,,,,,,,,,,,,,,,,,,,,,,,,,,,,,,,,,,,,,,,,,,,,,
HOLE_041,Jerimum de Cima,103466,76.00,78.00,2.00,ID,CTHM,FR,0.00,,,,,,,,,,,,,,,,,,,,,,,,,,,,,,,,,,,,,,,,,,,,,,,,,,,,,
HOLE_041,Jerimum de Cima,103467,78.00,80.00,2.00,ID,CTHM,FR,0.00,,,,,,,,,,,,,,,,,,,,,,,,,,,,,,,,,,,,,,,,,,,,,,,,,,,,,
HOLE_041,Jerimum de Cima,103468,80.00,81.55,1.55,ID,CTHM,FR,0.00,,,,,,,,,,,,,,,,,,,,,,,,,,,,,,,,,,,,,,,,,,,,,,,,,,,,,
HOLE_041,Jerimum de Cima,103469,81.55,82.50,0.95,ID,CTHM,FR,0.00,,,,,,,,,,,,,,,,,,,,,,,,,,,,,,,,,,,,,,,,,,,,,,,,,,,,,
HOLE_041,Jerimum de Cima,103470,82.50,83.90,1.40,ID,CTHM,FR,0.00,,,,,,,,,,,,,,,,,,,,,,,,,,,,,,,,,,,,,,,,,,,,,,,,,,,,,
HOLE_041,Jerimum de Cima,103471,83.90,85.00,1.10,ID,CTHM,FR,0.00,,,,,,,,,,,,,,,,,,,,,,,,,,,,,,,,,,,,,,,,,,,,,,,,,,,,,
HOLE_041,Jerimum de Cima,103472,85.00,87.00,2.00,ID,CTHM,FR,0.00,,,,,,,,,,,,,,,,,,,,,,,,,,,,,,,,,,,,,,,,,,,,,,,,,,,,,
HOLE_041,Jerimum de Cima,103473,87.00,89.00,2.00,ID,CTHM,FR,0.00,,,,,,,,,,,,,,,,,,,,,,,,,,,,,,,,,,,,,,,,,,,,,,,,,,,,,
HOLE_041,Jerimum de Cima,103474,89.00,91.00,2.00,ID,CTHM,FR,0.00,,,,,,,,,,,,,,,,,,,,,,,,,,,,,,,,,,,,,,,,,,,,,,,,,,,,,
HOLE_041,Jerimum de Cima,103475,91.00,93.00,2.00,ID,CTHM,FR,0.00,,,,,,,,,,,,,,,,,,,,,,,,,,,,,,,,,,,,,,,,,,,,,,,,,,,,,
HOLE_041,Jerimum de Cima,103476,93.00,95.00,2.00,ID,CTHM,FR,0.00,,,,,,,,,,,,,,,,,,,,,,,,,,,,,,,,,,,,,,,,,,,,,,,,,,,,,
HOLE_041,Jerimum de Cima,103477,95.00,96.00,1.00,ID,CTHM,FR,0.00,,,,,,,,,,,,,,,,,,,,,,,,,,,,,,,,,,,,,,,,,,,,,,,,,,,,,
HOLE_041,Jerimum de Cima,103478,96.00,98.00,2.00,ID,CTHM,FR,0.00,,,,,,,,,,,,,,,,,,,,,,,,,,,,,,,,,,,,,,,,,,,,,,,,,,,,,
HOLE_041,Jerimum de Cima,103479,98.00,99.00,1.00,ID,CTHM,FR,0.00,,,,,,,,,,,,,,,,,,,,,,,,,,,,,,,,,,,,,,,,,,,,,,,,,,,,,
HOLE_041,Jerimum de Cima,103480,99.00,100.00,1.00,ID,CTHM,FR,0.00,,,,,,,,,,,,,,,,,,,,,,,,,,,,,,,,,,,,,,,,,,,,,,,,,,,,,
HOLE_041,Jerimum de Cima,103481,100.00,101.00,1.00,ID,CTHM,FR,0.00,,,,,,,,,,,,,,,,,,,,,,,,,,,,,,,,,,,,,,,,,,,,,,,,,,,,,
HOLE_041,Jerimum de Cima,103482,101.00,103.00,2.00,ID,CTHM,FR,0.00,,,,,,,,,,,,,,,,,,,,,,,,,,,,,,,,,,,,,,,,,,,,,,,,,,,,,
HOLE_041,Jerimum de Cima,103483,103.00,104.25,1.25,ID,CTHM,FR,0.00,,,,,,,,,,,,,,,,,,,,,,,,,,,,,,,,,,,,,,,,,,,,,,,,,,,,,
HOLE_041,Jerimum de Cima,103484,104.25,105.00,0.75,ID,SCP,PV,0.01,0.25,3.12,1.5,,1215,1.7,10,2.165,0.25,,5,7,,25,2.12,,,,,,2.61,9.6,27,,0.54,0.057,0.5,3.02,,2,0.04,16,,,0.02,5,2.5,,5,391,,,,,0.19,10,,46,2.5,4.9,,69,64.1
HOLE_041,Jerimum de Cima,103485,105.00,105.50,0.50,ID,SCP,PV,0.00,0.25,3.25,1.5,,1325,2,14,2.441,0.25,,8,8,,15,2.61,,,,,,2.68,11,29,,0.62,0.0679,0.5,3.03,,2,0.07,19,,,0.05,5,3.2,,5,485.9,,,,,0.25,10,,62,2.5,6.2,,72,74.4
HOLE_041,Jerimum de Cima,103486,105.50,106.00,0.50,ID,SCP,PV,1.62,1.7,3.96,1.5,,1174,2.1,17,2.86,0.25,,17,11,,23,4.01,,,,,,2.53,21.2,29,,0.7,0.0629,0.5,2.91,,0.5,0.09,27,,,1.81,5,5.7,,5,397.7,,,,,0.29,10,,65,2.5,13.1,,66,100
HOLE_041,Jerimum de Cima,103487,106.00,106.60,0.60,ID,SCP,PV,1.81,2.5,3.9,1.5,,941,1.7,13,1.919,0.25,,16,11,,14,3.36,,,,,,2.13,17.6,21,,0.37,0.0383,0.5,3.52,,0.5,0.05,21,,,2.38,5,3.3,,5,284,,,,,0.17,10,,40,2.5,8.3,,40,92.7
HOLE_041,Jerimum de Cima,103488,106.60,107.10,0.50,ID,SCP,PV,0.31,0.25,4.06,1.5,,1349,1.7,12,1.725,0.25,,22,11,,6,3.56,,,,,,2.64,14.7,31,,0.76,0.0438,0.5,2.59,,0.5,0.07,25,,,1.81,5,4.4,,5,206.8,,,,,0.21,10,,59,6,7.2,,55,91.9
HOLE_041,Jerimum de Cima,103489,107.10,107.70,0.60,ID,SCP,PV,0.21,0.25,4.34,1.5,,1144,1.9,13,2.183,0.25,,13,11,,14,2.64,,,,,,2.64,20.4,28,,0.57,0.0461,0.5,2.89,,2,0.07,22,,,1,5,4.7,,5,212.8,,,,,0.23,10,,57,8,7,,43,102.1
HOLE_041,Jerimum de Cima,103490,107.70,108.50,0.80,ID,SCP,PV,0.02,0.25,4.39,1.5,,1073,2.1,14,2.488,0.25,,8,9,,16,2.78,,,,,,2.36,18.6,25,,0.74,0.0589,0.5,3.14,,0.5,0.07,21,,,0.13,5,5.1,,5,417.1,,,,,0.27,10,,59,2.5,9.9,,57,83
HOLE_041,Jerimum de Cima,103491,108.50,110.00,1.50,ID,CTHM,PV,0.00,,,,,,,,,,,,,,,,,,,,,,,,,,,,,,,,,,,,,,,,,,,,,,,,,,,,,
HOLE_041,Jerimum de Cima,103492,110.00,111.00,1.00,ID,CTHM,PV,0.00,,,,,,,,,,,,,,,,,,,,,,,,,,,,,,,,,,,,,,,,,,,,,,,,,,,,,
HOLE_041,Jerimum de Cima,103493,111.00,112.00,1.00,ID,CTHM,PV,0.07,,,,,,,,,,,,,,,,,,,,,,,,,,,,,,,,,,,,,,,,,,,,,,,,,,,,,
HOLE_041,Jerimum de Cima,103494,112.00,113.00,1.00,ID,CTHM,PV,0.00,,,,,,,,,,,,,,,,,,,,,,,,,,,,,,,,,,,,,,,,,,,,,,,,,,,,,
HOLE_041,Jerimum de Cima,103495,113.00,114.40,1.40,ID,CTHM,PV,0.00,0.25,4.94,1.5,,1290,2.6,22,2.693,0.25,,12,11,,29,3.68,,,,,,2.95,28.6,24,,0.97,0.0787,0.5,3.31,,0.5,0.09,29,,,0.05,5,7,,5,501.5,,,,,0.41,10,,78,2.5,18.2,,92,129.8
HOLE_041,Jerimum de Cima,103496,114.40,115.25,0.85,GSTR,SS,ST,0.00,0.25,3.61,1.5,,623,1.7,11,2.814,0.25,,6,9,,9,2.08,,,,,,2,15.8,15,,0.46,0.036,0.5,3.91,,0.5,0.05,15,,,0.01,5,3.3,,5,140.1,,,,,0.22,10,,43,7,8.8,,56,70.3
HOLE_041,Jerimum de Cima,103497,115.25,116.00,0.75,GSTR,SS,ST,0.00,0.25,3.86,1.5,,698,2.1,15,1.33,0.25,,8,12,,8,2.61,,,,,,2.04,14,18,,0.62,0.0313,0.5,3.78,,2,0.05,15,,,0.005,5,4.2,,5,224.1,,,,,0.27,10,,62,2.5,8.2,,62,66.1
HOLE_041,Jerimum de Cima,103498,116.00,117.00,1.00,GSTR,SS,ST,0.00,0.25,3.69,1.5,,566,1.6,12,2.304,0.25,,8,10,,10,2.44,,,,,,1.95,13,20,,0.63,0.0366,0.5,3.55,,2,0.06,12,,,0.005,5,3.7,,5,111.3,,,,,0.22,10,,53,6,5.5,,61,47.2
HOLE_041,Jerimum de Cima,103499,117.00,118.00,1.00,GSTR,SS,ST,0.00,0.25,3.42,1.5,,480,1.6,9,2.853,0.25,,7,10,,7,2.25,,,,,,1.88,11.9,21,,0.63,0.0378,0.5,3.38,,4,0.05,14,,,0.005,5,3.2,,5,143.1,,,,,0.18,10,,47,2.5,5.3,,59,33.8
HOLE_041,Jerimum de Cima,103500,118.00,118.65,0.65,GSTR,SS,ST,0.01,0.25,2.29,4,,454,1.7,13,1.39,0.25,,9,8,,4,2.28,,,,,,2.29,1.5,19,,0.59,0.0401,0.5,3.2,,5,0.07,12,,,0.15,5,2.1,,5,111,,,,,0.22,10,,59,2.5,2.4,,67,50.8
HOLE_041,Jerimum de Cima,103501,118.65,119.45,0.80,GSTR,SS,ST,0.02,0.25,2.82,1.5,,638,1.9,14,1.8,0.25,,8,8,,17,2.4,,,,,,2.43,4.3,17,,0.57,0.0448,0.5,3.52,,2,0.06,24,,,0.11,5,2.4,,5,200.7,,,,,0.23,10,,57,2.5,3.1,,77,38.3
HOLE_041,Jerimum de Cima,103502,119.45,120.50,1.05,GSTR,SS,ST,0.00,0.25,3.01,1.5,,781,1.9,12,1.543,0.25,,8,8,,14,2.29,,,,,,2.28,7.4,18,,0.56,0.0425,0.5,3.08,,4,0.06,29,,,0.1,5,2.9,,5,245.3,,,,,0.23,10,,50,2.5,4.5,,79,53.6
HOLE_041,Jerimum de Cima,103503,120.50,121.55,1.05,GSTR,SS,ST,0.08,0.25,3.18,1.5,,564,2.1,14,1.897,0.25,,9,8,,26,2.85,,,,,,1.95,16.7,19,,0.67,0.05,0.5,3.23,,1,0.07,24,,,0.17,5,4.3,,5,210,,,,,0.26,10,,61,2.5,9,,76,96.7
HOLE_041,Jerimum de Cima,103504,121.55,122.30,0.75,GSTR,SS,ST,0.01,0.25,4.13,1.5,,509,1.9,13,4,0.25,,10,8,,23,2.97,,,,,,2,21.3,23,,0.76,0.0641,0.5,3.14,,4,0.08,20,,,0.07,5,5.5,,5,238.1,,,,,0.24,10,,63,2.5,10.5,,71,88.4
HOLE_041,Jerimum de Cima,103505,122.30,123.30,1.00,GSTR,SS,ST,0.01,0.25,4.87,1.5,,679,2,13,3.202,0.25,,9,9,,15,2.89,,,,,,1.89,26.2,23,,0.82,0.0656,0.5,3.3,,2,0.08,24,,,0.12,5,6,,5,377,,,,,0.25,10,,61,2.5,9.5,,101,76.1
HOLE_041,Jerimum de Cima,103506,123.30,124.00,0.70,ID,CTHM,PV,0.00,,,,,,,,,,,,,,,,,,,,,,,,,,,,,,,,,,,,,,,,,,,,,,,,,,,,,
HOLE_041,Jerimum de Cima,103507,124.00,125.00,1.00,ID,CTHM,PV,0.03,,,,,,,,,,,,,,,,,,,,,,,,,,,,,,,,,,,,,,,,,,,,,,,,,,,,,
HOLE_041,Jerimum de Cima,103508,125.00,127.00,2.00,ID,CTHM,PV,0.00,,,,,,,,,,,,,,,,,,,,,,,,,,,,,,,,,,,,,,,,,,,,,,,,,,,,,
HOLE_041,Jerimum de Cima,103509,127.00,127.75,0.75,ID,CTHM,PV,0.02,,,,,,,,,,,,,,,,,,,,,,,,,,,,,,,,,,,,,,,,,,,,,,,,,,,,,
HOLE_041,Jerimum de Cima,103510,127.75,128.75,1.00,ID,CTHM,PV,0.05,,,,,,,,,,,,,,,,,,,,,,,,,,,,,,,,,,,,,,,,,,,,,,,,,,,,,
HOLE_041,Jerimum de Cima,103511,128.75,129.40,0.65,ID,CTHM,PV,0.03,,,,,,,,,,,,,,,,,,,,,,,,,,,,,,,,,,,,,,,,,,,,,,,,,,,,,
HOLE_041,Jerimum de Cima,103512,129.40,130.90,1.50,ID,CTHM,PV,0.03,0.25,3.57,1.5,,909,1.6,6,0.913,0.25,,2,6,,13,1.21,,,,,,3.45,9.6,6,,0.17,0.0236,0.5,3.14,,2,0.02,20,,,0.18,5,1.8,,5,164.5,,,,,0.1,10,,14,2.5,5.9,,31,87.2
HOLE_041,Jerimum de Cima,103513,130.90,131.70,0.80,ID,CTHM,PV,0.75,0.25,4.34,1.5,,923,1.7,7,1.539,0.25,,4,6,,14,1.82,,,,,,2.64,19.2,10,,0.33,0.0345,0.5,2.65,,0.5,0.04,41,,,0.46,5,2.2,,5,239.1,,,,,0.15,10,,21,2.5,6.8,,40,118.8
HOLE_041,Jerimum de Cima,103514,131.70,132.40,0.70,ID,CTHM,PV,0.26,0.25,4.86,16,,1082,2.2,16,2.138,0.25,,12,9,,34,2.92,,,,,,2.79,27.4,22,,0.71,0.052,0.5,2.81,,2,0.07,29,,,0.64,5,5.3,,5,320.7,,,,,0.28,10,,53,2.5,13.1,,55,97.6
HOLE_041,Jerimum de Cima,103515,132.40,133.60,1.20,ID,CTHM,PV,0.03,0.25,2.94,1.5,,835,1.9,13,1.972,0.25,,7,8,,21,2.4,,,,,,2.11,13.3,20,,0.5,0.0506,0.5,3.58,,3,0.06,15,,,0.14,5,2.8,,5,273.6,,,,,0.25,10,,50,2.5,7.1,,59,99.9
HOLE_041,Jerimum de Cima,103516,133.60,135.00,1.40,ID,CTHM,PV,0.05,,,,,,,,,,,,,,,,,,,,,,,,,,,,,,,,,,,,,,,,,,,,,,,,,,,,,
HOLE_041,Jerimum de Cima,103517,135.00,137.00,2.00,ID,CTHM,PV,0.00,,,,,,,,,,,,,,,,,,,,,,,,,,,,,,,,,,,,,,,,,,,,,,,,,,,,,
HOLE_041,Jerimum de Cima,103518,137.00,138.00,1.00,ID,CTHM,PV,0.82,,,,,,,,,,,,,,,,,,,,,,,,,,,,,,,,,,,,,,,,,,,,,,,,,,,,,
HOLE_041,Jerimum de Cima,103519,138.00,140.00,2.00,ID,CTHM,PV,0.00,,,,,,,,,,,,,,,,,,,,,,,,,,,,,,,,,,,,,,,,,,,,,,,,,,,,,
HOLE_041,Jerimum de Cima,103520,140.00,141.00,1.00,ID,CTHM,PV,0.41,,,,,,,,,,,,,,,,,,,,,,,,,,,,,,,,,,,,,,,,,,,,,,,,,,,,,
HOLE_041,Jerimum de Cima,103521,141.00,142.00,1.00,ID,CTHM,PV,0.00,,,,,,,,,,,,,,,,,,,,,,,,,,,,,,,,,,,,,,,,,,,,,,,,,,,,,
HOLE_041,Jerimum de Cima,103522,142.00,143.80,1.80,ID,CTHM,PV,0.00,,,,,,,,,,,,,,,,,,,,,,,,,,,,,,,,,,,,,,,,,,,,,,,,,,,,,
HOLE_041,Jerimum de Cima,103523,143.80,144.55,0.75,GSTR,SS QV,ST,1.69,7,3.88,20,,1635,2.5,29,1.816,0.25,,5,11,,89,2.93,,,,,,4.04,17.3,26,,0.7,0.0394,16,0.83,,5,0.08,119,,,1.17,5,5.2,,5,105,,,,,0.28,10,,69,6,9.4,,62,99.6
HOLE_041,Jerimum de Cima,103524,144.55,145.30,0.75,GSTR,SS QV,ST,1.98,1.5,4.44,10,,1225,1.9,8,0.893,3.1,,4,7,,83,2.21,,,,,,4.23,17.9,14,,0.5,0.0302,6,0.96,,2,0.04,105,,,1.06,5,2.6,,5,91,,,,,0.14,10,,33,2.5,7.3,,129,107.1
HOLE_041,Jerimum de Cima,103525,145.30,146.30,1.00,GSTR,SS QV,ST,0.14,0.25,2.73,1.5,,472,1.6,11,2.278,1.8,,6,8,,80,2.27,,,,,,2.3,11.1,19,,0.48,0.0525,0.5,3.19,,3,0.06,31,,,0.46,5,3.1,,5,108.4,,,,,0.2,10,,52,6,7.1,,115,90
HOLE_041,Jerimum de Cima,103526,146.30,147.00,0.70,GSTR,SS QV,ST,1.66,0.8,3.59,1.5,,662,1.8,13,3.478,0.6,,7,8,,179,2.61,,,,,,2.94,11,20,,0.6,0.0764,0.5,2.38,,4,0.07,35,,,0.65,5,4,,5,141.4,,,,,0.2,10,,58,7,7.3,,72,64.4
HOLE_041,Jerimum de Cima,103527,147.00,147.70,0.70,GSTR,SS QV,ST,0.02,0.25,3.48,1.5,,442,1.9,14,2.347,0.25,,8,8,,28,3.04,,,,,,2.31,21.9,26,,0.77,0.0571,0.5,3.38,,4,0.08,16,,,0.25,5,4.1,,5,225,,,,,0.24,10,,73,2.5,9.3,,89,80.5
HOLE_041,Jerimum de Cima,103528,147.70,148.40,0.70,GSTR,SS QV,ST,1.17,8.9,3.31,8,,714,1.9,24,2.006,0.8,,6,9,,142,2.65,,,,,,3.38,8.1,15,,0.55,0.0428,0.5,0.79,,3,0.07,115,,,1.28,5,3.8,,5,76.2,,,,,0.18,10,,52,2.5,5,,77,58.7
HOLE_041,Jerimum de Cima,103529,148.40,149.30,0.90,GSTR,SS QV,ST,0.00,0.25,4.67,1.5,,549,1.8,13,2.313,0.25,,10,10,,18,2.89,,,,,,1.99,17.3,25,,0.88,0.0623,0.5,3.8,,4,0.08,17,,,0.09,5,4.6,,5,299.3,,,,,0.25,10,,60,2.5,6,,73,47.2
HOLE_041,Jerimum de Cima,103530,149.30,150.00,0.70,GSTR,SS QV,ST,0.01,0.25,7.17,1.5,,555,1.7,11,2.922,0.25,,8,10,,26,2.86,,,,,,2.04,26.4,28,,0.93,0.0638,0.5,3.84,,5,0.08,20,,,0.11,5,6.6,,5,260.6,,,,,0.22,10,,52,2.5,6.9,,76,38.6
HOLE_041,Jerimum de Cima,103531,150.00,150.90,0.90,GSTR,SS QV,ST,0.25,0.9,3.02,1.5,,552,1.7,11,1.913,0.25,,8,9,,49,2.38,,,,,,2.38,8.2,20,,0.57,0.0481,0.5,3.15,,4,0.07,19,,,0.49,5,2.7,,5,141.5,,,,,0.2,10,,48,5,3.1,,58,34.9
HOLE_041,Jerimum de Cima,103532,150.90,151.50,0.60,GSTR,SS QV,ST,1.98,4.4,3.51,1.5,,1472,1.7,15,2.772,0.25,,10,9,,119,2.52,,,,,,3.37,9.8,16,,0.49,0.051,0.5,0.93,,4,0.06,32,,,1.06,5,3.5,,5,109.4,,,,,0.19,10,,49,2.5,7.3,,48,38.1
HOLE_041,Jerimum de Cima,103533,151.50,152.50,1.00,GSTR,SS QV,ST,0.12,0.25,3.41,1.5,,921,1.9,12,2.311,0.25,,6,9,,53,2.05,,,,,,3.01,6.3,17,,0.52,0.0511,0.5,3.02,,4,0.07,18,,,0.33,5,2.6,,5,177.8,,,,,0.23,10,,43,6,3.6,,61,42.2
HOLE_041,Jerimum de Cima,103534,152.50,153.30,0.80,GSTR,SS QV,ST,1.33,0.6,3.85,1.5,,929,2,13,1.515,0.25,,6,9,,39,2.33,,,,,,3.59,6.9,15,,0.6,0.0485,1,1.23,,3,0.07,29,,,0.86,5,2.9,,5,106.4,,,,,0.2,10,,39,7,3.3,,56,39.8
HOLE_041,Jerimum de Cima,103535,153.30,154.15,0.85,GSTR,SS QV,ST,0.92,0.25,4.73,1.5,,787,2,13,1.423,0.25,,7,9,,28,2.25,,,,,,2.17,10.5,18,,0.62,0.0477,0.5,3.95,,3,0.06,20,,,0.21,5,2.9,,5,283.2,,,,,0.23,10,,38,2.5,3.8,,60,50.2
HOLE_041,Jerimum de Cima,103536,154.15,154.90,0.75,GSTR,SS QV,ST,0.00,0.25,7.8,1.5,,1180,2,17,2.006,0.25,,7,11,,27,3.12,,,,,,2.43,24.1,28,,1.07,0.0656,0.5,3.54,,4,0.1,26,,,0.16,5,6.6,,5,465.3,,,,,0.28,10,,53,2.5,7,,80,57.1
HOLE_041,Jerimum de Cima,103537,154.90,155.40,0.50,GSTR,SS QV,ST,0.84,0.9,5.12,7,,915,2.5,20,1.551,0.25,,4,12,,59,3.44,,,,,,3.85,16.9,20,,0.85,0.0548,0.5,1.96,,2,0.09,54,,,1.64,5,5.8,,5,115.8,,,,,0.33,10,,73,9,8.9,,63,84.5
HOLE_041,Jerimum de Cima,103538,155.40,156.00,0.60,GSTR,SS QV,ST,6.92,9.6,3.93,19,,695,1.8,17,4.513,0.25,,7,12,,41,3.8,,,,,,3.42,13.2,16,,0.63,0.0618,0.5,0.41,,2,0.08,88,,,2.42,5,5.2,,5,96.8,,,,,0.25,10,,64,5,9,,55,81
HOLE_041,Jerimum de Cima,103539,156.00,156.65,0.65,GSTR,SS QV,ST,0.65,5.5,3.96,1.5,,749,1.8,16,3.468,0.25,,3,9,,71,2.96,,,,,,3.25,12.6,20,,0.67,0.0612,0.5,0.9,,2,0.07,47,,,1.04,5,4,,5,85.9,,,,,0.23,10,,61,2.5,7.1,,58,66.4
HOLE_041,Jerimum de Cima,103540,156.65,158.00,1.35,ID,CTHM,MT,0.00,,,,,,,,,,,,,,,,,,,,,,,,,,,,,,,,,,,,,,,,,,,,,,,,,,,,,
HOLE_041,Jerimum de Cima,103541,158.00,160.00,2.00,ID,CTHM,MT,0.00,,,,,,,,,,,,,,,,,,,,,,,,,,,,,,,,,,,,,,,,,,,,,,,,,,,,,
HOLE_041,Jerimum de Cima,103542,160.00,162.00,2.00,ID,CTHM,MT,0.00,,,,,,,,,,,,,,,,,,,,,,,,,,,,,,,,,,,,,,,,,,,,,,,,,,,,,
HOLE_041,Jerimum de Cima,103543,162.00,164.00,2.00,ID,CTHM,MT,0.00,,,,,,,,,,,,,,,,,,,,,,,,,,,,,,,,,,,,,,,,,,,,,,,,,,,,,
HOLE_041,Jerimum de Cima,103544,164.00,165.20,1.20,ID,CTHM,MT,0.00,,,,,,,,,,,,,,,,,,,,,,,,,,,,,,,,,,,,,,,,,,,,,,,,,,,,,
HOLE_041,Jerimum de Cima,103545,165.20,166.00,0.80,ID,CTHM,MT,0.08,,,,,,,,,,,,,,,,,,,,,,,,,,,,,,,,,,,,,,,,,,,,,,,,,,,,,
HOLE_041,Jerimum de Cima,103546,166.00,167.00,1.00,ID,CTHM,MT,0.02,,,,,,,,,,,,,,,,,,,,,,,,,,,,,,,,,,,,,,,,,,,,,,,,,,,,,
HOLE_041,Jerimum de Cima,103547,167.00,167.70,0.70,ID,CTHM,MT,0.00,,,,,,,,,,,,,,,,,,,,,,,,,,,,,,,,,,,,,,,,,,,,,,,,,,,,,
HOLE_041,Jerimum de Cima,103548,167.70,168.35,0.65,ID,CTHM,MT,0.08,,,,,,,,,,,,,,,,,,,,,,,,,,,,,,,,,,,,,,,,,,,,,,,,,,,,,
HOLE_041,Jerimum de Cima,103549,168.35,170.00,1.65,ID,CTHM,MT,0.00,,,,,,,,,,,,,,,,,,,,,,,,,,,,,,,,,,,,,,,,,,,,,,,,,,,,,
HOLE_041,Jerimum de Cima,103550,170.00,171.75,1.75,ID,CTHM,MT,0.00,,,,,,,,,,,,,,,,,,,,,,,,,,,,,,,,,,,,,,,,,,,,,,,,,,,,,
HOLE_041,Jerimum de Cima,103551,171.75,172.85,1.10,ID,CTHM,MT,0.00,,,,,,,,,,,,,,,,,,,,,,,,,,,,,,,,,,,,,,,,,,,,,,,,,,,,,
HOLE_041,Jerimum de Cima,103552,172.85,173.80,0.95,ID,CTHM,MT,0.00,,,,,,,,,,,,,,,,,,,,,,,,,,,,,,,,,,,,,,,,,,,,,,,,,,,,,
HOLE_041,Jerimum de Cima,103553,173.80,174.75,0.95,ID,CTHM,MT,1.42,,,,,,,,,,,,,,,,,,,,,,,,,,,,,,,,,,,,,,,,,,,,,,,,,,,,,
HOLE_041,Jerimum de Cima,103554,174.75,175.50,0.75,QV,SS QV,PV,2.57,1.3,2.73,1.5,,740,1.5,11,2.521,0.25,,12,10,,62,2.78,,,,,,2.76,13.1,13,,0.4,0.0441,0.5,1.13,,2,0.05,23,,,1.75,5,2.1,,5,108.3,,,,,0.16,10,,33,2.5,4.8,,41,32.1
HOLE_041,Jerimum de Cima,103555,175.50,176.00,0.50,QV,SS QV,PV,1.50,2.1,4.88,1.5,,870,2.1,14,0.998,0.25,,6,11,,119,2.64,,,,,,3.95,12.9,17,,0.56,0.0342,2,0.62,,4,0.07,28,,,1.31,5,3.3,,5,72.6,,,,,0.18,10,,41,6,5.4,,57,44.9
HOLE_041,Jerimum de Cima,103556,176.00,176.50,0.50,QV,SS QV,PV,7.25,6,4.38,1.5,,785,2,22,1.24,0.9,,8,13,,106,2.91,,,,,,4.08,10.4,12,,0.42,0.0358,0.5,0.07,,3,0.06,41,,,1.93,5,3.5,,5,55,,,,,0.18,10,,45,8,4.7,,73,37.5
HOLE_041,Jerimum de Cima,103557,176.50,177.00,0.50,QV,SS QV,PV,2.19,0.6,4.14,1.5,,792,2.1,12,1.688,0.25,,3,9,,150,2.15,,,,,,4.14,11,13,,0.42,0.0429,1,0.2,,6,0.07,22,,,0.84,5,4,,5,66.5,,,,,0.21,10,,49,6,4.9,,52,39.8
HOLE_041,Jerimum de Cima,103558,177.00,177.50,0.50,QV,SS QV,PV,4.92,15.6,2.43,1.5,,279,0.8,21,0.956,0.25,,5,10,,62,1.67,,,,,,1.37,7.2,8,,0.26,0.0263,0.5,0.05,,3,0.02,25,,,1,5,1.6,,5,33.9,,,,,0.06,10,,13,2.5,3.3,,43,12
HOLE_041,Jerimum de Cima,103559,177.50,178.20,0.70,QV,SS QV,PV,1.63,1.4,0.61,1.5,,66,0.25,2.5,0.492,0.6,,1,9,,34,1.16,,,,,,0.29,3.1,4,,0.1,0.0147,0.5,0.03,,3,0.005,19,,,0.89,5,0.25,,5,19.7,,,,,0.02,10,,3,2.5,1.4,,33,2.7
HOLE_041,Jerimum de Cima,103560,178.20,178.70,0.50,QV,SS QV,PV,3.38,2.7,2.76,1.5,,306,0.9,15,0.647,1.1,,8,13,,114,2.33,,,,,,1.67,5.8,9,,0.39,0.0307,1,0.03,,2,0.03,37,,,1.52,5,3,,5,30.9,,,,,0.09,10,,25,2.5,4.5,,99,16.1
HOLE_041,Jerimum de Cima,103561,178.70,179.25,0.55,QV,SS QV,PV,12.96,2.9,1.07,1.5,,119,0.25,8,0.536,0.25,,6,11,,345,1.99,,,,,,0.54,2.9,6,,0.16,0.022,2,0.03,,6,0.005,40,,,1.56,5,1,,5,27.6,,,,,0.02,10,,9,2.5,3.2,,45,4.7
HOLE_041,Jerimum de Cima,103562,179.25,180.00,0.75,QV,SS QV,PV,6.84,4.3,1.81,1.5,,282,0.6,7,1.631,2.1,,5,11,,207,2.49,,,,,,1.05,10.6,8,,0.29,0.0406,4,0.02,,1,0.01,95,,,1.95,5,1.6,,5,66.7,,,,,0.05,10,,12,2.5,6.1,,145,13.5
HOLE_041,Jerimum de Cima,103563,180.00,180.50,0.50,QV,SS QV,PV,11.85,6.3,2.68,18,,462,1.2,13,0.669,4.4,,5,13,,159,4.12,,,,,,2.37,10.2,8,,0.32,0.0251,1,0.16,,1,0.03,121,,,3.76,5,2.2,,5,38.2,,,,,0.09,10,,23,2.5,3.3,,390,26.8
HOLE_041,Jerimum de Cima,103564,180.50,181.00,0.50,QV,SS QV,PV,8.07,3.5,0.6,8,,64,0.25,2.5,0.469,1.9,,3,9,,55,2.81,,,,,,0.31,2.8,3,,0.07,0.0161,0.5,0.03,,0.5,0.005,47,,,2.82,5,0.25,,5,23,,,,,0.02,10,,2,2.5,3.1,,187,4.5
HOLE_041,Jerimum de Cima,103565,181.00,181.55,0.55,QV,SS QV,PV,1439.02,46.4,2.22,1.5,,338,0.7,6,0.93,0.25,,0.5,9,,30,1.31,,,,,,1.35,5.9,7,,0.25,0.0248,4,0.07,,2,0.02,43,,,0.58,5,1.8,,5,29.9,,,,,0.05,10,,11,2.5,2.6,,49,18.4
HOLE_041,Jerimum de Cima,103566,181.55,182.25,0.70,QV,SS QV,PV,1.48,1.5,3.45,1.5,,782,1.4,9,1.608,1.4,,2,8,,75,2.17,,,,,,3.27,7.8,15,,0.46,0.0394,2,0.41,,3,0.05,34,,,0.96,5,2.6,,5,69.2,,,,,0.13,10,,34,2.5,2.9,,120,28.3
HOLE_041,Jerimum de Cima,103567,182.25,183.30,1.05,QV,SS QV,PV,0.06,0.25,4.31,1.5,,704,1.7,11,1.875,0.25,,7,8,,15,2.04,,,,,,2.03,11.4,18,,0.56,0.0475,0.5,3.2,,4,0.06,22,,,0.35,5,2.9,,5,327.3,,,,,0.2,10,,33,2.5,3.9,,76,29
HOLE_041,Jerimum de Cima,103568,183.30,185.25,1.95,ID,CTHM,PV,0.01,,,,,,,,,,,,,,,,,,,,,,,,,,,,,,,,,,,,,,,,,,,,,,,,,,,,,
HOLE_041,Jerimum de Cima,103569,185.25,185.90,0.65,ID,CTHM,PV,0.22,,,,,,,,,,,,,,,,,,,,,,,,,,,,,,,,,,,,,,,,,,,,,,,,,,,,,
HOLE_041,Jerimum de Cima,103570,185.90,186.70,0.80,ID,CTHM,PV,0.06,,,,,,,,,,,,,,,,,,,,,,,,,,,,,,,,,,,,,,,,,,,,,,,,,,,,,
HOLE_041,Jerimum de Cima,103571,186.70,188.00,1.30,ID,CTHM,PV,0.00,,,,,,,,,,,,,,,,,,,,,,,,,,,,,,,,,,,,,,,,,,,,,,,,,,,,,
HOLE_041,Jerimum de Cima,103572,188.00,189.70,1.70,ID,CTHM,PV,0.00,,,,,,,,,,,,,,,,,,,,,,,,,,,,,,,,,,,,,,,,,,,,,,,,,,,,,
HOLE_041,Jerimum de Cima,103573,189.70,190.50,0.80,ID,CTHM,PV,0.15,,,,,,,,,,,,,,,,,,,,,,,,,,,,,,,,,,,,,,,,,,,,,,,,,,,,,
HOLE_041,Jerimum de Cima,103574,190.50,192.50,2.00,ID,CTHM,PV,0.12,,,,,,,,,,,,,,,,,,,,,,,,,,,,,,,,,,,,,,,,,,,,,,,,,,,,,
HOLE_041,Jerimum de Cima,103575,192.50,194.00,1.50,ID,CTHM,PV,0.14,,,,,,,,,,,,,,,,,,,,,,,,,,,,,,,,,,,,,,,,,,,,,,,,,,,,,
HOLE_041,Jerimum de Cima,103576,194.00,195.00,1.00,ID,CTHM,PV,0.18,,,,,,,,,,,,,,,,,,,,,,,,,,,,,,,,,,,,,,,,,,,,,,,,,,,,,
HOLE_041,Jerimum de Cima,103577,195.00,196.00,1.00,ID,CTHM,PV,0.14,,,,,,,,,,,,,,,,,,,,,,,,,,,,,,,,,,,,,,,,,,,,,,,,,,,,,
HOLE_041,Jerimum de Cima,103578,196.00,198.00,2.00,ID,CTHM,PV,0.00,,,,,,,,,,,,,,,,,,,,,,,,,,,,,,,,,,,,,,,,,,,,,,,,,,,,,
HOLE_041,Jerimum de Cima,103579,198.00,200.00,2.00,ID,CTHM,PV,0.00,,,,,,,,,,,,,,,,,,,,,,,,,,,,,,,,,,,,,,,,,,,,,,,,,,,,,
HOLE_041,Jerimum de Cima,103580,200.00,201.15,1.15,ID,CTHM,PV,0.00,,,,,,,,,,,,,,,,,,,,,,,,,,,,,,,,,,,,,,,,,,,,,,,,,,,,,
HOLE_041,Jerimum de Cima,103581,201.15,201.85,0.70,ID,CTHM,PV,0.00,,,,,,,,,,,,,,,,,,,,,,,,,,,,,,,,,,,,,,,,,,,,,,,,,,,,,
HOLE_041,Jerimum de Cima,103582,201.85,203.85,2.00,ID,CTHM,PV,0.01,,,,,,,,,,,,,,,,,,,,,,,,,,,,,,,,,,,,,,,,,,,,,,,,,,,,,
HOLE_041,Jerimum de Cima,103583,203.85,204.60,0.75,ID,CTHM,PV,0.00,,,,,,,,,,,,,,,,,,,,,,,,,,,,,,,,,,,,,,,,,,,,,,,,,,,,,
HOLE_041,Jerimum de Cima,103584,204.60,206.00,1.40,ID,CTHM,PV,0.01,,,,,,,,,,,,,,,,,,,,,,,,,,,,,,,,,,,,,,,,,,,,,,,,,,,,,
HOLE_041,Jerimum de Cima,103585,206.00,208.00,2.00,ID,CTHM,PV,0.00,,,,,,,,,,,,,,,,,,,,,,,,,,,,,,,,,,,,,,,,,,,,,,,,,,,,,
HOLE_041,Jerimum de Cima,103586,208.00,210.00,2.00,ID,CTHM,PV,0.00,,,,,,,,,,,,,,,,,,,,,,,,,,,,,,,,,,,,,,,,,,,,,,,,,,,,,
HOLE_041,Jerimum de Cima,103587,210.00,212.00,2.00,ID,CTHM,PV,0.00,,,,,,,,,,,,,,,,,,,,,,,,,,,,,,,,,,,,,,,,,,,,,,,,,,,,,
HOLE_041,Jerimum de Cima,103588,212.00,214.00,2.00,ID,CTHM,PV,0.00,,,,,,,,,,,,,,,,,,,,,,,,,,,,,,,,,,,,,,,,,,,,,,,,,,,,,
HOLE_041,Jerimum de Cima,103589,214.00,216.00,2.00,ID,CTHM,PV,0.00,,,,,,,,,,,,,,,,,,,,,,,,,,,,,,,,,,,,,,,,,,,,,,,,,,,,,
HOLE_041,Jerimum de Cima,103590,216.00,217.15,1.15,ID,CTHM,PV,0.00,,,,,,,,,,,,,,,,,,,,,,,,,,,,,,,,,,,,,,,,,,,,,,,,,,,,,
HOLE_041,Jerimum de Cima,103591,217.15,217.70,0.55,ID,CTHM,PV,0.01,,,,,,,,,,,,,,,,,,,,,,,,,,,,,,,,,,,,,,,,,,,,,,,,,,,,,
HOLE_041,Jerimum de Cima,103592,217.70,218.30,0.60,ID,CTHM,PV,0.11,,,,,,,,,,,,,,,,,,,,,,,,,,,,,,,,,,,,,,,,,,,,,,,,,,,,,
HOLE_041,Jerimum de Cima,103593,218.30,219.00,0.70,ID,CTHM,PV,0.00,,,,,,,,,,,,,,,,,,,,,,,,,,,,,,,,,,,,,,,,,,,,,,,,,,,,,
HOLE_041,Jerimum de Cima,103594,219.00,220.00,1.00,ID,CTHM,PV,0.00,,,,,,,,,,,,,,,,,,,,,,,,,,,,,,,,,,,,,,,,,,,,,,,,,,,,,
HOLE_041,Jerimum de Cima,103595,220.00,222.00,2.00,ID,CTHM,PV,0.00,,,,,,,,,,,,,,,,,,,,,,,,,,,,,,,,,,,,,,,,,,,,,,,,,,,,,
HOLE_041,Jerimum de Cima,103596,222.00,224.00,2.00,ID,CTHM,PV,0.00,,,,,,,,,,,,,,,,,,,,,,,,,,,,,,,,,,,,,,,,,,,,,,,,,,,,,
HOLE_041,Jerimum de Cima,103597,224.00,225.00,1.00,ID,CTHM,PV,0.00,,,,,,,,,,,,,,,,,,,,,,,,,,,,,,,,,,,,,,,,,,,,,,,,,,,,,
HOLE_041,Jerimum de Cima,103598,225.00,226.00,1.00,ID,CTHM,PV,0.00,,,,,,,,,,,,,,,,,,,,,,,,,,,,,,,,,,,,,,,,,,,,,,,,,,,,,
HOLE_041,Jerimum de Cima,103599,226.00,227.70,1.70,ID,CTHM,PV,0.00,,,,,,,,,,,,,,,,,,,,,,,,,,,,,,,,,,,,,,,,,,,,,,,,,,,,,
HOLE_041,Jerimum de Cima,103600,227.70,228.40,0.70,ID,CTHM,PV,0.00,,,,,,,,,,,,,,,,,,,,,,,,,,,,,,,,,,,,,,,,,,,,,,,,,,,,,
HOLE_041,Jerimum de Cima,103601,228.40,230.00,1.60,ID,CTHM,PV,0.00,,,,,,,,,,,,,,,,,,,,,,,,,,,,,,,,,,,,,,,,,,,,,,,,,,,,,
HOLE_041,Jerimum de Cima,103602,230.00,231.85,1.85,ID,CTHM,PV,0.00,,,,,,,,,,,,,,,,,,,,,,,,,,,,,,,,,,,,,,,,,,,,,,,,,,,,,
HOLE_041,Jerimum de Cima,103603,231.85,232.55,0.70,ID,SCP,PV,0.00,,,,,,,,,,,,,,,,,,,,,,,,,,,,,,,,,,,,,,,,,,,,,,,,,,,,,
HOLE_041,Jerimum de Cima,103604,232.55,234.00,1.45,ID,SCP,PV,0.00,,,,,,,,,,,,,,,,,,,,,,,,,,,,,,,,,,,,,,,,,,,,,,,,,,,,,
HOLE_041,Jerimum de Cima,103605,234.00,235.00,1.00,ID,SCP,PV,0.12,,,,,,,,,,,,,,,,,,,,,,,,,,,,,,,,,,,,,,,,,,,,,,,,,,,,,
HOLE_041,Jerimum de Cima,103606,235.00,236.00,1.00,ID,SCP,PV,0.04,,,,,,,,,,,,,,,,,,,,,,,,,,,,,,,,,,,,,,,,,,,,,,,,,,,,,
HOLE_041,Jerimum de Cima,103607,236.00,237.00,1.00,ID,SCP,PV,0.16,,,,,,,,,,,,,,,,,,,,,,,,,,,,,,,,,,,,,,,,,,,,,,,,,,,,,
HOLE_041,Jerimum de Cima,103608,237.00,238.00,1.00,ID,SCP,PV,0.12,,,,,,,,,,,,,,,,,,,,,,,,,,,,,,,,,,,,,,,,,,,,,,,,,,,,,
HOLE_041,Jerimum de Cima,103609,238.00,239.00,1.00,ID,SCP,PV,0.10,,,,,,,,,,,,,,,,,,,,,,,,,,,,,,,,,,,,,,,,,,,,,,,,,,,,,
HOLE_041,Jerimum de Cima,103610,239.00,240.00,1.00,ID,SCP,PV,0.03,,,,,,,,,,,,,,,,,,,,,,,,,,,,,,,,,,,,,,,,,,,,,,,,,,,,,
HOLE_041,Jerimum de Cima,103611,240.00,240.95,0.95,ID,SCP,PV,0.00,,,,,,,,,,,,,,,,,,,,,,,,,,,,,,,,,,,,,,,,,,,,,,,,,,,,,
HOLE_041,Jerimum de Cima,103612,240.95,242.00,1.05,ID,SCP,PV,0.00,,,,,,,,,,,,,,,,,,,,,,,,,,,,,,,,,,,,,,,,,,,,,,,,,,,,,
HOLE_041,Jerimum de Cima,103613,242.00,244.00,2.00,ID,SCP,PV,0.00,,,,,,,,,,,,,,,,,,,,,,,,,,,,,,,,,,,,,,,,,,,,,,,,,,,,,
HOLE_041,Jerimum de Cima,103614,244.00,246.00,2.00,ID,SCP,PV,0.00,,,,,,,,,,,,,,,,,,,,,,,,,,,,,,,,,,,,,,,,,,,,,,,,,,,,,
HOLE_041,Jerimum de Cima,103615,246.00,248.00,2.00,ID,SCP,PV,0.01,,,,,,,,,,,,,,,,,,,,,,,,,,,,,,,,,,,,,,,,,,,,,,,,,,,,,
HOLE_041,Jerimum de Cima,103616,248.00,249.00,1.00,ID,SCP,PV,0.00,,,,,,,,,,,,,,,,,,,,,,,,,,,,,,,,,,,,,,,,,,,,,,,,,,,,,
HOLE_041,Jerimum de Cima,103617,249.00,250.00,1.00,ID,SCP,PV,0.00,,,,,,,,,,,,,,,,,,,,,,,,,,,,,,,,,,,,,,,,,,,,,,,,,,,,,
HOLE_041,Jerimum de Cima,103618,250.00,251.00,1.00,ID,SCP,PV,0.00,,,,,,,,,,,,,,,,,,,,,,,,,,,,,,,,,,,,,,,,,,,,,,,,,,,,,
HOLE_041,Jerimum de Cima,103619,251.00,252.00,1.00,ID,SCP,PV,0.00,,,,,,,,,,,,,,,,,,,,,,,,,,,,,,,,,,,,,,,,,,,,,,,,,,,,,
HOLE_041,Jerimum de Cima,103620,252.00,252.50,0.50,ID,SCP,PV,0.08,,,,,,,,,,,,,,,,,,,,,,,,,,,,,,,,,,,,,,,,,,,,,,,,,,,,,
HOLE_041,Jerimum de Cima,103621,252.50,254.00,1.50,ID,SCP,PV,0.00,,,,,,,,,,,,,,,,,,,,,,,,,,,,,,,,,,,,,,,,,,,,,,,,,,,,,
HOLE_041,Jerimum de Cima,103622,254.00,254.90,0.90,ID,SCP,PV,0.00,,,,,,,,,,,,,,,,,,,,,,,,,,,,,,,,,,,,,,,,,,,,,,,,,,,,,
HOLE_041,Jerimum de Cima,103623,254.90,255.70,0.80,ID,SCP,PV,0.00,,,,,,,,,,,,,,,,,,,,,,,,,,,,,,,,,,,,,,,,,,,,,,,,,,,,,
HOLE_041,Jerimum de Cima,103624,255.70,256.75,1.05,ID,SCP,PV,0.00,,,,,,,,,,,,,,,,,,,,,,,,,,,,,,,,,,,,,,,,,,,,,,,,,,,,,
HOLE_041,Jerimum de Cima,103625,256.75,257.80,1.05,ID,SIL,STR,0.01,,,,,,,,,,,,,,,,,,,,,,,,,,,,,,,,,,,,,,,,,,,,,,,,,,,,,
HOLE_041,Jerimum de Cima,103626,257.80,258.65,0.85,ID,SIL,STR,0.42,,,,,,,,,,,,,,,,,,,,,,,,,,,,,,,,,,,,,,,,,,,,,,,,,,,,,
HOLE_041,Jerimum de Cima,103627,258.65,259.70,1.05,ID,SIL,STR,0.04,,,,,,,,,,,,,,,,,,,,,,,,,,,,,,,,,,,,,,,,,,,,,,,,,,,,,
HOLE_041,Jerimum de Cima,103628,259.70,260.45,0.75,ID,SIL,STR,0.40,,,,,,,,,,,,,,,,,,,,,,,,,,,,,,,,,,,,,,,,,,,,,,,,,,,,,
HOLE_041,Jerimum de Cima,103629,260.45,261.00,0.55,ID,SIL,STR,0.07,,,,,,,,,,,,,,,,,,,,,,,,,,,,,,,,,,,,,,,,,,,,,,,,,,,,,
HOLE_041,Jerimum de Cima,103630,261.00,263.00,2.00,ID,POT,MT,0.00,,,,,,,,,,,,,,,,,,,,,,,,,,,,,,,,,,,,,,,,,,,,,,,,,,,,,
HOLE_041,Jerimum de Cima,103631,263.00,265.00,2.00,ID,POT,MT,0.01,,,,,,,,,,,,,,,,,,,,,,,,,,,,,,,,,,,,,,,,,,,,,,,,,,,,,
HOLE_041,Jerimum de Cima,103632,265.00,267.00,2.00,ID,POT,MT,0.00,,,,,,,,,,,,,,,,,,,,,,,,,,,,,,,,,,,,,,,,,,,,,,,,,,,,,
HOLE_041,Jerimum de Cima,103633,267.00,269.00,2.00,ID,POT,MT,0.00,,,,,,,,,,,,,,,,,,,,,,,,,,,,,,,,,,,,,,,,,,,,,,,,,,,,,
HOLE_041,Jerimum de Cima,103634,269.00,270.10,1.10,ID,POT,MT,0.00,,,,,,,,,,,,,,,,,,,,,,,,,,,,,,,,,,,,,,,,,,,,,,,,,,,,,
HOLE_042,Jerimum de Cima,103635,0.00,1.15,1.15,QS,,,0.04,,,,,,,,,,,,,,,,,,,,,,,,,,,,,,,,,,,,,,,,,,,,,,,,,,,,,
HOLE_042,Jerimum de Cima,103636,1.15,2.25,1.10,QS,,,0.02,,,,,,,,,,,,,,,,,,,,,,,,,,,,,,,,,,,,,,,,,,,,,,,,,,,,,
HOLE_042,Jerimum de Cima,103637,2.25,3.35,1.10,QS,,,0.04,,,,,,,,,,,,,,,,,,,,,,,,,,,,,,,,,,,,,,,,,,,,,,,,,,,,,
HOLE_042,Jerimum de Cima,103638,3.35,4.55,1.20,QS,,,0.05,,,,,,,,,,,,,,,,,,,,,,,,,,,,,,,,,,,,,,,,,,,,,,,,,,,,,
HOLE_042,Jerimum de Cima,103639,4.55,5.70,1.15,SAP,,,0.01,,,,,,,,,,,,,,,,,,,,,,,,,,,,,,,,,,,,,,,,,,,,,,,,,,,,,
HOLE_042,Jerimum de Cima,103640,5.70,6.85,1.15,SAP,,,0.00,,,,,,,,,,,,,,,,,,,,,,,,,,,,,,,,,,,,,,,,,,,,,,,,,,,,,
HOLE_042,Jerimum de Cima,103641,6.85,8.00,1.15,SAP,,,0.00,,,,,,,,,,,,,,,,,,,,,,,,,,,,,,,,,,,,,,,,,,,,,,,,,,,,,
HOLE_042,Jerimum de Cima,103642,8.00,9.00,1.00,SAP,,,0.00,,,,,,,,,,,,,,,,,,,,,,,,,,,,,,,,,,,,,,,,,,,,,,,,,,,,,
HOLE_042,Jerimum de Cima,103643,9.00,10.00,1.00,SAP,,,0.02,,,,,,,,,,,,,,,,,,,,,,,,,,,,,,,,,,,,,,,,,,,,,,,,,,,,,
HOLE_042,Jerimum de Cima,103644,10.00,11.00,1.00,SAP,,,0.00,,,,,,,,,,,,,,,,,,,,,,,,,,,,,,,,,,,,,,,,,,,,,,,,,,,,,
HOLE_042,Jerimum de Cima,103645,11.00,12.00,1.00,SAP,,,0.00,,,,,,,,,,,,,,,,,,,,,,,,,,,,,,,,,,,,,,,,,,,,,,,,,,,,,
HOLE_042,Jerimum de Cima,103646,12.00,13.00,1.00,SAP,,,0.00,,,,,,,,,,,,,,,,,,,,,,,,,,,,,,,,,,,,,,,,,,,,,,,,,,,,,
HOLE_042,Jerimum de Cima,103647,13.00,14.00,1.00,SAP,,,0.00,,,,,,,,,,,,,,,,,,,,,,,,,,,,,,,,,,,,,,,,,,,,,,,,,,,,,
HOLE_042,Jerimum de Cima,103648,14.00,15.00,1.00,SAP,,,0.00,,,,,,,,,,,,,,,,,,,,,,,,,,,,,,,,,,,,,,,,,,,,,,,,,,,,,
HOLE_042,Jerimum de Cima,103649,15.00,16.00,1.00,SAP,,,0.00,,,,,,,,,,,,,,,,,,,,,,,,,,,,,,,,,,,,,,,,,,,,,,,,,,,,,
HOLE_042,Jerimum de Cima,103650,16.00,17.00,1.00,SAP,,,0.00,,,,,,,,,,,,,,,,,,,,,,,,,,,,,,,,,,,,,,,,,,,,,,,,,,,,,
HOLE_042,Jerimum de Cima,103651,17.00,18.00,1.00,SAP,,,0.01,,,,,,,,,,,,,,,,,,,,,,,,,,,,,,,,,,,,,,,,,,,,,,,,,,,,,
HOLE_042,Jerimum de Cima,103652,18.00,19.00,1.00,SAP,,,0.00,,,,,,,,,,,,,,,,,,,,,,,,,,,,,,,,,,,,,,,,,,,,,,,,,,,,,
HOLE_042,Jerimum de Cima,103653,19.00,20.00,1.00,SAP,,,0.00,,,,,,,,,,,,,,,,,,,,,,,,,,,,,,,,,,,,,,,,,,,,,,,,,,,,,
HOLE_042,Jerimum de Cima,103654,20.00,21.00,1.00,SAP,,,0.01,,,,,,,,,,,,,,,,,,,,,,,,,,,,,,,,,,,,,,,,,,,,,,,,,,,,,
HOLE_042,Jerimum de Cima,103655,21.00,22.00,1.00,SAP,,,0.00,,,,,,,,,,,,,,,,,,,,,,,,,,,,,,,,,,,,,,,,,,,,,,,,,,,,,
HOLE_042,Jerimum de Cima,103656,22.00,23.00,1.00,SAP,,,0.00,,,,,,,,,,,,,,,,,,,,,,,,,,,,,,,,,,,,,,,,,,,,,,,,,,,,,
HOLE_042,Jerimum de Cima,103657,23.00,24.00,1.00,SAP,,,0.00,,,,,,,,,,,,,,,,,,,,,,,,,,,,,,,,,,,,,,,,,,,,,,,,,,,,,
HOLE_042,Jerimum de Cima,103658,24.00,25.00,1.00,SAP,,,0.00,,,,,,,,,,,,,,,,,,,,,,,,,,,,,,,,,,,,,,,,,,,,,,,,,,,,,
HOLE_042,Jerimum de Cima,103659,25.00,26.00,1.00,SAP,,,0.00,,,,,,,,,,,,,,,,,,,,,,,,,,,,,,,,,,,,,,,,,,,,,,,,,,,,,
HOLE_042,Jerimum de Cima,103660,26.00,27.00,1.00,SAP,,,0.00,,,,,,,,,,,,,,,,,,,,,,,,,,,,,,,,,,,,,,,,,,,,,,,,,,,,,
HOLE_042,Jerimum de Cima,103661,27.00,28.00,1.00,SAP,,,0.00,,,,,,,,,,,,,,,,,,,,,,,,,,,,,,,,,,,,,,,,,,,,,,,,,,,,,
HOLE_042,Jerimum de Cima,103662,28.00,29.00,1.00,SAP,,,0.00,,,,,,,,,,,,,,,,,,,,,,,,,,,,,,,,,,,,,,,,,,,,,,,,,,,,,
HOLE_042,Jerimum de Cima,103663,29.00,30.00,1.00,SAP,,,0.00,,,,,,,,,,,,,,,,,,,,,,,,,,,,,,,,,,,,,,,,,,,,,,,,,,,,,
HOLE_042,Jerimum de Cima,103664,30.00,31.00,1.00,SAP,,,0.00,,,,,,,,,,,,,,,,,,,,,,,,,,,,,,,,,,,,,,,,,,,,,,,,,,,,,
HOLE_042,Jerimum de Cima,103665,31.00,32.00,1.00,SAP,,,0.00,,,,,,,,,,,,,,,,,,,,,,,,,,,,,,,,,,,,,,,,,,,,,,,,,,,,,
HOLE_042,Jerimum de Cima,103666,32.00,33.00,1.00,SAP,,,0.00,,,,,,,,,,,,,,,,,,,,,,,,,,,,,,,,,,,,,,,,,,,,,,,,,,,,,
HOLE_042,Jerimum de Cima,103667,33.00,34.00,1.00,SAP,,,0.00,,,,,,,,,,,,,,,,,,,,,,,,,,,,,,,,,,,,,,,,,,,,,,,,,,,,,
HOLE_042,Jerimum de Cima,103668,34.00,35.00,1.00,SAP,,,0.00,,,,,,,,,,,,,,,,,,,,,,,,,,,,,,,,,,,,,,,,,,,,,,,,,,,,,
HOLE_042,Jerimum de Cima,103669,35.00,36.00,1.00,SAP,,,0.00,,,,,,,,,,,,,,,,,,,,,,,,,,,,,,,,,,,,,,,,,,,,,,,,,,,,,
HOLE_042,Jerimum de Cima,103670,36.00,37.00,1.00,SAP,,,0.02,,,,,,,,,,,,,,,,,,,,,,,,,,,,,,,,,,,,,,,,,,,,,,,,,,,,,
HOLE_042,Jerimum de Cima,103671,37.00,38.00,1.00,SAP,,,0.00,,,,,,,,,,,,,,,,,,,,,,,,,,,,,,,,,,,,,,,,,,,,,,,,,,,,,
HOLE_042,Jerimum de Cima,103672,38.00,39.00,1.00,SAP,,,0.03,,,,,,,,,,,,,,,,,,,,,,,,,,,,,,,,,,,,,,,,,,,,,,,,,,,,,
HOLE_042,Jerimum de Cima,103673,39.00,40.00,1.00,SAP,,,0.00,,,,,,,,,,,,,,,,,,,,,,,,,,,,,,,,,,,,,,,,,,,,,,,,,,,,,
HOLE_042,Jerimum de Cima,103674,40.00,41.00,1.00,SAP,,,0.00,,,,,,,,,,,,,,,,,,,,,,,,,,,,,,,,,,,,,,,,,,,,,,,,,,,,,
HOLE_042,Jerimum de Cima,103675,41.00,42.00,1.00,SAP,,,0.00,,,,,,,,,,,,,,,,,,,,,,,,,,,,,,,,,,,,,,,,,,,,,,,,,,,,,
HOLE_042,Jerimum de Cima,103676,42.00,43.00,1.00,SAP,,,0.00,,,,,,,,,,,,,,,,,,,,,,,,,,,,,,,,,,,,,,,,,,,,,,,,,,,,,
HOLE_042,Jerimum de Cima,103677,43.00,44.00,1.00,SAP,,,0.00,,,,,,,,,,,,,,,,,,,,,,,,,,,,,,,,,,,,,,,,,,,,,,,,,,,,,
HOLE_042,Jerimum de Cima,103678,44.00,45.00,1.00,SAP,,,0.00,,,,,,,,,,,,,,,,,,,,,,,,,,,,,,,,,,,,,,,,,,,,,,,,,,,,,
HOLE_042,Jerimum de Cima,103679,45.00,46.00,1.00,SAP,,,0.00,,,,,,,,,,,,,,,,,,,,,,,,,,,,,,,,,,,,,,,,,,,,,,,,,,,,,
HOLE_042,Jerimum de Cima,103680,46.00,47.00,1.00,SAP,,,0.00,,,,,,,,,,,,,,,,,,,,,,,,,,,,,,,,,,,,,,,,,,,,,,,,,,,,,
HOLE_042,Jerimum de Cima,103681,47.00,48.00,1.00,SAP,,,0.00,,,,,,,,,,,,,,,,,,,,,,,,,,,,,,,,,,,,,,,,,,,,,,,,,,,,,
HOLE_042,Jerimum de Cima,103682,48.00,49.00,1.00,SAP,,,0.01,,,,,,,,,,,,,,,,,,,,,,,,,,,,,,,,,,,,,,,,,,,,,,,,,,,,,
HOLE_042,Jerimum de Cima,103683,49.00,50.00,1.00,SAP,,,0.00,,,,,,,,,,,,,,,,,,,,,,,,,,,,,,,,,,,,,,,,,,,,,,,,,,,,,
HOLE_042,Jerimum de Cima,103684,50.00,51.00,1.00,SAP,,,0.00,,,,,,,,,,,,,,,,,,,,,,,,,,,,,,,,,,,,,,,,,,,,,,,,,,,,,
HOLE_042,Jerimum de Cima,103685,51.00,52.00,1.00,SAP,,,0.00,,,,,,,,,,,,,,,,,,,,,,,,,,,,,,,,,,,,,,,,,,,,,,,,,,,,,
HOLE_042,Jerimum de Cima,103686,52.00,53.00,1.00,SAP,,,0.00,,,,,,,,,,,,,,,,,,,,,,,,,,,,,,,,,,,,,,,,,,,,,,,,,,,,,
HOLE_042,Jerimum de Cima,103687,53.00,54.00,1.00,SAP,,,0.00,,,,,,,,,,,,,,,,,,,,,,,,,,,,,,,,,,,,,,,,,,,,,,,,,,,,,
HOLE_042,Jerimum de Cima,103688,54.00,55.00,1.00,SAP,,,0.00,,,,,,,,,,,,,,,,,,,,,,,,,,,,,,,,,,,,,,,,,,,,,,,,,,,,,
HOLE_042,Jerimum de Cima,103689,55.00,56.00,1.00,SAP,,,0.00,,,,,,,,,,,,,,,,,,,,,,,,,,,,,,,,,,,,,,,,,,,,,,,,,,,,,
HOLE_042,Jerimum de Cima,103690,56.00,57.00,1.00,SAP,,,0.00,,,,,,,,,,,,,,,,,,,,,,,,,,,,,,,,,,,,,,,,,,,,,,,,,,,,,
HOLE_042,Jerimum de Cima,103691,57.00,58.00,1.00,SAP,,,0.00,,,,,,,,,,,,,,,,,,,,,,,,,,,,,,,,,,,,,,,,,,,,,,,,,,,,,
HOLE_042,Jerimum de Cima,103692,58.00,59.00,1.00,SAP,,,0.00,,,,,,,,,,,,,,,,,,,,,,,,,,,,,,,,,,,,,,,,,,,,,,,,,,,,,
HOLE_042,Jerimum de Cima,103693,59.00,60.00,1.00,SAP,,,0.00,,,,,,,,,,,,,,,,,,,,,,,,,,,,,,,,,,,,,,,,,,,,,,,,,,,,,
HOLE_042,Jerimum de Cima,103694,60.00,61.00,1.00,SAP,,,0.00,,,,,,,,,,,,,,,,,,,,,,,,,,,,,,,,,,,,,,,,,,,,,,,,,,,,,
HOLE_042,Jerimum de Cima,103695,61.00,62.00,1.00,SAP,,,0.00,,,,,,,,,,,,,,,,,,,,,,,,,,,,,,,,,,,,,,,,,,,,,,,,,,,,,
HOLE_042,Jerimum de Cima,103696,62.00,63.00,1.00,SAP,,,0.00,,,,,,,,,,,,,,,,,,,,,,,,,,,,,,,,,,,,,,,,,,,,,,,,,,,,,
HOLE_042,Jerimum de Cima,103697,63.00,64.00,1.00,SAP,,,0.00,,,,,,,,,,,,,,,,,,,,,,,,,,,,,,,,,,,,,,,,,,,,,,,,,,,,,
HOLE_042,Jerimum de Cima,103698,64.00,65.00,1.00,SAP,,,0.00,,,,,,,,,,,,,,,,,,,,,,,,,,,,,,,,,,,,,,,,,,,,,,,,,,,,,
HOLE_042,Jerimum de Cima,103699,65.00,66.00,1.00,SAP,,,0.00,,,,,,,,,,,,,,,,,,,,,,,,,,,,,,,,,,,,,,,,,,,,,,,,,,,,,
HOLE_042,Jerimum de Cima,103700,66.00,67.00,1.00,SAP,,,0.00,,,,,,,,,,,,,,,,,,,,,,,,,,,,,,,,,,,,,,,,,,,,,,,,,,,,,
HOLE_042,Jerimum de Cima,103701,67.00,68.00,1.00,SAP,,,0.00,,,,,,,,,,,,,,,,,,,,,,,,,,,,,,,,,,,,,,,,,,,,,,,,,,,,,
HOLE_042,Jerimum de Cima,103702,68.00,69.00,1.00,SAP,,,0.00,,,,,,,,,,,,,,,,,,,,,,,,,,,,,,,,,,,,,,,,,,,,,,,,,,,,,
HOLE_042,Jerimum de Cima,103703,69.00,70.00,1.00,SAP,,,0.00,,,,,,,,,,,,,,,,,,,,,,,,,,,,,,,,,,,,,,,,,,,,,,,,,,,,,
HOLE_042,Jerimum de Cima,103704,70.00,70.75,0.75,SAP,,,0.00,,,,,,,,,,,,,,,,,,,,,,,,,,,,,,,,,,,,,,,,,,,,,,,,,,,,,
HOLE_042,Jerimum de Cima,103705,70.75,71.40,0.65,SAP,,,0.00,,,,,,,,,,,,,,,,,,,,,,,,,,,,,,,,,,,,,,,,,,,,,,,,,,,,,
HOLE_042,Jerimum de Cima,103706,71.40,72.50,1.10,SAP,,,0.00,,,,,,,,,,,,,,,,,,,,,,,,,,,,,,,,,,,,,,,,,,,,,,,,,,,,,
HOLE_042,Jerimum de Cima,103707,72.50,73.75,1.25,SAP,,,0.00,,,,,,,,,,,,,,,,,,,,,,,,,,,,,,,,,,,,,,,,,,,,,,,,,,,,,
HOLE_042,Jerimum de Cima,103708,73.75,74.55,0.80,SAP,,,0.00,,,,,,,,,,,,,,,,,,,,,,,,,,,,,,,,,,,,,,,,,,,,,,,,,,,,,
HOLE_042,Jerimum de Cima,103709,74.55,75.30,0.75,ID,HM,MT,0.00,,,,,,,,,,,,,,,,,,,,,,,,,,,,,,,,,,,,,,,,,,,,,,,,,,,,,
HOLE_042,Jerimum de Cima,103710,75.30,76.40,1.10,ID,HM,MT,0.00,,,,,,,,,,,,,,,,,,,,,,,,,,,,,,,,,,,,,,,,,,,,,,,,,,,,,
HOLE_042,Jerimum de Cima,103711,76.40,77.50,1.10,ID,HM,MT,0.00,,,,,,,,,,,,,,,,,,,,,,,,,,,,,,,,,,,,,,,,,,,,,,,,,,,,,
HOLE_042,Jerimum de Cima,103712,77.50,79.40,1.90,MD,CT,MT,0.00,,,,,,,,,,,,,,,,,,,,,,,,,,,,,,,,,,,,,,,,,,,,,,,,,,,,,
HOLE_042,Jerimum de Cima,103713,79.40,81.35,1.95,MD,CT,MT,0.00,,,,,,,,,,,,,,,,,,,,,,,,,,,,,,,,,,,,,,,,,,,,,,,,,,,,,
HOLE_042,Jerimum de Cima,103714,81.35,82.70,1.35,dID,HM,MT,0.00,,,,,,,,,,,,,,,,,,,,,,,,,,,,,,,,,,,,,,,,,,,,,,,,,,,,,
HOLE_042,Jerimum de Cima,103715,82.70,84.00,1.30,dID,HM,MT,0.00,,,,,,,,,,,,,,,,,,,,,,,,,,,,,,,,,,,,,,,,,,,,,,,,,,,,,
HOLE_042,Jerimum de Cima,103716,84.00,85.00,1.00,dID,HM,MT,0.00,,,,,,,,,,,,,,,,,,,,,,,,,,,,,,,,,,,,,,,,,,,,,,,,,,,,,
HOLE_042,Jerimum de Cima,103717,85.00,86.00,1.00,dID,HM,MT,0.00,,,,,,,,,,,,,,,,,,,,,,,,,,,,,,,,,,,,,,,,,,,,,,,,,,,,,
HOLE_042,Jerimum de Cima,103718,86.00,87.10,1.10,dID,HM,MT,0.00,,,,,,,,,,,,,,,,,,,,,,,,,,,,,,,,,,,,,,,,,,,,,,,,,,,,,
HOLE_042,Jerimum de Cima,103719,87.10,88.50,1.40,dID,HM,MT,0.00,,,,,,,,,,,,,,,,,,,,,,,,,,,,,,,,,,,,,,,,,,,,,,,,,,,,,
HOLE_042,Jerimum de Cima,103720,88.50,89.80,1.30,dID,HM,MT,0.00,,,,,,,,,,,,,,,,,,,,,,,,,,,,,,,,,,,,,,,,,,,,,,,,,,,,,
HOLE_042,Jerimum de Cima,103721,89.80,91.00,1.20,dID,HM,MT,0.00,,,,,,,,,,,,,,,,,,,,,,,,,,,,,,,,,,,,,,,,,,,,,,,,,,,,,
HOLE_042,Jerimum de Cima,103722,91.00,92.20,1.20,dID,HM,MT,0.00,,,,,,,,,,,,,,,,,,,,,,,,,,,,,,,,,,,,,,,,,,,,,,,,,,,,,
HOLE_042,Jerimum de Cima,103723,92.20,93.55,1.35,dID,HM,MT,0.01,,,,,,,,,,,,,,,,,,,,,,,,,,,,,,,,,,,,,,,,,,,,,,,,,,,,,
HOLE_042,Jerimum de Cima,103724,93.55,95.35,1.80,dID,HM,MT,0.00,,,,,,,,,,,,,,,,,,,,,,,,,,,,,,,,,,,,,,,,,,,,,,,,,,,,,
HOLE_042,Jerimum de Cima,103725,95.35,96.20,0.85,dID,HM,MT,0.01,,,,,,,,,,,,,,,,,,,,,,,,,,,,,,,,,,,,,,,,,,,,,,,,,,,,,
HOLE_042,Jerimum de Cima,103726,96.20,97.10,0.90,dID,HM,MT,0.00,,,,,,,,,,,,,,,,,,,,,,,,,,,,,,,,,,,,,,,,,,,,,,,,,,,,,
HOLE_042,Jerimum de Cima,103727,97.10,98.00,0.90,dID,HM,MT,0.00,,,,,,,,,,,,,,,,,,,,,,,,,,,,,,,,,,,,,,,,,,,,,,,,,,,,,
HOLE_042,Jerimum de Cima,103728,98.00,99.00,1.00,dID,HM,MT,0.00,,,,,,,,,,,,,,,,,,,,,,,,,,,,,,,,,,,,,,,,,,,,,,,,,,,,,
HOLE_042,Jerimum de Cima,103729,99.00,100.00,1.00,dID,HM,MT,0.00,,,,,,,,,,,,,,,,,,,,,,,,,,,,,,,,,,,,,,,,,,,,,,,,,,,,,
HOLE_042,Jerimum de Cima,103730,100.00,101.00,1.00,dID,HM,MT,0.00,,,,,,,,,,,,,,,,,,,,,,,,,,,,,,,,,,,,,,,,,,,,,,,,,,,,,
HOLE_042,Jerimum de Cima,103731,101.00,102.00,1.00,dID,HM,MT,0.00,,,,,,,,,,,,,,,,,,,,,,,,,,,,,,,,,,,,,,,,,,,,,,,,,,,,,
HOLE_042,Jerimum de Cima,103732,102.00,103.00,1.00,dID,HM,MT,0.00,,,,,,,,,,,,,,,,,,,,,,,,,,,,,,,,,,,,,,,,,,,,,,,,,,,,,
HOLE_042,Jerimum de Cima,103733,103.00,104.00,1.00,dID,HM,MT,0.00,,,,,,,,,,,,,,,,,,,,,,,,,,,,,,,,,,,,,,,,,,,,,,,,,,,,,
HOLE_042,Jerimum de Cima,103734,104.00,104.80,0.80,dID,HM,MT,0.03,,,,,,,,,,,,,,,,,,,,,,,,,,,,,,,,,,,,,,,,,,,,,,,,,,,,,
HOLE_042,Jerimum de Cima,103735,104.80,106.50,1.70,dID,CT,FR,0.00,,,,,,,,,,,,,,,,,,,,,,,,,,,,,,,,,,,,,,,,,,,,,,,,,,,,,
HOLE_042,Jerimum de Cima,103736,106.50,108.15,1.65,dID,CT,FR,0.00,,,,,,,,,,,,,,,,,,,,,,,,,,,,,,,,,,,,,,,,,,,,,,,,,,,,,
HOLE_042,Jerimum de Cima,103737,108.15,109.50,1.35,dID,CT,FR,0.00,,,,,,,,,,,,,,,,,,,,,,,,,,,,,,,,,,,,,,,,,,,,,,,,,,,,,
HOLE_042,Jerimum de Cima,103738,109.50,110.85,1.35,dID,CT,FR,0.00,,,,,,,,,,,,,,,,,,,,,,,,,,,,,,,,,,,,,,,,,,,,,,,,,,,,,
HOLE_042,Jerimum de Cima,103739,110.85,112.20,1.35,dID,CT,FR,0.00,,,,,,,,,,,,,,,,,,,,,,,,,,,,,,,,,,,,,,,,,,,,,,,,,,,,,
HOLE_042,Jerimum de Cima,103740,112.20,113.60,1.40,dID,CT,FR,0.00,,,,,,,,,,,,,,,,,,,,,,,,,,,,,,,,,,,,,,,,,,,,,,,,,,,,,
HOLE_042,Jerimum de Cima,103741,113.60,114.90,1.30,dID,CT,FR,0.00,,,,,,,,,,,,,,,,,,,,,,,,,,,,,,,,,,,,,,,,,,,,,,,,,,,,,
HOLE_042,Jerimum de Cima,103742,114.90,115.90,1.00,dID,HM,MT,0.00,,,,,,,,,,,,,,,,,,,,,,,,,,,,,,,,,,,,,,,,,,,,,,,,,,,,,
HOLE_042,Jerimum de Cima,103743,115.90,117.00,1.10,dID,HM,MT,0.00,,,,,,,,,,,,,,,,,,,,,,,,,,,,,,,,,,,,,,,,,,,,,,,,,,,,,
HOLE_042,Jerimum de Cima,103744,117.00,118.35,1.35,dID,HM,MT,0.00,,,,,,,,,,,,,,,,,,,,,,,,,,,,,,,,,,,,,,,,,,,,,,,,,,,,,
HOLE_042,Jerimum de Cima,103745,118.35,119.75,1.40,dID,HM,MT,0.00,,,,,,,,,,,,,,,,,,,,,,,,,,,,,,,,,,,,,,,,,,,,,,,,,,,,,
HOLE_042,Jerimum de Cima,103746,119.75,121.00,1.25,dID,HM,MT,0.00,,,,,,,,,,,,,,,,,,,,,,,,,,,,,,,,,,,,,,,,,,,,,,,,,,,,,
HOLE_042,Jerimum de Cima,103747,121.00,121.60,0.60,dID,HM,MT,0.00,,,,,,,,,,,,,,,,,,,,,,,,,,,,,,,,,,,,,,,,,,,,,,,,,,,,,
HOLE_042,Jerimum de Cima,103748,121.60,123.25,1.65,dID,HM,MT,0.00,,,,,,,,,,,,,,,,,,,,,,,,,,,,,,,,,,,,,,,,,,,,,,,,,,,,,
HOLE_042,Jerimum de Cima,103749,123.25,124.20,0.95,dID,HM,MT,0.00,,,,,,,,,,,,,,,,,,,,,,,,,,,,,,,,,,,,,,,,,,,,,,,,,,,,,
HOLE_042,Jerimum de Cima,103750,124.20,124.70,0.50,dID,HM,MT,0.08,,,,,,,,,,,,,,,,,,,,,,,,,,,,,,,,,,,,,,,,,,,,,,,,,,,,,
HOLE_042,Jerimum de Cima,103751,124.70,126.10,1.40,dID,HM,MT,0.00,,,,,,,,,,,,,,,,,,,,,,,,,,,,,,,,,,,,,,,,,,,,,,,,,,,,,
HOLE_042,Jerimum de Cima,103752,126.10,127.50,1.40,dID,HM,MT,0.03,,,,,,,,,,,,,,,,,,,,,,,,,,,,,,,,,,,,,,,,,,,,,,,,,,,,,
HOLE_042,Jerimum de Cima,103753,127.50,129.50,2.00,dID,HM,MT,0.02,,,,,,,,,,,,,,,,,,,,,,,,,,,,,,,,,,,,,,,,,,,,,,,,,,,,,
HOLE_042,Jerimum de Cima,103754,129.50,131.50,2.00,dID,HM,MT,0.07,,,,,,,,,,,,,,,,,,,,,,,,,,,,,,,,,,,,,,,,,,,,,,,,,,,,,
HOLE_042,Jerimum de Cima,103755,131.50,133.25,1.75,dID,HM,MT,0.02,,,,,,,,,,,,,,,,,,,,,,,,,,,,,,,,,,,,,,,,,,,,,,,,,,,,,
HOLE_042,Jerimum de Cima,103756,133.25,135.00,1.75,dID,HM,MT,0.13,,,,,,,,,,,,,,,,,,,,,,,,,,,,,,,,,,,,,,,,,,,,,,,,,,,,,
HOLE_042,Jerimum de Cima,103757,135.00,136.65,1.65,dID,HM,MT,0.01,,,,,,,,,,,,,,,,,,,,,,,,,,,,,,,,,,,,,,,,,,,,,,,,,,,,,
HOLE_042,Jerimum de Cima,103758,136.65,137.15,0.50,dID,HM,MT,0.15,,,,,,,,,,,,,,,,,,,,,,,,,,,,,,,,,,,,,,,,,,,,,,,,,,,,,
HOLE_042,Jerimum de Cima,103759,137.15,138.15,1.00,dID,HM,MT,0.14,,,,,,,,,,,,,,,,,,,,,,,,,,,,,,,,,,,,,,,,,,,,,,,,,,,,,
HOLE_042,Jerimum de Cima,103760,138.15,139.20,1.05,dID,HM,MT,0.04,,,,,,,,,,,,,,,,,,,,,,,,,,,,,,,,,,,,,,,,,,,,,,,,,,,,,
HOLE_042,Jerimum de Cima,103761,139.20,139.95,0.75,dID,HM,MT,0.01,,,,,,,,,,,,,,,,,,,,,,,,,,,,,,,,,,,,,,,,,,,,,,,,,,,,,
HOLE_042,Jerimum de Cima,103762,139.95,140.60,0.65,dID,HM,MT,0.40,,,,,,,,,,,,,,,,,,,,,,,,,,,,,,,,,,,,,,,,,,,,,,,,,,,,,
HOLE_042,Jerimum de Cima,103763,140.60,142.20,1.60,dID,HM,MT,0.00,,,,,,,,,,,,,,,,,,,,,,,,,,,,,,,,,,,,,,,,,,,,,,,,,,,,,
HOLE_042,Jerimum de Cima,103764,142.20,143.80,1.60,dID,HM,MT,0.00,,,,,,,,,,,,,,,,,,,,,,,,,,,,,,,,,,,,,,,,,,,,,,,,,,,,,
HOLE_042,Jerimum de Cima,103765,143.80,145.50,1.70,dID,HM,MT,0.02,,,,,,,,,,,,,,,,,,,,,,,,,,,,,,,,,,,,,,,,,,,,,,,,,,,,,
HOLE_042,Jerimum de Cima,103766,145.50,146.00,0.50,dID,HM,MT,0.72,,,,,,,,,,,,,,,,,,,,,,,,,,,,,,,,,,,,,,,,,,,,,,,,,,,,,
HOLE_042,Jerimum de Cima,103767,146.00,148.00,2.00,dID,HM,MT,0.06,,,,,,,,,,,,,,,,,,,,,,,,,,,,,,,,,,,,,,,,,,,,,,,,,,,,,
HOLE_042,Jerimum de Cima,103768,148.00,150.00,2.00,dID,HM,MT,0.01,,,,,,,,,,,,,,,,,,,,,,,,,,,,,,,,,,,,,,,,,,,,,,,,,,,,,
HOLE_042,Jerimum de Cima,103769,150.00,150.85,0.85,dID,HM,MT,0.96,,,,,,,,,,,,,,,,,,,,,,,,,,,,,,,,,,,,,,,,,,,,,,,,,,,,,
HOLE_042,Jerimum de Cima,103770,150.85,151.35,0.50,dID,HM,MT,8.36,1.9,5.96,9,,1131,1.3,2.5,2.779,0.25,,10,11,,36,3.23,,,,,,2.64,23.1,21,,0.78,0.0703,1,2.21,,6,0.08,37,,,0.72,5,5.7,,5,548.8,,,,,0.28,10,,54,8,12,,66,67
HOLE_042,Jerimum de Cima,103771,151.35,151.95,0.60,dID,HM,MT,0.07,0.25,7.15,1.5,,1305,0.9,2.5,2.263,0.25,,9,8,,22,2.91,,,,,,2.11,23.1,19,,0.81,0.062,0.5,3.25,,4,0.08,18,,,0.36,5,5.9,,5,714.1,,,,,0.26,10,,54,2.5,8.6,,53,63.1
HOLE_042,Jerimum de Cima,103772,151.95,153.50,1.55,dID,HM,MT,0.00,0.25,6.22,1.5,,1519,0.9,2.5,2.716,0.25,,9,18,,40,3.53,,,,,,1.92,23,22,,0.88,0.0607,0.5,3.02,,6,0.09,14,,,0.16,5,6.6,,5,900.1,,,,,0.33,10,,64,2.5,12.5,,70,88.5
HOLE_042,Jerimum de Cima,103773,153.50,155.00,1.50,dID,HM,MT,0.00,0.25,5.39,1.5,,1467,0.8,2.5,2.621,0.25,,9,16,,24,3.17,,,,,,1.76,17.2,21,,0.71,0.0572,0.5,3.47,,6,0.07,14,,,0.03,5,4.6,,5,849.9,,,,,0.28,10,,62,2.5,11.3,,61,72.8
HOLE_042,Jerimum de Cima,103774,155.00,156.90,1.90,dID,HM,MT,0.02,0.25,6.37,1.5,,2104,0.8,2.5,2.415,0.25,,9,14,,46,3.2,,,,,,2.16,20.1,20,,0.81,0.0606,0.5,3.1,,6,0.08,17,,,0.06,5,6.4,,5,948.7,,,,,0.3,10,,57,2.5,13.8,,60,80.7
HOLE_042,Jerimum de Cima,103775,156.90,157.65,0.75,dID,HM,MT,0.58,0.25,9.25,1.5,,1188,0.8,2.5,2.515,0.25,,9,10,,11,2.94,,,,,,2.38,17.1,21,,0.83,0.0634,0.5,3,,6,0.08,8,,,0.48,5,7.1,,5,589.3,,,,,0.2,10,,52,7,6.6,,41,41.6
HOLE_042,Jerimum de Cima,103776,157.65,158.60,0.95,dID,HM,MT,0.00,0.25,6.36,6,,723,0.9,2.5,2.549,0.25,,8,10,,8,2.95,,,,,,1.38,11.8,23,,0.74,0.0582,0.5,3.96,,11,0.08,11,,,0.08,5,4.6,,5,591.6,,,,,0.24,10,,50,2.5,4.9,,58,65.5
HOLE_042,Jerimum de Cima,103777,158.60,160.00,1.40,dID,HM,MT,0.00,0.25,6.66,1.5,,1060,0.9,2.5,2.554,0.25,,12,13,,10,3.7,,,,,,1.47,8.8,33,,1.2,0.0812,0.5,3.53,,9,0.09,11,,,0.03,5,8.5,,5,731.9,,,,,0.29,10,,73,2.5,7.8,,84,58.3
HOLE_042,Jerimum de Cima,103778,160.00,161.45,1.45,dID,HM,MT,0.00,0.25,5.62,4,,1020,0.8,2.5,3.042,0.25,,15,13,,9,4.12,,,,,,1.33,9.4,34,,1.37,0.0858,0.5,3.66,,11,0.1,9,,,0.03,5,7.7,,5,642.5,,,,,0.35,10,,99,2.5,7.3,,86,31.5
HOLE_042,Jerimum de Cima,103779,161.45,162.05,0.60,dID,HM,MT,0.08,0.25,5.9,10,,1028,0.9,2.5,3.201,0.25,,11,12,,11,3.56,,,,,,1.65,16.9,37,,1.08,0.0792,0.5,3.48,,10,0.08,21,,,0.44,5,7.8,,5,506.8,,,,,0.29,10,,72,8,10,,86,37.4
HOLE_042,Jerimum de Cima,103780,162.05,162.85,0.80,dID,HM,MT,0.00,0.25,5.74,1.5,,1496,0.8,2.5,2.439,0.25,,9,11,,8,3.02,,,,,,1.7,13.9,20,,0.85,0.0636,0.5,3.47,,6,0.08,11,,,0.005,5,5.7,,5,836.5,,,,,0.26,10,,57,2.5,6.7,,60,48.8
HOLE_042,Jerimum de Cima,103781,162.85,163.35,0.50,dID,HM,MT,0.26,0.25,8.3,1.5,,1351,0.9,2.5,3.111,0.25,,8,11,,17,2.97,,,,,,2.51,15.2,22,,0.83,0.084,0.5,2.73,,5,0.08,8,,,0.48,5,5.9,,5,652.8,,,,,0.22,10,,50,8,6.1,,45,63.2
HOLE_042,Jerimum de Cima,103782,163.35,164.00,0.65,dID,HM,MT,0.01,0.25,6.48,1.5,,1239,0.7,2.5,2.743,0.25,,9,11,,12,3.03,,,,,,1.62,10.5,19,,0.86,0.0635,0.5,3.21,,7,0.08,13,,,0.07,5,6.9,,5,836.6,,,,,0.23,10,,55,2.5,5.7,,58,43.2
HOLE_042,Jerimum de Cima,103783,164.00,164.50,0.50,dID,HM,MT,0.24,0.25,8.76,1.5,,1003,1,2.5,2.943,0.25,,9,13,,13,3.56,,,,,,2.84,27.8,24,,1.16,0.0768,0.5,1.88,,8,0.08,9,,,0.69,5,13.6,,5,478,,,,,0.26,10,,56,13,10.5,,57,33.1
HOLE_042,Jerimum de Cima,103784,164.50,165.10,0.60,dID,HM,MT,0.01,0.25,8.64,1.5,,1317,0.7,2.5,2.497,0.25,,7,10,,8,2.82,,,,,,2.04,17.5,15,,0.84,0.0523,0.5,3.22,,4,0.08,11,,,0.08,5,7.3,,5,873.3,,,,,0.21,10,,41,2.5,6.6,,45,53.9
HOLE_042,Jerimum de Cima,103785,165.10,165.60,0.50,dID,HM,MT,1.07,0.6,7.11,1.5,,1280,0.9,2.5,2.496,0.25,,8,12,,11,3.08,,,,,,3,22.2,14,,0.63,0.0673,1,2.49,,5,0.07,20,,,0.89,5,3.8,,5,482.8,,,,,0.21,10,,41,6,4.9,,41,63.2
HOLE_042,Jerimum de Cima,103786,165.60,167.10,1.50,dID,HM,MT,0.01,0.25,6.51,1.5,,1399,0.8,2.5,1.836,0.25,,6,9,,5,2.51,,,,,,1.85,20.5,17,,0.63,0.0412,0.5,3.95,,4,0.07,9,,,0.07,5,3.2,,5,737.2,,,,,0.21,10,,39,2.5,4.5,,48,65.8
HOLE_042,Jerimum de Cima,103787,167.10,168.60,1.50,dID,HM,MT,0.05,0.25,6.73,5,,1559,0.8,2.5,2.296,0.25,,7,10,,10,2.72,,,,,,2.05,18.4,20,,0.66,0.0454,0.5,3.67,,4,0.07,12,,,0.05,5,3.5,,5,991.8,,,,,0.23,10,,44,2.5,5,,48,59.3
HOLE_042,Jerimum de Cima,103788,168.60,170.10,1.50,dID,HM,MT,0.00,0.25,7.14,1.5,,1176,0.9,2.5,2.26,0.25,,7,8,,6,2.75,,,,,,1.85,24.6,22,,0.69,0.0457,0.5,3.74,,3,0.08,8,,,0.04,5,3.9,,5,906.9,,,,,0.23,10,,43,2.5,5.1,,49,62.6
HOLE_042,Jerimum de Cima,103789,170.10,170.70,0.60,dID,HM,MT,0.16,0.25,8.56,4,,938,0.8,2.5,2.741,0.25,,7,12,,14,2.79,,,,,,2.06,18.2,18,,0.71,0.044,0.5,3.57,,4,0.08,6,,,0.69,5,4.3,,5,455.4,,,,,0.22,10,,43,6,4.9,,34,56
HOLE_042,Jerimum de Cima,103790,170.70,171.25,0.55,dID,HM,MT,0.00,0.25,6.38,1.5,,712,0.9,2.5,2.889,0.25,,9,13,,35,3.04,,,,,,1.26,9.8,24,,0.81,0.054,0.5,4.77,,7,0.08,11,,,0.11,5,3.8,,5,374.7,,,,,0.23,10,,56,2.5,4.6,,73,46.7
HOLE_042,Jerimum de Cima,103791,171.25,172.35,1.10,dID,HM,MT,0.00,0.25,3.79,5,,3017,0.9,2.5,3.207,0.25,,4,13,,6,1.98,,,,,,1.78,12.1,10,,0.26,0.0359,0.5,4.65,,4,0.04,7,,,0.95,5,1.9,,5,253.4,,,,,0.14,10,,26,2.5,6.2,,23,109.5
HOLE_042,Jerimum de Cima,103792,172.35,173.35,1.00,dID,HM,MT,0.01,0.25,5.95,1.5,,1082,0.9,2.5,2.49,0.25,,11,14,,9,3.43,,,,,,1.76,11.1,28,,0.98,0.0689,0.5,3.5,,9,0.08,13,,,0.58,5,6.5,,5,463.3,,,,,0.25,10,,61,7,6.5,,61,33.3
HOLE_042,Jerimum de Cima,103793,173.35,173.95,0.60,dID,HM,MT,0.01,0.25,5,5,,1119,1,2.5,2.148,0.25,,11,13,,16,3.19,,,,,,1.95,7.6,31,,0.94,0.0622,0.5,3.34,,8,0.08,9,,,0.38,5,4.7,,5,414.5,,,,,0.26,10,,67,5,5.5,,58,38
HOLE_042,Jerimum de Cima,103794,173.95,175.55,1.60,dID,HM,MT,0.00,0.25,5.18,21,,1011,0.8,2.5,2.403,0.25,,9,12,,20,3.13,,,,,,1.42,6.5,27,,0.87,0.0661,0.5,3.8,,8,0.08,13,,,0.06,5,4.2,,5,480.7,,,,,0.25,10,,58,2.5,5.6,,62,47.2
HOLE_042,Jerimum de Cima,103795,175.55,177.15,1.60,dID,HM,MT,0.00,0.25,4.86,6,,464,0.6,2.5,3.269,0.25,,10,15,,7,3.26,,,,,,0.96,7.6,21,,0.84,0.0638,8,3.89,,8,0.08,10,,,0.04,5,4.4,,5,557.2,,,,,0.26,10,,72,2.5,5.2,,59,37.8
HOLE_042,Jerimum de Cima,103796,177.15,178.75,1.60,dID,HM,MT,0.00,0.25,5.41,1.5,,1067,0.9,2.5,2.737,0.25,,14,14,,15,3.88,,,,,,1.67,11,26,,1.33,0.0773,0.5,3.19,,11,0.09,11,,,0.02,5,6.8,,5,786.4,,,,,0.32,10,,87,2.5,7.6,,66,26.2
HOLE_042,Jerimum de Cima,103797,178.75,180.45,1.70,dID,HM,MT,0.00,0.25,8,1.5,,1140,0.8,2.5,2.694,0.25,,13,12,,13,3.77,,,,,,1.65,15.9,31,,1.41,0.0855,0.5,3.34,,10,0.09,9,,,0.04,5,9.3,,5,799,,,,,0.3,10,,86,2.5,9.5,,67,27.5
HOLE_042,Jerimum de Cima,103798,180.45,181.20,0.75,dID,HM,MT,0.08,0.25,5.63,12,,787,0.9,2.5,3.127,0.5,,11,17,,74,3.31,,,,,,1.65,9.4,28,,1.1,0.0753,0.5,3.02,,10,0.08,11,,,0.25,5,6.4,,5,363.4,,,,,0.29,10,,74,8,7,,118,28
HOLE_042,Jerimum de Cima,103799,181.20,182.10,0.90,dID,HM,MT,9.28,14.3,5.82,20,,948,1.7,2.5,5.344,0.25,,8,15,,91,2.99,,,,,,3.82,15,20,,0.89,0.155,0.5,0.44,,9,0.08,31,,,1.04,5,6.8,,5,311.2,,,,,0.27,10,,70,28,8.6,,41,25.8
HOLE_042,Jerimum de Cima,103800,182.10,183.20,1.10,dID,HM,MT,0.04,0.25,4.6,54,,805,0.9,2.5,2.961,0.25,,12,14,,13,3.32,,,,,,1.79,10.2,31,,1.13,0.074,0.5,3.32,,9,0.08,4,,,0.14,5,5.9,,5,432,,,,,0.3,10,,73,2.5,7.3,,62,35.1
HOLE_042,Jerimum de Cima,103801,183.20,183.90,0.70,dID,HM,MT,0.01,0.25,5.87,1.5,,1061,0.9,2.5,2.741,0.25,,11,15,,18,3.54,,,,,,1.69,14.4,35,,1.16,0.0742,0.5,3.02,,9,0.08,12,,,0.16,5,7.2,,5,832.2,,,,,0.29,10,,68,2.5,9.1,,60,31
HOLE_042,Jerimum de Cima,103802,183.90,184.40,0.50,dID,HM,MT,0.08,0.25,8.71,23,,1201,0.8,2.5,3.024,0.25,,12,12,,19,3.38,,,,,,2.56,21.6,31,,0.93,0.0817,0.5,2.68,,5,0.09,17,,,0.72,5,6.3,,5,731.3,,,,,0.25,10,,55,2.5,8,,51,55.7
HOLE_042,Jerimum de Cima,103803,184.40,186.00,1.60,dID,HM,MT,0.01,0.25,6.61,9,,1071,0.8,2.5,3.066,0.25,,11,12,,13,3.51,,,,,,1.63,16.5,23,,1.07,0.0669,0.5,3.22,,8,0.08,13,,,0.03,5,6.8,,5,1014.8,,,,,0.29,10,,76,2.5,8.5,,63,37.7
HOLE_042,Jerimum de Cima,103804,186.00,187.65,1.65,dID,HM,MT,0.00,0.25,5.77,5,,1149,0.7,2.5,3.033,0.25,,12,11,,11,3.45,,,,,,1.72,14.5,27,,1.11,0.0705,0.5,3.29,,9,0.08,9,,,0.02,5,6.9,,5,816.8,,,,,0.29,10,,71,2.5,8.4,,59,28.7
HOLE_042,Jerimum de Cima,103805,187.65,188.60,0.95,dID,HM,MT,0.18,0.25,6.1,5,,1094,1,2.5,3.884,0.25,,9,10,,29,3.52,,,,,,2.89,19.8,35,,1.09,0.1147,0.5,1.53,,8,0.08,19,,,0.59,5,7.6,,5,444.9,,,,,0.27,10,,61,11,9.4,,55,29.2
HOLE_042,Jerimum de Cima,103806,188.60,189.15,0.55,dID,HM,MT,0.08,0.25,7.93,1.5,,1327,0.7,2.5,2.7,0.25,,9,8,,17,3.24,,,,,,1.97,14.8,30,,0.99,0.0658,0.5,2.9,,6,0.08,12,,,0.19,5,7.4,,5,838,,,,,0.23,10,,57,2.5,7.5,,49,46.2
HOLE_042,Jerimum de Cima,103807,189.15,189.95,0.80,dID,HM,MT,0.02,0.25,6.99,1.5,,1445,0.8,2.5,2.392,0.25,,7,12,,13,2.82,,,,,,2.24,18.9,20,,0.77,0.0563,0.5,3.08,,5,0.07,13,,,0.11,5,4.4,,5,907.1,,,,,0.23,10,,44,2.5,6,,46,56.9
HOLE_042,Jerimum de Cima,103808,189.95,190.90,0.95,dID,HM,MT,0.00,0.25,7.94,1.5,,1314,0.7,2.5,2.489,0.25,,8,9,,13,3.06,,,,,,1.95,14.9,23,,0.87,0.0635,0.5,3.34,,6,0.08,11,,,0.1,5,5.7,,5,732.6,,,,,0.23,10,,51,2.5,6.5,,42,49.4
HOLE_042,Jerimum de Cima,103809,190.90,191.50,0.60,dID,HM,MT,1.19,0.8,5.77,3,,1043,0.7,2.5,5.522,0.25,,5,7,,55,2.88,,,,,,2.79,18.8,17,,0.58,0.1636,0.5,1.26,,3,0.06,21,,,1.17,5,3.3,,5,377.6,,,,,0.13,10,,34,2.5,8,,47,58.4
HOLE_042,Jerimum de Cima,103810,191.50,192.00,0.50,dID,HM,MT,0.04,0.25,5.23,1.5,,1256,0.8,2.5,1.968,0.25,,6,7,,16,2.02,,,,,,2.04,10.5,18,,0.52,0.0539,0.5,2.82,,3,0.06,12,,,0.17,5,2.4,,5,436.8,,,,,0.16,10,,37,2.5,3.5,,32,41.2
HOLE_042,Jerimum de Cima,103811,192.00,193.55,1.55,dID,HM,MT,0.05,0.25,6.93,1.5,,1086,0.8,2.5,2.562,1.3,,11,10,,124,3.41,,,,,,1.7,8.1,31,,1.11,0.0726,0.5,3.14,,9,0.08,13,,,0.07,5,7.6,,5,578.6,,,,,0.27,10,,74,2.5,7.6,,183,32
HOLE_042,Jerimum de Cima,103812,193.55,194.45,0.90,dID,HM,MT,0.12,0.25,6.17,1.5,,1330,1.1,2.5,3.208,0.25,,9,9,,17,2.95,,,,,,3.39,22,28,,0.97,0.1009,0.5,1.22,,7,0.08,23,,,0.58,5,6.8,,5,309.9,,,,,0.21,10,,54,9,8.2,,53,42.9
HOLE_042,Jerimum de Cima,103813,194.45,195.10,0.65,dID,HM,MT,0.09,0.25,5.42,1.5,,1104,1,2.5,3.272,0.25,,7,12,,26,2.81,,,,,,3.32,15,23,,0.68,0.0699,2,1.56,,9,0.06,20,,,0.89,5,3.6,,5,208.2,,,,,0.18,10,,49,6,6.3,,39,63.3
HOLE_042,Jerimum de Cima,103814,195.10,196.90,1.80,HR,CRB,FR,0.00,0.25,6.06,1.5,,506,0.7,2.5,3.013,0.25,,19,49,,39,4.07,,,,,,1.93,14.2,53,,1.78,0.0749,0.5,2.55,,55,0.05,5,,,0.005,5,12.7,,5,257.9,,,,,0.31,10,,83,2.5,12.8,,60,123.8
HOLE_042,Jerimum de Cima,103815,196.90,198.80,1.90,HR,CRB,FR,0.00,0.25,7.06,1.5,,461,0.6,2.5,3.205,0.25,,19,52,,38,4.26,,,,,,1.56,19,44,,1.86,0.0705,1,2.76,,57,0.05,5,,,0.005,5,14.6,,5,313.5,,,,,0.31,10,,83,2.5,14.6,,54,128.6
HOLE_042,Jerimum de Cima,103816,198.80,200.70,1.90,HR,CRB,FR,0.03,0.25,6.37,1.5,,590,0.6,2.5,3.437,0.25,,18,49,,35,4.02,,,,,,1.73,17.7,49,,1.74,0.0685,0.5,2.23,,55,0.05,7,,,0.01,5,13.5,,5,228,,,,,0.3,10,,79,2.5,13.9,,59,123.3
HOLE_042,Jerimum de Cima,103817,200.70,201.20,0.50,QV,SIL,VN,2.89,4.8,3.67,8,,534,0.6,2.5,1.652,0.25,,8,13,,140,2.4,,,,,,1.82,11.1,16,,0.56,0.036,9,0.14,,10,0.04,25,,,0.8,5,4.1,,5,43.7,,,,,0.12,10,,34,2.5,4.9,,44,39.6
HOLE_042,Jerimum de Cima,103818,201.20,202.00,0.80,QV,SIL,VN,0.87,1.5,6.12,5,,1297,0.9,2.5,2.328,0.25,,13,16,,27,3.37,,,,,,3.43,17.4,20,,0.63,0.0427,2,0.89,,7,0.07,21,,,1.64,5,6.7,,5,91.8,,,,,0.23,10,,64,6,6.4,,37,37
HOLE_042,Jerimum de Cima,103819,202.00,203.15,1.15,GSTR,SER,MT,0.01,0.25,7.53,1.5,,733,0.8,2.5,2.357,0.25,,8,9,,26,2.96,,,,,,1.94,11.5,24,,0.85,0.055,0.5,3.49,,5,0.08,11,,,0.29,5,4.9,,5,302,,,,,0.23,10,,52,2.5,6.4,,72,56.1
HOLE_042,Jerimum de Cima,103820,203.15,204.30,1.15,GSTR,SER,MT,0.03,0.25,6.02,1.5,,1028,0.7,2.5,2.833,0.25,,10,8,,24,2.79,,,,,,2.23,14.6,25,,0.76,0.0633,0.5,2.65,,5,0.07,8,,,0.37,5,5.1,,5,301.4,,,,,0.22,10,,49,7,6.4,,70,52.7
HOLE_042,Jerimum de Cima,103821,204.30,205.45,1.15,GSTR,SER,MT,0.04,0.25,6.41,1.5,,1032,0.9,2.5,2.761,0.25,,7,8,,16,2.83,,,,,,1.95,18.7,29,,0.8,0.0617,0.5,3.41,,5,0.08,7,,,0.06,5,5.3,,5,476.7,,,,,0.22,10,,50,2.5,7.7,,50,50.7
HOLE_042,Jerimum de Cima,103822,205.45,207.45,2.00,dID,HM,MT,0.00,,,,,,,,,,,,,,,,,,,,,,,,,,,,,,,,,,,,,,,,,,,,,,,,,,,,,
HOLE_042,Jerimum de Cima,103823,207.45,209.45,2.00,dID,HM,MT,0.00,,,,,,,,,,,,,,,,,,,,,,,,,,,,,,,,,,,,,,,,,,,,,,,,,,,,,
HOLE_042,Jerimum de Cima,103824,209.45,211.40,1.95,dID,HM,MT,0.00,,,,,,,,,,,,,,,,,,,,,,,,,,,,,,,,,,,,,,,,,,,,,,,,,,,,,
HOLE_043,Jerimum de Cima,103825,0.00,1.00,1.00,QS,,,0.12,,,,,,,,,,,,,,,,,,,,,,,,,,,,,,,,,,,,,,,,,,,,,,,,,,,,,
HOLE_043,Jerimum de Cima,103826,1.00,2.00,1.00,QS,,,0.11,,,,,,,,,,,,,,,,,,,,,,,,,,,,,,,,,,,,,,,,,,,,,,,,,,,,,
HOLE_043,Jerimum de Cima,103827,2.00,3.00,1.00,QS,,,0.12,,,,,,,,,,,,,,,,,,,,,,,,,,,,,,,,,,,,,,,,,,,,,,,,,,,,,
HOLE_043,Jerimum de Cima,103828,3.00,4.00,1.00,QS,,,0.11,,,,,,,,,,,,,,,,,,,,,,,,,,,,,,,,,,,,,,,,,,,,,,,,,,,,,
HOLE_043,Jerimum de Cima,103829,4.00,5.00,1.00,QS,,,0.13,,,,,,,,,,,,,,,,,,,,,,,,,,,,,,,,,,,,,,,,,,,,,,,,,,,,,
HOLE_043,Jerimum de Cima,103830,5.00,6.00,1.00,QS,,,0.20,,,,,,,,,,,,,,,,,,,,,,,,,,,,,,,,,,,,,,,,,,,,,,,,,,,,,
HOLE_043,Jerimum de Cima,103831,6.00,7.00,1.00,QS,,,0.09,,,,,,,,,,,,,,,,,,,,,,,,,,,,,,,,,,,,,,,,,,,,,,,,,,,,,
HOLE_043,Jerimum de Cima,103832,7.00,8.00,1.00,QS,,,0.17,,,,,,,,,,,,,,,,,,,,,,,,,,,,,,,,,,,,,,,,,,,,,,,,,,,,,
HOLE_043,Jerimum de Cima,103833,8.00,8.80,0.80,QS,,,0.19,,,,,,,,,,,,,,,,,,,,,,,,,,,,,,,,,,,,,,,,,,,,,,,,,,,,,
HOLE_043,Jerimum de Cima,103834,8.80,10.00,1.20,QCOL,,,0.25,,,,,,,,,,,,,,,,,,,,,,,,,,,,,,,,,,,,,,,,,,,,,,,,,,,,,
HOLE_043,Jerimum de Cima,103835,10.00,11.00,1.00,QCOL,,,0.75,,,,,,,,,,,,,,,,,,,,,,,,,,,,,,,,,,,,,,,,,,,,,,,,,,,,,
HOLE_043,Jerimum de Cima,103836,11.00,12.00,1.00,QCOL,,,0.12,,,,,,,,,,,,,,,,,,,,,,,,,,,,,,,,,,,,,,,,,,,,,,,,,,,,,
HOLE_043,Jerimum de Cima,103837,12.00,13.00,1.00,QCOL,,,0.10,,,,,,,,,,,,,,,,,,,,,,,,,,,,,,,,,,,,,,,,,,,,,,,,,,,,,
HOLE_043,Jerimum de Cima,103838,13.00,14.00,1.00,QCOL,,,0.08,,,,,,,,,,,,,,,,,,,,,,,,,,,,,,,,,,,,,,,,,,,,,,,,,,,,,
HOLE_043,Jerimum de Cima,103839,14.00,15.00,1.00,QCOL,,,0.11,,,,,,,,,,,,,,,,,,,,,,,,,,,,,,,,,,,,,,,,,,,,,,,,,,,,,
HOLE_043,Jerimum de Cima,103840,15.00,16.00,1.00,QCOL,,,0.08,,,,,,,,,,,,,,,,,,,,,,,,,,,,,,,,,,,,,,,,,,,,,,,,,,,,,
HOLE_043,Jerimum de Cima,103841,16.00,17.00,1.00,QCOL,,,0.08,,,,,,,,,,,,,,,,,,,,,,,,,,,,,,,,,,,,,,,,,,,,,,,,,,,,,
HOLE_043,Jerimum de Cima,103842,17.00,17.85,0.85,QCOL,,,0.07,,,,,,,,,,,,,,,,,,,,,,,,,,,,,,,,,,,,,,,,,,,,,,,,,,,,,
HOLE_043,Jerimum de Cima,103843,17.85,18.50,0.65,QCOL,,,0.06,,,,,,,,,,,,,,,,,,,,,,,,,,,,,,,,,,,,,,,,,,,,,,,,,,,,,
HOLE_043,Jerimum de Cima,103844,18.50,19.75,1.25,QCOL,,,0.05,,,,,,,,,,,,,,,,,,,,,,,,,,,,,,,,,,,,,,,,,,,,,,,,,,,,,
HOLE_043,Jerimum de Cima,103845,19.75,21.00,1.25,QCOL,,,0.13,,,,,,,,,,,,,,,,,,,,,,,,,,,,,,,,,,,,,,,,,,,,,,,,,,,,,
HOLE_043,Jerimum de Cima,103846,21.00,22.00,1.00,QCOL,,,0.20,,,,,,,,,,,,,,,,,,,,,,,,,,,,,,,,,,,,,,,,,,,,,,,,,,,,,
HOLE_043,Jerimum de Cima,103847,22.00,23.00,1.00,QCOL,,,0.08,,,,,,,,,,,,,,,,,,,,,,,,,,,,,,,,,,,,,,,,,,,,,,,,,,,,,
HOLE_043,Jerimum de Cima,103848,23.00,24.00,1.00,QAL,,,0.03,,,,,,,,,,,,,,,,,,,,,,,,,,,,,,,,,,,,,,,,,,,,,,,,,,,,,
HOLE_043,Jerimum de Cima,103849,24.00,25.10,1.10,QAL,,,0.01,,,,,,,,,,,,,,,,,,,,,,,,,,,,,,,,,,,,,,,,,,,,,,,,,,,,,
HOLE_043,Jerimum de Cima,103850,25.10,26.20,1.10,QAL,,,0.01,,,,,,,,,,,,,,,,,,,,,,,,,,,,,,,,,,,,,,,,,,,,,,,,,,,,,
HOLE_043,Jerimum de Cima,103851,26.20,27.00,0.80,SAP,,,0.00,,,,,,,,,,,,,,,,,,,,,,,,,,,,,,,,,,,,,,,,,,,,,,,,,,,,,
HOLE_043,Jerimum de Cima,103852,27.00,28.00,1.00,SAP,,,0.00,,,,,,,,,,,,,,,,,,,,,,,,,,,,,,,,,,,,,,,,,,,,,,,,,,,,,
HOLE_043,Jerimum de Cima,103853,28.00,29.00,1.00,SAP,,,0.06,,,,,,,,,,,,,,,,,,,,,,,,,,,,,,,,,,,,,,,,,,,,,,,,,,,,,
HOLE_043,Jerimum de Cima,103854,29.00,30.00,1.00,SAP,,,0.09,,,,,,,,,,,,,,,,,,,,,,,,,,,,,,,,,,,,,,,,,,,,,,,,,,,,,
HOLE_043,Jerimum de Cima,103855,30.00,31.00,1.00,SAP,,,0.00,,,,,,,,,,,,,,,,,,,,,,,,,,,,,,,,,,,,,,,,,,,,,,,,,,,,,
HOLE_043,Jerimum de Cima,103856,31.00,32.00,1.00,SAP,,,0.00,,,,,,,,,,,,,,,,,,,,,,,,,,,,,,,,,,,,,,,,,,,,,,,,,,,,,
HOLE_043,Jerimum de Cima,103857,32.00,33.00,1.00,SAP,,,0.00,,,,,,,,,,,,,,,,,,,,,,,,,,,,,,,,,,,,,,,,,,,,,,,,,,,,,
HOLE_043,Jerimum de Cima,103858,33.00,34.00,1.00,SAP,,,0.01,,,,,,,,,,,,,,,,,,,,,,,,,,,,,,,,,,,,,,,,,,,,,,,,,,,,,
HOLE_043,Jerimum de Cima,103859,34.00,35.00,1.00,SAP,,,0.01,,,,,,,,,,,,,,,,,,,,,,,,,,,,,,,,,,,,,,,,,,,,,,,,,,,,,
HOLE_043,Jerimum de Cima,103860,35.00,36.00,1.00,SAP,,,0.00,,,,,,,,,,,,,,,,,,,,,,,,,,,,,,,,,,,,,,,,,,,,,,,,,,,,,
HOLE_043,Jerimum de Cima,103861,36.00,37.00,1.00,SAP,,,0.00,,,,,,,,,,,,,,,,,,,,,,,,,,,,,,,,,,,,,,,,,,,,,,,,,,,,,
HOLE_043,Jerimum de Cima,103862,37.00,38.00,1.00,SAP,,,0.01,,,,,,,,,,,,,,,,,,,,,,,,,,,,,,,,,,,,,,,,,,,,,,,,,,,,,
HOLE_043,Jerimum de Cima,103863,38.00,39.00,1.00,SAP,,,0.00,,,,,,,,,,,,,,,,,,,,,,,,,,,,,,,,,,,,,,,,,,,,,,,,,,,,,
HOLE_043,Jerimum de Cima,103864,39.00,40.00,1.00,SAP,,,0.02,,,,,,,,,,,,,,,,,,,,,,,,,,,,,,,,,,,,,,,,,,,,,,,,,,,,,
HOLE_043,Jerimum de Cima,103865,40.00,41.00,1.00,SAP,,,0.01,,,,,,,,,,,,,,,,,,,,,,,,,,,,,,,,,,,,,,,,,,,,,,,,,,,,,
HOLE_043,Jerimum de Cima,103866,41.00,42.00,1.00,SAP,,,0.00,,,,,,,,,,,,,,,,,,,,,,,,,,,,,,,,,,,,,,,,,,,,,,,,,,,,,
HOLE_043,Jerimum de Cima,103867,42.00,43.00,1.00,SAP,,,0.00,,,,,,,,,,,,,,,,,,,,,,,,,,,,,,,,,,,,,,,,,,,,,,,,,,,,,
HOLE_043,Jerimum de Cima,103868,43.00,44.00,1.00,SAP,,,0.00,,,,,,,,,,,,,,,,,,,,,,,,,,,,,,,,,,,,,,,,,,,,,,,,,,,,,
HOLE_043,Jerimum de Cima,103869,44.00,45.00,1.00,SAP,,,0.00,,,,,,,,,,,,,,,,,,,,,,,,,,,,,,,,,,,,,,,,,,,,,,,,,,,,,
HOLE_043,Jerimum de Cima,103870,45.00,46.00,1.00,SAP,,,0.00,,,,,,,,,,,,,,,,,,,,,,,,,,,,,,,,,,,,,,,,,,,,,,,,,,,,,
HOLE_043,Jerimum de Cima,103871,46.00,47.00,1.00,SAP,,,0.00,,,,,,,,,,,,,,,,,,,,,,,,,,,,,,,,,,,,,,,,,,,,,,,,,,,,,
HOLE_043,Jerimum de Cima,103872,47.00,48.00,1.00,SAP,,,0.00,,,,,,,,,,,,,,,,,,,,,,,,,,,,,,,,,,,,,,,,,,,,,,,,,,,,,
HOLE_043,Jerimum de Cima,103873,48.00,49.00,1.00,SAP,,,0.00,,,,,,,,,,,,,,,,,,,,,,,,,,,,,,,,,,,,,,,,,,,,,,,,,,,,,
HOLE_043,Jerimum de Cima,103874,49.00,50.00,1.00,SAP,,,0.00,,,,,,,,,,,,,,,,,,,,,,,,,,,,,,,,,,,,,,,,,,,,,,,,,,,,,
HOLE_043,Jerimum de Cima,103875,50.00,51.00,1.00,SAP,,,0.00,,,,,,,,,,,,,,,,,,,,,,,,,,,,,,,,,,,,,,,,,,,,,,,,,,,,,
HOLE_043,Jerimum de Cima,103876,51.00,52.00,1.00,SAP,,,0.00,,,,,,,,,,,,,,,,,,,,,,,,,,,,,,,,,,,,,,,,,,,,,,,,,,,,,
HOLE_043,Jerimum de Cima,103877,52.00,53.00,1.00,SAP,,,0.00,,,,,,,,,,,,,,,,,,,,,,,,,,,,,,,,,,,,,,,,,,,,,,,,,,,,,
HOLE_043,Jerimum de Cima,103878,53.00,54.00,1.00,SAP,,,0.00,,,,,,,,,,,,,,,,,,,,,,,,,,,,,,,,,,,,,,,,,,,,,,,,,,,,,
HOLE_043,Jerimum de Cima,103879,54.00,55.00,1.00,SAP,,,0.00,,,,,,,,,,,,,,,,,,,,,,,,,,,,,,,,,,,,,,,,,,,,,,,,,,,,,
HOLE_043,Jerimum de Cima,103880,55.00,56.00,1.00,SAP,,,0.00,,,,,,,,,,,,,,,,,,,,,,,,,,,,,,,,,,,,,,,,,,,,,,,,,,,,,
HOLE_043,Jerimum de Cima,103881,56.00,57.00,1.00,SAP,,,0.01,,,,,,,,,,,,,,,,,,,,,,,,,,,,,,,,,,,,,,,,,,,,,,,,,,,,,
HOLE_043,Jerimum de Cima,103882,57.00,58.00,1.00,SAP,,,0.01,,,,,,,,,,,,,,,,,,,,,,,,,,,,,,,,,,,,,,,,,,,,,,,,,,,,,
HOLE_043,Jerimum de Cima,103883,58.00,59.00,1.00,SAP,,,0.01,,,,,,,,,,,,,,,,,,,,,,,,,,,,,,,,,,,,,,,,,,,,,,,,,,,,,
HOLE_043,Jerimum de Cima,103884,59.00,60.00,1.00,SAP,,,0.01,,,,,,,,,,,,,,,,,,,,,,,,,,,,,,,,,,,,,,,,,,,,,,,,,,,,,
HOLE_043,Jerimum de Cima,103885,60.00,61.00,1.00,SAP,,,0.02,,,,,,,,,,,,,,,,,,,,,,,,,,,,,,,,,,,,,,,,,,,,,,,,,,,,,
HOLE_043,Jerimum de Cima,103886,61.00,62.00,1.00,SAP,,,0.09,,,,,,,,,,,,,,,,,,,,,,,,,,,,,,,,,,,,,,,,,,,,,,,,,,,,,
HOLE_043,Jerimum de Cima,103887,62.00,63.00,1.00,SAP,,,0.03,,,,,,,,,,,,,,,,,,,,,,,,,,,,,,,,,,,,,,,,,,,,,,,,,,,,,
HOLE_043,Jerimum de Cima,103888,63.00,64.00,1.00,SAP,,,0.01,,,,,,,,,,,,,,,,,,,,,,,,,,,,,,,,,,,,,,,,,,,,,,,,,,,,,
HOLE_043,Jerimum de Cima,103889,64.00,65.00,1.00,SAP,,,0.01,,,,,,,,,,,,,,,,,,,,,,,,,,,,,,,,,,,,,,,,,,,,,,,,,,,,,
HOLE_043,Jerimum de Cima,103890,65.00,66.00,1.00,SAP,,,0.01,,,,,,,,,,,,,,,,,,,,,,,,,,,,,,,,,,,,,,,,,,,,,,,,,,,,,
HOLE_043,Jerimum de Cima,103891,66.00,67.10,1.10,SAP,,,0.00,,,,,,,,,,,,,,,,,,,,,,,,,,,,,,,,,,,,,,,,,,,,,,,,,,,,,
HOLE_043,Jerimum de Cima,103892,67.10,68.20,1.10,SAP,,,0.01,,,,,,,,,,,,,,,,,,,,,,,,,,,,,,,,,,,,,,,,,,,,,,,,,,,,,
HOLE_043,Jerimum de Cima,103893,68.20,69.30,1.10,SAP,,,0.01,,,,,,,,,,,,,,,,,,,,,,,,,,,,,,,,,,,,,,,,,,,,,,,,,,,,,
HOLE_043,Jerimum de Cima,103894,69.30,70.40,1.10,SAP,,,0.00,,,,,,,,,,,,,,,,,,,,,,,,,,,,,,,,,,,,,,,,,,,,,,,,,,,,,
HOLE_043,Jerimum de Cima,103895,70.40,71.50,1.10,SAP,,,0.00,,,,,,,,,,,,,,,,,,,,,,,,,,,,,,,,,,,,,,,,,,,,,,,,,,,,,
HOLE_043,Jerimum de Cima,103896,71.50,72.60,1.10,SAP,,,0.02,,,,,,,,,,,,,,,,,,,,,,,,,,,,,,,,,,,,,,,,,,,,,,,,,,,,,
HOLE_043,Jerimum de Cima,103897,72.60,73.70,1.10,SAP,,,0.03,,,,,,,,,,,,,,,,,,,,,,,,,,,,,,,,,,,,,,,,,,,,,,,,,,,,,
HOLE_043,Jerimum de Cima,103898,73.70,74.45,0.75,SAP,,,0.03,,,,,,,,,,,,,,,,,,,,,,,,,,,,,,,,,,,,,,,,,,,,,,,,,,,,,
HOLE_043,Jerimum de Cima,103899,74.45,75.20,0.75,SAP,,,1.17,,,,,,,,,,,,,,,,,,,,,,,,,,,,,,,,,,,,,,,,,,,,,,,,,,,,,
HOLE_043,Jerimum de Cima,103900,75.20,76.00,0.80,SAP,,,0.01,,,,,,,,,,,,,,,,,,,,,,,,,,,,,,,,,,,,,,,,,,,,,,,,,,,,,
HOLE_043,Jerimum de Cima,103901,76.00,77.00,1.00,SAP,,,0.01,,,,,,,,,,,,,,,,,,,,,,,,,,,,,,,,,,,,,,,,,,,,,,,,,,,,,
HOLE_043,Jerimum de Cima,103902,77.00,78.00,1.00,SAP,,,0.01,,,,,,,,,,,,,,,,,,,,,,,,,,,,,,,,,,,,,,,,,,,,,,,,,,,,,
HOLE_043,Jerimum de Cima,103903,78.00,79.00,1.00,SAP,,,0.00,,,,,,,,,,,,,,,,,,,,,,,,,,,,,,,,,,,,,,,,,,,,,,,,,,,,,
HOLE_043,Jerimum de Cima,103904,79.00,80.00,1.00,SAP,,,0.00,,,,,,,,,,,,,,,,,,,,,,,,,,,,,,,,,,,,,,,,,,,,,,,,,,,,,
HOLE_043,Jerimum de Cima,103905,80.00,80.70,0.70,SAP,,,0.00,,,,,,,,,,,,,,,,,,,,,,,,,,,,,,,,,,,,,,,,,,,,,,,,,,,,,
HOLE_043,Jerimum de Cima,103906,80.70,81.80,1.10,SAP,,,0.00,,,,,,,,,,,,,,,,,,,,,,,,,,,,,,,,,,,,,,,,,,,,,,,,,,,,,
HOLE_043,Jerimum de Cima,103907,81.80,82.90,1.10,SAP,,,0.00,,,,,,,,,,,,,,,,,,,,,,,,,,,,,,,,,,,,,,,,,,,,,,,,,,,,,
HOLE_043,Jerimum de Cima,103908,82.90,84.00,1.10,SAP,,,0.00,,,,,,,,,,,,,,,,,,,,,,,,,,,,,,,,,,,,,,,,,,,,,,,,,,,,,
HOLE_043,Jerimum de Cima,103909,84.00,85.00,1.00,SAP,,,0.00,,,,,,,,,,,,,,,,,,,,,,,,,,,,,,,,,,,,,,,,,,,,,,,,,,,,,
HOLE_043,Jerimum de Cima,103910,85.00,86.00,1.00,SAP,,,0.01,,,,,,,,,,,,,,,,,,,,,,,,,,,,,,,,,,,,,,,,,,,,,,,,,,,,,
HOLE_043,Jerimum de Cima,103911,86.00,87.00,1.00,SAP,,,0.04,,,,,,,,,,,,,,,,,,,,,,,,,,,,,,,,,,,,,,,,,,,,,,,,,,,,,
HOLE_043,Jerimum de Cima,103912,87.00,88.00,1.00,SAP,,,0.01,,,,,,,,,,,,,,,,,,,,,,,,,,,,,,,,,,,,,,,,,,,,,,,,,,,,,
HOLE_043,Jerimum de Cima,103913,88.00,89.00,1.00,SAP,,,0.00,,,,,,,,,,,,,,,,,,,,,,,,,,,,,,,,,,,,,,,,,,,,,,,,,,,,,
HOLE_043,Jerimum de Cima,103914,89.00,90.00,1.00,SAP,,,0.00,,,,,,,,,,,,,,,,,,,,,,,,,,,,,,,,,,,,,,,,,,,,,,,,,,,,,
HOLE_043,Jerimum de Cima,103915,90.00,91.00,1.00,SAP,,,0.00,,,,,,,,,,,,,,,,,,,,,,,,,,,,,,,,,,,,,,,,,,,,,,,,,,,,,
HOLE_043,Jerimum de Cima,103916,91.00,92.00,1.00,SAP,,,0.00,,,,,,,,,,,,,,,,,,,,,,,,,,,,,,,,,,,,,,,,,,,,,,,,,,,,,
HOLE_043,Jerimum de Cima,103917,92.00,93.00,1.00,SAP,,,0.02,,,,,,,,,,,,,,,,,,,,,,,,,,,,,,,,,,,,,,,,,,,,,,,,,,,,,
HOLE_043,Jerimum de Cima,103918,93.00,94.00,1.00,SAP,,,0.00,,,,,,,,,,,,,,,,,,,,,,,,,,,,,,,,,,,,,,,,,,,,,,,,,,,,,
HOLE_043,Jerimum de Cima,103919,94.00,95.00,1.00,SAP,,,0.01,,,,,,,,,,,,,,,,,,,,,,,,,,,,,,,,,,,,,,,,,,,,,,,,,,,,,
HOLE_043,Jerimum de Cima,103920,95.00,96.00,1.00,SAP,,,0.00,,,,,,,,,,,,,,,,,,,,,,,,,,,,,,,,,,,,,,,,,,,,,,,,,,,,,
HOLE_043,Jerimum de Cima,103921,96.00,97.00,1.00,SAP,,,0.00,,,,,,,,,,,,,,,,,,,,,,,,,,,,,,,,,,,,,,,,,,,,,,,,,,,,,
HOLE_043,Jerimum de Cima,103922,97.00,98.00,1.00,SAP,,,0.00,,,,,,,,,,,,,,,,,,,,,,,,,,,,,,,,,,,,,,,,,,,,,,,,,,,,,
HOLE_043,Jerimum de Cima,103923,98.00,98.85,0.85,SAP,,,0.00,,,,,,,,,,,,,,,,,,,,,,,,,,,,,,,,,,,,,,,,,,,,,,,,,,,,,
HOLE_043,Jerimum de Cima,103924,98.85,99.50,0.65,SAP,,,0.29,,,,,,,,,,,,,,,,,,,,,,,,,,,,,,,,,,,,,,,,,,,,,,,,,,,,,
HOLE_043,Jerimum de Cima,103925,99.50,100.20,0.70,QV,SS,VN,0.33,0.8,2.78,36,,902,0.8,2.5,0.175,0.25,,48,94,,27,3.78,,,,,,1.33,12,10,,0.7,0.039,0.5,0.35,,53,0.07,7,,,0.89,5,7.6,,5,43.1,,,,,0.26,10,,69,5,5.9,,125,78.2
HOLE_043,Jerimum de Cima,103926,100.20,100.85,0.65,QV,SS,VN,0.33,1.5,3.84,1.5,,1840,1.1,2.5,0.158,0.25,,38,20,,8,3.85,,,,,,2.31,30.9,16,,0.56,0.0581,0.5,1.24,,36,0.09,8,,,1.02,5,6.1,,5,67,,,,,0.26,10,,92,7,7.7,,91,107.3
HOLE_043,Jerimum de Cima,103927,100.85,102.15,1.30,QV,SS,VN,0.00,0.25,5.31,1.5,,2211,1,2.5,0.965,0.25,,14,4,,4,2.99,,,,,,2.32,32.5,13,,0.7,0.0711,0.5,3.79,,19,0.1,16,,,0.23,5,6.7,,5,450.3,,,,,0.39,10,,108,2.5,14.7,,90,134.2
HOLE_043,Jerimum de Cima,103928,102.15,103.45,1.30,QV,SS,VN,0.23,1.3,1.66,44,,150,0.25,2.5,0.087,0.25,,17,16,,68,2.4,,,,,,0.42,8.1,10,,0.65,0.026,0.5,0.13,,28,0.03,18,,,0.47,5,2.8,,5,7.9,,,,,0.1,10,,27,2.5,4.2,,68,29
HOLE_043,Jerimum de Cima,103929,103.45,104.00,0.55,QV,SS,VN,15.12,52.1,0.41,14,,46,0.25,66,0.027,0.25,,5,4,,66,1.27,,,,,,0.12,3.9,1,,0.08,0.0101,3,0.06,,15,0.005,693,,,0.81,5,0.25,,5,6.4,,,,,0.02,10,,4,2.5,1.5,,22,6.4
HOLE_043,Jerimum de Cima,103930,104.00,105.00,1.00,QV,SS,VN,0.09,0.25,0.33,1.5,,28,0.25,2.5,0.026,0.25,,0.5,4,,18,0.75,,,,,,0.06,3.3,1,,0.04,0.0131,0.5,0.06,,3,0.005,18,,,0.1,5,0.25,,5,0.25,,,,,0.005,10,,2,2.5,1.3,,19,3.2
HOLE_043,Jerimum de Cima,103931,105.00,105.95,0.95,QV,SS,VN,0.11,0.8,0.16,1.5,,30,0.25,2.5,0.019,0.25,,1,4,,14,0.67,,,,,,0.04,1.6,1,,0.03,0.013,0.5,0.05,,4,0.005,16,,,0.09,5,0.25,,5,3.4,,,,,0.005,10,,2,2.5,0.7,,19,1.7
HOLE_043,Jerimum de Cima,103932,105.95,106.80,0.85,QV,SS,VN,0.02,0.25,4.75,1.5,,1197,1.2,2.5,0.125,0.25,,8,7,,23,2.66,,,,,,2.59,19.2,25,,1,0.0306,0.5,2.54,,11,0.08,15,,,0.24,5,2.7,,5,90.4,,,,,0.24,10,,65,2.5,3,,101,58.5
HOLE_043,Jerimum de Cima,103933,106.80,107.65,0.85,QV,SS,VN,0.08,0.5,6.78,43,,781,1,2.5,1.626,1.3,,8,14,,67,2.82,,,,,,2.28,23.2,27,,1.05,0.0674,0.5,2.24,,12,0.07,30,,,0.3,5,7.3,,5,179.7,,,,,0.22,10,,58,2.5,6.9,,136,58.2
HOLE_043,Jerimum de Cima,103934,107.65,108.40,0.75,QV,SS,VN,0.83,2.6,7.44,82,,670,1.2,2.5,0.302,2.1,,89,39,,238,7.79,,,,,,3.09,40.2,46,,1.53,0.0544,0.5,0.87,,32,0.1,84,,,4.44,5,12.6,,5,52.3,,,,,0.28,10,,84,9,10.4,,224,77
HOLE_043,Jerimum de Cima,103935,108.40,109.15,0.75,QV,SS,VN,15.08,9.4,4.58,66,,494,0.9,6,0.341,8.9,,39,5,,409,5.96,,,,,,2.42,33.3,6,,0.37,0.022,0.5,0.17,,21,0.04,356,,,5.41,5,3.1,,5,23.3,,,,,0.11,10,,33,5,6.8,,607,63.3
HOLE_043,Jerimum de Cima,103936,109.15,109.65,0.50,QV,SS,VN,133.71,48.3,4.37,48,,512,0.8,25,0.5,30.4,,5,5,,494,3.57,,,,,,2.53,20.4,5,,0.3,0.0244,0.5,0.07,,4,0.04,1802,,,2.88,5,2.9,,5,19.7,,,,,0.1,10,,30,13,4.3,,2908,55.7
HOLE_043,Jerimum de Cima,103937,109.65,110.60,0.95,QV,SS,VN,0.15,0.25,5.48,50,,925,1.3,2.5,1.804,0.25,,8,5,,63,2.77,,,,,,2.3,30.2,22,,0.91,0.0593,0.5,2.87,,6,0.08,23,,,0.63,5,6,,5,206.2,,,,,0.27,10,,57,8,8.2,,76,85.5
HOLE_043,Jerimum de Cima,103938,110.60,112.50,1.90,dID,CT,MT,0.02,0.25,6.79,30,,1140,1.2,2.5,2.979,0.25,,14,4,,27,3.46,,,,,,1.9,25.9,28,,1.19,0.0705,0.5,3.66,,9,0.1,10,,,0.5,5,7.7,,5,593.8,,,,,0.32,10,,73,2.5,9.6,,56,64.2
HOLE_043,Jerimum de Cima,103939,112.50,113.00,0.50,dID,CT,MT,0.11,0.25,6.95,38,,1007,1.4,2.5,2.52,0.25,,13,8,,75,3.9,,,,,,2.59,23.6,37,,1.28,0.0669,0.5,2.6,,11,0.09,9,,,0.83,5,8.2,,5,470.6,,,,,0.31,10,,73,2.5,9.2,,55,39.6
HOLE_043,Jerimum de Cima,103940,113.00,113.90,0.90,dID,CT,MT,0.00,0.25,7.09,36,,915,1.5,2.5,3.285,0.25,,14,7,,55,3.98,,,,,,1.95,31.4,42,,1.52,0.0776,0.5,3.46,,10,0.11,13,,,0.46,5,11.4,,5,676.7,,,,,0.39,10,,89,5,15.6,,59,59.3
HOLE_043,Jerimum de Cima,103941,113.90,114.50,0.60,dID,CT,MT,0.04,0.25,7.43,41,,859,1.4,2.5,2.744,0.25,,16,7,,50,3.63,,,,,,2.4,64,30,,1.26,0.0812,0.5,3.07,,8,0.12,13,,,1.04,5,9.9,,5,405.3,,,,,0.36,10,,78,8,16,,60,127.4
HOLE_043,Jerimum de Cima,103942,114.50,115.10,0.60,dID,CT,MT,0.00,0.25,6.88,48,,1223,1.5,2.5,2.28,0.25,,12,6,,10,3.12,,,,,,2.1,51.1,20,,1.02,0.0531,0.5,3.9,,6,0.09,10,,,0.65,5,7.7,,5,525.2,,,,,0.3,10,,59,2.5,14.2,,47,116.8
HOLE_043,Jerimum de Cima,103943,115.10,116.80,1.70,dID,CT,MT,0.00,0.25,7.54,58,,1082,1.2,2.5,3.324,0.25,,22,9,,9,4.36,,,,,,2.57,33.1,31,,1.53,0.0732,0.5,3.24,,11,0.12,14,,,0.97,5,10.6,,5,753.1,,,,,0.4,10,,89,2.5,12.4,,73,68.4
HOLE_043,Jerimum de Cima,103944,116.80,118.50,1.70,dID,CT,MT,0.00,0.25,6.84,38,,1061,0.9,2.5,3.568,0.25,,14,8,,30,3.91,,,,,,1.61,36.1,29,,1.38,0.0802,0.5,3.65,,10,0.09,12,,,0.13,5,8.3,,5,631.3,,,,,0.33,10,,97,2.5,10.6,,72,58.2
HOLE_043,Jerimum de Cima,103945,118.50,120.40,1.90,GSTR,SS QV,MT,0.00,0.25,6.69,13,,1085,1,2.5,2.294,0.25,,15,6,,16,3.86,,,,,,1.93,18.9,41,,1.65,0.0749,0.5,3.58,,11,0.1,9,,,0.21,5,8.8,,5,408,,,,,0.33,10,,84,2.5,8.3,,81,37.9
HOLE_043,Jerimum de Cima,103946,120.40,120.90,0.50,GSTR,SS QV,MT,0.07,0.25,6.76,12,,665,1,2.5,2.535,0.25,,9,6,,35,3.51,,,,,,3.34,22.9,39,,1.4,0.0998,0.5,1.31,,13,0.1,11,,,0.59,5,9.5,,5,185.3,,,,,0.3,10,,91,10,6.7,,82,40.6
HOLE_043,Jerimum de Cima,103947,120.90,121.65,0.75,GSTR,SS QV,MT,0.85,1,6.82,70,,565,1.1,2.5,2.088,0.25,,15,8,,61,3.77,,,,,,2.4,31.9,37,,1.44,0.0767,0.5,2.15,,17,0.11,15,,,0.9,5,10,,5,177,,,,,0.32,10,,71,5,9,,86,58.7
HOLE_043,Jerimum de Cima,103948,121.65,122.20,0.55,GSTR,SS QV,MT,0.01,0.25,7.26,29,,804,1.1,2.5,2.601,0.25,,10,8,,25,3.85,,,,,,2.18,22.2,53,,1.91,0.0907,0.5,3.38,,12,0.12,13,,,0.22,5,10.6,,5,224.8,,,,,0.38,10,,81,9,8.5,,95,43.9
HOLE_043,Jerimum de Cima,103949,122.20,122.80,0.60,GSTR,SS QV,MT,0.02,0.25,6.65,31,,677,0.9,2.5,2.584,0.25,,5,9,,34,2.91,,,,,,2.67,37,29,,1.17,0.0822,0.5,1.5,,16,0.12,11,,,0.3,5,13.2,,5,161.8,,,,,0.39,10,,84,7,9.8,,58,62.9
HOLE_043,Jerimum de Cima,103950,122.80,124.25,1.45,GSTR,SS QV,MT,0.00,0.25,1.88,34,,134,0.25,2.5,0.926,0.25,,1,4,,19,1.04,,,,,,0.62,7,5,,0.27,0.0323,0.5,0.4,,4,0.02,5,,,0.04,5,2.7,,5,52.4,,,,,0.06,10,,18,2.5,2.6,,32,15.8
HOLE_043,Jerimum de Cima,103951,124.25,124.75,0.50,GSTR,SS QV,MT,0.08,0.9,6.59,40,,560,1,2.5,2.31,5.1,,5,7,,163,2.82,,,,,,2.49,23.2,24,,1.09,0.085,0.5,2.33,,18,0.11,35,,,0.27,5,8.5,,5,168.9,,,,,0.31,10,,61,9,7.9,,459,39.3
HOLE_043,Jerimum de Cima,103952,124.75,125.35,0.60,GSTR,SS QV,MT,0.97,7.7,5.68,12,,712,1.2,6,2.511,4.4,,7,5,,392,2.96,,,,,,3.43,26.9,13,,0.84,0.0931,0.5,0.88,,12,0.08,364,,,1.22,5,5.9,,5,185.4,,,,,0.24,10,,59,12,7,,455,73.1
HOLE_043,Jerimum de Cima,103953,125.35,125.95,0.60,GSTR,SS QV,MT,0.11,1.6,5.44,13,,588,1,2.5,1.62,1.6,,12,6,,424,2.08,,,,,,2.14,25,18,,0.84,0.0574,0.5,3.24,,10,0.08,32,,,0.22,5,4,,5,171.6,,,,,0.22,10,,66,6,6,,163,95.1
HOLE_043,Jerimum de Cima,103954,125.95,126.60,0.65,GSTR,SS QV,MT,0.00,0.25,6.93,26,,785,0.8,2.5,2.414,0.25,,10,15,,17,3.04,,,,,,2.04,30.7,33,,1.54,0.0816,0.5,2.59,,38,0.13,8,,,0.19,5,9.7,,5,247.7,,,,,0.23,10,,68,5,8,,60,70.7
HOLE_043,Jerimum de Cima,103955,126.60,127.85,1.25,GSTR,SS QV,MT,2.77,1.7,5.38,77,,199,0.25,2.5,2.135,0.8,,20,332,,120,7.86,,,,,,1.01,23,82,,3.39,0.1412,0.5,0.08,,182,0.1,131,,,1.31,5,15,,5,60.9,,,,,0.43,10,,106,10,10.7,,215,146.9
HOLE_043,Jerimum de Cima,103956,127.85,128.50,0.65,GSTR,SS QV,MT,0.84,1.4,7.2,63,,369,0.6,2.5,3.338,0.25,,45,309,,169,9.98,,,,,,1.82,31.7,95,,3.71,0.1375,0.5,0.2,,179,0.1,57,,,3.37,5,17.3,,5,96.6,,,,,0.35,10,,142,15,12.3,,176,151.8
HOLE_043,Jerimum de Cima,103957,128.50,129.30,0.80,GSTR,SS QV,MT,0.02,0.25,8.58,44,,801,1.1,2.5,3.718,0.25,,28,176,,54,6.61,,,,,,2.08,39.3,97,,4.05,0.1508,0.5,1.65,,112,0.15,13,,,0.38,5,21.4,,5,283.9,,,,,0.58,10,,137,5,17.6,,159,187.3
HOLE_043,Jerimum de Cima,103958,129.30,131.30,2.00,dID,CHP,MT,0.00,0.25,7.75,27,,1192,1,2.5,3.65,0.25,,19,32,,30,4.46,,,,,,1.79,33.6,39,,2.01,0.0877,0.5,3.27,,33,0.15,11,,,0.18,5,10.2,,5,718.6,,,,,0.37,10,,93,2.5,9.9,,98,107.7
HOLE_043,Jerimum de Cima,103959,131.30,133.00,1.70,dID,CHP,MT,0.02,0.25,7.74,38,,951,1,2.5,3.817,0.25,,18,21,,41,4.59,,,,,,1.86,40.5,39,,1.83,0.0843,0.5,3.51,,22,0.17,7,,,0.3,5,8.6,,5,661.4,,,,,0.36,10,,97,2.5,10.5,,78,105.3
HOLE_043,Jerimum de Cima,103960,133.00,134.70,1.70,dID,CHP,MT,0.00,0.25,7.35,24,,1411,1.1,2.5,3.943,0.25,,16,9,,35,4.39,,,,,,2.28,36.9,31,,1.62,0.0849,0.5,3.04,,11,0.2,10,,,0.11,5,6,,5,985.3,,,,,0.34,10,,91,2.5,9.2,,86,117.2
HOLE_043,Jerimum de Cima,103961,134.70,136.00,1.30,dID,CHP,MT,0.00,0.25,6.94,20,,1201,1,2.5,3.948,0.25,,21,25,,45,4.93,,,,,,1.95,37.2,38,,2.06,0.0958,0.5,2.8,,26,0.19,13,,,0.19,5,8.5,,5,1298.8,,,,,0.4,10,,111,2.5,9.7,,101,97.6
HOLE_043,Jerimum de Cima,103962,136.00,137.40,1.40,dID,CHP,MT,0.00,0.25,7.85,19,,1049,1.1,2.5,4.302,0.25,,23,30,,52,5.34,,,,,,1.62,41.8,38,,2.26,0.0965,0.5,2.93,,33,0.19,12,,,0.09,5,10.3,,5,1516.4,,,,,0.43,10,,116,2.5,11.8,,98,105.1
HOLE_043,Jerimum de Cima,103963,137.40,138.00,0.60,dID,SER,MT,0.00,0.25,7.84,22,,986,1,2.5,3.612,0.25,,20,20,,27,4.69,,,,,,2.1,26.8,46,,1.93,0.0862,0.5,3.12,,20,0.12,10,,,0.3,5,12.6,,5,625.9,,,,,0.38,10,,113,2.5,10.4,,64,102.3
HOLE_043,Jerimum de Cima,103964,138.00,138.80,0.80,dID,SER,MT,0.53,0.8,7.65,27,,889,1,2.5,2.849,0.25,,12,13,,140,5.79,,,,,,2.93,23.4,61,,1.69,0.0781,0.5,1.65,,12,0.1,11,,,1.49,5,13.8,,5,391.1,,,,,0.33,10,,108,2.5,8.7,,70,104.6
HOLE_043,Jerimum de Cima,103965,138.80,139.85,1.05,dID,SER,MT,0.05,0.25,7.64,9,,904,1.2,2.5,3.413,0.25,,8,11,,63,3.63,,,,,,2.63,34.2,40,,1.21,0.0805,0.5,2.04,,11,0.09,11,,,0.53,5,10,,5,323.6,,,,,0.27,10,,73,6,10.2,,63,90.8
HOLE_043,Jerimum de Cima,103966,139.85,141.35,1.50,dID,SER,MT,0.02,0.25,7.41,25,,1414,1.2,2.5,2.733,0.25,,13,5,,49,3.5,,,,,,2.39,43,28,,1.16,0.0661,0.5,3.24,,7,0.12,10,,,0.42,5,8,,5,479,,,,,0.3,10,,68,2.5,10.7,,52,91.3
HOLE_043,Jerimum de Cima,103967,141.35,142.85,1.50,dID,SER,MT,0.08,0.25,6.62,21,,1354,1.1,2.5,2.799,0.25,,10,4,,25,2.83,,,,,,2.25,33.9,20,,0.9,0.0531,0.5,3.54,,5,0.09,7,,,0.23,5,6.5,,5,408.8,,,,,0.26,10,,53,2.5,9.2,,43,92.9
HOLE_043,Jerimum de Cima,103968,142.85,144.25,1.40,IA,HM,MT,0.00,0.25,5.29,20,,1683,0.9,2.5,1.275,0.25,,4,2,,10,2.15,,,,,,3.12,28,10,,0.38,0.0321,0.5,3.53,,0.5,0.06,10,,,0.14,5,2.7,,5,339.7,,,,,0.21,10,,30,2.5,7.4,,28,92
HOLE_043,Jerimum de Cima,103969,144.25,146.25,2.00,dID,EPI,MT,0.00,0.25,7.58,1.5,,1314,1.2,2.5,4.031,0.25,,20,13,,31,5.09,,,,,,1.85,47.3,41,,2.02,0.0998,0.5,2.97,,18,0.18,14,,,0.04,5,12.5,,5,947.5,,,,,0.43,10,,123,2.5,12.7,,103,98.5
HOLE_043,Jerimum de Cima,103970,146.25,148.25,2.00,dID,EPI,MT,0.48,0.9,8.2,1.5,,1160,1,2.5,4.413,0.25,,20,17,,32,5.34,,,,,,1.94,50.6,39,,2.23,0.1073,0.5,2.81,,22,0.19,17,,,0.18,5,14.3,,5,1168.9,,,,,0.46,10,,131,2.5,13.1,,114,95.4
HOLE_043,Jerimum de Cima,103971,148.25,150.25,2.00,dID,EPI,MT,0.31,1.6,7.79,15,,930,1,2.5,4.814,0.25,,22,20,,40,5.58,,,,,,1.55,44.6,41,,2.21,0.1049,0.5,2.68,,26,0.19,16,,,0.37,5,13.6,,5,1131.4,,,,,0.47,10,,126,2.5,12.4,,110,95.1
HOLE_043,Jerimum de Cima,103972,150.25,152.25,2.00,dID,EPI,MT,0.02,0.25,8.17,4,,1310,1.1,2.5,4.88,0.25,,24,17,,53,5.85,,,,,,1.78,53.6,46,,2.41,0.1168,0.5,2.94,,24,0.2,16,,,0.4,5,15.1,,5,1182.6,,,,,0.49,10,,131,2.5,13.8,,102,94.7
HOLE_043,Jerimum de Cima,103973,152.25,154.25,2.00,dID,EPI,MT,0.00,0.25,8.65,5,,1194,1.1,2.5,4.713,0.25,,21,9,,39,5.58,,,,,,1.49,54.1,54,,2.27,0.114,0.5,3.55,,18,0.2,12,,,0.21,5,14.5,,5,946.8,,,,,0.48,10,,134,2.5,14.1,,102,96.6
HOLE_043,Jerimum de Cima,103974,154.25,156.25,2.00,dID,EPI,MT,0.00,0.25,7.85,1.5,,1216,1,2.5,3.538,0.25,,18,21,,39,4.65,,,,,,1.57,38.9,41,,1.9,0.0902,0.5,3.68,,23,0.17,15,,,0.19,5,10.4,,5,751.8,,,,,0.39,10,,102,2.5,11.6,,100,110.5
HOLE_043,Jerimum de Cima,103975,156.25,158.05,1.80,dID,EPI,MT,0.00,0.25,8.35,1.5,,832,1,2.5,4.041,0.25,,19,27,,47,5.05,,,,,,1.9,41.2,55,,2.22,0.0932,0.5,3.38,,29,0.18,13,,,0.19,5,10.9,,5,670.1,,,,,0.4,10,,116,2.5,10.8,,64,102
HOLE_043,Jerimum de Cima,103976,158.05,159.00,0.95,SHR,SS QV,MT,0.04,0.25,6.96,16,,714,1.6,2.5,2.051,0.25,,19,34,,21,5.05,,,,,,2.86,42.4,71,,2.21,0.0776,0.5,2.03,,39,0.18,36,,,0.43,5,11.7,,5,280.4,,,,,0.43,10,,117,8,10,,88,103.3
HOLE_043,Jerimum de Cima,103977,159.00,159.90,0.90,SHR,SS QV,MT,1.56,2.4,6.9,26,,631,1.2,2.5,2.285,0.25,,12,11,,94,3.59,,,,,,3.43,23.6,21,,0.75,0.0426,1,0.52,,10,0.07,90,,,1.67,5,6.6,,5,85.1,,,,,0.2,10,,105,7,7.3,,33,60.3
HOLE_043,Jerimum de Cima,103978,159.90,161.10,1.20,dID,SER,MT,0.03,0.25,5.26,6,,542,0.9,2.5,2.345,0.25,,7,6,,38,2.59,,,,,,1.88,19.4,29,,0.87,0.0581,0.5,3.35,,6,0.08,9,,,0.21,5,4.6,,5,242.7,,,,,0.24,10,,44,2.5,6.6,,35,66.8
HOLE_043,Jerimum de Cima,103979,161.10,162.25,1.15,dID,SER,MT,0.01,0.25,6.05,10,,908,1,2.5,2.39,0.25,,8,3,,8,2.51,,,,,,2.25,16,20,,0.7,0.0501,0.5,3.51,,4,0.07,6,,,0.15,5,4.2,,5,319.9,,,,,0.21,10,,42,2.5,6,,25,42.7
HOLE_043,Jerimum de Cima,103980,162.25,164.00,1.75,IA,SCP,MT,0.00,0.25,6.06,4,,2758,0.8,2.5,1.748,0.25,,5,1,,5,2.39,,,,,,3.25,36.6,13,,0.46,0.0335,0.5,3.37,,0.5,0.06,10,,,0.06,5,3.2,,5,374.1,,,,,0.22,10,,36,2.5,7.8,,32,93.2
HOLE_043,Jerimum de Cima,103981,164.00,166.00,2.00,IA,SCP,MT,0.00,0.25,4.58,1.5,,2041,0.9,2.5,1.451,0.25,,5,3,,4,2.23,,,,,,3.1,25.6,11,,0.4,0.0339,0.5,3.44,,0.5,0.06,10,,,0.03,5,2.3,,5,313.7,,,,,0.22,10,,31,2.5,7.3,,31,90.5
HOLE_043,Jerimum de Cima,103982,166.00,168.00,2.00,IA,SCP,MT,0.00,0.25,5.32,12,,1818,0.9,2.5,1.727,0.25,,5,2,,21,2.27,,,,,,2.95,30.8,12,,0.42,0.0397,0.5,3.16,,0.5,0.06,7,,,0.27,5,3.3,,5,297.7,,,,,0.19,10,,29,2.5,8.2,,26,84.8
HOLE_043,Jerimum de Cima,103983,168.00,170.00,2.00,IA,SCP,MT,0.00,0.25,4.14,1.5,,1905,1,2.5,1.435,0.25,,5,5,,10,2.13,,,,,,3.31,22.8,11,,0.33,0.0355,0.5,3.35,,2,0.05,13,,,0.03,5,2.4,,5,348.9,,,,,0.21,10,,32,2.5,6.6,,35,78.4
HOLE_043,Jerimum de Cima,103984,170.00,172.00,2.00,IA,SCP,MT,0.00,0.25,5.27,1.5,,2028,0.9,2.5,1.457,0.25,,4,5,,10,2.24,,,,,,3.48,25.5,13,,0.39,0.0366,0.5,3.3,,0.5,0.06,12,,,0.12,5,3,,5,415.1,,,,,0.22,10,,30,2.5,7.4,,32,83
HOLE_043,Jerimum de Cima,103985,172.00,174.00,2.00,IA,SCP,MT,0.00,0.25,5.72,1.5,,2157,1.1,2.5,1.707,0.25,,5,5,,10,2.38,,,,,,3.74,30.2,14,,0.41,0.0378,1,3.3,,0.5,0.07,12,,,0.1,5,3.3,,5,445.2,,,,,0.23,10,,35,2.5,8.7,,34,91.7
HOLE_043,Jerimum de Cima,103986,174.00,176.00,2.00,IA,SCP,MT,0.00,0.25,4.94,1.5,,1634,1,2.5,1.739,0.25,,4,4,,9,2.12,,,,,,3.08,23.4,12,,0.37,0.0399,0.5,3.24,,0.5,0.06,14,,,0.04,5,2.9,,5,340.8,,,,,0.19,10,,31,2.5,7.1,,31,77
HOLE_043,Jerimum de Cima,103987,176.00,178.00,2.00,IA,SCP,MT,0.00,0.25,5.19,1.5,,1964,1.1,2.5,1.533,0.25,,5,5,,8,2.35,,,,,,3.37,25.1,11,,0.4,0.0375,0.5,3.4,,0.5,0.06,15,,,0.04,5,3,,5,407.7,,,,,0.21,10,,32,2.5,7.4,,46,82.9
HOLE_043,Jerimum de Cima,103988,178.00,180.00,2.00,IA,SCP,MT,0.00,0.25,5.37,1.5,,1703,1.1,2.5,1.617,0.25,,5,5,,10,2.19,,,,,,3.3,24.4,11,,0.38,0.0393,0.5,3.2,,0.5,0.06,16,,,0.06,5,3.1,,5,496,,,,,0.2,10,,28,2.5,7.3,,46,77.3
HOLE_043,Jerimum de Cima,103989,180.00,181.55,1.55,IA,SCP,MT,0.00,0.25,4.8,1.5,,1502,1,2.5,1.782,0.25,,4,3,,6,2.06,,,,,,3.23,18.8,11,,0.35,0.0304,0.5,3.37,,0.5,0.06,10,,,0.07,5,2.6,,5,385.8,,,,,0.2,10,,27,2.5,6.1,,29,88.2
HOLE_043,Jerimum de Cima,103990,181.55,183.55,2.00,dID,CT,FR,0.00,0.25,5.48,1.5,,1179,1.1,2.5,2.603,0.25,,8,8,,10,2.83,,,,,,2.13,10.6,24,,0.78,0.0565,0.5,3.59,,5,0.07,11,,,0.05,5,4.1,,5,684.7,,,,,0.25,10,,50,2.5,4.9,,54,43.9
HOLE_043,Jerimum de Cima,103991,183.55,185.55,2.00,dID,CT,FR,0.00,0.25,4.74,1.5,,1093,1,2.5,2.53,0.25,,8,7,,10,2.62,,,,,,1.88,14.9,21,,0.69,0.0507,0.5,3.79,,4,0.07,10,,,0.005,5,3.6,,5,641.6,,,,,0.24,10,,49,2.5,6.6,,57,62.8
HOLE_043,Jerimum de Cima,103992,185.55,187.55,2.00,dID,CT,FR,0.00,0.25,5.21,1.5,,953,1.1,2.5,2.882,0.25,,9,7,,9,3.15,,,,,,1.99,23,23,,0.81,0.0564,0.5,3.79,,5,0.08,11,,,0.01,5,4.4,,5,728.2,,,,,0.28,10,,57,2.5,7.7,,66,81
HOLE_043,Jerimum de Cima,103993,187.55,189.55,2.00,dID,CT,FR,0.00,0.25,5.62,1.5,,1104,1.1,2.5,2.879,0.25,,9,7,,7,3.25,,,,,,1.87,14.4,25,,0.91,0.0626,0.5,3.79,,5,0.09,11,,,0.005,5,4.9,,5,708.3,,,,,0.29,10,,59,2.5,7.9,,65,69.1
HOLE_043,Jerimum de Cima,103994,189.55,191.15,1.60,dID,CT,FR,0.00,0.25,5.43,1.5,,971,1.1,2.5,2.363,0.25,,8,7,,5,2.8,,,,,,2,10.4,21,,0.76,0.0468,0.5,3.72,,5,0.07,7,,,0.005,5,4.2,,5,533.6,,,,,0.24,10,,53,2.5,5.8,,57,51.4
HOLE_043,Jerimum de Cima,103995,191.15,191.75,0.60,dID,CT,MT,0.00,0.25,6.63,1.5,,1334,1.4,2.5,2.377,0.25,,10,6,,5,2.84,,,,,,3.14,19.9,29,,0.85,0.0466,0.5,2.83,,4,0.08,8,,,0.16,5,5.2,,5,418,,,,,0.26,10,,62,2.5,6.9,,56,61
HOLE_043,Jerimum de Cima,103996,191.75,193.75,2.00,dID,CT,MT,0.00,0.25,5.47,1.5,,788,0.9,2.5,2.263,0.25,,7,6,,5,2.46,,,,,,2.23,8.3,22,,0.71,0.0468,0.5,3.33,,4,0.07,4,,,0.005,5,3.9,,5,307.1,,,,,0.23,10,,49,2.5,4.6,,51,44.5
HOLE_043,Jerimum de Cima,103997,193.75,195.75,2.00,dID,CT,MT,0.00,0.25,5.81,1.5,,767,0.9,2.5,2.618,0.25,,9,7,,4,3.01,,,,,,2.07,14,25,,0.9,0.048,0.5,3.72,,6,0.08,8,,,0.005,5,5.8,,5,309.8,,,,,0.26,10,,58,2.5,7.4,,63,47.9
HOLE_043,Jerimum de Cima,103998,195.75,197.75,2.00,dID,CT,MT,0.00,0.25,5.3,1.5,,760,0.9,2.5,1.738,0.25,,8,7,,5,2.52,,,,,,1.81,12.4,19,,0.66,0.0358,0.5,3.58,,4,0.07,8,,,0.04,5,3.8,,5,405.8,,,,,0.22,10,,49,2.5,5.4,,48,44.9
HOLE_043,Jerimum de Cima,103999,197.75,199.75,2.00,dID,CT,MT,0.00,0.25,6.08,1.5,,701,0.9,2.5,2.555,0.25,,8,7,,7,2.78,,,,,,2.33,16,23,,0.75,0.0429,0.5,3.67,,4,0.07,7,,,0.02,5,4.3,,5,388.3,,,,,0.24,10,,51,2.5,6.1,,52,44.9
HOLE_043,Jerimum de Cima,104000,199.75,201.75,2.00,dID,CT,MT,0.00,0.25,5.05,1.5,,790,1,2.5,2.195,0.25,,8,7,,10,2.76,,,,,,2.2,11.3,24,,0.69,0.0446,0.5,3.63,,5,0.07,8,,,0.09,5,3.7,,5,319.1,,,,,0.22,10,,50,2.5,5.3,,46,42.6
HOLE_043,Jerimum de Cima,104001,201.75,202.75,1.00,dID,CT,MT,0.00,0.25,4.75,1.5,,841,0.9,2.5,1.792,0.25,,8,7,,15,2.62,,,,,,1.77,13.5,22,,0.67,0.0405,0.5,3.95,,4,0.07,6,,,0.03,5,3.5,,5,356.3,,,,,0.23,10,,44,2.5,5.4,,47,47.7
HOLE_043,Jerimum de Cima,104002,202.75,204.75,2.00,dID,CT,MT,0.00,0.25,5.67,1.5,,1210,1.1,2.5,2.473,0.25,,8,8,,7,2.96,,,,,,2.01,17.5,22,,0.77,0.0529,0.5,3.92,,5,0.08,9,,,0.01,5,4.6,,5,634.1,,,,,0.28,10,,50,2.5,7.5,,49,70.1
HOLE_043,Jerimum de Cima,104003,204.75,206.25,1.50,dID,CT,MT,0.00,0.25,6.28,1.5,,1277,1.1,2.5,2.118,0.25,,8,7,,7,2.6,,,,,,2.37,10.1,22,,0.63,0.0584,0.5,3.6,,4,0.08,6,,,0.18,5,4.2,,5,470.7,,,,,0.24,10,,46,2.5,5,,36,41.9
HOLE_043,Jerimum de Cima,104004,206.25,207.30,1.05,dID,SER,MT,0.01,0.25,6.05,1.5,,1083,1.3,2.5,2.489,0.25,,6,8,,29,2.95,,,,,,2.77,13.6,33,,0.72,0.0731,0.5,3.15,,6,0.09,7,,,0.29,5,4.4,,5,345.5,,,,,0.27,10,,52,2.5,6.1,,37,39.2
HOLE_043,Jerimum de Cima,104005,207.30,208.80,1.50,dID,SER,MT,0.01,0.25,7.99,1.5,,1207,1.3,2.5,2.895,0.25,,6,7,,18,3.01,,,,,,3.74,20,36,,0.9,0.067,0.5,1.77,,4,0.09,5,,,0.29,5,5.2,,5,231.7,,,,,0.25,10,,56,2.5,6.2,,35,55.5
HOLE_043,Jerimum de Cima,104006,208.80,210.05,1.25,dID,SER,MT,0.00,0.25,5.54,1.5,,861,1,2.5,2.516,0.25,,5,7,,19,2.41,,,,,,2.57,12.6,29,,0.66,0.0512,0.5,2.99,,4,0.07,5,,,0.13,5,3.8,,5,249.2,,,,,0.21,10,,46,2.5,5.1,,34,33.7
HOLE_043,Jerimum de Cima,104007,210.05,211.00,0.95,dID,SER,MT,0.00,0.25,5.22,1.5,,899,1,2.5,3.03,0.25,,8,7,,4,2.61,,,,,,2.43,13.2,25,,0.61,0.0503,0.5,3.46,,4,0.06,6,,,0.03,5,3.6,,5,344.8,,,,,0.23,10,,47,2.5,5.8,,46,36.1
HOLE_043,Jerimum de Cima,104008,211.00,212.00,1.00,dID,SER,MT,0.00,0.25,5.13,1.5,,785,1,2.5,2.356,0.25,,8,7,,6,2.5,,,,,,2.16,16.8,24,,0.64,0.0424,0.5,3.67,,5,0.07,6,,,0.03,5,3.7,,5,378,,,,,0.21,10,,46,2.5,6,,50,32.5
HOLE_043,Jerimum de Cima,104009,212.00,213.35,1.35,dID,SER,MT,0.00,0.25,5.03,1.5,,623,1,2.5,2.671,0.25,,8,7,,10,2.6,,,,,,1.93,14.8,25,,0.73,0.0425,0.5,3.55,,5,0.07,5,,,0.005,5,3.7,,5,479.5,,,,,0.22,10,,46,2.5,7,,52,33
HOLE_043,Jerimum de Cima,104010,213.35,214.40,1.05,dID,SER,MT,0.01,0.25,5.39,1.5,,1387,1.2,2.5,2.315,0.25,,8,6,,15,2.8,,,,,,3.15,16.7,27,,0.73,0.0537,0.5,2.53,,5,0.08,7,,,0.02,5,4,,5,427.9,,,,,0.23,10,,56,2.5,6.9,,55,45.7
HOLE_043,Jerimum de Cima,104011,214.40,216.30,1.90,dID,SER,MT,0.00,,,,,,,,,,,,,,,,,,,,,,,,,,,,,,,,,,,,,,,,,,,,,,,,,,,,,
HOLE_043,Jerimum de Cima,104012,216.30,218.10,1.80,dID,SER,MT,0.00,,,,,,,,,,,,,,,,,,,,,,,,,,,,,,,,,,,,,,,,,,,,,,,,,,,,,
HOLE_043,Jerimum de Cima,104013,218.10,219.90,1.80,dID,SER,MT,0.00,,,,,,,,,,,,,,,,,,,,,,,,,,,,,,,,,,,,,,,,,,,,,,,,,,,,,
HOLE_043,Jerimum de Cima,104014,219.90,221.90,2.00,dID,SER,MT,0.00,,,,,,,,,,,,,,,,,,,,,,,,,,,,,,,,,,,,,,,,,,,,,,,,,,,,,
HOLE_043,Jerimum de Cima,104015,221.90,223.00,1.10,dID,SER,MT,0.00,,,,,,,,,,,,,,,,,,,,,,,,,,,,,,,,,,,,,,,,,,,,,,,,,,,,,
HOLE_043,Jerimum de Cima,104016,223.00,225.00,2.00,dID,SER,MT,0.00,,,,,,,,,,,,,,,,,,,,,,,,,,,,,,,,,,,,,,,,,,,,,,,,,,,,,
HOLE_043,Jerimum de Cima,104017,225.00,227.00,2.00,dID,SER,MT,0.00,,,,,,,,,,,,,,,,,,,,,,,,,,,,,,,,,,,,,,,,,,,,,,,,,,,,,
HOLE_043,Jerimum de Cima,104018,227.00,229.00,2.00,dID,SER,MT,0.00,,,,,,,,,,,,,,,,,,,,,,,,,,,,,,,,,,,,,,,,,,,,,,,,,,,,,
HOLE_043,Jerimum de Cima,104019,229.00,231.00,2.00,dID,SER,MT,0.00,,,,,,,,,,,,,,,,,,,,,,,,,,,,,,,,,,,,,,,,,,,,,,,,,,,,,
HOLE_043,Jerimum de Cima,104020,231.00,233.00,2.00,dID,SER,MT,0.00,,,,,,,,,,,,,,,,,,,,,,,,,,,,,,,,,,,,,,,,,,,,,,,,,,,,,
HOLE_043,Jerimum de Cima,104021,233.00,235.00,2.00,dID,SER,MT,0.00,,,,,,,,,,,,,,,,,,,,,,,,,,,,,,,,,,,,,,,,,,,,,,,,,,,,,
HOLE_043,Jerimum de Cima,104022,235.00,236.00,1.00,dID,SER,MT,0.00,,,,,,,,,,,,,,,,,,,,,,,,,,,,,,,,,,,,,,,,,,,,,,,,,,,,,
HOLE_043,Jerimum de Cima,104023,236.00,236.55,0.55,dID,SER,MT,0.00,,,,,,,,,,,,,,,,,,,,,,,,,,,,,,,,,,,,,,,,,,,,,,,,,,,,,
HOLE_043,Jerimum de Cima,104024,236.55,238.00,1.45,dID,SER,MT,0.00,,,,,,,,,,,,,,,,,,,,,,,,,,,,,,,,,,,,,,,,,,,,,,,,,,,,,
HOLE_043,Jerimum de Cima,104025,238.00,240.00,2.00,dID,SER,MT,0.00,,,,,,,,,,,,,,,,,,,,,,,,,,,,,,,,,,,,,,,,,,,,,,,,,,,,,
HOLE_043,Jerimum de Cima,104026,240.00,242.00,2.00,dID,SER,MT,0.00,,,,,,,,,,,,,,,,,,,,,,,,,,,,,,,,,,,,,,,,,,,,,,,,,,,,,
HOLE_043,Jerimum de Cima,104027,242.00,243.50,1.50,dID,SER,MT,0.00,,,,,,,,,,,,,,,,,,,,,,,,,,,,,,,,,,,,,,,,,,,,,,,,,,,,,
HOLE_043,Jerimum de Cima,104028,243.50,244.35,0.85,dID,SER,MT,0.00,,,,,,,,,,,,,,,,,,,,,,,,,,,,,,,,,,,,,,,,,,,,,,,,,,,,,
HOLE_043,Jerimum de Cima,104029,244.35,246.00,1.65,dID,SER,MT,0.00,,,,,,,,,,,,,,,,,,,,,,,,,,,,,,,,,,,,,,,,,,,,,,,,,,,,,
HOLE_043,Jerimum de Cima,104030,246.00,247.80,1.80,dID,SER,MT,0.00,,,,,,,,,,,,,,,,,,,,,,,,,,,,,,,,,,,,,,,,,,,,,,,,,,,,,
HOLE_043,Jerimum de Cima,104031,247.80,249.40,1.60,dID,SER,MT,0.00,,,,,,,,,,,,,,,,,,,,,,,,,,,,,,,,,,,,,,,,,,,,,,,,,,,,,
HOLE_043,Jerimum de Cima,104032,249.40,250.90,1.50,dID,SER,MT,0.00,,,,,,,,,,,,,,,,,,,,,,,,,,,,,,,,,,,,,,,,,,,,,,,,,,,,,
HOLE_043,Jerimum de Cima,104033,250.90,252.50,1.60,dID,SER,MT,0.00,,,,,,,,,,,,,,,,,,,,,,,,,,,,,,,,,,,,,,,,,,,,,,,,,,,,,
HOLE_043,Jerimum de Cima,104034,252.50,253.40,0.90,dID,SER,MT,0.00,,,,,,,,,,,,,,,,,,,,,,,,,,,,,,,,,,,,,,,,,,,,,,,,,,,,,
HOLE_043,Jerimum de Cima,104035,253.40,254.15,0.75,dID,SER,MT,0.04,,,,,,,,,,,,,,,,,,,,,,,,,,,,,,,,,,,,,,,,,,,,,,,,,,,,,
HOLE_043,Jerimum de Cima,104036,254.15,256.00,1.85,dID,SER,MT,0.00,,,,,,,,,,,,,,,,,,,,,,,,,,,,,,,,,,,,,,,,,,,,,,,,,,,,,
HOLE_043,Jerimum de Cima,104037,256.00,258.00,2.00,dID,SER,MT,0.00,,,,,,,,,,,,,,,,,,,,,,,,,,,,,,,,,,,,,,,,,,,,,,,,,,,,,
HOLE_043,Jerimum de Cima,104038,258.00,260.00,2.00,dID,SER,MT,0.00,,,,,,,,,,,,,,,,,,,,,,,,,,,,,,,,,,,,,,,,,,,,,,,,,,,,,
HOLE_043,Jerimum de Cima,104039,260.00,261.15,1.15,dID,SER,MT,0.00,,,,,,,,,,,,,,,,,,,,,,,,,,,,,,,,,,,,,,,,,,,,,,,,,,,,,
HOLE_043,Jerimum de Cima,104040,261.15,262.30,1.15,dID,SER,MT,0.00,,,,,,,,,,,,,,,,,,,,,,,,,,,,,,,,,,,,,,,,,,,,,,,,,,,,,
HOLE_044,Jerimum de Cima,104041,0.00,1.00,1.00,QS,,,0.01,,,,,,,,,,,,,,,,,,,,,,,,,,,,,,,,,,,,,,,,,,,,,,,,,,,,,
HOLE_044,Jerimum de Cima,104042,1.00,2.00,1.00,QS,,,0.01,,,,,,,,,,,,,,,,,,,,,,,,,,,,,,,,,,,,,,,,,,,,,,,,,,,,,
HOLE_044,Jerimum de Cima,104043,2.00,3.00,1.00,QS,,,0.00,,,,,,,,,,,,,,,,,,,,,,,,,,,,,,,,,,,,,,,,,,,,,,,,,,,,,
HOLE_044,Jerimum de Cima,104044,3.00,4.00,1.00,QS,,,0.01,,,,,,,,,,,,,,,,,,,,,,,,,,,,,,,,,,,,,,,,,,,,,,,,,,,,,
HOLE_044,Jerimum de Cima,104045,4.00,5.00,1.00,QS,,,0.00,,,,,,,,,,,,,,,,,,,,,,,,,,,,,,,,,,,,,,,,,,,,,,,,,,,,,
HOLE_044,Jerimum de Cima,104046,5.00,6.10,1.10,QS,,,0.00,,,,,,,,,,,,,,,,,,,,,,,,,,,,,,,,,,,,,,,,,,,,,,,,,,,,,
HOLE_044,Jerimum de Cima,104047,6.10,7.20,1.10,QS,,,0.00,,,,,,,,,,,,,,,,,,,,,,,,,,,,,,,,,,,,,,,,,,,,,,,,,,,,,
HOLE_044,Jerimum de Cima,104048,7.20,8.00,0.80,SAP,SAP,,0.02,,,,,,,,,,,,,,,,,,,,,,,,,,,,,,,,,,,,,,,,,,,,,,,,,,,,,
HOLE_044,Jerimum de Cima,104049,8.00,9.00,1.00,SAP,SAP,,0.00,,,,,,,,,,,,,,,,,,,,,,,,,,,,,,,,,,,,,,,,,,,,,,,,,,,,,
HOLE_044,Jerimum de Cima,104050,9.00,10.00,1.00,SAP,SAP,,0.01,,,,,,,,,,,,,,,,,,,,,,,,,,,,,,,,,,,,,,,,,,,,,,,,,,,,,
HOLE_044,Jerimum de Cima,104051,10.00,11.00,1.00,SAP,SAP,,0.00,,,,,,,,,,,,,,,,,,,,,,,,,,,,,,,,,,,,,,,,,,,,,,,,,,,,,
HOLE_044,Jerimum de Cima,104052,11.00,12.00,1.00,SAP,SAP,,0.00,,,,,,,,,,,,,,,,,,,,,,,,,,,,,,,,,,,,,,,,,,,,,,,,,,,,,
HOLE_044,Jerimum de Cima,104053,12.00,13.00,1.00,SAP,SAP,,0.00,,,,,,,,,,,,,,,,,,,,,,,,,,,,,,,,,,,,,,,,,,,,,,,,,,,,,
HOLE_044,Jerimum de Cima,104054,13.00,14.00,1.00,SAP,SAP,,0.00,,,,,,,,,,,,,,,,,,,,,,,,,,,,,,,,,,,,,,,,,,,,,,,,,,,,,
HOLE_044,Jerimum de Cima,104055,14.00,15.00,1.00,SAP,SAP,,0.00,,,,,,,,,,,,,,,,,,,,,,,,,,,,,,,,,,,,,,,,,,,,,,,,,,,,,
HOLE_044,Jerimum de Cima,104056,15.00,16.00,1.00,SAP,SAP,,0.01,,,,,,,,,,,,,,,,,,,,,,,,,,,,,,,,,,,,,,,,,,,,,,,,,,,,,
HOLE_044,Jerimum de Cima,104057,16.00,17.00,1.00,SAP,SAP,,0.01,,,,,,,,,,,,,,,,,,,,,,,,,,,,,,,,,,,,,,,,,,,,,,,,,,,,,
HOLE_044,Jerimum de Cima,104058,17.00,18.00,1.00,SAP,SAP,,0.00,,,,,,,,,,,,,,,,,,,,,,,,,,,,,,,,,,,,,,,,,,,,,,,,,,,,,
HOLE_044,Jerimum de Cima,104059,18.00,19.00,1.00,SAP,SAP,,0.00,,,,,,,,,,,,,,,,,,,,,,,,,,,,,,,,,,,,,,,,,,,,,,,,,,,,,
HOLE_044,Jerimum de Cima,104060,19.00,20.00,1.00,SAP,SAP,,0.01,,,,,,,,,,,,,,,,,,,,,,,,,,,,,,,,,,,,,,,,,,,,,,,,,,,,,
HOLE_044,Jerimum de Cima,104061,20.00,21.00,1.00,SAP,SAP,,0.01,,,,,,,,,,,,,,,,,,,,,,,,,,,,,,,,,,,,,,,,,,,,,,,,,,,,,
HOLE_044,Jerimum de Cima,104062,21.00,22.00,1.00,SAP,SAP,,0.00,,,,,,,,,,,,,,,,,,,,,,,,,,,,,,,,,,,,,,,,,,,,,,,,,,,,,
HOLE_044,Jerimum de Cima,104063,22.00,23.00,1.00,SAP,SAP,,0.01,,,,,,,,,,,,,,,,,,,,,,,,,,,,,,,,,,,,,,,,,,,,,,,,,,,,,
HOLE_044,Jerimum de Cima,104064,23.00,24.00,1.00,SAP,SAP,,0.00,,,,,,,,,,,,,,,,,,,,,,,,,,,,,,,,,,,,,,,,,,,,,,,,,,,,,
HOLE_044,Jerimum de Cima,104065,24.00,25.00,1.00,SAP,SAP,,0.00,,,,,,,,,,,,,,,,,,,,,,,,,,,,,,,,,,,,,,,,,,,,,,,,,,,,,
HOLE_044,Jerimum de Cima,104066,25.00,26.00,1.00,SAP,SAP,,0.01,,,,,,,,,,,,,,,,,,,,,,,,,,,,,,,,,,,,,,,,,,,,,,,,,,,,,
HOLE_044,Jerimum de Cima,104067,26.00,27.00,1.00,SAP,SAP,,0.01,,,,,,,,,,,,,,,,,,,,,,,,,,,,,,,,,,,,,,,,,,,,,,,,,,,,,
HOLE_044,Jerimum de Cima,104068,27.00,28.00,1.00,SAP,SAP,,0.00,,,,,,,,,,,,,,,,,,,,,,,,,,,,,,,,,,,,,,,,,,,,,,,,,,,,,
HOLE_044,Jerimum de Cima,104069,28.00,29.00,1.00,SAP,SAP,,0.02,,,,,,,,,,,,,,,,,,,,,,,,,,,,,,,,,,,,,,,,,,,,,,,,,,,,,
HOLE_044,Jerimum de Cima,104070,29.00,30.00,1.00,SAP,SAP,,0.01,,,,,,,,,,,,,,,,,,,,,,,,,,,,,,,,,,,,,,,,,,,,,,,,,,,,,
HOLE_044,Jerimum de Cima,104071,30.00,30.80,0.80,SAP,SAP,,0.00,,,,,,,,,,,,,,,,,,,,,,,,,,,,,,,,,,,,,,,,,,,,,,,,,,,,,
HOLE_044,Jerimum de Cima,104072,30.80,31.60,0.80,SAP,SAP,,0.00,,,,,,,,,,,,,,,,,,,,,,,,,,,,,,,,,,,,,,,,,,,,,,,,,,,,,
HOLE_044,Jerimum de Cima,104073,31.60,32.50,0.90,SAP,SAP,,0.00,,,,,,,,,,,,,,,,,,,,,,,,,,,,,,,,,,,,,,,,,,,,,,,,,,,,,
HOLE_044,Jerimum de Cima,104074,32.50,33.50,1.00,SAP,SAP,,0.00,,,,,,,,,,,,,,,,,,,,,,,,,,,,,,,,,,,,,,,,,,,,,,,,,,,,,
HOLE_044,Jerimum de Cima,104075,33.50,34.50,1.00,SAP,SAP,,0.00,,,,,,,,,,,,,,,,,,,,,,,,,,,,,,,,,,,,,,,,,,,,,,,,,,,,,
HOLE_044,Jerimum de Cima,104076,34.50,35.40,0.90,SAP,SAP,,0.01,,,,,,,,,,,,,,,,,,,,,,,,,,,,,,,,,,,,,,,,,,,,,,,,,,,,,
HOLE_044,Jerimum de Cima,104077,35.40,36.35,0.95,SAP,SAP,,0.00,,,,,,,,,,,,,,,,,,,,,,,,,,,,,,,,,,,,,,,,,,,,,,,,,,,,,
HOLE_044,Jerimum de Cima,104078,36.35,37.05,0.70,SAP,SAP,,0.01,,,,,,,,,,,,,,,,,,,,,,,,,,,,,,,,,,,,,,,,,,,,,,,,,,,,,
HOLE_044,Jerimum de Cima,104079,37.05,37.75,0.70,SAP,SAP,,0.02,,,,,,,,,,,,,,,,,,,,,,,,,,,,,,,,,,,,,,,,,,,,,,,,,,,,,
HOLE_044,Jerimum de Cima,104080,37.75,38.50,0.75,SAP,SAP,,0.00,,,,,,,,,,,,,,,,,,,,,,,,,,,,,,,,,,,,,,,,,,,,,,,,,,,,,
HOLE_044,Jerimum de Cima,104081,38.50,39.50,1.00,SAP,SAP,,0.00,,,,,,,,,,,,,,,,,,,,,,,,,,,,,,,,,,,,,,,,,,,,,,,,,,,,,
HOLE_044,Jerimum de Cima,104082,39.50,40.50,1.00,SAP,SAP,,0.16,,,,,,,,,,,,,,,,,,,,,,,,,,,,,,,,,,,,,,,,,,,,,,,,,,,,,
HOLE_044,Jerimum de Cima,104083,40.50,41.50,1.00,SAP,SAP,,0.01,,,,,,,,,,,,,,,,,,,,,,,,,,,,,,,,,,,,,,,,,,,,,,,,,,,,,
HOLE_044,Jerimum de Cima,104084,41.50,42.40,0.90,SAP,SAP,,0.00,,,,,,,,,,,,,,,,,,,,,,,,,,,,,,,,,,,,,,,,,,,,,,,,,,,,,
HOLE_044,Jerimum de Cima,104085,42.40,43.30,0.90,SAP,SAP,,0.00,,,,,,,,,,,,,,,,,,,,,,,,,,,,,,,,,,,,,,,,,,,,,,,,,,,,,
HOLE_044,Jerimum de Cima,104086,43.30,44.00,0.70,BX,SIL,VN,0.01,0.04,0.25,0.5,5,25,0.2,0.13,0.01,0.02,40.31,1.5,11,0.28,10,0.84,0.7,0.05,0.06,0.005,0.01,0.07,32.8,0.5,0.15,0.04,0.0165,0.97,0.005,0.11,4.6,0.0025,3.1,5.6,0.05,0.005,0.09,0.3,0.5,0.4,2,0.025,0.43,0.025,4.5,0.005,0.12,0.39,1,0.3,11.69,1,2,1.5
HOLE_044,Jerimum de Cima,104087,44.00,45.00,1.00,BX,SIL,VN,0.00,0.08,0.35,0.5,5,54,0.2,0.27,0.01,0.02,141.61,2.1,8,0.55,40.4,0.68,0.05,0.05,0.08,0.01,0.01,0.07,93.2,0.5,0.22,0.04,0.0235,1.98,0.005,0.25,5.7,0.0091,7,6.3,0.05,0.005,0.08,0.3,0.5,0.6,1.6,0.025,0.81,0.025,11.7,0.005,0.07,0.62,2,1,18.51,1.5,4,2.4
HOLE_044,Jerimum de Cima,104088,45.00,46.00,1.00,BX,SIL,VN,0.00,0.11,0.58,0.5,5,13,0.2,0.23,0.005,0.01,108.58,0.8,9,0.5,7.9,0.72,0.6,0.05,0.12,0.01,0.01,0.09,90,0.5,0.27,0.02,0.0094,1.96,0.005,0.32,1.9,0.0068,2.8,7.9,0.05,0.005,0.1,0.3,0.5,0.6,1.7,0.025,0.93,0.025,19,0.005,0.06,0.73,1,0.9,21.42,1.8,4,3.6
HOLE_044,Jerimum de Cima,104089,46.00,47.00,1.00,BX,SIL,VN,0.01,0.04,0.45,0.5,5,13,0.2,0.33,0.005,0.005,160.16,0.7,6,0.63,6,0.8,0.05,0.05,0.12,0.005,0.01,0.08,121.9,0.5,0.31,0.02,0.0079,1.68,0.005,0.27,1.5,0.009,2.2,7.1,0.05,0.005,0.11,0.4,0.5,0.4,1.8,0.025,1.12,0.025,16.1,0.005,0.06,0.94,2,0.7,23.33,2.1,3,3.1
HOLE_044,Jerimum de Cima,104090,47.00,48.00,1.00,BX,SIL,VN,0.00,0.07,0.54,0.5,5,343,0.3,0.31,0.005,0.02,101.24,16,8,0.49,11,0.95,0.8,0.05,0.12,0.01,0.01,0.15,89.9,0.5,0.34,0.03,0.1366,5.2,0.005,0.2,2,0.0073,14.7,12.9,0.05,0.005,0.24,0.8,0.5,0.4,2,0.025,1.13,0.025,15.7,0.005,0.41,1.06,3,1,24.56,2.3,3,3.4
HOLE_044,Jerimum de Cima,104091,48.00,49.00,1.00,BX,SIL,VN,0.00,0.21,0.52,0.5,5,73,0.3,0.2,0.005,0.01,71.66,2.7,5,0.35,5.6,0.7,0.5,0.05,0.11,0.01,0.01,0.13,77.5,0.5,0.26,0.02,0.031,2.39,0.005,0.15,1.2,0.0025,5.8,11.2,0.05,0.005,0.23,0.8,0.5,0.5,1.5,0.025,0.89,0.025,16.7,0.005,0.12,0.58,2,0.9,19.64,1.8,3,2.7
HOLE_044,Jerimum de Cima,104092,49.00,50.00,1.00,BX,SIL,VN,0.02,0.27,0.31,0.5,5,45,0.2,0.17,0.01,0.005,62.3,1.4,6,0.17,4.5,0.7,0.9,0.05,0.09,0.005,0.01,0.09,43.3,0.5,0.13,0.02,0.0195,1.78,0.005,0.28,1.2,0.005,5.6,7.3,0.05,0.005,0.1,0.7,0.5,0.5,2.1,0.025,0.47,0.025,10.2,0.005,0.08,0.5,2,1,9.78,0.9,2,2.4
HOLE_044,Jerimum de Cima,104093,50.00,51.00,1.00,BX,SIL,VN,0.05,0.09,0.37,0.5,5,63,0.2,0.28,0.005,0.005,123.7,2.1,8,0.21,4.6,1.17,0.5,0.05,0.1,0.02,0.01,0.11,77.3,0.5,0.2,0.01,0.0304,2.98,0.005,0.22,1.3,0.0081,14.6,9.3,0.05,0.005,0.1,1.1,0.5,0.4,2.1,0.025,0.8,0.025,14.8,0.005,0.11,0.97,4,1,14.6,1.4,3,3
HOLE_044,Jerimum de Cima,104094,51.00,52.00,1.00,BX,SIL,VN,0.00,0.04,0.21,0.5,5,23,0.1,0.13,0.02,0.005,56.86,0.7,8,0.12,3.5,0.71,0.5,0.05,0.06,0.01,0.01,0.06,32.9,0.5,0.07,0.01,0.0148,1.01,0.005,0.18,1.1,0.0025,2.7,5.1,0.05,0.005,0.07,0.5,0.5,0.4,1.8,0.025,0.27,0.025,5.1,0.005,0.05,0.33,2,0.3,5.36,0.5,1,1.6
HOLE_044,Jerimum de Cima,104095,52.00,53.00,1.00,BX,SIL,VN,0.00,0.04,0.4,0.5,5,32,0.2,0.17,0.01,0.005,82.77,0.8,8,0.18,3.6,0.84,0.6,0.05,0.08,0.02,0.01,0.11,47.8,0.5,0.11,0.02,0.0211,1.21,0.005,0.21,0.8,0.0062,3.9,8.3,0.05,0.005,0.1,0.8,0.5,0.6,3,0.025,0.45,0.025,8.4,0.005,0.07,0.44,3,0.6,8.69,0.8,2,2.5
HOLE_044,Jerimum de Cima,104096,53.00,54.00,1.00,BX,SIL,VN,0.01,0.05,0.12,0.5,5,88,0.1,0.13,0.005,0.005,70.56,2,11,0.06,3.9,0.89,0.05,0.05,0.025,0.01,0.01,0.03,26.1,0.5,0.07,0.02,0.0776,1.57,0.005,0.12,1.6,0.0025,11.3,2.2,0.05,0.005,0.09,0.7,0.5,0.5,6.5,0.025,0.26,0.025,2.3,0.005,0.13,0.43,3,0.5,6.45,0.5,2,0.6
HOLE_044,Jerimum de Cima,104097,54.00,55.00,1.00,BX,SIL,VN,0.04,0.04,0.26,0.5,5,48,0.3,0.15,0.01,0.005,71.13,1.4,25,0.17,3.9,1.26,1.6,0.05,0.09,0.01,0.01,0.12,38.8,0.5,0.11,0.03,0.0277,1.73,0.005,0.13,2.3,0.008,5,8.6,0.05,0.005,0.09,1.3,0.5,1.1,2.3,0.025,0.36,0.025,4.5,0.005,0.07,0.84,7,0.7,8.53,0.7,2,2.5
HOLE_044,Jerimum de Cima,104098,55.00,56.00,1.00,BX,SIL,VN,0.00,0.36,0.25,0.5,5,53,0.4,0.19,0.01,0.01,73.2,2.2,19,0.18,6.8,1.71,2.6,0.05,0.12,0.03,0.01,0.13,45.2,0.5,0.09,0.02,0.0305,2.77,0.005,0.26,2.9,0.0097,7.2,9.5,0.05,0.005,0.72,1.4,0.5,0.8,1.6,0.025,0.37,0.025,8.2,0.005,0.07,1.31,9,2.1,6.94,0.6,7,3.8
HOLE_044,Jerimum de Cima,104099,56.00,57.00,1.00,BX,SIL,VN,0.01,0.23,0.57,0.5,5,128,0.5,0.33,0.01,0.01,194.01,4.8,35,0.19,10.4,2.91,2.6,0.05,0.23,0.02,0.02,0.12,127.4,0.5,0.2,0.03,0.0633,4.93,0.005,0.28,4.9,0.0196,10.5,9.2,0.05,0.005,0.16,2.7,0.5,1.2,3.2,0.025,0.95,0.06,18.2,0.01,0.12,2.75,15,2.3,16,1.4,8,7.9
HOLE_044,Jerimum de Cima,104100,57.00,58.00,1.00,BX,SIL,VN,0.00,0.08,0.32,0.5,5,27,0.4,0.34,0.01,0.005,96.29,1.3,48,0.2,7,2.16,3.9,0.05,0.14,0.01,0.01,0.1,55,0.5,0.13,0.02,0.0135,2.6,0.005,0.23,4.2,0.0128,2.9,7.1,0.05,0.005,0.12,2.2,0.5,0.9,1.7,0.025,0.53,0.025,12.9,0.005,0.03,2.01,15,1.2,10.37,0.9,5,5.1
HOLE_044,Jerimum de Cima,104101,58.00,59.00,1.00,BX,SIL,VN,0.00,0.09,0.35,0.5,5,38,0.5,0.34,0.01,0.005,129.49,1.6,19,0.17,7.8,1.8,2.3,0.05,0.16,0.01,0.01,0.08,70.9,0.5,0.15,0.02,0.0196,2.76,0.005,0.27,3.7,0.016,3.4,6.3,0.05,0.005,0.12,2.1,0.5,0.9,2.5,0.025,0.64,0.025,13.5,0.005,0.04,2.62,9,1.5,11.59,1,6,5.5
HOLE_044,Jerimum de Cima,104102,59.00,60.00,1.00,BX,SIL,VN,0.01,0.1,0.21,0.5,5,143,0.1,0.23,0.005,0.005,245.07,4,7,0.12,4,1.15,0.05,0.05,0.06,0.03,0.01,0.05,46.2,0.5,0.08,0.005,0.0785,2.54,0.005,0.28,1.7,0.0069,12.6,4,0.05,0.005,0.09,1.9,0.5,0.5,3.6,0.025,0.39,0.025,7.9,0.005,0.18,0.95,6,1.5,6.3,0.5,2,2
HOLE_044,Jerimum de Cima,104103,60.00,61.00,1.00,BX,SIL,VN,0.01,0.25,0.34,0.5,5,328,0.4,0.3,0.01,0.02,157.04,5.5,12,0.18,8,1.97,0.05,0.05,0.07,0.05,0.01,0.07,52.2,0.5,0.1,0.02,0.3237,3.73,0.005,0.28,2.5,0.0097,28.6,6.4,0.05,0.005,0.35,2,0.5,0.8,28.1,0.025,0.45,0.09,7.3,0.005,0.52,1.18,10,2.4,7.18,0.6,6,2.6
HOLE_044,Jerimum de Cima,104104,61.00,62.00,1.00,BX,SIL,VN,0.00,0.06,0.27,0.5,5,45,0.2,0.23,0.005,0.005,127.9,1,13,0.13,3.3,1.28,0.2,0.05,0.07,0.02,0.01,0.05,44.1,0.5,0.09,0.02,0.0344,1.53,0.005,0.22,1.4,0.0081,4,4.3,0.05,0.005,0.16,1.3,0.5,0.8,3.1,0.025,0.39,0.06,5.9,0.005,0.06,0.85,6,1,7.41,0.6,2,2.2
HOLE_044,Jerimum de Cima,104105,62.00,63.00,1.00,BX,SIL,VN,0.00,0.06,0.55,0.5,5,15,0.3,0.26,0.02,0.005,97.25,0.6,15,0.15,4.1,1.45,1.4,0.05,0.09,0.01,0.01,0.08,50,0.5,0.1,0.03,0.012,1.23,0.005,0.14,1.8,0.0093,1.8,7,0.05,0.005,0.13,1.4,0.5,0.8,2.2,0.025,0.46,0.025,4.4,0.005,0.03,1.01,8,0.8,7.91,0.7,2,2.9
HOLE_044,Jerimum de Cima,104106,63.00,64.00,1.00,BX,SIL,VN,0.01,0.05,0.32,0.5,5,103,0.3,0.24,0.02,0.005,117.94,2.6,15,0.14,4.3,1.51,0.9,0.05,0.09,0.02,0.01,0.06,52.1,0.5,0.1,0.02,0.0768,2.17,0.005,0.2,1.8,0.0099,10.3,4.8,0.05,0.005,0.13,1.7,0.5,0.7,7.1,0.025,0.51,0.025,5,0.005,0.17,1.29,9,1.2,8.16,0.7,2,2.6
HOLE_044,Jerimum de Cima,104107,64.00,65.00,1.00,BX,SIL,VN,0.00,0.05,0.27,0.5,5,24,0.2,0.23,0.01,0.005,108.8,1.1,18,0.09,3.3,1.67,0.8,0.05,0.07,0.02,0.01,0.03,54.1,0.5,0.06,0.02,0.0141,1.47,0.005,0.16,1.6,0.0113,2.3,2.6,0.05,0.005,0.11,1.5,0.5,0.6,2,0.025,0.4,0.025,3,0.005,0.01,1.1,10,0.8,5.15,0.5,2,2
HOLE_044,Jerimum de Cima,104108,65.00,66.00,1.00,BX,SIL,VN,0.00,0.07,0.23,0.5,5,15,0.3,0.32,0.01,0.005,94.72,0.8,18,0.13,3.9,1.84,0.8,0.05,0.07,0.01,0.01,0.03,47.7,0.5,0.09,0.02,0.0112,1.08,0.005,0.2,2.3,0.0115,2,2.6,0.05,0.005,0.12,1.7,0.5,0.6,2.6,0.025,0.61,0.025,2.5,0.01,0.01,1.61,11,0.9,8.02,0.7,2,2.5
HOLE_044,Jerimum de Cima,104109,66.00,67.00,1.00,BX,SIL,VN,0.00,0.03,0.32,0.5,5,17,0.4,0.43,0.005,0.005,25.54,0.5,17,0.47,4.4,1.54,3.2,0.05,0.12,0.005,0.01,0.06,18.6,0.5,0.08,0.02,0.0087,0.62,0.005,0.2,1.6,0.0079,2,6.6,0.05,0.005,0.14,1.3,0.5,0.5,4,0.025,0.28,0.13,5.1,0.005,0.01,1.29,10,0.9,6.43,0.6,2,3.8
HOLE_044,Jerimum de Cima,104110,67.00,68.00,1.00,BX,SIL,VN,0.01,0.01,0.33,0.5,5,138,0.5,0.47,0.005,0.005,23.67,4.9,17,0.53,6,1.73,3.5,0.05,0.11,0.01,0.01,0.06,9.8,0.5,0.09,0.02,0.0479,1.23,0.005,0.3,1.2,0.0094,3.8,6.6,0.05,0.005,0.14,1.3,0.5,0.6,5.6,0.025,0.22,0.17,5.6,0.01,0.07,1.39,11,1.5,6.52,0.6,3,3.7
HOLE_044,Jerimum de Cima,104111,68.00,69.00,1.00,BX,SIL,VN,0.00,0.02,0.55,0.5,5,91,0.8,0.4,0.005,0.005,27.59,0.5,19,0.85,4.7,1.55,3.9,0.05,0.12,0.01,0.01,0.11,19.1,0.5,0.1,0.03,0.0057,0.45,0.005,0.16,1.7,0.013,1.7,12,0.05,0.005,0.1,1.4,0.5,0.6,15.9,0.025,0.32,0.1,5.5,0.005,0.01,0.97,15,0.8,8.19,0.7,3,4.3
HOLE_044,Jerimum de Cima,104112,69.00,70.00,1.00,BX,SIL,VN,0.00,0.02,0.43,0.5,5,49,0.7,0.4,0.01,0.005,30.2,1,16,0.6,6.5,1.55,3.2,0.05,0.1,0.005,0.01,0.1,15,0.5,0.11,0.02,0.0108,0.91,0.005,0.2,2.6,0.0098,1.7,9.1,0.05,0.005,0.11,1.3,0.5,0.5,6,0.025,0.3,0.18,6.8,0.005,0.03,1.22,11,0.8,8.44,0.7,5,3.5
HOLE_044,Jerimum de Cima,104113,70.00,71.00,1.00,BX,SIL,VN,0.01,0.04,0.66,0.5,5,178,0.9,0.37,0.01,0.005,56.31,4,13,0.36,10.8,1.65,2.8,0.05,0.11,0.01,0.01,0.1,28.9,0.5,0.13,0.02,0.0406,0.79,0.005,0.21,4.2,0.015,4,8.9,0.05,0.005,0.09,1.4,0.5,0.7,11.2,0.025,0.41,0.12,8.9,0.005,0.14,1.31,16,0.8,10.19,0.9,7,4.1
HOLE_044,Jerimum de Cima,104114,71.00,72.00,1.00,BX,SIL,VN,0.00,0.02,0.24,0.5,5,37,0.5,0.19,0.005,0.005,27.54,0.4,14,0.24,5.7,1.4,1.9,0.05,0.07,0.005,0.01,0.05,16.4,0.5,0.08,0.02,0.0067,0.6,0.005,0.16,2.1,0.0092,1.6,5,0.05,0.005,0.09,1.1,0.5,0.5,7.9,0.025,0.27,0.08,4.3,0.005,0.01,0.96,10,0.8,6.5,0.6,3,2.4
HOLE_044,Jerimum de Cima,104115,72.00,73.00,1.00,BX,SIL,VN,0.00,0.05,0.32,0.5,5,801,0.6,0.46,0.005,0.01,37.95,29.1,21,0.21,17.8,2.27,4,0.05,0.14,0.01,0.01,0.06,10.8,0.5,0.09,0.02,0.317,1.61,0.005,0.25,2.3,0.0105,61.5,5.1,0.05,0.005,0.16,1.9,0.5,0.7,6.9,0.025,0.25,0.23,6.4,0.01,0.93,1.55,16,1.4,6.13,0.6,4,4.8
HOLE_044,Jerimum de Cima,104116,73.00,74.00,1.00,BX,SIL,VN,0.00,0.04,0.21,0.5,5,63,0.2,0.27,0.005,0.005,89.95,2.3,15,0.14,3.5,1.77,0.3,0.05,0.025,0.005,0.01,0.03,13.5,0.5,0.06,0.02,0.0239,1.49,0.005,0.2,1.3,0.0066,7.9,2.9,0.05,0.005,0.15,1.5,0.5,0.5,9.5,0.025,0.26,0.025,1.8,0.01,0.04,0.75,9,1.2,5.11,0.4,1,1.3
HOLE_044,Jerimum de Cima,104117,74.00,75.00,1.00,BX,SIL,VN,0.00,0.03,0.47,0.5,5,56,0.3,0.23,0.01,0.005,26.25,1.1,19,0.28,3.1,1.5,2.3,0.05,0.11,0.005,0.01,0.2,8,0.5,0.07,0.04,0.0152,0.75,0.005,0.1,1.6,0.0062,3.2,15.1,0.05,0.005,0.15,1.7,0.5,0.5,11.2,0.025,0.17,0.025,1.3,0.005,0.05,0.65,10,0.7,4.7,0.5,2,5
HOLE_044,Jerimum de Cima,104118,75.00,76.00,1.00,BX,SIL,VN,0.01,0.1,0.43,0.5,5,68,0.5,0.58,0.01,0.005,49.27,2.3,25,0.34,5.2,2.22,2.6,0.05,0.13,0.005,0.01,0.23,32.6,0.5,0.13,0.03,0.0249,1.21,0.005,0.12,2,0.0096,7.1,16,0.05,0.005,0.24,2.1,0.5,0.5,3.2,0.025,0.52,0.14,1.9,0.01,0.08,1.44,15,1.7,9.99,0.9,4,5.6
HOLE_044,Jerimum de Cima,104119,76.00,77.00,1.00,BX,SIL,VN,0.01,0.03,0.32,0.5,5,102,0.8,0.42,0.01,0.01,23.15,1.1,34,0.3,9.3,2.37,3.9,0.05,0.13,0.005,0.01,0.14,9.6,0.5,0.11,0.02,0.0119,1.23,0.005,0.11,3.7,0.0164,3.7,9.8,0.05,0.005,0.15,2,0.5,0.4,12.9,0.025,0.26,0.12,1.7,0.005,0.03,1.91,16,1.2,7.15,0.7,6,5
HOLE_044,Jerimum de Cima,104120,77.00,78.00,1.00,BX,SIL,VN,0.02,0.03,0.32,0.5,5,124,0.8,0.39,0.01,0.005,32.97,0.7,38,0.26,6.9,2.98,3.5,0.05,0.15,0.01,0.01,0.1,25.5,0.5,0.17,0.02,0.0073,0.66,0.005,0.19,2.7,0.0194,2.4,8,0.05,0.005,0.12,2,0.5,0.4,16.6,0.025,0.54,0.06,2.1,0.02,0.01,1.59,22,1.5,13.17,1.2,4,6.2
HOLE_044,Jerimum de Cima,104121,78.00,79.00,1.00,BX,SIL,VN,0.00,0.11,0.45,0.5,5,27,0.5,0.37,0.02,0.005,86.66,0.5,42,0.22,5.2,2.92,2.6,0.05,0.18,0.005,0.01,0.12,59.7,0.5,0.22,0.02,0.0052,0.94,0.005,0.16,2.4,0.0185,2.3,8.7,0.05,0.005,0.23,2.5,0.5,2.8,6.2,0.025,1.1,0.07,2.7,0.02,0.01,2.44,24,1.6,18.18,1.5,4,7.1
HOLE_044,Jerimum de Cima,104122,79.00,80.00,1.00,BX,SIL,VN,0.01,0.04,0.34,0.5,5,29,0.5,0.36,0.01,0.005,24.96,1,37,0.2,8.6,2.33,4.7,0.05,0.13,0.01,0.01,0.11,12.8,0.5,0.13,0.02,0.009,1.31,0.005,0.08,3.4,0.0123,2.1,7.7,0.05,0.005,0.1,2.3,0.5,0.4,2.5,0.025,0.33,0.13,1.6,0.005,0.01,1.88,20,0.9,8.69,0.8,5,5.1
HOLE_044,Jerimum de Cima,104123,80.00,81.00,1.00,BX,SIL,VN,0.01,0.13,0.33,0.5,5,40,0.4,0.47,0.01,0.005,72.52,1.5,25,0.21,6.6,1.74,2.9,0.05,0.12,0.02,0.01,0.13,47.8,0.5,0.12,0.02,0.0151,1.25,0.005,0.08,2.1,0.012,4.2,9.7,0.05,0.005,0.09,2.2,0.5,0.5,2.9,0.025,0.58,0.13,1.6,0.005,0.04,1.69,14,0.9,9.57,0.8,3,4.9
HOLE_044,Jerimum de Cima,104124,81.00,82.00,1.00,BX,SIL,VN,0.01,0.31,0.27,0.5,5,69,0.5,0.26,0.01,0.005,212.4,3,29,0.21,8.3,1.82,1.6,0.05,0.1,0.03,0.01,0.11,97.8,0.5,0.14,0.02,0.0289,2.59,0.005,0.08,2.3,0.0171,7.4,9,0.05,0.005,0.13,3.2,0.5,0.4,3.1,0.025,0.95,0.09,1.7,0.005,0.09,2.55,15,1.1,12.44,1,4,4.2
HOLE_044,Jerimum de Cima,104125,82.00,83.15,1.15,BX,SIL,VN,0.01,0.03,0.32,0.5,5,55,0.3,0.17,0.02,0.005,47.87,1.9,23,0.13,5.7,1.5,2.1,0.05,0.1,0.02,0.01,0.1,9.3,0.5,0.07,0.01,0.0234,1.7,0.005,0.05,2.1,0.007,3.5,6.8,0.05,0.005,0.09,1.8,0.5,0.3,3.2,0.025,0.19,0.025,0.9,0.005,0.05,1.02,11,0.5,4.58,0.5,3,3.7
HOLE_044,Jerimum de Cima,104126,83.15,84.00,0.85,BX,SIL,VN,0.01,0.02,0.36,0.5,5,22,0.6,0.23,0.02,0.01,32.19,0.7,39,0.14,12.3,2.09,4.5,0.05,0.13,0.01,0.02,0.09,17.3,0.5,0.12,0.01,0.0082,1.22,0.005,0.07,3.7,0.0128,1.9,6.3,0.05,0.005,0.1,2.3,0.5,0.5,2.8,0.025,0.4,0.06,1.5,0.005,0.01,2.08,22,0.5,8.51,0.8,5,5.1
HOLE_044,Jerimum de Cima,104127,84.00,85.00,1.00,BX,SIL,VN,0.01,0.03,0.32,0.5,5,100,0.5,0.36,0.03,0.005,25.5,2.3,23,0.15,4.8,1.95,2.7,0.05,0.1,0.02,0.02,0.08,8.3,0.5,0.08,0.02,0.0289,0.97,0.005,0.09,2,0.0124,7.6,6.2,0.05,0.005,0.15,2,0.5,0.5,17.6,0.025,0.23,0.06,0.9,0.01,0.04,1.49,19,0.9,5.73,0.6,2,3.7
HOLE_044,Jerimum de Cima,104128,85.00,86.00,1.00,BX,SIL,VN,0.03,0.05,0.45,0.5,5,102,0.8,0.69,0.02,0.01,78.7,3.9,21,0.17,12.1,2.76,5.3,0.05,0.1,0.03,0.05,0.09,6.1,0.5,0.1,0.03,0.0379,2.97,0.005,0.08,2,0.0154,9.8,8.1,0.05,0.005,0.15,4.6,0.5,0.5,8.2,0.025,0.2,0.16,0.4,0.01,0.09,2.63,36,1.5,5.56,0.7,4,4.2
HOLE_044,Jerimum de Cima,104129,86.00,87.00,1.00,BX,SIL,VN,0.02,0.05,0.96,0.5,5,295,2.3,0.62,0.01,0.02,14.79,1.5,32,0.22,20.7,5.77,10.4,0.05,0.16,0.02,0.06,0.16,8.8,0.5,0.17,0.03,0.0128,2.9,0.005,0.025,3.8,0.0488,6.4,13.2,0.05,0.005,0.15,7.6,0.5,0.7,50.5,0.025,0.4,0.18,0.4,0.02,0.04,4.58,93,1.9,9.99,1.1,7,6.6
HOLE_044,Jerimum de Cima,104130,87.00,88.00,1.00,BX,SIL,VN,0.01,0.05,0.32,0.5,5,70,0.4,0.69,0.01,0.01,18.81,2,17,0.22,7.5,1.49,3.1,0.05,0.14,0.02,0.01,0.16,10.5,0.5,0.08,0.02,0.0149,0.84,0.005,0.05,1.9,0.0096,2,10.6,0.05,0.005,0.11,1.8,0.5,0.3,7.4,0.025,0.21,0.19,1.3,0.005,0.06,1.21,15,0.5,4.97,0.5,3,4.3
HOLE_044,Jerimum de Cima,104131,88.00,89.00,1.00,BX,SIL,VN,0.01,0.04,0.31,0.5,5,170,0.6,0.24,0.03,0.005,34.89,0.5,16,0.21,7,1.31,2.9,0.05,0.12,0.01,0.01,0.18,22,0.5,0.06,0.03,0.0076,0.48,0.005,0.06,1.7,0.0164,0.8,12,0.05,0.005,1.84,1.8,0.5,0.4,24.2,0.025,0.29,0.08,1.5,0.005,0.04,0.98,11,0.5,4.7,0.4,3,4
HOLE_044,Jerimum de Cima,104132,89.00,90.00,1.00,BX,SIL,VN,0.01,0.03,0.38,0.5,5,225,0.9,0.22,0.02,0.005,90.65,0.6,10,0.2,9.6,1.9,3.9,0.05,0.07,0.005,0.03,0.14,46.6,0.5,0.06,0.02,0.0065,0.51,0.005,0.025,2.3,0.0269,1.2,9.8,0.05,0.005,0.025,2.4,0.5,0.5,33.1,0.025,0.36,0.08,2.1,0.005,0.02,1.51,19,0.5,5.55,0.4,5,2.9
HOLE_044,Jerimum de Cima,104133,90.00,91.00,1.00,BX,SIL,VN,0.02,0.02,0.42,0.5,5,495,1.6,0.61,0.02,0.005,22.62,0.6,20,0.23,10.6,1.82,4.5,0.05,0.13,0.005,0.04,0.19,11.7,0.5,0.1,0.03,0.0062,0.37,0.005,0.025,2.7,0.0408,1.3,12.3,0.05,0.005,0.025,2.8,0.5,0.5,63,0.025,0.28,0.18,1.2,0.005,0.03,1.72,22,0.6,7.53,0.6,6,5.5
HOLE_044,Jerimum de Cima,104134,91.00,92.00,1.00,BX,SIL,VN,0.02,0.01,0.26,0.5,5,330,0.6,0.55,0.02,0.005,21.53,3.5,12,0.3,6.7,1.44,3,0.05,0.08,0.005,0.02,0.14,10.5,0.5,0.03,0.02,0.0366,0.61,0.005,0.09,1.8,0.0225,1.5,10.5,0.05,0.005,0.025,1.5,0.5,0.6,39.2,0.025,0.16,0.09,1.5,0.005,0.05,1.08,11,0.9,2.4,0.2,3,2.8
HOLE_044,Jerimum de Cima,104135,92.00,93.00,1.00,BX,SIL,VN,0.03,0.03,0.2,0.5,5,58,0.2,0.4,0.02,0.005,37.61,1.6,11,0.09,3.5,1.1,1.4,0.05,0.025,0.005,0.01,0.06,17.3,0.5,0.04,0.01,0.0184,0.68,0.005,0.025,1.5,0.0067,2.2,4.3,0.05,0.005,0.025,1.3,0.5,0.4,5.8,0.025,0.23,0.08,0.8,0.005,0.01,0.8,9,0.3,3.37,0.3,2,1.9
HOLE_044,Jerimum de Cima,104136,93.00,94.00,1.00,BX,SIL,VN,0.01,0.01,0.33,0.5,5,119,0.6,0.22,0.02,0.005,129.71,0.4,28,0.18,6.2,1.81,2.9,0.05,0.1,0.005,0.03,0.12,67.9,0.5,0.06,0.02,0.0049,0.34,0.005,0.025,2.3,0.0224,0.8,7.8,0.05,0.005,0.025,2.4,0.5,0.6,18.3,0.025,0.41,0.09,2,0.005,0.01,1.07,27,0.3,4.82,0.4,4,3.9
HOLE_044,Jerimum de Cima,104137,94.00,95.00,1.00,BX,SIL,VN,0.00,0.01,0.52,0.5,5,308,1.4,0.44,0.02,0.005,311.92,0.6,47,0.28,13.2,2.02,2.7,0.05,0.13,0.005,0.04,0.22,172.4,0.5,0.05,0.04,0.0059,0.34,0.005,0.025,5,0.047,0.9,13.9,0.05,0.005,0.025,3.3,0.5,0.8,36.3,0.025,0.6,0.09,3.1,0.005,0.03,1.22,27,0.6,5.06,0.4,10,5.1
HOLE_044,Jerimum de Cima,104138,95.00,96.00,1.00,BX,SIL,VN,0.01,0.02,0.41,0.5,5,359,1.1,0.98,0.01,0.01,38.84,0.6,23,0.3,7.7,1.35,3.4,0.05,0.15,0.03,0.03,0.22,20.8,0.5,0.06,0.03,0.0053,0.26,0.005,0.06,2.7,0.0303,0.8,16.2,0.05,0.005,0.15,2.4,0.5,0.5,35.8,0.025,0.2,0.21,1.9,0.005,0.07,0.82,13,0.4,2.75,0.3,7,5.2
HOLE_044,Jerimum de Cima,104139,96.00,97.00,1.00,BX,SIL,VN,0.02,0.03,0.36,0.5,5,116,0.8,0.51,0.01,0.005,154.2,0.8,26,0.13,7.7,2.04,3.3,0.05,0.11,0.02,0.03,0.11,75.8,0.5,0.05,0.02,0.0059,0.63,0.005,0.05,4.4,0.027,1.1,7.7,0.05,0.005,0.025,3.5,0.5,0.7,15.8,0.025,0.35,0.22,1.3,0.005,0.01,1.32,31,0.4,3.46,0.3,7,3.6
HOLE_044,Jerimum de Cima,104140,97.00,98.00,1.00,BX,SIL,VN,0.00,0.03,0.24,0.5,5,74,0.6,0.75,0.01,0.005,171.69,0.7,10,0.13,9.3,1.42,0.05,0.05,0.06,0.005,0.01,0.1,89.1,0.5,0.12,0.02,0.008,0.38,0.005,0.06,2.7,0.0183,1.1,6.7,0.05,0.005,0.025,1.2,0.5,0.3,8.5,0.025,0.54,0.31,1,0.005,0.01,1.02,8,0.2,8.72,0.8,6,1.9
HOLE_044,Jerimum de Cima,104141,98.00,99.00,1.00,BX,SIL,VN,0.01,0.02,0.3,0.5,5,79,0.9,0.42,0.01,0.005,45.26,0.8,6,0.26,14.9,2.44,1.4,0.05,0.025,0.005,0.01,0.1,30.6,0.5,1.04,0.02,0.0075,0.45,0.005,0.05,3.8,0.0218,0.9,7.1,0.05,0.005,0.025,0.9,0.5,1.5,7,0.025,1.72,0.12,0.9,0.005,0.01,1.75,7,0.2,83.49,6.5,11,1.5
HOLE_044,Jerimum de Cima,104142,99.00,100.00,1.00,BX,SIL,VN,0.00,0.02,0.34,0.5,5,58,0.6,0.37,0.01,0.005,46.26,0.4,6,0.18,19.1,1.82,1.1,0.05,0.025,0.005,0.01,0.09,41,0.5,1.72,0.02,0.0064,0.32,0.005,0.025,3,0.025,0.5,6.1,0.05,0.005,0.025,1.5,0.5,0.5,6.7,0.025,3.15,0.12,1.2,0.005,0.01,2.22,15,0.2,153.83,10.9,8,1.1
HOLE_044,Jerimum de Cima,104143,100.00,101.00,1.00,BX,SIL,VN,0.00,0.01,0.55,0.5,5,69,2.1,0.41,0.01,0.01,169.58,0.9,14,0.13,59.2,3.12,4.5,0.05,0.05,0.005,0.02,0.08,93.2,0.5,0.6,0.03,0.0059,0.56,0.005,0.025,8.7,0.0384,0.8,5.6,0.05,0.005,0.025,4.1,0.5,0.7,8.4,0.025,1.33,0.15,1.1,0.005,0.01,3.24,46,0.2,50.46,3.8,24,2.3
HOLE_044,Jerimum de Cima,104144,101.00,102.00,1.00,BX,SIL,VN,0.02,0.03,0.51,0.5,5,91,1.3,0.51,0.005,0.005,115.25,2.1,21,0.11,28.2,3.19,4.9,0.05,0.08,0.005,0.03,0.07,62.2,0.5,0.15,0.03,0.0196,2.09,0.005,0.025,4.7,0.0267,3.2,4.9,0.05,0.005,0.025,4.3,0.5,0.7,8.5,0.025,0.56,0.17,0.7,0.005,0.02,3.4,41,1,11.46,1,9,3
HOLE_044,Jerimum de Cima,104145,102.00,103.00,1.00,BX,SIL,VN,0.01,0.04,0.32,0.5,5,79,0.7,0.95,0.005,0.005,115.67,1.4,11,0.11,13.3,1.83,2.2,0.05,0.025,0.01,0.02,0.07,59,0.5,0.09,0.02,0.0136,1.59,0.005,0.025,3.1,0.0166,3.4,4.6,0.05,0.005,0.025,2.4,0.5,0.5,10.8,0.025,0.48,0.38,0.8,0.005,0.01,1.79,21,0.6,7.88,0.6,4,1.2
HOLE_044,Jerimum de Cima,104146,103.00,104.00,1.00,BX,SIL,VN,0.01,0.04,0.26,0.5,5,50,0.5,0.88,0.005,0.005,284.65,0.8,15,0.09,9.5,1.65,0.6,0.05,0.025,0.01,0.01,0.07,150.7,0.5,0.1,0.02,0.0109,1.32,0.005,0.07,2.1,0.0228,1.9,4.7,0.05,0.005,0.12,2,0.5,0.5,7.7,0.025,0.76,0.3,1,0.005,0.01,1.28,17,0.4,9.42,0.7,3,1.5
HOLE_044,Jerimum de Cima,104147,104.00,105.00,1.00,BX,SIL,VN,0.02,0.05,0.22,0.5,5,37,0.3,1.26,0.005,0.005,153.87,0.9,12,0.12,5.7,1.05,1.2,0.05,0.06,0.005,0.01,0.12,81.7,0.5,0.06,0.02,0.0109,2.95,0.005,0.025,1.5,0.0128,2.6,8.1,0.05,0.005,0.025,1.6,0.5,0.6,6.7,0.025,0.42,0.35,0.8,0.005,0.01,0.87,10,0.3,5.51,0.4,2,1.7
HOLE_044,Jerimum de Cima,104148,105.00,106.00,1.00,BX,SIL,VN,0.00,0.02,0.22,0.5,5,80,0.4,0.35,0.005,0.005,26.83,0.9,11,0.13,4.6,0.86,1.6,0.05,0.06,0.01,0.01,0.12,10.6,0.5,0.07,0.02,0.0096,0.92,0.005,0.025,1.5,0.0118,5.3,7.9,0.05,0.005,0.22,1.4,0.5,0.3,25,0.025,0.21,0.12,0.3,0.005,0.01,0.83,8,0.2,5.62,0.5,2,2.2
HOLE_044,Jerimum de Cima,104149,106.00,107.00,1.00,BX,SIL,VN,0.01,0.02,0.1,0.5,5,27,0.1,0.78,0.005,0.005,3.2,1.1,9,0.08,3.7,0.7,0.7,0.05,0.025,0.01,0.01,0.07,1.5,0.5,0.02,0.01,0.0106,3.15,0.005,0.06,1.6,0.0025,2.4,5.3,0.05,0.005,0.025,0.5,0.5,1.5,6.1,0.025,0.05,0.32,0.3,0.005,0.01,0.2,3,0.2,1.64,0.1,1,1
HOLE_044,Jerimum de Cima,104150,107.00,108.00,1.00,BX,SIL,VN,0.01,0.05,0.11,0.5,5,31,0.2,0.58,0.005,0.005,6.19,1.4,8,0.14,3.6,0.79,0.7,0.05,0.025,0.02,0.01,0.08,2.2,0.5,0.03,0.01,0.0146,1.04,0.005,0.09,1.2,0.0025,4.1,5.7,0.05,0.005,0.025,0.6,0.5,0.3,3.8,0.025,0.06,0.22,0.4,0.005,0.01,0.35,3,1,1.94,0.2,1,0.9
HOLE_044,Jerimum de Cima,104151,108.00,109.00,1.00,BX,SIL,VN,0.02,0.02,0.1,0.5,5,19,0.1,0.31,0.005,0.005,3.79,0.7,8,0.1,2,0.52,0.7,0.05,0.025,0.01,0.01,0.07,1.5,0.5,0.02,0.01,0.0104,0.71,0.005,0.05,1.2,0.0025,1.9,5,0.05,0.005,0.025,0.4,0.5,1.5,2.5,0.025,0.05,0.13,0.3,0.005,0.01,0.19,2,0.5,1.89,0.2,1,0.7
HOLE_044,Jerimum de Cima,104152,109.00,110.00,1.00,BX,SIL,VN,0.01,0.03,0.14,0.5,5,29,0.2,0.43,0.005,0.005,11.47,1.2,9,0.13,2.7,0.81,1.2,0.05,0.06,0.01,0.01,0.1,3.1,0.5,0.04,0.01,0.0141,0.73,0.005,0.07,0.9,0.0025,3.1,6.8,0.05,0.005,0.025,0.8,0.5,1.5,1.8,0.025,0.09,0.14,0.5,0.005,0.02,0.36,4,0.8,2.75,0.3,1,1.8
HOLE_044,Jerimum de Cima,104153,110.00,111.00,1.00,BX,SIL,VN,0.02,0.02,0.13,0.5,5,30,0.2,0.34,0.005,0.005,20.4,1.2,10,0.12,2.9,0.94,1,0.05,0.025,0.005,0.01,0.07,5.9,0.5,0.03,0.01,0.016,0.86,0.005,0.08,1.4,0.0025,2.9,5.5,0.05,0.005,0.025,0.7,0.5,1.5,1.9,0.025,0.09,0.16,0.6,0.005,0.01,0.4,4,0.8,2.56,0.2,1,1.5
HOLE_044,Jerimum de Cima,104154,111.00,112.00,1.00,BX,SIL,VN,0.01,0.02,0.24,0.5,5,53,0.3,0.29,0.005,0.005,4.23,1.3,21,0.14,5.3,1.26,2.6,0.05,0.1,0.005,0.01,0.1,1.6,0.5,0.05,0.02,0.0139,0.99,0.005,0.08,2.1,0.0071,2.8,7,0.05,0.005,0.2,1.4,0.5,0.4,6.2,0.025,0.1,0.11,0.8,0.005,0.01,0.84,12,0.8,3.47,0.3,3,3.3
HOLE_044,Jerimum de Cima,104155,112.00,113.00,1.00,BX,SIL,VN,0.01,0.02,0.28,0.5,5,24,0.4,0.48,0.01,0.01,2.4,0.6,31,0.15,6.7,1.98,3.8,0.05,0.13,0.005,0.01,0.1,1.3,0.5,0.04,0.01,0.0106,1.32,0.005,0.08,2.6,0.0087,1.5,7,0.05,0.005,0.18,1.6,0.5,0.3,3.3,0.025,0.08,0.21,0.8,0.005,0.01,1.25,15,1.2,2.78,0.3,4,4.5
HOLE_044,Jerimum de Cima,104156,113.00,114.00,1.00,BX,SIL,VN,0.01,0.02,0.38,0.5,5,438,1,0.35,0.02,0.02,4.91,17.3,30,0.29,16.4,3,4.7,0.05,0.15,0.01,0.01,0.1,2.7,0.5,0.03,0.03,0.1378,2.24,0.005,0.11,6.4,0.0235,9.6,7.2,0.05,0.005,0.025,1.9,0.5,0.4,17.4,0.025,0.06,0.15,1,0.005,0.25,2.14,19,0.9,1.97,0.2,14,5.4
HOLE_044,Jerimum de Cima,104157,114.00,115.00,1.00,BX,SIL,VN,0.00,0.01,0.86,0.5,5,218,0.5,0.21,0.1,0.005,9,1.7,30,0.81,5.6,1.1,3.9,0.05,0.12,0.005,0.01,0.13,8.9,0.5,0.62,0.14,0.0067,0.32,0.005,0.025,10.9,0.0285,0.7,8.8,0.05,0.005,0.025,1.2,0.5,1.5,93.5,0.025,1.22,0.07,1.3,0.005,0.01,1,17,0.2,43.66,4,42,5.9
HOLE_044,Jerimum de Cima,104158,115.00,116.00,1.00,BX,SIL,VN,0.00,0.01,1.18,0.5,5,50,1.6,0.27,0.13,0.01,7.29,5.7,44,6.33,7.4,5.4,6.9,0.05,0.17,0.005,0.01,0.25,4.2,5,0.05,0.41,0.0174,0.25,0.005,0.025,35.1,0.0455,1,30.6,0.05,0.005,0.025,1.4,0.5,1.5,10,0.025,0.1,0.12,1.4,0.005,0.08,1.37,26,0.6,3.59,0.3,94,8
HOLE_044,Jerimum de Cima,104159,116.00,117.00,1.00,BX,SIL,VN,0.00,0.005,1.29,0.5,5,28,0.6,0.29,0.16,0.05,7.35,7.7,33,1.15,3.7,2.23,7.2,0.05,0.26,0.01,0.01,0.22,3.3,11,0.05,0.87,0.0374,0.32,0.005,0.025,37,0.0434,0.7,17,0.05,0.005,0.025,1.1,0.5,0.4,8,0.025,0.09,0.025,4,0.005,0.04,0.73,19,0.5,3.22,0.3,94,11.4
HOLE_044,Jerimum de Cima,104160,117.00,118.00,1.00,BX,SIL,VN,0.00,0.005,1.63,0.5,5,27,0.5,0.16,0.17,0.005,9.45,10.6,41,1.41,8.3,2.52,9.5,0.05,0.22,0.005,0.01,0.2,4.6,15,0.04,1.24,0.0535,0.17,0.005,0.025,43.3,0.0369,0.4,15.6,0.05,0.005,0.025,1.5,0.5,1.5,10.1,0.025,0.08,0.025,1.5,0.005,0.02,0.49,23,0.2,2.55,0.2,111,10.3
HOLE_044,Jerimum de Cima,104161,118.00,119.00,1.00,BX,SIL,VN,0.01,0.005,1.13,0.5,5,24,0.6,0.13,0.14,0.005,5.38,7.5,28,0.84,5.8,1.79,5.9,0.05,0.34,0.02,0.01,0.21,2.3,10,0.07,0.81,0.0319,0.21,0.005,0.025,31.1,0.0416,0.5,18.1,0.05,0.005,0.09,1,0.5,1.5,7.6,0.025,0.11,0.1,4.9,0.005,0.07,0.8,13,0.2,2.72,0.3,73,12.8
HOLE_044,Jerimum de Cima,104162,119.00,120.00,1.00,BX,SIL,VN,0.01,0.005,1.53,0.5,5,26,0.7,0.12,0.22,0.005,4.14,12,50,1.08,2.9,2.42,7,0.05,0.15,0.02,0.01,0.23,2,16,0.03,1.17,0.041,0.18,0.005,0.025,42.2,0.0675,0.6,20,0.05,0.005,0.025,1.1,0.5,1.5,11.1,0.025,0.07,0.025,2.3,0.005,0.06,0.74,15,0.5,1.58,0.2,92,5.4
HOLE_044,Jerimum de Cima,104163,120.00,121.30,1.30,BX,SIL,VN,0.00,0.005,1.98,0.5,5,33,1,0.12,0.29,0.005,4.64,12.6,65,1.35,1.9,2.84,8.1,0.05,0.16,0.005,0.01,0.24,2.1,22,0.03,1.62,0.046,0.16,0.005,0.025,49.2,0.0769,0.8,18.9,0.05,0.005,0.2,1.2,0.5,1.5,15.9,0.025,0.07,0.025,3.5,0.005,0.05,0.46,17,0.5,1.75,0.2,111,6
HOLE_044,Jerimum de Cima,104164,121.30,122.45,1.15,MMY,CT,PV,0.00,0.005,2.46,0.5,5,46,1.3,0.1,0.32,0.01,45.06,15.2,121,1.58,1.6,3.2,8.7,0.05,0.16,0.01,0.03,0.31,21.4,29,0.04,1.98,0.0481,0.14,0.005,0.025,61.3,0.0849,1.2,23.7,0.05,0.005,0.12,2,0.5,0.3,16.9,0.025,0.14,0.025,4.1,0.005,0.09,0.55,21,0.7,2.34,0.2,125,5.9
HOLE_044,Jerimum de Cima,104165,122.45,124.05,1.60,MMY,CT,PV,0.01,0.02,1.16,0.5,5,39,0.7,0.14,0.25,0.005,16.35,4.4,14,1.95,3.3,1.43,3.9,0.05,0.06,0.005,0.01,0.23,6.8,7,0.03,0.63,0.0224,0.25,0.03,0.025,9.7,0.0426,0.8,18,0.05,0.005,0.13,0.7,0.5,1.5,15.3,0.025,0.1,0.025,2.7,0.005,0.05,0.31,9,0.6,2.06,0.2,35,2.6
HOLE_044,Jerimum de Cima,104166,124.05,124.90,0.85,MMY,CT,PV,0.00,0.08,1.63,0.5,5,10,0.4,1.59,0.14,0.005,7.9,13.2,222,0.92,12.5,3.1,10.9,0.05,0.08,0.005,0.01,0.07,3.7,25,0.04,1.58,0.0584,0.23,0.005,0.025,66.3,0.0454,1.5,6.6,0.05,0.005,0.025,1.7,0.5,0.3,6.6,0.025,0.08,0.39,0.6,0.005,0.01,0.44,27,0.5,2.2,0.2,107,2.9
HOLE_044,Jerimum de Cima,104167,124.90,126.00,1.10,MMY,CT,PV,0.00,0.02,4.05,0.5,5,23,1,0.1,0.33,0.005,43.46,35.5,394,1.15,3.4,6.57,19.5,0.05,0.16,0.01,0.02,0.17,23.2,62,0.12,3.94,0.1132,0.16,0.005,0.025,145.3,0.1159,0.9,14.4,0.05,0.005,0.025,5.4,0.5,0.3,14.4,0.025,0.24,0.025,1.4,0.005,0.03,0.35,60,0.2,5.89,0.8,269,6.7
HOLE_044,Jerimum de Cima,104168,126.00,127.00,1.00,MMY,CT,PV,0.00,0.005,3.51,0.5,5,42,1.1,0.05,0.44,0.005,54.24,25.6,220,2.01,1.7,5.47,14.4,0.05,0.12,0.005,0.02,0.22,29.1,55,0.1,3.36,0.0811,0.11,0.005,0.025,88.5,0.146,1.1,18.3,0.05,0.005,0.025,4.1,0.5,0.3,17.3,0.025,0.29,0.025,1.9,0.005,0.05,0.5,52,0.6,6.28,0.7,200,4.6
HOLE_044,Jerimum de Cima,104169,127.00,127.65,0.65,MMY,CT,PV,0.01,0.005,4.42,0.5,5,26,1.1,0.04,0.42,0.005,52.22,35.6,293,2.55,1.5,6.59,17.6,0.05,0.15,0.01,0.01,0.18,25.8,69,0.07,4.18,0.0928,0.13,0.005,0.025,113.3,0.1232,0.9,17.3,0.05,0.005,0.11,5.6,0.5,1.5,21.6,0.025,0.24,0.025,1.3,0.005,0.04,0.44,71,0.6,5.28,0.5,255,6.2
HOLE_044,Jerimum de Cima,104170,127.65,129.10,1.45,MMY,CT,PV,0.00,0.005,1.93,0.5,5,53,0.7,0.06,0.39,0.005,43.49,11.8,11,1.58,1.2,2.9,7.8,0.05,0.025,0.005,0.01,0.22,24.8,19,0.1,1.4,0.0368,0.1,0.03,0.025,15.8,0.0882,0.8,17.2,0.05,0.005,0.025,1.5,0.5,1.5,17.8,0.025,0.17,0.025,2.1,0.005,0.05,0.29,23,0.4,3.7,0.6,101,0.9
HOLE_044,Jerimum de Cima,104171,129.10,130.00,0.90,MMY,CT,PV,0.00,0.005,3.52,0.5,5,36,1,0.04,1.13,0.005,57.79,27.2,196,1.86,1.5,5.6,14.4,0.05,0.12,0.005,0.01,0.26,30.3,52,0.13,3.1,0.0829,0.1,0.005,0.025,99.9,0.1906,1,21.7,0.05,0.005,0.025,3.3,0.5,1.5,20.7,0.025,0.3,0.025,1.4,0.005,0.07,0.31,47,0.4,6.15,0.8,231,4.6
HOLE_044,Jerimum de Cima,104172,130.00,130.80,0.80,MMY,CT,PV,0.00,0.005,3.66,0.5,5,39,0.9,0.03,1.14,0.005,45.59,34.7,312,2.93,1.5,5.64,13.6,0.05,0.13,0.005,0.01,0.27,22.9,62,0.08,3.39,0.095,0.08,0.005,0.025,148,0.117,0.9,24,0.05,0.005,0.025,3.9,0.5,1.5,16.3,0.025,0.21,0.025,1.7,0.005,0.07,0.61,47,0.2,4.85,0.6,241,5.1
HOLE_044,Jerimum de Cima,104173,130.80,132.15,1.35,MMY,CT,PV,0.00,0.005,1.64,0.5,5,77,0.9,0.1,1.36,0.005,47.52,4.3,10,5.31,1.6,1.65,3.4,0.05,0.025,0.005,0.01,0.28,25.1,9,0.04,0.74,0.0289,0.38,0.03,0.025,6.4,0.0894,1.7,23.7,0.05,0.005,0.025,0.5,0.5,1.5,40.3,0.025,0.16,0.025,3.7,0.005,0.05,0.36,7,0.8,3.32,0.3,33,1.2
HOLE_044,Jerimum de Cima,104174,132.15,133.25,1.10,MMY,CT,PV,0.00,0.005,2.6,0.5,5,62,1,0.06,1.7,0.005,61.89,17.4,54,4.43,0.9,4.02,9.8,0.05,0.11,0.01,0.01,0.35,31.9,33,0.07,1.91,0.0699,0.44,0.01,0.025,37,0.1245,1.6,30.3,0.05,0.005,0.025,2.6,0.5,1.5,30.4,0.025,0.27,0.025,2.9,0.005,0.1,0.32,29,0.6,5.96,0.5,138,5.1
HOLE_044,Jerimum de Cima,104175,133.25,134.00,0.75,MMY,CT,PV,0.00,0.005,3.09,0.5,5,51,0.8,0.04,0.98,0.005,78.05,23.4,75,2.53,0.25,4.99,12.4,0.05,0.16,0.01,0.01,0.33,40.6,42,0.08,2.5,0.0775,0.05,0.005,0.025,52.2,0.135,1.2,26.1,0.05,0.005,0.025,3.3,0.5,1.5,24.5,0.025,0.33,0.025,1.9,0.005,0.09,0.47,40,0.4,7.07,0.6,178,6.5
HOLE_044,Jerimum de Cima,104176,134.00,135.25,1.25,MMY,CT,PV,0.00,0.005,3.34,0.5,5,76,1.3,0.08,0.95,0.005,72.35,34.2,107,3.96,1.3,5.43,13.2,0.05,0.29,0.005,0.01,0.54,35.3,44,0.08,2.57,0.0764,0.15,0.005,0.13,71.9,0.1389,2.4,54.9,0.05,0.005,0.09,4.9,0.5,1.5,15.7,0.025,0.35,0.025,2.4,0.005,0.21,0.71,33,2.1,7.43,0.6,176,8.1
HOLE_044,Jerimum de Cima,104177,135.25,137.00,1.75,dID,CTHM,PV,0.00,0.02,1.1,0.5,5,100,0.5,0.1,1.43,0.005,57.32,5.9,6,1.16,6.3,1.35,4.2,0.05,0.025,0.005,0.01,0.32,29.4,7,0.08,0.57,0.0443,0.5,0.04,0.08,3.8,0.0793,0.8,25.1,0.05,0.005,0.025,0.8,0.5,1.5,41.7,0.025,0.25,0.025,4,0.005,0.08,1.83,4,0.3,6,0.6,39,0.9
HOLE_044,Jerimum de Cima,104178,137.00,138.00,1.00,dID,CTHM,PV,0.00,0.005,1.37,0.5,5,94,0.4,0.05,1.64,0.005,52.04,6.5,4,0.52,10.1,1.49,5.3,0.05,0.06,0.005,0.01,0.39,27.2,7,0.1,0.65,0.0496,0.42,0.07,0.09,3.3,0.0699,0.7,29.8,0.05,0.005,0.025,1.2,0.5,1.5,30.8,0.025,0.26,0.025,5,0.005,0.12,1.33,7,0.2,6.88,0.7,44,1.2
HOLE_044,Jerimum de Cima,104179,138.00,139.00,1.00,dID,CTHM,PV,0.00,0.02,1.08,0.5,5,74,0.4,0.03,1.02,0.01,48.84,7.1,5,0.51,2.1,1.62,4.6,0.05,0.025,0.005,0.01,0.28,25.6,7,0.07,0.63,0.0363,0.58,0.04,0.07,3.9,0.0755,0.6,22.7,0.05,0.005,0.025,0.8,0.5,1.5,18.9,0.025,0.18,0.025,3.1,0.005,0.09,0.93,5,0.1,4.35,0.4,50,1.1
HOLE_044,Jerimum de Cima,104180,139.00,140.00,1.00,dID,CTHM,PV,0.00,0.005,1.4,0.5,5,86,0.5,0.04,1.94,0.005,55.69,7.4,4,0.57,2.1,1.74,5.5,0.05,0.05,0.005,0.01,0.39,29,8,0.09,0.7,0.0533,0.49,0.06,0.025,3.6,0.0718,0.7,31,0.05,0.005,0.025,1.1,0.5,1.5,30.1,0.025,0.25,0.025,3.6,0.005,0.13,1.18,6,0.2,6.4,0.6,51,0.9
HOLE_044,Jerimum de Cima,104181,140.00,141.00,1.00,dID,CTHM,PV,0.00,0.005,0.99,0.5,5,73,0.3,0.02,1.76,0.02,51.62,6.8,4,0.52,3.4,1.68,4.5,0.05,0.025,0.005,0.01,0.25,26.6,6,0.07,0.59,0.0426,0.63,0.04,0.025,3.7,0.0752,0.7,19.5,0.05,0.005,0.025,1,0.5,1.5,42.9,0.025,0.23,0.025,4.2,0.005,0.07,1.04,6,0.1,5.36,0.5,50,0.6
HOLE_044,Jerimum de Cima,104182,141.00,143.00,2.00,dID,CTHM,PV,0.00,0.005,1.07,0.5,5,97,0.4,0.01,2.52,0.02,56.28,6.6,6,0.46,3.2,1.8,4.8,0.05,0.05,0.005,0.01,0.32,29,5,0.09,0.56,0.0536,0.85,0.07,0.05,4.1,0.0728,0.9,24,0.05,0.005,0.025,1.3,0.5,1.5,61.4,0.025,0.27,0.025,4.2,0.005,0.1,0.88,7,0.2,7,0.6,49,0.9
HOLE_044,Jerimum de Cima,104183,143.00,145.00,2.00,dID,CTHM,PV,0.00,0.005,0.96,0.5,5,67,0.4,0.03,1.22,0.005,64.34,6.3,5,0.46,3.7,1.64,4.1,0.05,0.025,0.005,0.01,0.26,34.1,6,0.08,0.55,0.0354,0.86,0.04,0.06,3.9,0.0734,0.7,20.3,0.05,0.005,0.025,0.8,0.5,1.5,25,0.025,0.26,0.025,4.5,0.005,0.08,1.24,5,0.2,5.89,0.6,47,1
HOLE_044,Jerimum de Cima,104184,145.00,147.00,2.00,dID,CTHM,PV,0.02,0.01,1,0.5,5,95,0.4,0.09,0.89,0.02,48.12,5.9,7,0.5,9.3,1.72,4.1,0.05,0.09,0.02,0.01,0.37,25.6,6,0.1,0.47,0.0315,2.02,0.07,1.37,4.3,0.0688,1.1,27.8,0.05,0.07,0.19,1,0.5,1.5,23.1,0.025,0.27,0.025,5.4,0.005,0.14,2,5,0.3,5.76,0.7,40,1.8
HOLE_044,Jerimum de Cima,104185,147.00,149.00,2.00,dID,CTHM,PV,0.03,0.08,0.77,0.5,5,76,0.4,0.5,2.85,0.03,63.85,6,4,0.53,5.8,1.61,3.1,0.05,0.025,0.01,0.01,0.28,35.1,4,0.08,0.38,0.0506,2.36,0.04,0.09,4,0.0714,1.8,21.1,0.05,0.23,0.09,1.2,0.5,1.5,67.3,0.025,0.24,0.34,4.6,0.005,0.09,0.54,4,0.2,6.47,0.5,35,0.7
HOLE_044,Jerimum de Cima,104186,149.00,150.00,1.00,dID,CTHM,PV,0.00,0.05,1.1,0.5,5,118,0.4,0.51,2.5,0.03,69.56,6.7,5,0.57,3.7,1.81,4.4,0.05,0.06,0.005,0.01,0.4,38.7,5,0.07,0.52,0.046,1.13,0.07,0.1,3.5,0.0746,1.4,28.8,0.05,0.09,0.05,1.8,0.5,1.5,73.9,0.025,0.22,0.3,4.7,0.005,0.12,0.51,6,0.1,6.05,0.5,45,1
HOLE_044,Jerimum de Cima,104187,150.00,151.00,1.00,dID,CTHM,PV,0.00,0.02,0.82,0.5,5,84,0.4,0.18,2.47,0.04,51.28,6,4,0.53,2.2,1.6,3,0.05,0.025,0.005,0.01,0.3,27.8,4,0.07,0.41,0.0471,1.18,0.04,0.05,3.9,0.0742,1.3,20.9,0.05,0.2,0.025,0.9,0.5,1.5,58.9,0.025,0.19,0.025,3.3,0.005,0.09,0.53,4,0.1,5.37,0.5,38,0.8
HOLE_044,Jerimum de Cima,104188,151.00,151.70,0.70,dID,CTHM,PV,0.00,0.03,0.92,0.5,5,133,0.4,0.42,2.93,0.03,57.06,6.7,4,0.57,1.7,1.68,3.3,0.05,0.05,0.01,0.01,0.43,31,3,0.08,0.34,0.052,0.83,0.06,0.025,3.1,0.0717,1.6,28.5,0.05,0.49,0.05,1.1,0.5,1.5,81.1,0.025,0.21,0.12,3.7,0.005,0.12,0.68,4,0.2,5.7,0.5,26,0.8
HOLE_044,Jerimum de Cima,104189,151.70,153.00,1.30,dID,CTHM,PV,0.00,0.01,0.81,0.5,5,72,0.3,0.08,1.63,0.01,50.81,6.1,5,0.48,2.4,1.53,3.5,0.05,0.025,0.005,0.01,0.25,27.2,5,0.07,0.46,0.0401,0.94,0.04,0.12,3.7,0.0723,0.8,19.5,0.05,0.06,0.025,0.8,0.5,1.5,35.3,0.025,0.2,0.025,3.9,0.005,0.08,0.66,4,0.2,5.18,0.5,39,0.8
HOLE_044,Jerimum de Cima,104190,153.00,155.00,2.00,dID,CTHM,PV,0.00,0.005,1.24,0.5,5,148,0.4,0.06,2.22,0.01,49.12,6.8,5,0.59,2.5,1.81,5.4,0.05,0.07,0.005,0.01,0.46,25.8,6,0.1,0.54,0.0549,1.06,0.09,0.07,3.8,0.0753,0.9,34.1,0.05,0.05,0.025,1.4,0.5,1.5,41.4,0.025,0.22,0.025,4,0.005,0.14,0.72,8,0.2,6.65,0.7,47,1
HOLE_044,Jerimum de Cima,104191,155.00,157.00,2.00,dID,CTHM,PV,0.00,0.005,0.8,0.5,5,86,0.3,0.03,2.21,0.03,50.91,5.8,4,0.6,2.4,1.41,3.2,0.05,0.05,0.005,0.01,0.27,26.1,5,0.08,0.42,0.041,0.65,0.04,0.07,3.4,0.076,0.7,19.7,0.05,0.04,0.025,1,0.5,1.5,50.7,0.025,0.22,0.025,3.7,0.005,0.08,0.6,4,0.2,6.14,0.5,37,0.7
HOLE_044,Jerimum de Cima,104192,157.00,159.00,2.00,dID,CTHM,PV,0.00,0.01,1.06,0.5,5,133,0.4,0.07,1.67,0.005,58.27,6.3,6,0.56,5.1,1.84,4.2,0.05,0.05,0.01,0.01,0.38,30.6,6,0.08,0.48,0.043,1.06,0.06,0.08,4.3,0.0778,1,26.5,0.05,0.04,0.025,1.1,0.5,1.5,32.7,0.025,0.23,0.025,3.9,0.005,0.1,0.76,6,0.2,5.79,0.5,44,0.8
HOLE_044,Jerimum de Cima,104193,159.00,160.00,1.00,dID,CTHM,PV,0.00,0.005,0.95,0.5,5,87,0.3,0.02,2.41,0.04,56.24,6.8,5,0.54,2.5,1.8,4.4,0.05,0.025,0.005,0.01,0.25,29.3,5,0.07,0.54,0.0515,0.68,0.04,0.025,4,0.0741,1,17.9,0.05,0.005,0.025,1.2,0.5,1.5,66.1,0.025,0.25,0.025,3.8,0.005,0.06,0.56,5,0.2,6.3,0.5,54,0.8
HOLE_044,Jerimum de Cima,104194,160.00,161.00,1.00,dID,CTHM,PV,0.00,0.005,1.01,0.5,5,95,0.3,0.02,6.23,0.1,46.05,7.1,4,0.48,1.3,1.81,4.3,0.05,0.025,0.005,0.01,0.26,23.8,3,0.1,0.59,0.125,0.49,0.04,0.025,3.4,0.0684,1.2,18.2,0.05,0.005,0.025,1.5,0.5,1.5,199.8,0.025,0.29,0.025,3.7,0.005,0.07,0.56,6,0.05,9.22,0.7,56,0.7
HOLE_044,Jerimum de Cima,104195,161.00,162.00,1.00,dID,CTHM,PV,0.04,0.06,1.18,2,5,164,0.4,0.48,5.29,0.1,70.54,6.8,3,0.52,1.7,1.77,5.1,0.05,0.025,0.005,0.01,0.44,37.6,3,0.09,0.52,0.0945,0.52,0.06,0.18,2.9,0.0752,1.7,28.5,0.05,0.24,0.025,1.8,0.5,0.4,236.6,0.025,0.32,0.11,4.3,0.005,0.11,0.73,8,0.1,8.51,0.6,49,0.6
HOLE_044,Jerimum de Cima,104196,162.00,163.00,1.00,dID,CTHM,PV,0.01,0.01,0.91,0.5,5,96,0.4,0.07,3.29,0.06,59.05,6,4,0.67,1.3,1.64,4.4,0.05,0.05,0.005,0.01,0.3,31.4,4,0.07,0.5,0.0614,0.76,0.05,0.07,2.5,0.0727,1,20.8,0.05,0.09,0.025,1.3,0.5,0.3,136.2,0.025,0.23,0.025,4,0.005,0.08,0.5,7,0.1,5.93,0.4,47,0.5
HOLE_044,Jerimum de Cima,104197,163.00,165.00,2.00,dID,CTHM,PV,0.00,0.02,1.1,0.5,5,174,0.4,0.07,5.78,0.08,52.83,6.8,4,0.61,2.5,1.68,5.3,0.05,0.05,0.005,0.01,0.4,27.3,3,0.09,0.52,0.093,0.36,0.07,0.025,3.8,0.0745,1.4,28.7,0.05,0.02,0.025,2.1,0.5,0.3,192.6,0.025,0.3,0.025,3.9,0.005,0.11,0.77,10,0.3,8.71,0.6,42,0.6
HOLE_044,Jerimum de Cima,104198,165.00,166.95,1.95,dID,CTHM,PV,0.00,0.02,0.94,0.5,5,72,0.3,0.09,5.08,0.02,56.83,6.4,5,0.61,3.2,1.62,4.4,0.05,0.025,0.005,0.01,0.24,30.1,5,0.08,0.59,0.0818,0.71,0.05,0.025,3.2,0.0683,1.1,18.5,0.05,0.07,0.025,1.1,0.5,1.5,62.6,0.025,0.26,0.025,4,0.005,0.06,0.92,6,0.2,7.83,0.6,40,0.25
HOLE_044,Jerimum de Cima,104199,166.95,167.65,0.70,dID,CTHM,PV,0.01,0.09,1.04,0.5,5,74,0.5,0.91,3.78,0.01,209.12,5.1,3,1.22,1.9,1.89,4.8,0.05,0.07,0.01,0.02,0.36,91.2,8,0.06,0.6,0.06,1.25,0.02,0.025,3.2,0.0432,1.3,31.4,0.05,0.28,0.025,0.9,0.5,0.3,47.9,0.025,0.61,0.6,2.1,0.005,0.11,1.63,7,0.5,10.32,0.4,24,1.5
HOLE_044,Jerimum de Cima,104200,167.65,169.00,1.35,dID,CTHM,PV,0.00,0.07,1.02,0.5,5,73,0.4,0.92,2.44,0.02,47.5,7.6,4,0.55,2.3,2.01,5.8,0.05,0.025,0.005,0.04,0.22,25.2,7,0.09,0.76,0.0602,0.67,0.05,0.07,3.3,0.0773,1.7,17.4,0.05,0.34,0.74,1.4,0.5,1.5,34.3,0.025,0.24,0.72,3.7,0.005,0.06,0.92,8,0.3,6.94,0.6,49,0.7
HOLE_044,Jerimum de Cima,104201,169.00,170.00,1.00,dID,CTHM,PV,0.00,0.005,1.05,0.5,5,90,0.3,0.04,3.32,0.03,53.32,6.9,4,0.6,1,1.8,5.7,0.05,0.025,0.005,0.01,0.26,29.3,7,0.09,0.71,0.0621,0.42,0.06,0.025,3.1,0.0796,1.1,19.9,0.05,0.005,0.025,1.4,0.5,1.5,83.7,0.025,0.22,0.025,3.7,0.005,0.06,0.68,9,0.2,6.47,0.6,51,0.7
HOLE_044,Jerimum de Cima,104202,170.00,172.00,2.00,dID,CTHM,PV,0.00,0.005,1.21,0.5,5,125,0.6,0.07,1.91,0.02,46.22,7.2,5,0.83,1.7,1.89,6,0.05,0.025,0.005,0.01,0.38,25.6,7,0.08,0.69,0.0436,0.64,0.07,0.025,3.8,0.0767,1.1,29.9,0.05,0.005,0.025,1.5,0.5,1.5,55.3,0.025,0.18,0.025,3.9,0.005,0.11,0.59,9,0.8,5.23,0.5,48,0.8
HOLE_044,Jerimum de Cima,104203,172.00,173.00,1.00,dID,CTHM,PV,0.00,0.03,0.78,0.5,5,98,0.3,0.27,1.23,0.005,45.72,4.8,4,0.62,6.4,1.35,4,0.05,0.025,0.005,0.01,0.25,24.3,5,0.07,0.44,0.0285,0.86,0.06,0.05,3.5,0.0723,1.6,18.6,0.05,0.15,0.025,0.8,0.5,1.5,25.3,0.025,0.16,0.13,3.4,0.005,0.06,1.02,6,0.2,4.39,0.4,29,0.9
HOLE_044,Jerimum de Cima,104204,173.00,174.00,1.00,dID,CTHM,PV,0.00,0.01,1.06,0.5,5,115,0.4,0.09,1.67,0.01,59.88,6.1,5,0.55,2.8,1.5,4.9,0.05,0.09,0.005,0.01,0.33,31.8,6,0.08,0.51,0.0365,0.71,0.1,0.025,2.8,0.0724,1,24.9,0.05,0.02,0.025,1.2,0.5,1.5,40.8,0.025,0.21,0.025,4.1,0.005,0.09,0.83,7,0.2,5.47,0.6,39,1.5
HOLE_044,Jerimum de Cima,104205,174.00,175.00,1.00,dID,CTHM,PV,0.00,0.005,1,0.5,5,81,0.4,0.02,1.86,0.02,60.13,6.1,4,0.6,6.2,1.54,4.1,0.05,0.08,0.005,0.01,0.26,31.2,6,0.09,0.61,0.0422,0.5,0.05,0.06,3.4,0.0797,0.7,19,0.05,0.005,0.025,1,0.5,1.5,23,0.025,0.26,0.025,5.8,0.005,0.06,1.06,5,0.5,6.49,0.6,39,1.1
HOLE_044,Jerimum de Cima,104206,175.00,176.00,1.00,dID,CTHM,PV,0.00,0.005,1.16,0.5,5,130,0.4,0.02,1.26,0.005,50.32,5.9,4,0.56,2,1.42,4.7,0.05,0.025,0.005,0.01,0.37,25.9,7,0.06,0.58,0.0287,0.92,0.1,0.025,3.1,0.077,0.7,25.2,0.05,0.005,0.025,1.4,0.5,1.5,23.8,0.025,0.17,0.025,3.5,0.005,0.09,1.07,7,0.2,4.12,0.4,37,0.6
HOLE_044,Jerimum de Cima,104207,176.00,177.00,1.00,dID,CTHM,PV,0.00,0.03,1.22,0.5,5,70,0.4,0.14,0.67,0.005,58.67,9,5,0.56,5.1,2.23,5.6,0.05,0.08,0.02,0.01,0.19,29.6,11,0.05,0.9,0.0306,0.84,0.06,0.05,5.1,0.0729,0.8,14.3,0.05,0.13,0.18,1.7,0.5,1.5,16,0.025,0.18,0.11,4.1,0.005,0.06,0.67,11,0.2,3.29,0.3,64,0.7
HOLE_044,Jerimum de Cima,104208,177.00,177.90,0.90,dID,CTHM,PV,0.00,0.03,1.74,0.5,5,106,0.4,0.1,0.53,0.005,51.91,12.2,6,0.45,4.8,2.93,9.1,0.05,0.08,0.01,0.02,0.27,24.4,15,0.09,1.28,0.0416,0.51,0.1,0.025,6.8,0.0756,1.4,18.4,0.05,0.1,0.28,3.2,0.5,1.5,14.5,0.025,0.22,0.09,4.8,0.005,0.11,0.83,17,0.2,4.57,0.5,96,0.5
HOLE_044,Jerimum de Cima,104209,177.90,179.00,1.10,dID,CTHM,PV,0.00,0.02,1.3,0.5,5,74,0.3,0.09,0.39,0.005,49.2,9.7,6,0.55,2,2.28,6.9,0.05,0.07,0.005,0.01,0.2,24.1,10,0.09,1.02,0.034,0.57,0.06,0.09,5.4,0.0689,1.6,13,0.05,0.02,0.025,2.1,0.5,1.5,16.5,0.025,0.21,0.025,3.6,0.005,0.05,0.82,14,0.1,4.44,0.6,77,2.2
HOLE_044,Jerimum de Cima,104210,179.00,180.00,1.00,dID,CTHM,PV,0.00,0.07,1.82,0.5,5,95,0.5,0.23,0.71,0.005,54.25,13.4,9,0.6,1.1,3.15,9.8,0.05,0.07,0.005,0.03,0.29,24.6,14,0.11,1.4,0.0467,0.66,0.1,0.06,8.1,0.0809,2.1,18.4,0.05,0.17,0.08,3.6,0.5,1.5,15.1,0.025,0.26,0.06,3.4,0.005,0.08,0.89,25,0.2,6.02,0.8,96,0.8
HOLE_044,Jerimum de Cima,104211,180.00,181.00,1.00,dID,CTHM,PV,0.00,0.03,1.48,0.5,5,61,0.4,0.1,1.15,0.02,52.8,12.5,7,0.51,0.8,2.63,8.3,0.05,0.05,0.005,0.02,0.21,24.5,12,0.12,1.24,0.047,0.53,0.05,0.025,7,0.0791,2,13.5,0.05,0.06,0.025,3.2,0.5,1.5,26.1,0.025,0.29,0.025,3.2,0.005,0.05,0.71,20,0.1,6.72,0.8,82,0.25
HOLE_044,Jerimum de Cima,104212,181.00,182.00,1.00,dID,CTHM,PV,0.01,0.06,1.38,0.5,5,91,0.5,0.13,0.74,0.005,55.06,11.2,6,0.52,1.7,2.33,7.2,0.05,0.17,0.005,0.01,0.24,26.5,12,0.09,1.12,0.0356,0.54,0.06,0.025,5.4,0.082,1.4,13.6,0.05,0.12,0.025,2.4,0.5,1.5,14.4,0.025,0.21,0.025,4,0.005,0.05,0.84,14,0.2,4.57,0.5,72,4.4
HOLE_044,Jerimum de Cima,104213,182.00,183.00,1.00,dID,CTHM,PV,0.00,0.08,1.38,0.5,5,84,0.5,0.33,1.07,0.005,48.47,10.6,7,0.59,4.3,2.44,7.8,0.05,0.23,0.005,0.01,0.29,22.9,10,0.09,0.97,0.0409,0.82,0.1,0.56,5.6,0.0791,3.6,16.9,0.05,0.47,0.025,2.7,0.5,1.5,18.9,0.025,0.21,0.1,5.2,0.005,0.06,1.89,17,0.2,4.98,0.5,62,4.9
HOLE_044,Jerimum de Cima,104214,183.00,184.00,1.00,dID,CTHM,PV,0.00,0.01,1.55,0.5,5,66,0.5,0.08,1.19,0.005,59.26,11.5,8,0.61,0.8,2.78,8.6,0.05,0.17,0.005,0.03,0.22,26.5,13,0.11,1.3,0.0525,0.48,0.06,0.2,7.5,0.084,1.4,13.3,0.05,0.05,0.025,3.9,0.5,1.5,23.2,0.025,0.33,0.025,5.2,0.01,0.05,0.86,22,0.2,7.66,0.8,78,5.1
HOLE_044,Jerimum de Cima,104215,184.00,185.00,1.00,dID,CTHM,PV,0.00,0.005,1.34,0.5,5,123,0.4,0.08,2.11,0.03,55.33,10.1,6,0.55,2,2.48,6.8,0.05,0.06,0.005,0.01,0.31,25.7,8,0.12,0.85,0.0547,0.51,0.09,0.12,5.3,0.0778,2.5,18.6,0.05,0.005,0.025,3.2,0.5,1.5,66,0.025,0.36,0.025,5.3,0.04,0.07,0.97,20,0.2,9.38,0.8,66,1.1
HOLE_044,Jerimum de Cima,104216,185.00,186.00,1.00,dID,CTHM,PV,0.00,0.01,1.05,0.5,5,98,0.4,0.05,1.09,0.005,54.75,7.3,5,0.43,1.1,1.74,5.1,0.05,0.025,0.005,0.01,0.25,28.3,8,0.09,0.77,0.0344,0.56,0.06,0.025,3.1,0.0697,2.6,13.8,0.05,0.005,0.025,1.9,0.5,1.5,23.6,0.025,0.23,0.025,4.9,0.01,0.05,0.96,8,0.2,6.22,0.5,46,0.6
HOLE_044,Jerimum de Cima,104217,186.00,187.00,1.00,dID,CTHM,PV,0.00,0.02,1.15,0.5,5,129,0.4,0.09,1.12,0.005,51.81,6.8,9,0.38,2.8,1.8,5.2,0.05,0.14,0.005,0.03,0.31,27,7,0.09,0.73,0.0345,0.84,0.09,0.2,4.8,0.0721,1.6,16.5,0.05,0.04,0.025,1.6,0.5,1.5,17.9,0.025,0.2,0.025,5.6,0.005,0.07,1.1,7,0.3,5.77,0.5,43,3.7
HOLE_044,Jerimum de Cima,104218,187.00,188.00,1.00,dID,CTHM,PV,0.00,0.03,1,0.5,5,96,0.4,0.09,1.32,0.005,53.59,6.1,4,0.51,2.6,1.61,4.5,0.05,0.05,0.005,0.02,0.26,28.2,8,0.09,0.66,0.0358,0.58,0.06,0.025,2.3,0.072,2,14.9,0.05,0.04,0.025,1.3,0.5,1.5,18.1,0.025,0.22,0.025,4.8,0.005,0.06,1.52,5,0.2,6.77,0.6,42,1
HOLE_044,Jerimum de Cima,104219,188.00,189.00,1.00,dID,CTHM,PV,0.01,0.03,0.88,0.5,5,106,0.4,0.12,1.67,0.02,39.14,4.6,4,0.47,48,1.39,3.9,0.05,0.23,0.005,0.01,0.28,20.1,5,0.14,0.47,0.0373,1.13,0.1,0.61,2.3,0.0412,6,16.2,0.05,0.05,0.025,1.1,0.5,1.5,26.9,0.025,0.31,0.025,10.9,0.005,0.06,9.47,3,0.4,8.1,0.9,25,4.7
HOLE_044,Jerimum de Cima,104220,189.00,190.00,1.00,dID,CTHM,PV,0.00,0.02,0.96,0.5,5,94,0.3,0.08,1.31,0.005,44.52,6.6,4,0.54,7,1.7,4.3,0.05,0.025,0.005,0.01,0.23,23.9,7,0.07,0.61,0.0351,0.54,0.06,0.025,3.2,0.0723,1.8,13.4,0.05,0.03,0.025,1.2,0.5,1.5,22.8,0.025,0.17,0.025,5,0.005,0.04,2.13,6,0.2,4.73,0.5,47,0.8
HOLE_044,Jerimum de Cima,104221,190.00,191.00,1.00,dID,CTHM,PV,0.00,0.005,0.83,1,5,68,0.3,0.05,1.45,0.005,50.81,6.9,5,0.57,3.1,1.86,3.2,0.05,0.025,0.005,0.01,0.16,27,0.5,0.06,0.6,0.0399,0.26,0.03,0.025,3.2,0.0849,2.7,10.3,0.05,0.02,0.025,0.7,0.5,1.5,32.6,0.025,0.19,0.025,4.8,0.005,0.06,1.57,8,0.2,4.8,0.4,48,0.8
HOLE_044,Jerimum de Cima,104222,191.00,192.00,1.00,dID,CTHM,PV,0.01,0.01,0.75,0.5,5,76,0.2,0.25,1.79,0.02,53.4,6.3,4,0.51,3.5,1.78,2.7,0.05,0.025,0.005,0.01,0.16,28.6,0.5,0.06,0.49,0.0393,0.54,0.03,0.025,2.6,0.0833,3.2,9.7,0.05,0.03,0.025,0.6,0.5,1.5,58.6,0.025,0.17,0.025,4.2,0.005,0.06,1.41,7,0.2,4.39,0.4,51,0.9
HOLE_044,Jerimum de Cima,104223,192.00,193.00,1.00,dID,CTHM,PV,0.00,0.02,0.86,0.5,5,91,0.2,0.1,2.04,0.03,55.56,6.4,5,0.65,3.1,1.99,3.4,0.05,0.025,0.005,0.01,0.23,29.9,0.5,0.07,0.51,0.0422,0.21,0.05,0.025,2.6,0.0835,3.8,12.3,0.05,0.04,0.025,0.8,0.5,1.5,59.9,0.025,0.19,0.025,3.9,0.005,0.07,1.14,9,0.2,5.09,0.5,43,1.2
HOLE_044,Jerimum de Cima,104224,193.00,194.00,1.00,dID,CTHM,PV,0.01,0.005,0.9,0.5,5,74,0.2,0.04,1.34,0.005,50.98,6.7,4,0.53,2,2.03,3.8,0.05,0.16,0.005,0.01,0.2,27.8,0.5,0.06,0.6,0.0363,0.18,0.05,0.1,2.7,0.0873,2.3,12.6,0.05,0.02,0.025,1,0.5,1.5,46.7,0.025,0.19,0.025,4.5,0.005,0.07,1.03,11,0.2,4.85,0.4,47,6.6
HOLE_044,Jerimum de Cima,104225,194.00,196.00,2.00,dID,CTHM,PV,0.14,0.02,0.82,0.5,5,78,0.2,0.1,1.91,0.005,44.31,6.3,4,0.5,3.5,1.86,3.2,0.05,0.025,0.005,0.01,0.17,23.6,0.5,0.06,0.55,0.0434,0.2,0.04,0.08,2.5,0.0853,2.9,9.7,0.05,0.05,0.025,1.1,0.5,1.5,63.5,0.025,0.18,0.025,3.6,0.005,0.06,0.93,9,0.1,5.05,0.4,48,1.1
HOLE_044,Jerimum de Cima,104226,196.00,198.00,2.00,dID,CTHM,PV,0.01,0.01,0.82,0.5,5,72,0.2,0.1,1.61,0.005,51.44,6.5,5,0.45,5,1.76,3.6,0.05,0.05,0.005,0.01,0.17,26.9,0.5,0.06,0.56,0.0411,0.2,0.04,0.05,2.6,0.0758,2.2,10.2,0.05,0.02,0.025,1,0.5,0.3,42.3,0.025,0.21,0.025,3.5,0.005,0.06,0.68,10,0.1,5.54,0.4,47,1.1
HOLE_044,Jerimum de Cima,104227,198.00,200.00,2.00,dID,CTHM,PV,0.00,0.005,1.29,0.5,5,57,0.3,0.06,1.82,0.01,57.12,11.9,8,0.64,7.8,2.68,6,0.05,0.06,0.005,0.01,0.17,24.7,4,0.1,1.08,0.0658,0.61,0.04,2.64,7.9,0.0862,2.7,11.5,0.05,0.01,0.025,2.7,0.5,0.4,43.4,0.025,0.44,0.025,3.9,0.02,0.06,0.9,29,0.2,10.33,0.8,78,2.1
HOLE_044,Jerimum de Cima,104228,200.00,200.75,0.75,dID,CTHM,PV,0.02,0.03,0.74,2,5,57,0.2,0.26,0.98,0.01,42.49,6.6,4,0.41,3.8,1.8,3.1,0.05,0.025,0.005,0.01,0.17,22.6,0.5,0.06,0.47,0.0294,0.2,0.04,0.08,2.9,0.076,2.4,10.6,0.05,0.27,0.025,0.6,0.5,1.5,21.6,0.025,0.18,0.025,4.3,0.005,0.06,0.85,9,0.05,4.31,0.4,48,1.1
HOLE_044,Jerimum de Cima,104229,200.75,202.00,1.25,dID,CTHM,PV,0.00,0.005,0.86,0.5,5,67,0.2,0.05,0.96,0.005,50.07,6.5,5,0.39,3,1.86,3.7,0.05,0.025,0.005,0.01,0.18,26.8,2,0.06,0.56,0.033,0.15,0.04,0.15,2.9,0.0822,2.6,11.3,0.05,0.02,0.025,0.8,0.5,1.5,29,0.025,0.19,0.025,4.7,0.005,0.06,1.14,9,0.05,4.62,0.4,52,1.1
HOLE_044,Jerimum de Cima,104230,202.00,203.00,1.00,dID,CTHM,PV,0.01,0.02,0.67,0.5,5,72,0.3,0.15,1.92,0.02,61.37,5,3,0.72,3.8,1.5,2.6,0.05,0.025,0.005,0.01,0.19,32.4,0.5,0.06,0.41,0.0427,0.69,0.04,0.09,2,0.0756,3,11.3,0.05,0.07,0.025,0.6,0.5,1.5,56.3,0.025,0.23,0.025,3.6,0.005,0.07,1.25,6,0.1,6.14,0.5,39,0.9
HOLE_044,Jerimum de Cima,104231,203.00,205.00,2.00,dID,CTHM,PV,0.00,0.005,0.92,0.5,5,71,0.3,0.05,1.47,0.02,57.53,6.6,4,0.55,2.5,1.92,3.8,0.05,0.05,0.01,0.01,0.18,30.2,1,0.06,0.66,0.0425,0.32,0.04,0.52,2.6,0.0833,2.7,10.5,0.05,0.02,0.025,1.1,0.5,1.5,52.2,0.025,0.24,0.025,4.1,0.005,0.06,0.98,9,0.2,5.55,0.4,56,1.4
HOLE_044,Jerimum de Cima,104232,205.00,206.00,1.00,dID,CTHM,PV,0.06,0.01,0.93,0.5,5,68,0.3,0.09,1.61,0.005,39.55,5.9,4,0.61,1.2,1.74,3.2,0.05,0.14,0.02,0.03,0.17,20.6,4,0.06,0.81,0.0418,0.23,0.03,0.17,2.4,0.0737,1.7,11.3,0.05,0.02,1,1,0.5,0.4,24.9,0.16,0.2,0.16,4.6,0.005,0.12,0.45,7,0.3,4.92,0.4,43,2.1
HOLE_044,Jerimum de Cima,104233,206.00,207.00,1.00,dID,CTHM,PV,0.03,0.005,0.92,0.5,5,67,0.3,0.06,1.95,0.02,40.59,6.8,5,0.58,1.5,1.89,3.5,0.05,0.11,0.02,0.01,0.17,21.8,0.5,0.05,0.68,0.0447,0.13,0.04,0.21,3.8,0.0801,2.1,9.9,0.05,0.03,0.4,1.2,0.5,0.3,68.5,0.07,0.19,0.025,3.5,0.005,0.08,0.52,9,0.3,4.95,0.4,51,2.6
HOLE_044,Jerimum de Cima,104234,207.00,208.00,1.00,dID,CTHM,PV,0.05,0.07,0.95,5,5,58,0.5,0.39,1.27,0.005,33.55,7,6,0.64,4.7,2.18,3.8,0.05,0.13,0.01,0.01,0.15,17.9,3,0.06,0.74,0.0394,0.27,0.03,0.12,3.3,0.0824,2.7,8.6,0.05,0.02,0.24,1.1,0.5,1.5,21.1,0.025,0.2,0.09,3.7,0.005,0.06,1.08,10,1.3,5.44,0.4,53,3.5
HOLE_044,Jerimum de Cima,104235,208.00,210.00,2.00,dID,CTHM,PV,0.00,0.005,0.9,0.5,5,67,0.2,0.04,1.85,0.02,42.49,6.4,5,0.56,1.7,1.82,3.9,0.05,0.12,0.005,0.01,0.17,22.3,0.5,0.07,0.61,0.0451,0.12,0.04,0.13,3.2,0.0817,2,9.4,0.05,0.005,0.1,1.1,0.5,1.5,67.9,0.025,0.19,0.025,3.9,0.005,0.06,1.15,10,0.2,5.39,0.5,50,3.8
HOLE_044,Jerimum de Cima,104236,210.00,211.00,1.00,dID,CTHM,PV,0.02,0.01,1.03,0.5,5,92,0.3,0.13,1.73,0.005,44.13,6.8,5,0.68,1.9,2.11,4.1,0.05,0.09,0.01,0.01,0.22,23.3,0.5,0.06,0.69,0.0457,0.29,0.06,0.09,3.7,0.0823,2.5,11.3,0.05,0.07,0.1,1.5,0.5,1.5,40.5,0.025,0.23,0.025,3.3,0.005,0.07,0.9,11,0.2,6.2,0.5,52,3.1
HOLE_044,Jerimum de Cima,104237,211.00,212.00,1.00,dID,CTHM,PV,0.03,0.005,0.62,0.5,5,49,0.3,0.1,1.45,0.005,51.2,5.2,3,0.81,2.6,1.4,2.6,0.05,0.07,0.01,0.01,0.13,27,0.5,0.05,0.44,0.0327,0.14,0.02,0.06,1.8,0.0735,2,7.3,0.05,0.03,0.025,0.7,0.5,1.5,36.6,0.025,0.21,0.025,5,0.005,0.05,1.41,6,0.2,5.28,0.4,38,1.2
HOLE_044,Jerimum de Cima,104238,212.00,213.10,1.10,dID,CTHM,PV,0.00,0.005,0.73,0.5,5,87,0.3,0.05,0.57,0.005,45.74,5.5,4,0.68,6.9,1.51,3,0.05,0.05,0.005,0.01,0.21,23.2,2,0.05,0.47,0.0227,0.19,0.04,0.06,2.5,0.074,1.7,11.1,0.05,0.005,0.025,0.7,0.5,1.5,16.4,0.025,0.19,0.025,4.1,0.005,0.06,1.26,7,0.4,4.4,0.4,35,1.4
HOLE_044,Jerimum de Cima,104239,213.10,214.10,1.00,dID,CTHM,PV,0.00,0.01,0.93,0.5,5,54,0.3,0.06,1.03,0.005,44.96,7.5,5,0.53,10.6,1.9,4.6,0.05,0.025,0.005,0.01,0.15,22.8,3,0.06,0.74,0.034,0.14,0.03,0.025,4,0.0823,2.3,8.7,0.05,0.005,0.12,0.9,0.5,1.5,29.9,0.025,0.19,0.025,3.6,0.005,0.05,0.72,12,0.4,4.82,0.4,48,0.5
HOLE_044,Jerimum de Cima,104240,214.10,215.15,1.05,dID,CTHM,PV,0.00,0.005,2.79,0.5,5,22,0.4,0.04,1.66,0.01,53.63,26,49,0.5,13.1,4.86,12.2,0.05,0.08,0.005,0.01,0.14,25.9,21,0.09,2.74,0.088,0.09,0.03,0.025,24.4,0.1157,1.5,8.9,0.05,0.005,0.025,4.7,0.5,1.5,32.3,0.025,0.28,0.025,2.2,0.03,0.04,0.29,70,0.4,7.23,0.7,117,1.2
HOLE_044,Jerimum de Cima,104241,215.15,216.20,1.05,MD,CT,PV,0.00,0.005,3.13,0.5,5,32,0.4,0.04,1.62,0.005,42.29,28.8,56,0.68,9.3,5.5,13.8,0.05,0.09,0.005,0.02,0.14,20.5,23,0.07,3.08,0.102,0.1,0.03,0.025,28.5,0.1143,1.6,8.7,0.05,0.005,0.025,5.8,0.5,1.5,41.6,0.025,0.25,0.025,2.2,0.04,0.04,0.3,79,0.3,6.55,0.5,142,1.4
HOLE_044,Jerimum de Cima,104242,216.20,217.40,1.20,dID,CTHM,PV,0.01,0.02,0.73,0.5,5,62,0.3,0.13,2.24,0.005,44.67,5.3,3,0.66,5.9,1.5,3,0.05,0.05,0.005,0.03,0.16,22.5,0.5,0.1,0.68,0.0549,3.28,0.03,0.025,2.4,0.0578,9.3,8.6,0.05,0.08,0.025,1.5,0.5,1.5,18.5,0.025,0.23,0.025,5.3,0.005,0.05,1.03,7,0.1,7.65,0.8,32,1.1
HOLE_044,Jerimum de Cima,104243,217.40,218.00,0.60,dID,CTHM,PV,0.01,0.02,0.82,0.5,5,77,0.4,0.12,1.74,0.005,32.46,5.2,3,1.16,1.4,1.46,2.8,0.05,0.025,0.02,0.01,0.24,16.9,0.5,0.05,0.58,0.0382,2.96,0.03,0.07,1.6,0.0793,2.2,12.5,0.05,0.07,0.025,0.8,0.5,1.5,40.2,0.025,0.17,0.025,3.4,0.005,0.07,0.52,6,0.1,5.11,0.4,33,1.9
HOLE_044,Jerimum de Cima,104244,218.00,219.00,1.00,dID,CTHM,PV,0.00,0.005,0.75,0.5,5,99,0.3,0.07,2.07,0.03,46.68,5.2,4,0.79,2,1.57,2.8,0.05,0.025,0.005,0.01,0.21,25.2,0.5,0.05,0.47,0.0465,0.18,0.03,0.025,2.2,0.0804,2.9,10.9,0.05,0.03,0.025,0.8,0.5,1.5,68.7,0.025,0.2,0.025,3.6,0.005,0.07,0.62,7,0.1,5.35,0.4,42,0.7
HOLE_044,Jerimum de Cima,104245,219.00,219.50,0.50,dID,CTHM,PV,0.05,0.04,0.77,4,5,105,0.3,0.34,3.24,0.03,40.6,6.5,4,0.62,4.1,1.8,2.6,0.05,0.025,0.005,0.01,0.21,21.3,0.5,0.06,0.44,0.0696,0.87,0.03,0.025,3,0.0831,3.2,10.1,0.05,0.35,0.025,0.8,0.5,1.5,126.2,0.025,0.21,0.025,3.6,0.005,0.06,0.79,6,0.05,6.21,0.5,40,0.9
HOLE_044,Jerimum de Cima,104246,219.50,221.00,1.50,dID,CTHM,PV,0.00,0.005,0.7,0.5,5,96,0.2,0.11,2.16,0.01,55.13,5.5,3,0.56,1.8,1.67,2.8,0.05,0.08,0.005,0.01,0.18,29.5,0.5,0.05,0.45,0.0466,0.16,0.04,0.08,2,0.0786,2.6,8.8,0.05,0.02,1.25,0.9,0.5,1.5,66.6,0.025,0.21,0.025,3.6,0.005,0.05,0.65,8,0.1,5.57,0.4,44,2.2
HOLE_044,Jerimum de Cima,104247,221.00,222.00,1.00,dID,CTHM,PV,0.00,0.005,0.82,0.5,5,114,0.3,0.04,2.51,0.005,57.48,6,3,0.66,1.2,1.72,3.4,0.05,0.025,0.005,0.01,0.23,30.9,0.5,0.06,0.5,0.0513,0.12,0.04,0.025,2.3,0.0828,2,11.6,0.05,0.005,0.025,1,0.5,1.5,54.3,0.025,0.25,0.025,3.5,0.005,0.07,0.57,8,0.1,7.55,0.5,39,1
HOLE_044,Jerimum de Cima,104248,222.00,222.90,0.90,dID,CTHM,PV,0.00,0.005,0.8,0.5,5,95,0.2,0.06,1.86,0.005,59.87,5.9,3,0.75,2.6,1.77,3,0.05,0.025,0.005,0.01,0.2,31.3,0.5,0.06,0.49,0.0429,0.12,0.03,0.025,2.6,0.0834,2.2,10.8,0.05,0.02,0.025,0.9,0.5,1.5,47.2,0.025,0.22,0.025,3.3,0.005,0.06,0.51,8,0.05,5.96,0.4,43,0.9
HOLE_044,Jerimum de Cima,104249,222.90,223.65,0.75,dID,CTHM,PV,0.14,0.11,0.66,8,5,102,0.4,1.44,1.42,0.02,43.72,6.1,2,0.86,18.6,1.66,1.9,0.05,0.08,0.005,0.01,0.23,22.5,0.5,0.05,0.35,0.0382,0.24,0.02,0.08,2.1,0.0856,3.6,10.7,0.05,0.57,0.025,0.4,0.5,1.5,42.6,0.025,0.19,0.06,3.1,0.005,0.06,0.93,4,0.2,4.92,0.4,38,4.5
HOLE_044,Jerimum de Cima,104250,223.65,225.00,1.35,dID,CTHM,PV,0.01,0.03,0.63,1,5,92,0.3,0.2,1.26,0.01,41.69,4.9,4,0.55,3.5,1.55,2.5,0.05,0.07,0.005,0.01,0.16,21.1,0.5,0.06,0.39,0.0327,0.24,0.04,0.09,2.7,0.0679,4.2,7.5,0.05,0.08,0.025,0.7,0.5,1.5,48,0.025,0.18,0.025,6.8,0.005,0.04,1.34,7,0.05,5.13,0.5,39,1.9
HOLE_044,Jerimum de Cima,104251,225.00,227.00,2.00,dID,CTHM,PV,0.00,0.05,0.97,0.5,5,141,0.4,0.31,1.59,0.02,41.28,7.2,6,0.59,3.4,2.17,4.3,0.05,0.07,0.005,0.01,0.2,21.3,1,0.05,0.63,0.0443,0.94,0.06,0.18,3.9,0.086,4.3,10.2,0.05,0.05,0.025,1.7,0.5,0.3,50.5,0.025,0.18,0.025,3.2,0.04,0.06,0.69,13,0.2,5.17,0.4,60,2.2
HOLE_044,Jerimum de Cima,104252,227.00,228.00,1.00,dID,CTHM,PV,0.00,0.07,0.86,0.5,5,94,0.2,0.22,1.38,0.04,31.42,7,5,0.68,3.7,1.7,3.8,0.05,0.06,0.02,0.01,0.16,17.1,2,0.04,0.61,0.0409,5.28,0.04,0.26,3.3,0.083,5,8,0.05,0.1,0.025,1,0.5,0.3,79.6,0.025,0.12,0.05,2.4,0.04,0.05,0.45,10,0.1,3.27,0.3,59,0.9
HOLE_044,Jerimum de Cima,104253,228.00,229.00,1.00,dID,CTHM,PV,0.00,0.05,0.91,0.5,5,96,0.2,0.15,1.74,0.03,39.31,7.6,6,0.49,3.5,2.03,4.4,0.05,0.06,0.005,0.01,0.17,21.5,0.5,0.04,0.65,0.0458,1.7,0.05,0.37,3.7,0.086,5.5,8.7,0.05,0.2,0.025,1.6,0.5,0.4,60.8,0.025,0.14,0.025,3,0.05,0.05,0.54,14,0.2,3.71,0.3,63,0.9
HOLE_044,Jerimum de Cima,104254,229.00,230.00,1.00,dID,CTHM,PV,0.01,0.06,0.78,0.5,5,87,0.2,0.16,1.85,0.03,34.25,6.9,6,0.53,7.8,2.03,3.5,0.05,0.08,0.02,0.01,0.14,18,0.5,0.05,0.57,0.0444,1.14,0.04,0.25,3.4,0.0844,7.4,7.6,0.05,0.24,0.025,1.5,0.5,0.3,66.6,0.025,0.14,0.05,4,0.04,0.05,1.03,11,0.4,4.2,0.4,59,1.5
HOLE_044,Jerimum de Cima,104255,230.00,232.00,2.00,dID,CTHM,PV,0.00,0.03,0.73,0.5,5,91,0.2,0.14,1.14,0.005,32.15,7.1,5,0.57,3.6,1.86,3.7,0.05,0.06,0.005,0.01,0.11,17,2,0.04,0.59,0.0381,0.15,0.03,0.22,3.7,0.0876,7,6.1,0.05,0.13,0.06,1.4,0.5,0.3,41.4,0.025,0.12,0.025,2.9,0.05,0.04,0.5,11,0.2,3.19,0.3,60,1.1
HOLE_044,Jerimum de Cima,104256,232.00,233.00,1.00,dID,CTHM,PV,0.00,0.01,0.76,0.5,5,99,0.2,0.04,0.93,0.01,33.14,7.5,6,0.53,5.5,1.38,3.6,0.05,0.12,0.02,0.01,0.1,18.2,4,0.04,0.61,0.0361,0.2,0.04,0.39,3.9,0.082,3.6,5.9,0.05,0.03,0.39,0.9,0.5,0.4,64.2,0.07,0.11,0.025,3.3,0.05,0.05,0.64,10,0.2,3.08,0.3,53,1.7
HOLE_044,Jerimum de Cima,104257,233.00,234.00,1.00,dID,CTHM,PV,0.00,0.15,0.64,0.5,5,86,0.5,0.11,0.96,0.01,31.52,5.2,5,0.42,5.9,1.28,3.5,0.05,0.29,0.01,0.01,0.1,16.4,2,0.21,0.46,0.0315,0.32,0.04,1.69,2.8,0.0607,40.9,5.7,0.05,0.08,0.16,1.8,0.5,0.7,59.1,0.025,0.21,0.025,7.5,0.04,0.04,5.78,9,0.5,9.71,1.3,40,8.3
HOLE_044,Jerimum de Cima,104258,234.00,235.00,1.00,dID,CTHM,PV,0.00,0.01,0.91,0.5,5,101,0.3,0.05,1.12,0.005,34.24,7.4,5,0.52,4.7,1.71,4.6,0.05,0.08,0.02,0.01,0.16,18.2,4,0.04,0.66,0.0379,0.16,0.06,0.32,3.5,0.0846,4,8.3,0.05,0.04,0.025,1.3,0.5,0.4,62.8,0.025,0.13,0.025,2.8,0.06,0.05,0.48,12,0.2,3.45,0.3,57,1.4
HOLE_044,Jerimum de Cima,104259,235.00,237.00,2.00,dID,CTHM,PV,0.00,0.02,0.84,0.5,5,161,0.3,0.05,1.17,0.01,38.46,7.4,5,0.75,6.5,1.94,3.7,0.05,0.08,0.01,0.01,0.17,20.6,3,0.04,0.63,0.04,0.22,0.05,0.26,3.7,0.0884,4.9,8.7,0.05,0.04,0.025,1.4,0.5,0.4,47,0.025,0.14,0.025,2.9,0.05,0.05,0.53,12,0.3,3.62,0.3,58,1.1
HOLE_044,Jerimum de Cima,104260,237.00,239.00,2.00,dID,CTHM,PV,0.00,0.01,0.85,0.5,5,189,0.2,0.04,1.67,0.01,37.36,7.7,14,0.71,4.2,2.1,4,0.05,0.07,0.02,0.01,0.14,20.9,1,0.04,0.63,0.0449,0.22,0.05,0.25,4.7,0.09,5.6,8,0.05,0.07,0.05,1.6,0.5,0.4,78.5,0.025,0.14,0.025,2.7,0.05,0.05,0.53,16,0.2,3.73,0.3,55,1
HOLE_044,Jerimum de Cima,104261,239.00,239.80,0.80,dID,CTHM,PV,0.00,0.03,0.82,0.5,5,115,0.3,0.08,1.95,0.02,34.38,7.7,5,0.83,9.6,2.02,3.1,0.05,0.025,0.01,0.01,0.21,18.1,0.5,0.06,0.57,0.0432,0.15,0.04,0.08,3.8,0.0912,8.5,10.4,0.05,0.05,0.025,1.3,0.5,1.5,89.6,0.025,0.16,0.025,2.8,0.01,0.07,0.51,12,0.1,4.6,0.4,58,0.8
HOLE_044,Jerimum de Cima,104262,239.80,240.35,0.55,dID,CTHM,PV,0.00,0.12,0.85,0.5,5,189,0.3,0.26,2.15,0.02,30.61,7.8,4,1.03,9.7,1.93,3.3,0.05,0.025,0.02,0.01,0.22,16.7,0.5,0.06,0.58,0.0454,0.12,0.03,0.09,4.1,0.0903,32.3,11.8,0.05,0.17,0.025,1.1,0.5,1.5,71.4,0.025,0.16,0.025,3.1,0.01,0.07,0.63,10,0.2,4.71,0.4,59,0.9
HOLE_044,Jerimum de Cima,104263,240.35,242.00,1.65,dID,CTHM,PV,0.00,0.01,0.83,0.5,5,114,0.2,0.03,1.46,0.01,41.49,7,5,0.79,2.7,1.91,3.5,0.05,0.06,0.005,0.01,0.17,23.2,0.5,0.04,0.59,0.0405,0.2,0.05,0.29,3.4,0.081,4.9,8.8,0.05,0.005,0.025,1.5,0.5,0.3,58.4,0.025,0.13,0.025,3.2,0.05,0.05,0.53,15,0.1,3.59,0.3,48,1.3
HOLE_044,Jerimum de Cima,104264,242.00,244.00,2.00,dID,CTHM,PV,0.00,0.02,0.86,0.5,5,455,0.3,0.07,1.7,0.03,50.4,7.4,6,0.75,4.4,2.12,4,0.05,0.06,0.01,0.01,0.18,26.4,0.5,0.05,0.62,0.0459,0.17,0.06,0.17,3.7,0.0867,10.1,9.1,0.05,0.14,0.025,1.7,0.5,0.3,88.8,0.025,0.2,0.025,4.4,0.04,0.05,0.74,14,0.2,5.48,0.4,57,1.2
HOLE_044,Jerimum de Cima,104265,244.00,246.00,2.00,dID,CTHM,PV,0.00,0.02,0.98,0.5,5,232,0.4,0.08,1.67,0.03,57.32,7.2,7,0.6,2.9,2.06,4.9,0.05,0.07,0.005,0.01,0.3,29.6,5,0.08,0.54,0.0434,0.61,0.08,0.14,3.8,0.0772,6.3,14.5,0.05,0.03,0.025,2.2,0.5,1.5,56.3,0.025,0.27,0.025,3.7,0.04,0.06,0.71,11,0.2,7.24,0.6,56,1.2
HOLE_044,Jerimum de Cima,104266,246.00,248.00,2.00,dID,CTHM,PV,0.00,0.005,0.94,0.5,5,159,0.4,0.05,1.5,0.005,52.86,6.9,6,0.61,2.1,2.03,4.7,0.05,0.06,0.005,0.01,0.28,28,5,0.08,0.53,0.0391,0.63,0.07,0.09,3.5,0.0802,2.9,14,0.05,0.005,0.025,1.7,0.5,1.5,32.6,0.025,0.23,0.025,3.7,0.02,0.06,0.74,9,0.3,6.45,0.5,49,1.2
HOLE_044,Jerimum de Cima,104267,248.00,250.00,2.00,dID,CTHM,PV,0.00,0.005,0.95,0.5,5,174,0.5,0.04,1.6,0.02,56.59,6.8,5,0.61,1.5,1.96,5.1,0.05,0.09,0.02,0.01,0.3,29.8,5,0.1,0.5,0.0388,0.57,0.08,0.21,3,0.0746,2.7,16.9,0.05,0.01,0.025,2.4,0.5,0.3,41.1,0.025,0.31,0.05,3.9,0.05,0.09,0.87,12,0.4,7.45,0.6,48,1.2
HOLE_044,Jerimum de Cima,104268,250.00,252.00,2.00,dID,CTHM,PV,0.00,0.01,0.9,0.5,5,146,0.5,0.1,1.6,0.01,66.2,7.2,6,0.72,2.3,1.95,4.7,0.05,0.07,0.005,0.01,0.29,35.7,4,0.08,0.49,0.0365,0.61,0.08,0.15,3.8,0.0764,3.2,15.1,0.05,0.02,0.025,1.8,0.5,1.5,32.2,0.025,0.29,0.025,4.1,0.04,0.07,1.07,9,0.4,7.43,0.5,48,0.8
HOLE_044,Jerimum de Cima,104269,252.00,254.00,2.00,dID,CTHM,PV,0.00,0.02,0.9,0.5,5,150,0.5,0.05,1.25,0.005,65.85,6.8,5,0.81,6,1.99,4.7,0.05,0.1,0.005,0.01,0.29,35.7,4,0.08,0.48,0.0316,0.5,0.09,0.12,3.2,0.0782,4,15.4,0.05,0.02,0.025,1.8,0.5,0.4,28.7,0.025,0.27,0.025,4.1,0.02,0.06,1.33,10,0.3,6.93,0.5,45,2.4
HOLE_044,Jerimum de Cima,104270,254.00,255.20,1.20,dID,CTHM,PV,0.00,0.005,0.92,0.5,5,138,0.4,0.06,1.64,0.01,57.64,7.1,7,0.82,2.5,2.23,4.7,0.05,0.09,0.005,0.01,0.24,30.9,5,0.08,0.57,0.0422,0.74,0.07,0.22,4.1,0.0769,3.6,13.3,0.05,0.005,0.025,2.3,0.5,1.5,39.2,0.025,0.27,0.025,4.5,0.04,0.05,1.01,15,0.4,7.37,0.6,52,2.2
HOLE_044,Jerimum de Cima,104271,255.20,255.75,0.55,dID,CTHM,PV,0.00,0.02,1.54,0.5,5,205,0.5,0.1,3.7,0.03,58.99,19.2,22,0.67,3.5,4.09,7.6,0.05,0.09,0.005,0.01,0.33,28.1,9,0.12,1.17,0.0763,0.41,0.06,0.1,17.1,0.1111,8.4,17.1,0.05,0.05,0.025,5.5,0.5,0.4,58,0.025,0.41,0.025,2.4,0.08,0.08,0.72,44,0.5,10.67,0.8,110,1
HOLE_044,Jerimum de Cima,104272,255.75,256.70,0.95,dID,CTHM,PV,0.00,0.02,1.94,0.5,5,147,0.6,0.08,2.97,0.05,63.46,20.3,22,0.83,39.9,4.1,9.4,0.05,0.08,0.005,0.02,0.33,30,16,0.11,1.61,0.0839,0.8,0.06,0.08,17.5,0.1082,5.6,18.4,0.05,0.01,0.025,6.7,0.5,0.4,73.5,0.025,0.37,0.025,2.1,0.08,0.08,0.54,51,0.3,9.97,0.8,98,0.6
HOLE_044,Jerimum de Cima,104273,256.70,258.00,1.30,dID,CTHM,PV,0.00,0.02,0.86,0.5,5,157,1.5,0.07,2.44,0.01,82.45,7.5,7,0.83,3.2,1.9,4.2,0.05,0.09,0.005,0.01,0.28,41.1,4,0.21,0.47,0.0455,0.48,0.07,0.06,4.7,0.0771,5.3,14.6,0.05,0.02,0.025,1.8,0.5,1.5,43.3,0.025,0.64,0.025,4,0.005,0.06,1.87,13,0.6,17.83,1.6,40,2.2
HOLE_044,Jerimum de Cima,104274,258.00,259.00,1.00,dID,CTHM,PV,0.00,0.02,0.73,0.5,5,148,0.9,0.18,2.37,0.01,121.74,6.1,3,0.55,6.1,1.56,2.9,0.05,0.18,0.005,0.01,0.28,61.5,3,0.19,0.35,0.0391,0.62,0.06,0.42,2.7,0.0636,3.6,14.2,0.05,0.2,0.025,1,0.5,1.5,46.1,0.025,0.56,0.025,5.9,0.005,0.06,1.8,6,0.7,15.16,1.4,36,3.2
HOLE_044,Jerimum de Cima,104275,259.00,260.00,1.00,dID,CTHM,PV,0.03,0.16,0.62,3,5,132,0.6,1.09,2.53,0.02,44.94,6.5,5,1.13,88.9,2.12,2,0.05,0.06,0.005,0.01,0.33,23.4,2,0.1,0.16,0.0387,0.88,0.05,0.08,3.2,0.0704,6.7,18.3,0.05,1.35,0.025,0.8,0.5,1.5,48.1,0.025,0.28,0.27,3.6,0.005,0.08,1.97,3,1.5,8.09,0.7,11,1.4
HOLE_044,Jerimum de Cima,104276,260.00,260.50,0.50,dID,CTHM,PV,0.03,0.04,0.75,0.5,5,164,0.5,0.33,2.19,0.02,46.68,6.5,4,0.57,9.7,1.48,3.3,0.05,0.19,0.005,0.01,0.31,24.5,3,0.13,0.32,0.0391,0.75,0.07,0.61,3.5,0.0654,3.9,16.7,0.05,0.48,0.025,1.5,0.5,1.5,49,0.025,0.35,0.025,5.7,0.005,0.07,2.67,4,0.4,9.75,0.9,34,2.8
HOLE_044,Jerimum de Cima,104277,260.50,261.20,0.70,dID,CTHM,PV,0.04,0.17,0.65,2,5,140,0.6,0.85,2.37,0.04,49.87,7.1,4,0.89,8.2,1.88,2.3,0.05,0.025,0.005,0.01,0.35,26.4,2,0.1,0.2,0.0406,0.82,0.04,0.025,3.6,0.0738,5.9,18.6,0.05,1.21,0.025,0.9,0.5,1.5,48.3,0.025,0.29,0.13,3.3,0.005,0.08,1.81,4,0.9,8.48,0.6,14,1.2
HOLE_044,Jerimum de Cima,104278,261.20,261.85,0.65,dID,CTHM,PV,4.06,1.17,0.57,16,5,125,0.4,3.71,1.74,0.05,22.59,8.2,3,0.76,14.7,2.36,1.8,0.05,0.025,0.005,0.01,0.39,10.1,1,0.06,0.09,0.0341,1.05,0.02,0.025,4.3,0.059,9.1,19.7,0.05,1.95,0.025,0.7,0.5,1.5,38.2,0.025,0.16,1.94,2.4,0.005,0.08,1.71,2,0.7,5.19,0.4,7,0.8
HOLE_044,Jerimum de Cima,104279,261.85,262.55,0.70,dID,CTHM,PV,0.09,0.12,0.85,15,5,150,0.4,0.91,2.52,0.03,37.81,5.7,4,0.86,26.1,2.25,2.9,0.05,0.025,0.005,0.01,0.35,19.4,5,0.08,0.32,0.062,0.91,0.04,0.025,3.1,0.0731,5,17.3,0.05,1.18,0.025,1,0.5,0.5,76,0.025,0.22,0.08,3,0.005,0.07,1.11,4,0.4,6.91,0.6,24,0.6
HOLE_044,Jerimum de Cima,104280,262.55,263.15,0.60,dID,CTHM,PV,0.00,0.02,0.88,1,5,150,0.4,0.21,2.34,0.02,55.16,6.5,5,0.63,3.4,1.86,3.8,0.05,0.025,0.005,0.01,0.29,28.5,5,0.08,0.5,0.0481,0.62,0.07,0.025,3,0.0752,2.3,15.6,0.05,0.17,0.025,1.6,0.5,1.5,47.7,0.025,0.26,0.025,3.8,0.005,0.07,0.75,7,0.2,7.14,0.6,41,0.8
HOLE_044,Jerimum de Cima,104281,263.15,263.65,0.50,dID,CTHM,PV,0.07,0.15,0.86,26,5,152,0.7,0.91,3.31,0.02,41.46,7.1,3,0.96,17.5,2.25,3.3,0.05,0.025,0.005,0.01,0.38,21,3,0.1,0.36,0.0626,0.58,0.05,0.025,3.4,0.0722,4.7,19.7,0.05,1.18,0.025,1.4,0.5,0.5,57.7,0.025,0.29,0.025,3,0.005,0.1,1.21,5,0.2,9.05,0.7,32,1.1
HOLE_044,Jerimum de Cima,104282,263.65,264.40,0.75,dID,CTHM,PV,0.04,0.22,0.82,52,5,147,0.4,1.99,2.39,0.06,41.03,6.5,4,1.11,75.4,2.43,2.9,0.05,0.025,0.005,0.01,0.38,21.2,3,0.08,0.33,0.0619,0.81,0.04,0.025,3.3,0.0799,11.6,18.9,0.05,1.43,0.025,1.2,0.5,0.6,63.1,0.025,0.21,0.025,3.4,0.005,0.09,0.65,5,0.4,6.19,0.5,32,0.6
HOLE_044,Jerimum de Cima,104283,264.40,265.15,0.75,dID,CTHM,PV,0.00,0.03,1.11,0.5,5,202,0.6,0.16,2,0.01,53.78,7.7,7,0.68,4.1,1.99,4.7,0.05,0.07,0.005,0.01,0.4,28.5,5,0.08,0.58,0.0414,0.53,0.09,0.19,3.7,0.0794,4.4,20.9,0.05,0.13,0.025,1.8,0.5,1.5,44.6,0.025,0.26,0.025,4.4,0.005,0.09,1.4,10,0.3,7.31,0.6,45,3.8
HOLE_044,Jerimum de Cima,104284,265.15,266.60,1.45,dID,CTHM,PV,0.00,0.01,3.75,0.5,5,108,1,0.07,1.6,0.005,75.11,39.5,173,0.55,0.25,6.73,19.1,0.05,0.25,0.005,0.02,0.31,38.7,37,0.11,3.54,0.0897,0.18,0.05,0.025,33.6,0.1175,2.1,16.7,0.05,0.06,0.025,11.8,0.5,1.5,22.3,0.025,0.42,0.025,3.8,0.02,0.07,0.79,74,0.2,11.26,0.8,181,10.1
HOLE_044,Jerimum de Cima,104285,266.60,268.00,1.40,dID,CTHM,PV,0.00,0.01,1.13,0.5,5,338,0.5,0.05,1.71,0.01,74.77,8.3,10,0.57,8.8,2.22,5.7,0.05,0.11,0.005,0.01,0.32,40.2,6,0.09,0.67,0.0332,0.51,0.11,0.11,4.7,0.0821,7.4,16.9,0.05,0.02,0.025,2.4,0.5,1.5,26.8,0.025,0.31,0.025,5.5,0.02,0.07,2.04,13,0.4,7.73,0.7,52,2.3
HOLE_044,Jerimum de Cima,104286,268.00,269.00,1.00,dID,CTHM,PV,0.00,0.02,0.93,0.5,5,167,0.4,0.09,1.57,0.01,56.89,7.5,6,0.63,4,2.05,4.7,0.05,0.07,0.005,0.01,0.28,30.4,5,0.08,0.53,0.0376,0.66,0.08,0.25,3.4,0.0733,3.9,15.3,0.05,0.02,0.025,2.2,0.5,0.3,37.3,0.025,0.26,0.025,4.3,0.07,0.06,0.91,10,0.4,7.25,0.6,49,1
HOLE_044,Jerimum de Cima,104287,269.00,270.00,1.00,dID,CTHM,PV,0.00,0.01,0.69,0.5,5,107,0.4,0.1,1.1,0.02,52.5,7,5,0.65,3.8,1.51,4.2,0.05,0.06,0.005,0.01,0.19,27.8,7,0.07,0.43,0.0284,0.74,0.05,0.29,3.3,0.0567,3.6,14,0.05,0.005,0.025,2,0.5,0.3,33.4,0.025,0.24,0.025,4,0.05,0.06,0.99,6,0.5,6.04,0.5,34,1
HOLE_044,Jerimum de Cima,104288,270.00,271.00,1.00,dID,CTHM,PV,0.00,0.05,1.04,0.5,5,65,0.5,0.24,2.26,0.02,55.16,8.2,12,0.94,5.8,1.82,6.4,0.05,0.1,0.005,0.01,0.25,28.6,9,0.09,0.69,0.0438,0.77,0.06,0.18,4.9,0.0562,4.1,17.9,0.05,0.02,0.025,2.7,0.5,1.5,41.3,0.025,0.29,0.025,6.1,0.05,0.08,2.65,12,0.8,8.75,0.6,44,1.8
HOLE_044,Jerimum de Cima,104289,271.00,272.00,1.00,dID,CTHM,PV,0.00,0.02,1.87,0.5,5,99,0.6,0.1,1.39,0.01,57.99,16.3,63,0.95,8.5,3.41,10.2,0.05,0.15,0.01,0.02,0.24,30.7,19,0.1,1.55,0.0614,0.68,0.07,0.23,13.2,0.0839,3.3,17.1,0.05,0.005,0.07,6.7,0.5,0.5,45.6,0.025,0.34,0.07,4.4,0.14,0.09,1.22,34,0.7,7.78,0.6,99,2.9
HOLE_044,Jerimum de Cima,104290,272.00,274.00,2.00,dID,CTHM,PV,0.00,0.01,1.06,0.5,5,121,0.5,0.06,1.3,0.005,52.14,7.6,6,1.13,3.2,2.03,6.1,0.05,0.08,0.005,0.01,0.24,28,8,0.08,0.63,0.0425,0.76,0.09,0.39,3.6,0.0702,4.2,15.1,0.05,0.005,0.025,3.1,0.5,0.4,52.7,0.025,0.24,0.025,4,0.1,0.06,1.05,16,0.3,6.28,0.5,57,1
HOLE_044,Jerimum de Cima,104291,274.00,276.00,2.00,dID,CTHM,PV,0.00,0.005,1.01,0.5,5,113,0.4,0.04,1.53,0.01,52.12,7.1,7,0.89,2.1,1.94,5.3,0.05,0.1,0.005,0.01,0.24,28.6,9,0.08,0.56,0.0405,0.82,0.08,0.46,3.9,0.0682,3.1,13.2,0.05,0.005,0.025,2.5,0.5,0.5,73.9,0.025,0.23,0.025,4.3,0.1,0.05,0.98,12,0.4,6.07,0.5,48,1.2
HOLE_044,Jerimum de Cima,104292,276.00,278.00,2.00,dID,CTHM,PV,0.00,0.02,1.01,0.5,5,125,0.4,0.05,1.92,0.02,60.17,7.3,7,1.14,2.6,1.97,4.9,0.05,0.09,0.005,0.01,0.29,33.3,6,0.08,0.56,0.0415,0.74,0.08,0.26,3.9,0.0731,5.6,14.7,0.05,0.005,0.025,2.6,0.5,0.4,114.9,0.025,0.25,0.025,4.7,0.04,0.06,1.08,12,0.3,6.81,0.6,43,1.8
HOLE_044,Jerimum de Cima,104293,278.00,280.00,2.00,dID,CTHM,PV,0.00,0.04,1.57,0.5,5,126,0.5,0.11,2.52,0.06,66.6,14.5,10,1.31,4.4,3.46,8.8,0.05,0.09,0.005,0.02,0.27,32.4,13,0.14,1.21,0.0721,0.63,0.08,0.11,8.9,0.0885,11.6,14.1,0.05,0.005,0.025,5.9,0.5,0.4,119.1,0.025,0.37,0.025,3.7,0.04,0.06,0.82,37,0.3,10.05,0.9,104,1
HOLE_044,Jerimum de Cima,104294,280.00,282.00,2.00,ID,CHP,PV,0.00,0.02,1.79,0.5,5,144,0.4,0.05,2.25,0.03,55.94,15.6,10,0.71,10.6,3.58,10.8,0.05,0.16,0.005,0.02,0.21,28.2,19,0.1,1.45,0.0749,0.57,0.09,0.27,8.9,0.094,6.8,11.1,0.05,0.005,0.025,6.1,0.5,0.6,117,0.025,0.31,0.025,3.2,0.16,0.04,0.68,50,0.4,8,0.7,102,1.6
HOLE_044,Jerimum de Cima,104295,282.00,284.00,2.00,ID,CHP,PV,0.00,0.04,1.36,0.5,5,151,0.5,0.19,2.23,0.04,58.98,13.6,12,0.74,11.9,3.21,7.6,0.05,0.15,0.005,0.02,0.22,26.9,13,0.13,1.04,0.0667,0.54,0.08,0.37,9.5,0.0844,23.3,12.1,0.05,0.005,0.025,5.4,0.5,0.6,78.4,0.025,0.37,0.025,4.3,0.14,0.04,0.97,38,0.7,9.83,0.9,101,2.2
HOLE_044,Jerimum de Cima,104296,284.00,286.00,2.00,ID,CHP,PV,0.00,0.09,1.69,0.5,5,201,0.5,0.15,1.81,0.1,57.55,13.8,13,1.21,9.3,3.48,9.4,0.05,0.12,0.005,0.01,0.33,28,18,0.12,1.3,0.0746,0.5,0.09,0.29,8.8,0.0908,58.7,16.6,0.05,0.005,0.025,5.9,0.5,0.6,84.9,0.025,0.33,0.025,4.2,0.17,0.08,0.95,47,0.6,8.86,0.8,144,1.1
HOLE_044,Jerimum de Cima,104297,286.00,287.40,1.40,ID,CHP,PV,0.00,0.53,1.43,0.5,5,159,0.4,1.05,1.69,0.2,47.37,11.5,9,1.12,11.1,2.82,7.8,0.05,0.11,0.01,0.01,0.32,25,16,0.08,1.04,0.0622,0.91,0.07,0.42,6.9,0.0816,174,15.9,0.05,0.03,0.025,3.9,0.5,0.5,105.6,0.025,0.23,0.05,4.8,0.13,0.07,1.51,28,0.6,6.45,0.6,105,1.6
HOLE_044,Jerimum de Cima,104298,287.40,288.00,0.60,ID,CHP,PV,0.02,0.45,1.75,2,5,111,0.8,1.51,1.93,0.06,53.53,14.5,8,0.41,14.8,3.48,10.7,0.05,0.11,0.005,0.01,0.28,27.2,18,0.12,1.19,0.0603,0.68,0.08,0.14,8.5,0.0935,58.1,14,0.05,0.64,0.025,4.4,0.5,0.4,95.6,0.025,0.34,0.09,3,0.07,0.05,2.02,33,0.6,9.3,0.8,95,1.3
HOLE_044,Jerimum de Cima,104299,288.00,288.75,0.75,ID,CHP,PV,0.01,0.16,1.7,1,5,123,0.6,0.38,2.16,0.04,48.48,14,8,0.86,7,3.44,8.4,0.05,0.16,0.005,0.01,0.28,23.4,19,0.12,1.16,0.0661,0.64,0.07,0.31,8.3,0.0922,23.3,14.4,0.05,0.33,0.025,4.4,0.5,0.3,83.7,0.025,0.3,0.025,3.4,0.02,0.06,0.92,29,0.2,8.19,0.8,102,4.2
HOLE_044,Jerimum de Cima,104300,288.75,290.10,1.35,ID,CHP,PV,0.00,0.02,1.64,0.5,5,106,0.5,0.06,1.93,0.02,54.37,13.6,9,1.25,10.7,3.12,8.4,0.05,0.1,0.005,0.01,0.28,27.9,18,0.1,1.19,0.0645,0.55,0.08,0.25,8.2,0.0873,9.1,14.9,0.05,0.02,0.025,5.4,0.5,0.5,118.9,0.025,0.28,0.025,3.4,0.11,0.07,0.76,40,0.3,7.51,0.7,75,1
HOLE_044,Jerimum de Cima,104301,290.10,291.70,1.60,ID,CHP,PV,0.00,0.08,1.48,0.5,5,90,0.4,0.16,1.87,0.06,48.57,12.6,10,1.07,11.9,2.7,8.2,0.05,0.09,0.005,0.01,0.24,25,15,0.09,1.05,0.054,0.53,0.06,0.18,8.3,0.0766,17.3,13.6,0.05,0.03,0.025,3.7,0.5,0.3,134.2,0.025,0.26,0.025,3.6,0.06,0.05,0.65,24,0.4,7.2,0.6,73,0.8
HOLE_044,Jerimum de Cima,104302,291.70,292.45,0.75,ID,CHP,PV,0.01,0.09,1.53,3,5,101,0.5,0.21,2.47,0.05,50.42,10.9,10,0.86,5,2.72,7.7,0.05,0.23,0.005,0.01,0.27,27.1,17,0.1,1.08,0.0842,0.52,0.06,0.28,8.2,0.0767,10.8,13.6,0.05,0.15,0.025,3.4,0.5,0.3,163.3,0.025,0.25,0.025,4,0.005,0.05,0.6,23,0.2,7.13,0.7,79,6
HOLE_044,Jerimum de Cima,104303,292.45,293.65,1.20,ID,CHP,PV,0.00,0.04,1.73,0.5,5,141,0.4,0.06,1.91,0.03,56.55,15.1,14,0.99,3.8,3.14,9.5,0.05,0.11,0.005,0.01,0.23,31.5,21,0.1,1.35,0.0709,0.58,0.06,0.45,10.2,0.0826,9.3,12.5,0.05,0.06,0.025,4.3,0.5,0.3,118.8,0.025,0.24,0.025,4.4,0.04,0.05,0.67,31,0.2,6.88,0.6,102,2
HOLE_044,Jerimum de Cima,104304,293.65,294.15,0.50,ID,CHP,PV,0.18,0.13,1.71,4,5,160,0.4,0.2,3.88,0.06,53.42,20.2,10,1.02,4.6,3.37,8.7,0.05,0.27,0.005,0.02,0.28,28.2,17,0.13,1.27,0.0984,0.43,0.07,0.21,9.5,0.0826,69.8,13.7,0.05,0.34,0.025,3.9,0.5,1.5,240.7,0.025,0.3,0.025,4.1,0.03,0.06,0.64,26,0.4,8.83,0.8,92,6
HOLE_044,Jerimum de Cima,104305,294.15,296.15,2.00,ID,CHP,PV,0.00,0.1,1.64,0.5,5,185,0.4,0.12,2.08,0.04,57.9,14.5,14,1.51,5.4,3.06,8.9,0.05,0.11,0.005,0.01,0.39,32.6,17,0.1,1.21,0.0589,0.51,0.07,0.16,10.3,0.0878,200.9,20.1,0.05,0.03,0.2,4.6,0.5,0.4,109.4,0.025,0.24,0.025,4.6,0.09,0.1,0.82,34,0.3,6.57,0.6,91,1
HOLE_044,Jerimum de Cima,104306,296.15,296.75,0.60,ID,CHP,PV,1.12,0.35,1.52,6,5,107,0.4,0.99,2.31,0.02,54.28,9,9,1.27,23.6,3.13,5.7,0.05,0.025,0.005,0.01,0.35,28.2,17,0.09,0.92,0.0768,0.54,0.05,0.025,7.5,0.0785,6.3,14.7,0.05,0.76,0.025,2.5,0.5,0.4,80.2,0.025,0.24,0.11,3.6,0.005,0.06,0.6,19,0.1,6.5,0.6,46,0.25
HOLE_044,Jerimum de Cima,104307,296.75,298.00,1.25,ID,CHP,PV,0.00,0.02,1.57,5,5,115,0.4,0.22,2.02,0.02,49.85,13.9,16,1.39,7.1,3.16,8.2,0.05,0.13,0.005,0.01,0.28,23.6,18,0.1,1.19,0.0658,0.59,0.07,0.81,10.7,0.0863,2.8,13.6,0.05,0.11,0.025,6.1,0.5,0.5,117.5,0.025,0.29,0.025,3.2,0.09,0.06,0.66,47,0.2,7.41,0.6,57,1.6
HOLE_044,Jerimum de Cima,104308,298.00,298.80,0.80,ID,CHP,PV,0.02,0.06,1.85,9,5,78,0.6,0.39,3.13,0.04,51.97,13.7,18,1.06,40.2,3.35,8.5,0.05,0.13,0.005,0.01,0.26,23.3,20,0.12,1.36,0.0944,0.68,0.06,0.61,13.9,0.0827,3.1,13.2,0.05,0.23,0.025,5.4,0.5,0.3,114.5,0.025,0.3,0.025,3.1,0.01,0.05,0.55,36,0.6,8.32,0.8,74,4.1
HOLE_044,Jerimum de Cima,104309,298.80,299.30,0.50,ID,CHP,PV,0.03,0.11,1.68,7,5,77,0.7,0.65,3.17,0.04,45.69,14.2,17,1.42,14.1,3.42,7.3,0.05,0.1,0.005,0.03,0.28,20.8,18,0.12,1.25,0.1007,0.7,0.04,0.025,13.9,0.079,5.8,14.5,0.05,0.49,0.025,5,0.5,0.3,104,0.025,0.33,0.025,3.4,0.005,0.05,0.93,31,0.2,9.4,0.8,70,1
HOLE_044,Jerimum de Cima,104310,299.30,300.00,0.70,ID,CHP,PV,0.00,0.03,2,3,5,101,0.4,0.16,2.99,0.03,42.84,14,28,1.49,12.9,3.69,7.1,0.05,0.16,0.005,0.01,0.27,19.3,17,0.1,1.64,0.1057,0.23,0.04,0.46,20.9,0.1003,2.6,11.8,0.05,0.17,0.14,5.7,0.5,0.4,179.8,0.025,0.27,0.025,2.9,0.06,0.06,0.56,66,0.1,7.17,0.6,82,5.6
HOLE_044,Jerimum de Cima,104311,300.00,301.00,1.00,ID,CHP,PV,0.00,0.03,1.82,1,5,331,0.3,0.08,2.86,0.04,34.05,15.8,30,1.07,14.2,3.52,7.4,0.05,0.11,0.005,0.01,0.19,16,12,0.08,1.68,0.0927,0.27,0.05,0.19,20.9,0.1033,5.1,8.7,0.05,0.11,0.13,5.6,0.5,0.5,177.3,0.025,0.2,0.025,2.3,0.12,0.04,0.51,75,0.1,5.78,0.5,92,1.7
HOLE_044,Jerimum de Cima,104312,301.00,303.00,2.00,ID,CHP,PV,0.00,0.01,1.74,0.5,5,154,0.2,0.05,2.69,0.02,36.21,14.9,26,0.77,16.6,3.49,7.6,0.05,0.25,0.005,0.01,0.19,17,10,0.08,1.63,0.0845,0.18,0.05,0.72,19.4,0.1088,2.4,7.7,0.05,0.01,0.11,4.6,0.5,0.5,140.5,0.025,0.2,0.025,2.7,0.13,0.03,0.59,71,0.1,5.68,0.5,88,8.3
HOLE_044,Jerimum de Cima,104313,303.00,304.00,1.00,ID,CHP,PV,0.00,0.04,1.81,0.5,5,328,0.3,0.03,2.1,0.02,33.55,16,22,1.31,18.7,3.53,7.5,0.05,0.13,0.005,0.01,0.51,15.9,15,0.07,1.65,0.0811,0.21,0.05,0.37,19.6,0.1141,3.8,18.4,0.05,0.005,0.12,3.8,0.5,0.6,117.1,0.025,0.18,0.025,3.2,0.2,0.1,0.75,74,0.3,5.33,0.5,100,2.2
HOLE_044,Jerimum de Cima,104314,304.00,305.00,1.00,ID,CHP,PV,0.00,0.03,1.68,0.5,5,163,0.4,0.19,2.44,0.02,40.52,13.4,16,1.11,16.2,3.19,7.3,0.05,0.24,0.005,0.01,0.28,19.6,10,0.08,1.37,0.0712,0.19,0.05,0.47,14,0.1135,3.8,11.9,0.05,0.04,0.17,3.1,0.5,0.6,119.6,0.025,0.23,0.025,3.2,0.13,0.05,0.6,49,0.2,6.46,0.6,88,7.9
HOLE_044,Jerimum de Cima,104315,305.00,306.00,1.00,ID,CHP,PV,0.00,0.06,1.34,1,5,105,0.4,0.33,2.42,0.01,34.08,9.4,10,0.87,5.4,2.69,5.8,0.05,0.16,0.01,0.01,0.2,17.3,5,0.08,1,0.0581,0.2,0.05,0.39,8.6,0.1038,6.7,9,0.05,0.06,0.14,2.2,0.5,0.3,71.9,0.025,0.22,0.025,4.5,0.1,0.03,2.65,35,0.8,6.16,0.5,64,3.7
HOLE_044,Jerimum de Cima,104316,306.00,307.95,1.95,ID,CHP,PV,0.00,0.02,1.7,0.5,5,118,0.3,0.04,2.26,0.01,35.62,14.5,19,0.71,5.7,3.37,7.6,0.05,0.26,0.005,0.01,0.26,18.7,12,0.07,1.46,0.0696,0.54,0.06,0.33,16.1,0.1066,3.1,9.4,0.05,0.005,0.12,3.6,0.5,0.5,126.2,0.025,0.18,0.025,3.2,0.17,0.04,0.66,66,0.3,5.12,0.5,84,1.7
HOLE_045,Jerimum de Cima,104317,0.00,1.00,1.00,QS,,,0.34,,,,,,,,,,,,,,,,,,,,,,,,,,,,,,,,,,,,,,,,,,,,,,,,,,,,,
HOLE_045,Jerimum de Cima,104318,1.00,2.00,1.00,QS,,,0.11,,,,,,,,,,,,,,,,,,,,,,,,,,,,,,,,,,,,,,,,,,,,,,,,,,,,,
HOLE_045,Jerimum de Cima,104319,2.00,3.00,1.00,QS,,,0.10,,,,,,,,,,,,,,,,,,,,,,,,,,,,,,,,,,,,,,,,,,,,,,,,,,,,,
HOLE_045,Jerimum de Cima,104320,3.00,4.00,1.00,QS,,,0.13,,,,,,,,,,,,,,,,,,,,,,,,,,,,,,,,,,,,,,,,,,,,,,,,,,,,,
HOLE_045,Jerimum de Cima,104321,4.00,5.00,1.00,QS,,,0.11,,,,,,,,,,,,,,,,,,,,,,,,,,,,,,,,,,,,,,,,,,,,,,,,,,,,,
HOLE_045,Jerimum de Cima,104322,5.00,6.00,1.00,QS,,,0.71,,,,,,,,,,,,,,,,,,,,,,,,,,,,,,,,,,,,,,,,,,,,,,,,,,,,,
HOLE_045,Jerimum de Cima,104323,6.00,7.00,1.00,QS,,,0.12,,,,,,,,,,,,,,,,,,,,,,,,,,,,,,,,,,,,,,,,,,,,,,,,,,,,,
HOLE_045,Jerimum de Cima,104324,7.00,7.90,0.90,QS,,,0.11,,,,,,,,,,,,,,,,,,,,,,,,,,,,,,,,,,,,,,,,,,,,,,,,,,,,,
HOLE_045,Jerimum de Cima,104325,7.90,8.80,0.90,QS,,,0.11,,,,,,,,,,,,,,,,,,,,,,,,,,,,,,,,,,,,,,,,,,,,,,,,,,,,,
HOLE_045,Jerimum de Cima,104326,8.80,9.65,0.85,QS,,,0.24,,,,,,,,,,,,,,,,,,,,,,,,,,,,,,,,,,,,,,,,,,,,,,,,,,,,,
HOLE_045,Jerimum de Cima,104327,9.65,10.75,1.10,QCOL,,,1.31,,,,,,,,,,,,,,,,,,,,,,,,,,,,,,,,,,,,,,,,,,,,,,,,,,,,,
HOLE_045,Jerimum de Cima,104328,10.75,11.85,1.10,QCOL,,,0.24,,,,,,,,,,,,,,,,,,,,,,,,,,,,,,,,,,,,,,,,,,,,,,,,,,,,,
HOLE_045,Jerimum de Cima,104329,11.85,13.00,1.15,QCOL,,,0.15,,,,,,,,,,,,,,,,,,,,,,,,,,,,,,,,,,,,,,,,,,,,,,,,,,,,,
HOLE_045,Jerimum de Cima,104330,13.00,14.00,1.00,QCOL,,,0.08,,,,,,,,,,,,,,,,,,,,,,,,,,,,,,,,,,,,,,,,,,,,,,,,,,,,,
HOLE_045,Jerimum de Cima,104331,14.00,15.00,1.00,QCOL,,,0.16,,,,,,,,,,,,,,,,,,,,,,,,,,,,,,,,,,,,,,,,,,,,,,,,,,,,,
HOLE_045,Jerimum de Cima,104332,15.00,16.00,1.00,QSS,,,0.28,,,,,,,,,,,,,,,,,,,,,,,,,,,,,,,,,,,,,,,,,,,,,,,,,,,,,
HOLE_045,Jerimum de Cima,104333,16.00,17.00,1.00,QSS,,,0.73,,,,,,,,,,,,,,,,,,,,,,,,,,,,,,,,,,,,,,,,,,,,,,,,,,,,,
HOLE_045,Jerimum de Cima,104334,17.00,18.00,1.00,QSS,,,1.01,,,,,,,,,,,,,,,,,,,,,,,,,,,,,,,,,,,,,,,,,,,,,,,,,,,,,
HOLE_045,Jerimum de Cima,104335,18.00,19.00,1.00,QSS,,,0.26,,,,,,,,,,,,,,,,,,,,,,,,,,,,,,,,,,,,,,,,,,,,,,,,,,,,,
HOLE_045,Jerimum de Cima,104336,19.00,20.00,1.00,QSS,,,0.07,,,,,,,,,,,,,,,,,,,,,,,,,,,,,,,,,,,,,,,,,,,,,,,,,,,,,
HOLE_045,Jerimum de Cima,104337,20.00,21.00,1.00,QSS,,,0.05,,,,,,,,,,,,,,,,,,,,,,,,,,,,,,,,,,,,,,,,,,,,,,,,,,,,,
HOLE_045,Jerimum de Cima,104338,21.00,22.00,1.00,QSS,,,0.05,,,,,,,,,,,,,,,,,,,,,,,,,,,,,,,,,,,,,,,,,,,,,,,,,,,,,
HOLE_045,Jerimum de Cima,104339,22.00,22.75,0.75,QSS,,,0.67,,,,,,,,,,,,,,,,,,,,,,,,,,,,,,,,,,,,,,,,,,,,,,,,,,,,,
HOLE_045,Jerimum de Cima,104340,22.75,23.75,1.00,QAL,,,0.06,,,,,,,,,,,,,,,,,,,,,,,,,,,,,,,,,,,,,,,,,,,,,,,,,,,,,
HOLE_045,Jerimum de Cima,104341,23.75,24.75,1.00,QAL,,,0.10,,,,,,,,,,,,,,,,,,,,,,,,,,,,,,,,,,,,,,,,,,,,,,,,,,,,,
HOLE_045,Jerimum de Cima,104342,24.75,25.75,1.00,QAL,,,0.06,,,,,,,,,,,,,,,,,,,,,,,,,,,,,,,,,,,,,,,,,,,,,,,,,,,,,
HOLE_045,Jerimum de Cima,104343,25.75,26.75,1.00,QAL,,,0.10,,,,,,,,,,,,,,,,,,,,,,,,,,,,,,,,,,,,,,,,,,,,,,,,,,,,,
HOLE_045,Jerimum de Cima,104344,26.75,27.75,1.00,QAL,,,0.10,,,,,,,,,,,,,,,,,,,,,,,,,,,,,,,,,,,,,,,,,,,,,,,,,,,,,
HOLE_045,Jerimum de Cima,104345,27.75,28.70,0.95,QAL,,,0.06,,,,,,,,,,,,,,,,,,,,,,,,,,,,,,,,,,,,,,,,,,,,,,,,,,,,,
HOLE_045,Jerimum de Cima,104346,28.70,29.60,0.90,QAL,,,0.02,,,,,,,,,,,,,,,,,,,,,,,,,,,,,,,,,,,,,,,,,,,,,,,,,,,,,
HOLE_045,Jerimum de Cima,104347,29.60,30.70,1.10,SAP,SAP,MT,0.01,,,,,,,,,,,,,,,,,,,,,,,,,,,,,,,,,,,,,,,,,,,,,,,,,,,,,
HOLE_045,Jerimum de Cima,104348,30.70,31.80,1.10,SAP,SAP,MT,0.00,,,,,,,,,,,,,,,,,,,,,,,,,,,,,,,,,,,,,,,,,,,,,,,,,,,,,
HOLE_045,Jerimum de Cima,104349,31.80,32.90,1.10,SAP,SAP,MT,0.00,,,,,,,,,,,,,,,,,,,,,,,,,,,,,,,,,,,,,,,,,,,,,,,,,,,,,
HOLE_045,Jerimum de Cima,104350,32.90,34.00,1.10,SAP,SAP,MT,0.00,,,,,,,,,,,,,,,,,,,,,,,,,,,,,,,,,,,,,,,,,,,,,,,,,,,,,
HOLE_045,Jerimum de Cima,104351,34.00,35.00,1.00,SAP,SAP,MT,0.00,,,,,,,,,,,,,,,,,,,,,,,,,,,,,,,,,,,,,,,,,,,,,,,,,,,,,
HOLE_045,Jerimum de Cima,104352,35.00,36.00,1.00,SAP,SAP,MT,0.00,,,,,,,,,,,,,,,,,,,,,,,,,,,,,,,,,,,,,,,,,,,,,,,,,,,,,
HOLE_045,Jerimum de Cima,104353,36.00,37.00,1.00,SAP,SAP,MT,0.00,,,,,,,,,,,,,,,,,,,,,,,,,,,,,,,,,,,,,,,,,,,,,,,,,,,,,
HOLE_045,Jerimum de Cima,104354,37.00,38.00,1.00,SAP,SAP,MT,0.00,,,,,,,,,,,,,,,,,,,,,,,,,,,,,,,,,,,,,,,,,,,,,,,,,,,,,
HOLE_045,Jerimum de Cima,104355,38.00,39.00,1.00,SAP,SAP,MT,0.00,,,,,,,,,,,,,,,,,,,,,,,,,,,,,,,,,,,,,,,,,,,,,,,,,,,,,
HOLE_045,Jerimum de Cima,104356,39.00,40.00,1.00,SAP,SAP,MT,0.00,,,,,,,,,,,,,,,,,,,,,,,,,,,,,,,,,,,,,,,,,,,,,,,,,,,,,
HOLE_045,Jerimum de Cima,104357,40.00,41.00,1.00,SAP,SAP,MT,0.00,,,,,,,,,,,,,,,,,,,,,,,,,,,,,,,,,,,,,,,,,,,,,,,,,,,,,
HOLE_045,Jerimum de Cima,104358,41.00,42.00,1.00,SAP,SAP,MT,0.00,,,,,,,,,,,,,,,,,,,,,,,,,,,,,,,,,,,,,,,,,,,,,,,,,,,,,
HOLE_045,Jerimum de Cima,104359,42.00,43.00,1.00,SAP,SAP,MT,0.00,,,,,,,,,,,,,,,,,,,,,,,,,,,,,,,,,,,,,,,,,,,,,,,,,,,,,
HOLE_045,Jerimum de Cima,104360,43.00,44.00,1.00,SAP,SAP,MT,0.00,,,,,,,,,,,,,,,,,,,,,,,,,,,,,,,,,,,,,,,,,,,,,,,,,,,,,
HOLE_045,Jerimum de Cima,104361,44.00,45.00,1.00,SAP,SAP,MT,0.00,,,,,,,,,,,,,,,,,,,,,,,,,,,,,,,,,,,,,,,,,,,,,,,,,,,,,
HOLE_045,Jerimum de Cima,104362,45.00,46.00,1.00,SAP,SAP,MT,0.00,,,,,,,,,,,,,,,,,,,,,,,,,,,,,,,,,,,,,,,,,,,,,,,,,,,,,
HOLE_045,Jerimum de Cima,104363,46.00,47.00,1.00,SAP,SAP,MT,0.00,,,,,,,,,,,,,,,,,,,,,,,,,,,,,,,,,,,,,,,,,,,,,,,,,,,,,
HOLE_045,Jerimum de Cima,104364,47.00,48.00,1.00,SAP,SAP,MT,0.00,,,,,,,,,,,,,,,,,,,,,,,,,,,,,,,,,,,,,,,,,,,,,,,,,,,,,
HOLE_045,Jerimum de Cima,104365,48.00,49.00,1.00,SAP,SAP,MT,0.00,,,,,,,,,,,,,,,,,,,,,,,,,,,,,,,,,,,,,,,,,,,,,,,,,,,,,
HOLE_045,Jerimum de Cima,104366,49.00,50.00,1.00,SAP,SAP,MT,0.00,,,,,,,,,,,,,,,,,,,,,,,,,,,,,,,,,,,,,,,,,,,,,,,,,,,,,
HOLE_045,Jerimum de Cima,104367,50.00,51.00,1.00,SAP,SAP,MT,0.00,,,,,,,,,,,,,,,,,,,,,,,,,,,,,,,,,,,,,,,,,,,,,,,,,,,,,
HOLE_045,Jerimum de Cima,104368,51.00,52.00,1.00,SAP,SAP,MT,0.00,,,,,,,,,,,,,,,,,,,,,,,,,,,,,,,,,,,,,,,,,,,,,,,,,,,,,
HOLE_045,Jerimum de Cima,104369,52.00,53.00,1.00,SAP,SAP,MT,0.00,,,,,,,,,,,,,,,,,,,,,,,,,,,,,,,,,,,,,,,,,,,,,,,,,,,,,
HOLE_045,Jerimum de Cima,104370,53.00,54.00,1.00,SAP,SAP,MT,0.00,,,,,,,,,,,,,,,,,,,,,,,,,,,,,,,,,,,,,,,,,,,,,,,,,,,,,
HOLE_045,Jerimum de Cima,104371,54.00,55.00,1.00,SAP,SAP,MT,0.00,,,,,,,,,,,,,,,,,,,,,,,,,,,,,,,,,,,,,,,,,,,,,,,,,,,,,
HOLE_045,Jerimum de Cima,104372,55.00,56.00,1.00,SAP,SAP,MT,0.00,,,,,,,,,,,,,,,,,,,,,,,,,,,,,,,,,,,,,,,,,,,,,,,,,,,,,
HOLE_045,Jerimum de Cima,104373,56.00,57.00,1.00,SAP,SAP,MT,0.00,,,,,,,,,,,,,,,,,,,,,,,,,,,,,,,,,,,,,,,,,,,,,,,,,,,,,
HOLE_045,Jerimum de Cima,104374,57.00,58.00,1.00,SAP,SAP,MT,0.00,,,,,,,,,,,,,,,,,,,,,,,,,,,,,,,,,,,,,,,,,,,,,,,,,,,,,
HOLE_045,Jerimum de Cima,104375,58.00,59.00,1.00,SAP,SAP,MT,0.00,,,,,,,,,,,,,,,,,,,,,,,,,,,,,,,,,,,,,,,,,,,,,,,,,,,,,
HOLE_045,Jerimum de Cima,104376,59.00,60.00,1.00,SAP,SAP,MT,0.00,,,,,,,,,,,,,,,,,,,,,,,,,,,,,,,,,,,,,,,,,,,,,,,,,,,,,
HOLE_045,Jerimum de Cima,104377,60.00,61.00,1.00,SAP,SAP,MT,0.00,,,,,,,,,,,,,,,,,,,,,,,,,,,,,,,,,,,,,,,,,,,,,,,,,,,,,
HOLE_045,Jerimum de Cima,104378,61.00,62.00,1.00,SAP,SAP,MT,0.00,,,,,,,,,,,,,,,,,,,,,,,,,,,,,,,,,,,,,,,,,,,,,,,,,,,,,
HOLE_045,Jerimum de Cima,104379,62.00,63.00,1.00,SAP,SAP,MT,0.00,,,,,,,,,,,,,,,,,,,,,,,,,,,,,,,,,,,,,,,,,,,,,,,,,,,,,
HOLE_045,Jerimum de Cima,104380,63.00,64.00,1.00,SAP,SAP,MT,0.00,,,,,,,,,,,,,,,,,,,,,,,,,,,,,,,,,,,,,,,,,,,,,,,,,,,,,
HOLE_045,Jerimum de Cima,104381,64.00,65.00,1.00,SAP,SAP,MT,0.01,,,,,,,,,,,,,,,,,,,,,,,,,,,,,,,,,,,,,,,,,,,,,,,,,,,,,
HOLE_045,Jerimum de Cima,104382,65.00,66.00,1.00,SAP,SAP,MT,0.01,,,,,,,,,,,,,,,,,,,,,,,,,,,,,,,,,,,,,,,,,,,,,,,,,,,,,
HOLE_045,Jerimum de Cima,104383,66.00,67.00,1.00,SAP,SAP,MT,0.02,,,,,,,,,,,,,,,,,,,,,,,,,,,,,,,,,,,,,,,,,,,,,,,,,,,,,
HOLE_045,Jerimum de Cima,104384,67.00,68.00,1.00,SAP,SAP,MT,0.00,,,,,,,,,,,,,,,,,,,,,,,,,,,,,,,,,,,,,,,,,,,,,,,,,,,,,
HOLE_045,Jerimum de Cima,104385,68.00,69.00,1.00,SAP,SAP,MT,0.00,,,,,,,,,,,,,,,,,,,,,,,,,,,,,,,,,,,,,,,,,,,,,,,,,,,,,
HOLE_045,Jerimum de Cima,104386,69.00,70.00,1.00,SAP,SAP,MT,0.00,,,,,,,,,,,,,,,,,,,,,,,,,,,,,,,,,,,,,,,,,,,,,,,,,,,,,
HOLE_045,Jerimum de Cima,104387,70.00,71.00,1.00,SAP,SAP,MT,0.00,,,,,,,,,,,,,,,,,,,,,,,,,,,,,,,,,,,,,,,,,,,,,,,,,,,,,
HOLE_045,Jerimum de Cima,104388,71.00,72.00,1.00,SAP,SAP,MT,0.00,,,,,,,,,,,,,,,,,,,,,,,,,,,,,,,,,,,,,,,,,,,,,,,,,,,,,
HOLE_045,Jerimum de Cima,104389,72.00,73.00,1.00,SAP,SAP,MT,0.00,,,,,,,,,,,,,,,,,,,,,,,,,,,,,,,,,,,,,,,,,,,,,,,,,,,,,
HOLE_045,Jerimum de Cima,104390,73.00,74.00,1.00,SAP,SAP,MT,0.00,,,,,,,,,,,,,,,,,,,,,,,,,,,,,,,,,,,,,,,,,,,,,,,,,,,,,
HOLE_045,Jerimum de Cima,104391,74.00,75.00,1.00,SAP,SAP,MT,0.00,,,,,,,,,,,,,,,,,,,,,,,,,,,,,,,,,,,,,,,,,,,,,,,,,,,,,
HOLE_045,Jerimum de Cima,104392,75.00,76.00,1.00,SAP,SAP,MT,0.00,,,,,,,,,,,,,,,,,,,,,,,,,,,,,,,,,,,,,,,,,,,,,,,,,,,,,
HOLE_045,Jerimum de Cima,104393,76.00,77.00,1.00,SAP,SAP,MT,0.00,,,,,,,,,,,,,,,,,,,,,,,,,,,,,,,,,,,,,,,,,,,,,,,,,,,,,
HOLE_045,Jerimum de Cima,104394,77.00,78.00,1.00,SAP,SAP,MT,0.00,,,,,,,,,,,,,,,,,,,,,,,,,,,,,,,,,,,,,,,,,,,,,,,,,,,,,
HOLE_045,Jerimum de Cima,104395,78.00,79.00,1.00,SAP,SAP,MT,0.00,,,,,,,,,,,,,,,,,,,,,,,,,,,,,,,,,,,,,,,,,,,,,,,,,,,,,
HOLE_045,Jerimum de Cima,104396,79.00,80.00,1.00,SAP,SAP,MT,0.00,,,,,,,,,,,,,,,,,,,,,,,,,,,,,,,,,,,,,,,,,,,,,,,,,,,,,
HOLE_045,Jerimum de Cima,104397,80.00,81.00,1.00,SAP,SAP,MT,0.00,,,,,,,,,,,,,,,,,,,,,,,,,,,,,,,,,,,,,,,,,,,,,,,,,,,,,
HOLE_045,Jerimum de Cima,104398,81.00,82.00,1.00,SAP,SAP,MT,0.00,,,,,,,,,,,,,,,,,,,,,,,,,,,,,,,,,,,,,,,,,,,,,,,,,,,,,
HOLE_045,Jerimum de Cima,104399,82.00,83.00,1.00,SAP,SAP,MT,0.00,,,,,,,,,,,,,,,,,,,,,,,,,,,,,,,,,,,,,,,,,,,,,,,,,,,,,
HOLE_045,Jerimum de Cima,104400,83.00,84.00,1.00,SAP,SAP,MT,0.00,,,,,,,,,,,,,,,,,,,,,,,,,,,,,,,,,,,,,,,,,,,,,,,,,,,,,
HOLE_045,Jerimum de Cima,104401,84.00,84.90,0.90,SAP,SAP,MT,0.00,,,,,,,,,,,,,,,,,,,,,,,,,,,,,,,,,,,,,,,,,,,,,,,,,,,,,
HOLE_045,Jerimum de Cima,104402,84.90,86.35,1.45,dID,EPI,FR,0.00,,,,,,,,,,,,,,,,,,,,,,,,,,,,,,,,,,,,,,,,,,,,,,,,,,,,,
HOLE_045,Jerimum de Cima,104403,86.35,87.75,1.40,dID,EPI,FR,0.00,,,,,,,,,,,,,,,,,,,,,,,,,,,,,,,,,,,,,,,,,,,,,,,,,,,,,
HOLE_045,Jerimum de Cima,104404,87.75,89.20,1.45,dID,EPI,FR,0.00,,,,,,,,,,,,,,,,,,,,,,,,,,,,,,,,,,,,,,,,,,,,,,,,,,,,,
HOLE_045,Jerimum de Cima,104405,89.20,90.75,1.55,dID,EPI,FR,0.00,,,,,,,,,,,,,,,,,,,,,,,,,,,,,,,,,,,,,,,,,,,,,,,,,,,,,
HOLE_045,Jerimum de Cima,104406,90.75,92.30,1.55,dID,EPI,FR,0.00,,,,,,,,,,,,,,,,,,,,,,,,,,,,,,,,,,,,,,,,,,,,,,,,,,,,,
HOLE_045,Jerimum de Cima,104407,92.30,93.00,0.70,dID,EPI,FR,0.00,,,,,,,,,,,,,,,,,,,,,,,,,,,,,,,,,,,,,,,,,,,,,,,,,,,,,
HOLE_045,Jerimum de Cima,104408,93.00,94.75,1.75,dID,EPI,FR,0.00,,,,,,,,,,,,,,,,,,,,,,,,,,,,,,,,,,,,,,,,,,,,,,,,,,,,,
HOLE_045,Jerimum de Cima,104409,94.75,96.50,1.75,dID,EPI,FR,0.00,,,,,,,,,,,,,,,,,,,,,,,,,,,,,,,,,,,,,,,,,,,,,,,,,,,,,
HOLE_045,Jerimum de Cima,104410,96.50,98.25,1.75,dID,EPI,FR,0.00,,,,,,,,,,,,,,,,,,,,,,,,,,,,,,,,,,,,,,,,,,,,,,,,,,,,,
HOLE_045,Jerimum de Cima,104411,98.25,100.05,1.80,dID,EPI,FR,0.00,,,,,,,,,,,,,,,,,,,,,,,,,,,,,,,,,,,,,,,,,,,,,,,,,,,,,
HOLE_045,Jerimum de Cima,104412,100.05,100.55,0.50,dID,EPI,FR,0.00,,,,,,,,,,,,,,,,,,,,,,,,,,,,,,,,,,,,,,,,,,,,,,,,,,,,,
HOLE_045,Jerimum de Cima,104413,100.55,102.30,1.75,dID,EPI,FR,0.00,,,,,,,,,,,,,,,,,,,,,,,,,,,,,,,,,,,,,,,,,,,,,,,,,,,,,
HOLE_045,Jerimum de Cima,104414,102.30,103.35,1.05,dID,EPI,FR,0.00,,,,,,,,,,,,,,,,,,,,,,,,,,,,,,,,,,,,,,,,,,,,,,,,,,,,,
HOLE_045,Jerimum de Cima,104415,103.35,105.35,2.00,dID,EPI,FR,0.00,,,,,,,,,,,,,,,,,,,,,,,,,,,,,,,,,,,,,,,,,,,,,,,,,,,,,
HOLE_045,Jerimum de Cima,104416,105.35,107.35,2.00,dID,EPI,FR,0.00,,,,,,,,,,,,,,,,,,,,,,,,,,,,,,,,,,,,,,,,,,,,,,,,,,,,,
HOLE_045,Jerimum de Cima,104417,107.35,109.35,2.00,dID,EPI,FR,0.00,,,,,,,,,,,,,,,,,,,,,,,,,,,,,,,,,,,,,,,,,,,,,,,,,,,,,
HOLE_045,Jerimum de Cima,104418,109.35,111.35,2.00,dID,EPI,FR,0.00,,,,,,,,,,,,,,,,,,,,,,,,,,,,,,,,,,,,,,,,,,,,,,,,,,,,,
HOLE_045,Jerimum de Cima,104419,111.35,113.35,2.00,dID,EPI,FR,0.00,,,,,,,,,,,,,,,,,,,,,,,,,,,,,,,,,,,,,,,,,,,,,,,,,,,,,
HOLE_045,Jerimum de Cima,104420,113.35,115.35,2.00,dID,EPI,FR,0.00,,,,,,,,,,,,,,,,,,,,,,,,,,,,,,,,,,,,,,,,,,,,,,,,,,,,,
HOLE_045,Jerimum de Cima,104421,115.35,117.25,1.90,dID,EPI,FR,0.00,,,,,,,,,,,,,,,,,,,,,,,,,,,,,,,,,,,,,,,,,,,,,,,,,,,,,
HOLE_045,Jerimum de Cima,104422,117.25,118.65,1.40,dID,EPI,FR,0.00,,,,,,,,,,,,,,,,,,,,,,,,,,,,,,,,,,,,,,,,,,,,,,,,,,,,,
HOLE_045,Jerimum de Cima,104423,118.65,120.00,1.35,dID,EPI,FR,0.00,,,,,,,,,,,,,,,,,,,,,,,,,,,,,,,,,,,,,,,,,,,,,,,,,,,,,
HOLE_045,Jerimum de Cima,104424,120.00,121.90,1.90,dID,EPI,FR,0.00,,,,,,,,,,,,,,,,,,,,,,,,,,,,,,,,,,,,,,,,,,,,,,,,,,,,,
HOLE_045,Jerimum de Cima,104425,121.90,123.80,1.90,dID,EPI,FR,0.00,,,,,,,,,,,,,,,,,,,,,,,,,,,,,,,,,,,,,,,,,,,,,,,,,,,,,
HOLE_045,Jerimum de Cima,104426,123.80,125.70,1.90,dID,EPI,FR,0.00,,,,,,,,,,,,,,,,,,,,,,,,,,,,,,,,,,,,,,,,,,,,,,,,,,,,,
HOLE_045,Jerimum de Cima,104427,125.70,127.60,1.90,dID,EPI,FR,0.00,,,,,,,,,,,,,,,,,,,,,,,,,,,,,,,,,,,,,,,,,,,,,,,,,,,,,
HOLE_045,Jerimum de Cima,104428,127.60,129.50,1.90,dID,EPI,FR,0.00,,,,,,,,,,,,,,,,,,,,,,,,,,,,,,,,,,,,,,,,,,,,,,,,,,,,,
HOLE_045,Jerimum de Cima,104429,129.50,131.45,1.95,dID,EPI,FR,0.00,,,,,,,,,,,,,,,,,,,,,,,,,,,,,,,,,,,,,,,,,,,,,,,,,,,,,
HOLE_045,Jerimum de Cima,104430,131.45,132.50,1.05,dID,EPI,FR,0.00,,,,,,,,,,,,,,,,,,,,,,,,,,,,,,,,,,,,,,,,,,,,,,,,,,,,,
HOLE_045,Jerimum de Cima,104431,132.50,133.55,1.05,dID,EPI,FR,0.00,,,,,,,,,,,,,,,,,,,,,,,,,,,,,,,,,,,,,,,,,,,,,,,,,,,,,
HOLE_045,Jerimum de Cima,104432,133.55,134.60,1.05,dID,EPI,FR,0.02,,,,,,,,,,,,,,,,,,,,,,,,,,,,,,,,,,,,,,,,,,,,,,,,,,,,,
HOLE_045,Jerimum de Cima,104433,134.60,135.65,1.05,dID,EPI,FR,0.00,,,,,,,,,,,,,,,,,,,,,,,,,,,,,,,,,,,,,,,,,,,,,,,,,,,,,
HOLE_045,Jerimum de Cima,104434,135.65,136.80,1.15,dID,EPI,FR,0.00,,,,,,,,,,,,,,,,,,,,,,,,,,,,,,,,,,,,,,,,,,,,,,,,,,,,,
HOLE_045,Jerimum de Cima,104435,136.80,137.80,1.00,dID,EPI,FR,0.00,,,,,,,,,,,,,,,,,,,,,,,,,,,,,,,,,,,,,,,,,,,,,,,,,,,,,
HOLE_045,Jerimum de Cima,104436,137.80,138.30,0.50,dID,EPI,FR,0.00,,,,,,,,,,,,,,,,,,,,,,,,,,,,,,,,,,,,,,,,,,,,,,,,,,,,,
HOLE_045,Jerimum de Cima,104437,138.30,140.05,1.75,dID,EPI,FR,0.00,,,,,,,,,,,,,,,,,,,,,,,,,,,,,,,,,,,,,,,,,,,,,,,,,,,,,
HOLE_045,Jerimum de Cima,104438,140.05,141.80,1.75,dID,EPI,FR,0.00,,,,,,,,,,,,,,,,,,,,,,,,,,,,,,,,,,,,,,,,,,,,,,,,,,,,,
HOLE_045,Jerimum de Cima,104439,141.80,143.55,1.75,dID,EPI,FR,0.00,,,,,,,,,,,,,,,,,,,,,,,,,,,,,,,,,,,,,,,,,,,,,,,,,,,,,
HOLE_045,Jerimum de Cima,104440,143.55,145.30,1.75,dID,EPI,FR,0.00,,,,,,,,,,,,,,,,,,,,,,,,,,,,,,,,,,,,,,,,,,,,,,,,,,,,,
HOLE_045,Jerimum de Cima,104441,145.30,146.30,1.00,dID,HM,MT,0.18,,,,,,,,,,,,,,,,,,,,,,,,,,,,,,,,,,,,,,,,,,,,,,,,,,,,,
HOLE_045,Jerimum de Cima,104442,146.30,147.00,0.70,dID,HM,MT,0.63,,,,,,,,,,,,,,,,,,,,,,,,,,,,,,,,,,,,,,,,,,,,,,,,,,,,,
HOLE_045,Jerimum de Cima,104443,147.00,148.50,1.50,dID,HM,MT,0.00,,,,,,,,,,,,,,,,,,,,,,,,,,,,,,,,,,,,,,,,,,,,,,,,,,,,,
HOLE_045,Jerimum de Cima,104444,148.50,149.00,0.50,dID,HM,MT,0.38,,,,,,,,,,,,,,,,,,,,,,,,,,,,,,,,,,,,,,,,,,,,,,,,,,,,,
HOLE_045,Jerimum de Cima,104445,149.00,150.45,1.45,dID,HM,MT,0.00,,,,,,,,,,,,,,,,,,,,,,,,,,,,,,,,,,,,,,,,,,,,,,,,,,,,,
HOLE_045,Jerimum de Cima,104446,150.45,151.90,1.45,dID,HM,MT,0.03,,,,,,,,,,,,,,,,,,,,,,,,,,,,,,,,,,,,,,,,,,,,,,,,,,,,,
HOLE_045,Jerimum de Cima,104447,151.90,153.20,1.30,dID,HM,MT,0.00,,,,,,,,,,,,,,,,,,,,,,,,,,,,,,,,,,,,,,,,,,,,,,,,,,,,,
HOLE_045,Jerimum de Cima,104448,153.20,154.50,1.30,dID,SS,VN,0.00,,,,,,,,,,,,,,,,,,,,,,,,,,,,,,,,,,,,,,,,,,,,,,,,,,,,,
HOLE_045,Jerimum de Cima,104449,154.50,155.80,1.30,dID,SS,VN,0.00,,,,,,,,,,,,,,,,,,,,,,,,,,,,,,,,,,,,,,,,,,,,,,,,,,,,,
HOLE_045,Jerimum de Cima,104450,155.80,157.05,1.25,dID,SS,VN,0.00,,,,,,,,,,,,,,,,,,,,,,,,,,,,,,,,,,,,,,,,,,,,,,,,,,,,,
HOLE_045,Jerimum de Cima,104451,157.05,157.55,0.50,dID,SS,VN,0.04,,,,,,,,,,,,,,,,,,,,,,,,,,,,,,,,,,,,,,,,,,,,,,,,,,,,,
HOLE_045,Jerimum de Cima,104452,157.55,158.80,1.25,dID,SS,VN,0.00,,,,,,,,,,,,,,,,,,,,,,,,,,,,,,,,,,,,,,,,,,,,,,,,,,,,,
HOLE_045,Jerimum de Cima,104453,158.80,160.10,1.30,dID,SS,VN,0.00,,,,,,,,,,,,,,,,,,,,,,,,,,,,,,,,,,,,,,,,,,,,,,,,,,,,,
HOLE_045,Jerimum de Cima,104454,160.10,160.85,0.75,dID,SS,VN,0.05,,,,,,,,,,,,,,,,,,,,,,,,,,,,,,,,,,,,,,,,,,,,,,,,,,,,,
HOLE_045,Jerimum de Cima,104455,160.85,162.05,1.20,dID,SS,VN,0.00,,,,,,,,,,,,,,,,,,,,,,,,,,,,,,,,,,,,,,,,,,,,,,,,,,,,,
HOLE_045,Jerimum de Cima,104456,162.05,163.25,1.20,dID,SS,VN,0.00,,,,,,,,,,,,,,,,,,,,,,,,,,,,,,,,,,,,,,,,,,,,,,,,,,,,,
HOLE_045,Jerimum de Cima,104457,163.25,164.35,1.10,dID,SS,VN,0.00,,,,,,,,,,,,,,,,,,,,,,,,,,,,,,,,,,,,,,,,,,,,,,,,,,,,,
HOLE_045,Jerimum de Cima,104458,164.35,165.30,0.95,dID,SS,VN,0.13,0.43,1.65,0.5,5,120,0.3,0.21,2.04,0.08,46.87,14.8,14,1.5,29.1,3.84,6,0.05,0.21,0.005,0.01,0.52,23.1,21,0.13,1.49,0.0812,0.53,0.04,0.33,12.9,0.1251,9.4,25.5,0.05,0.26,0.1,3.6,0.5,0.8,100.2,0.025,0.34,0.57,5.8,0.18,0.19,1.25,68,0.4,10.27,0.9,98,3.5
HOLE_045,Jerimum de Cima,104459,165.30,166.45,1.15,dID,SS,VN,0.00,0.03,1.61,0.5,5,373,0.3,0.03,1.34,0.06,43.9,13.4,15,0.76,10,3.56,5.7,0.05,0.34,0.005,0.01,0.39,21.3,13,0.11,1.21,0.0565,0.45,0.14,0.9,11.9,0.1155,6.8,18,0.05,0.03,0.06,3,0.5,0.8,116.4,0.025,0.27,0.025,4.4,0.23,0.1,0.96,80,0.1,8.64,0.7,80,6.1
HOLE_045,Jerimum de Cima,104460,166.45,167.60,1.15,dID,SS,VN,0.00,0.08,1.48,0.5,5,109,0.2,0.03,1.42,0.06,43.31,14.5,14,0.64,18.3,3.69,5.6,0.05,0.21,0.01,0.01,0.33,21.3,12,0.1,1.28,0.0601,0.94,0.08,0.44,13,0.1227,6.8,15.2,0.05,0.05,0.06,2.5,0.5,0.7,93.4,0.025,0.28,0.025,4.3,0.21,0.08,0.88,78,0.2,8.28,0.7,84,4.1
HOLE_045,Jerimum de Cima,104461,167.60,168.75,1.15,dID,SS,VN,0.00,0.09,1.83,0.5,5,246,0.3,0.02,1.57,0.08,63.91,15.2,15,1.14,32.8,4.03,6.8,0.05,0.43,0.005,0.01,0.56,30.1,15,0.16,1.49,0.0735,0.92,0.13,0.56,14,0.1284,6.2,25.5,0.05,0.09,0.09,4.4,0.5,1.1,125.6,0.025,0.45,0.025,5.5,0.27,0.13,1.11,86,0.5,13.17,1.2,98,10.1
HOLE_045,Jerimum de Cima,104462,168.75,169.95,1.20,dID,SS,VN,0.00,0.07,1.37,0.5,5,131,0.3,0.04,1.94,0.13,65.66,11.3,11,0.97,27.7,3.7,5.1,0.05,0.2,0.005,0.01,0.31,31.7,11,0.15,1.1,0.0742,0.48,0.08,0.52,6.6,0.1173,15.8,13.9,0.05,0.13,0.07,4.3,0.5,1,103.5,0.025,0.46,0.025,7.2,0.21,0.06,1.14,63,0.2,13.29,1.1,93,4.4
HOLE_045,Jerimum de Cima,104463,169.95,170.45,0.50,dID,SS QV,VN,1.78,5.56,0.92,0.5,5,100,0.2,1.51,2.79,0.25,32.01,9.2,7,1.14,588.5,2.55,2.9,0.05,0.14,0.005,0.01,0.21,18.4,0.5,0.07,0.67,0.0682,1.4,0.04,0.26,6.5,0.1038,7.8,8.4,0.05,0.77,0.05,1.6,0.5,0.3,129.4,0.025,0.21,6.34,4.2,0.06,0.03,0.69,19,0.2,6,0.5,73,3.2
HOLE_045,Jerimum de Cima,104464,170.45,170.95,0.50,dID,SS QV,VN,6.17,8.7,0.94,3,5,185,0.2,6.14,2.49,0.12,19.13,8.8,8,0.9,46.3,2.53,3.1,0.05,0.16,0.01,0.01,0.16,10.9,2,0.07,0.71,0.0676,1.66,0.04,0.16,5.6,0.0894,20.5,7.3,0.05,0.47,0.05,1.1,0.5,1.5,125.4,0.025,0.15,23.79,2.5,0.02,0.09,0.62,17,1.2,5.04,0.4,49,4.6
HOLE_045,Jerimum de Cima,104465,170.95,171.70,0.75,dID,SS QV,VN,0.83,2.33,1.22,0.5,5,77,0.3,0.79,2.53,0.1,33.22,12,6,0.63,85.6,2.94,3.8,0.05,0.1,0.005,0.01,0.18,15.7,5,0.1,1.01,0.0798,2.04,0.04,0.09,7.9,0.1055,4.6,7.5,0.05,1,0.025,1.7,0.5,1.5,126.8,0.025,0.25,3.36,4.4,0.02,0.01,0.78,18,0.2,7.82,0.7,99,2.7
HOLE_045,Jerimum de Cima,104466,171.70,172.35,0.65,dID,SS QV,VN,2.98,5.08,1.43,8,5,55,0.3,11.4,2.46,4.68,38.61,13.3,10,0.74,73.2,3.78,5,0.05,0.1,0.01,0.03,0.17,18.7,8,0.12,1.1,0.083,1.73,0.02,0.09,10.2,0.0982,166.8,8.1,0.05,1.05,0.05,2.8,0.5,0.3,121,0.025,0.31,8.64,3.4,0.03,0.04,0.63,29,0.3,9.3,0.8,367,2.4
HOLE_045,Jerimum de Cima,104467,172.35,173.35,1.00,dID,SS QV,VN,0.00,0.09,1.48,3,5,188,0.4,0.1,2.35,0.13,73.81,12.1,9,0.76,47.3,3.71,5.3,0.05,0.26,0.005,0.01,0.27,35.5,13,0.21,1.02,0.075,1.01,0.08,0.49,6.9,0.109,25.3,10.9,0.05,0.18,0.08,4.7,0.5,1.1,107.9,0.025,0.54,0.14,7.3,0.2,0.03,1.51,54,0.3,16.61,1.5,55,5.2
HOLE_045,Jerimum de Cima,104468,173.35,174.40,1.05,dID,SS QV,VN,0.00,0.08,1.45,1,5,132,0.3,0.09,2.18,0.1,51.27,11,14,1.08,71.9,3.27,5.9,0.05,0.39,0.005,0.01,0.39,27.3,13,0.1,1.08,0.0636,0.99,0.07,0.49,10.5,0.0952,17,16.9,0.05,0.14,0.09,3.5,0.5,0.8,112.2,0.025,0.27,0.05,8.6,0.17,0.08,1.71,53,0.2,7.68,0.7,71,6.4
HOLE_045,Jerimum de Cima,104469,174.40,176.15,1.75,dID,CT,FR,0.00,0.05,1.56,2,5,212,0.2,0.05,1.11,0.1,54.49,13,20,1.41,22.5,3.44,6,0.05,0.97,0.02,0.03,0.81,28,13,0.11,1.18,0.0554,1.66,0.09,0.61,13.4,0.111,9.2,39.6,0.05,0.06,0.77,3.2,0.5,0.8,89.8,0.08,0.28,0.18,6.9,0.23,0.61,1.35,68,0.3,6.38,0.6,78,22.6
HOLE_045,Jerimum de Cima,104470,176.15,177.90,1.75,dID,CT,FR,0.00,0.06,1.6,2,5,297,0.2,0.07,1.5,0.05,57.66,12.2,17,1.72,16.5,3.47,6.4,0.05,0.28,0.01,0.02,0.85,30.5,15,0.11,1.17,0.059,1.22,0.09,0.51,12.4,0.107,6.1,43.8,0.05,0.22,0.26,3.9,0.5,0.7,110.7,0.025,0.29,0.11,7.7,0.2,0.37,1.4,63,0.2,7.3,0.7,68,5.3
HOLE_045,Jerimum de Cima,104471,177.90,179.65,1.75,dID,CT,FR,0.00,0.06,1.65,1,5,364,0.3,0.03,1.26,0.04,56.76,12.9,21,1.44,19.8,3.76,7,0.05,0.77,0.02,0.02,0.73,29.5,13,0.11,1.21,0.0575,1.66,0.12,0.71,13.9,0.1136,5.3,37.3,0.05,0.07,0.18,3.5,0.5,0.8,111.1,0.025,0.29,0.025,7.5,0.23,0.27,1.05,73,0.2,6.84,0.7,74,16
HOLE_045,Jerimum de Cima,104472,179.65,181.40,1.75,dID,CT,FR,0.00,0.08,1.71,2,5,296,0.3,0.07,1.64,0.07,57.82,12.1,19,1.37,22,3.58,7.1,0.05,0.29,0.01,0.01,0.66,31,15,0.11,1.23,0.0576,0.47,0.1,0.47,11.7,0.1106,6.9,32.9,0.05,0.17,0.13,4,0.5,0.7,122,0.025,0.29,0.05,6.6,0.2,0.23,1.2,68,0.2,7.52,0.7,77,5.7
HOLE_045,Jerimum de Cima,104473,181.40,181.90,0.50,dID,CT,FR,0.07,0.46,1.99,5,5,167,0.5,0.92,1.88,0.09,65.01,10.8,18,1.08,29.5,3.9,7.5,0.05,0.25,0.005,0.02,0.62,33.5,19,0.14,1.3,0.0733,1.15,0.1,0.31,14.3,0.1165,7.1,29.6,0.05,0.28,0.16,5.4,0.5,0.8,109.8,0.025,0.39,0.6,7.6,0.15,0.2,1.5,64,0.2,10.14,0.9,83,4.7
HOLE_045,Jerimum de Cima,104474,181.90,183.35,1.45,dID,CT,FR,0.00,0.07,1.61,0.5,5,153,0.5,0.09,1.75,0.07,63.41,13.5,21,0.81,27.5,3.72,7,0.05,0.33,0.01,0.01,0.37,31.8,13,0.15,1.26,0.0619,0.98,0.09,0.38,11.7,0.1139,8.7,17.2,0.05,0.11,0.1,4,0.5,1,98.1,0.025,0.41,0.07,6,0.23,0.11,1.1,74,0.4,10.49,1,81,6
HOLE_045,Jerimum de Cima,104475,183.35,184.80,1.45,dID,CT,FR,0.00,0.04,1.7,0.5,5,178,0.4,0.03,1.54,0.04,61.35,13,17,0.78,27.8,3.6,6.9,0.05,0.4,0.005,0.01,0.45,30.4,13,0.15,1.23,0.0565,1.36,0.11,0.61,12.1,0.1146,6.6,21.2,0.05,0.08,0.12,3.8,0.5,0.9,122.9,0.025,0.38,0.025,6.5,0.24,0.12,1.76,71,0.2,10.55,1,70,8.5
HOLE_045,Jerimum de Cima,104476,184.80,186.30,1.50,dID,CT,FR,0.00,0.04,1.69,0.5,5,97,0.4,0.02,1.56,0.04,45.77,14.3,19,0.37,15.5,3.31,7,0.05,0.34,0.005,0.01,0.2,23.5,12,0.17,1.42,0.0568,1.05,0.08,1.97,14.5,0.1165,6,9,0.05,0.05,0.11,3.2,0.5,0.7,126.6,0.025,0.32,0.025,6.4,0.19,0.06,2.65,53,0.2,10.66,1.1,72,6.5
HOLE_045,Jerimum de Cima,104477,186.30,187.85,1.55,MD,CT,MT,0.00,0.1,3.15,0.5,5,275,0.2,0.03,2.12,0.06,29.93,29.9,84,1.26,48.3,4.55,11.1,0.05,0.21,0.005,0.01,0.81,15.3,26,0.05,3.12,0.076,0.76,0.1,0.14,70.7,0.183,3.5,34.3,0.05,0.17,0.11,4.6,0.5,0.5,166.5,0.025,0.19,0.025,1.9,0.33,0.19,0.33,92,0.3,3.86,0.3,113,4.3
HOLE_045,Jerimum de Cima,104478,187.85,188.80,0.95,dID,HM,FR,0.00,0.09,1.92,2,5,200,0.3,0.13,2.32,0.07,48.74,14.4,20,1.1,23.9,3.72,7.3,0.05,0.21,0.02,0.04,0.63,25.6,14,0.13,1.53,0.0784,0.51,0.08,0.87,14.3,0.128,5.7,27,0.05,0.26,0.6,4.2,0.5,0.6,137.6,0.08,0.3,0.17,4.6,0.18,0.42,0.88,61,0.4,7.12,0.7,78,3
HOLE_045,Jerimum de Cima,104479,188.80,190.70,1.90,dID,HM,FR,0.00,0.06,1.58,0.5,5,231,0.3,0.04,1.21,0.06,52.92,11.8,19,1.16,19.4,3.45,6.2,0.05,0.24,0.01,0.01,0.71,27.8,10,0.1,1.09,0.053,1.71,0.13,0.52,12.9,0.1049,5.2,32,0.05,0.05,0.21,3.2,0.5,0.8,111.5,0.025,0.27,0.025,5.3,0.23,0.27,1.11,63,0.2,6.78,0.6,72,4.5
HOLE_045,Jerimum de Cima,104480,190.70,192.60,1.90,dID,HM,FR,0.00,0.04,1.54,0.5,5,196,0.3,0.01,1.76,0.05,50.47,12.5,19,0.97,17.7,3.17,6.2,0.05,0.33,0.005,0.01,0.68,24.3,11,0.1,1.19,0.0559,1.19,0.09,0.57,13.2,0.1059,5.3,29.3,0.05,0.03,0.11,2.9,0.5,0.7,103.9,0.025,0.24,0.025,4.9,0.22,0.21,0.86,61,0.1,6.41,0.6,74,6.6
HOLE_045,Jerimum de Cima,104481,192.60,193.55,0.95,dID,HM,FR,0.03,0.14,1.22,0.5,5,136,0.3,0.13,1.65,0.04,53.26,6.7,11,0.42,10.1,2.43,5,0.05,0.14,0.005,0.01,0.31,28,6,0.08,0.74,0.0469,0.54,0.11,0.41,5.4,0.0778,6,12.7,0.05,0.12,0.1,2.2,0.5,0.6,100.4,0.025,0.28,0.12,4.1,0.12,0.09,0.53,27,0.3,6.51,0.6,53,2.9
HOLE_045,Jerimum de Cima,104482,193.55,195.25,1.70,dID,HM,FR,0.00,0.07,1,0.5,5,115,0.3,0.14,0.83,0.04,53.31,5.7,7,0.5,6.1,2.35,4.4,0.05,0.12,0.005,0.01,0.27,30.5,7,0.05,0.6,0.0373,1.15,0.08,0.38,4.7,0.0719,6.1,13.4,0.05,0.03,0.08,1.6,0.5,0.4,69.6,0.025,0.19,0.025,4.1,0.13,0.1,0.5,28,0.1,4.36,0.4,50,2.5
HOLE_045,Jerimum de Cima,104483,195.25,196.95,1.70,dID,HM,FR,0.00,0.04,1.62,0.5,5,196,0.4,0.02,1.11,0.03,56.36,10.7,19,0.92,28.8,3.31,6.5,0.05,0.21,0.005,0.01,0.44,27.1,13,0.1,0.99,0.0494,1.79,0.15,0.54,10.4,0.1063,5.4,21,0.05,0.03,0.07,3.1,0.5,0.7,104.1,0.025,0.31,0.025,4.2,0.22,0.13,0.8,64,0.2,7.77,0.7,64,5
HOLE_045,Jerimum de Cima,104484,196.95,198.65,1.70,dID,HM,FR,0.00,0.04,1.54,0.5,5,172,0.4,0.01,1.19,0.02,46.02,11.3,13,0.8,10.4,3.21,6.3,0.05,0.19,0.005,0.01,0.46,22.9,13,0.08,1.06,0.0494,0.5,0.11,0.36,8.7,0.1082,5.6,21,0.05,0.03,0.07,2.5,0.5,0.6,100.2,0.025,0.23,0.025,3.8,0.2,0.13,0.77,57,0.2,5.87,0.5,67,3.6
HOLE_045,Jerimum de Cima,104485,198.65,200.35,1.70,dID,HM,FR,0.00,0.04,1.61,0.5,5,143,0.3,0.01,1.19,0.04,44.71,13.2,14,0.6,20.5,3.27,6.3,0.05,0.19,0.005,0.01,0.41,23.8,13,0.08,1.24,0.0567,1.28,0.11,0.37,12.3,0.1122,6,17.1,0.05,0.06,0.07,2.7,0.5,0.6,104.7,0.025,0.22,0.025,4,0.2,0.1,0.75,54,0.2,5.5,0.5,80,3.7
HOLE_045,Jerimum de Cima,104486,200.35,202.00,1.65,dID,HM,FR,0.00,0.06,1.8,0.5,5,198,0.4,0.02,1.48,0.1,60.71,18.4,21,0.94,81.5,4.5,7.2,0.05,0.34,0.005,0.01,0.49,33.2,13,0.16,1.51,0.0626,0.89,0.1,0.52,14.8,0.1684,10.2,24.1,0.05,0.12,0.05,4.6,0.5,1.1,107.9,0.025,0.37,0.025,6.3,0.31,0.13,1.09,113,0.2,10.12,1,101,6.8
HOLE_045,Jerimum de Cima,104487,202.00,202.65,0.65,dID,HM,FR,0.08,0.37,1.99,0.5,5,116,0.3,0.12,3.19,0.12,38.56,20.7,21,1.12,70.5,4.54,8.8,0.05,0.22,0.005,0.01,0.56,21.2,15,0.12,1.89,0.0967,0.54,0.04,0.23,17.1,0.1487,6.7,26.9,0.05,0.61,0.07,5.8,0.5,0.7,143.5,0.025,0.29,0.4,4.6,0.21,0.15,0.86,80,0.4,6.91,0.8,124,3.5
HOLE_045,Jerimum de Cima,104488,202.65,204.15,1.50,dID,HM,FR,0.00,0.05,1.88,0.5,5,249,0.4,0.01,1.3,0.05,71.59,15.6,17,1.13,37,4.85,8.1,0.05,0.33,0.005,0.01,0.75,34.9,14,0.16,1.41,0.0593,0.64,0.16,0.37,10,0.1652,6.8,37.9,0.05,0.11,0.06,5.3,0.5,1.1,104.7,0.025,0.5,0.025,7.5,0.32,0.19,1.35,108,0.2,11.53,1.1,91,6.8
HOLE_045,Jerimum de Cima,104489,204.15,205.65,1.50,dID,HM,FR,0.00,0.09,1.69,0.5,5,207,0.3,0.03,1.23,0.11,73.49,17,16,1.03,64.6,4.59,7.5,0.05,0.37,0.01,0.01,0.63,33.8,12,0.17,1.42,0.0608,1.18,0.09,0.51,11.7,0.1755,10.7,33.8,0.05,0.14,0.07,4.7,0.5,1,92,0.025,0.57,0.025,8.6,0.29,0.17,1.71,105,0.1,12.63,1.2,100,6.8
HOLE_045,Jerimum de Cima,104490,205.65,207.25,1.60,dID,HM,FR,0.01,0.1,2.04,0.5,5,251,0.3,0.05,1.51,0.12,65.41,19.3,22,1.21,63.3,4.57,8.3,0.05,0.32,0.005,0.02,0.75,29.2,15,0.16,1.61,0.0692,0.8,0.14,0.35,16.2,0.1703,7.7,38.4,0.05,0.25,0.07,6.5,0.5,0.9,128.1,0.025,0.48,0.025,5.5,0.29,0.2,1.01,108,0.1,11.74,1.1,101,6.1
HOLE_045,Jerimum de Cima,104491,207.25,208.50,1.25,dID,HM,FR,0.05,0.19,1.85,3,5,183,0.2,0.39,2.38,0.08,61.94,14.4,16,1.17,9.4,4.12,7.6,0.05,0.16,0.01,0.01,0.55,32.5,18,0.11,1.43,0.0872,1.19,0.04,0.27,10.6,0.154,5.7,28.3,0.05,0.67,0.06,4.1,0.5,0.6,128.1,0.025,0.37,0.27,6.2,0.16,0.16,1.15,59,8.1,8.08,0.7,97,3.1
HOLE_045,Jerimum de Cima,104492,208.50,210.30,1.80,dID,HM,FR,0.00,0.03,1.49,0.5,5,222,0.3,0.04,1.08,0.03,35.69,10.1,13,1.05,7.4,3.19,6.2,0.05,0.13,0.01,0.01,0.64,18,12,0.07,0.99,0.0472,0.49,0.12,0.27,8.1,0.1139,4.3,34.1,0.05,0.05,0.05,2.9,0.5,0.5,103.7,0.025,0.21,0.025,4.2,0.19,0.17,1,53,0.2,4.88,0.4,62,2.6
HOLE_045,Jerimum de Cima,104493,210.30,212.10,1.80,dID,HM,FR,0.00,0.05,1.81,0.5,5,161,0.4,0.01,1.39,0.06,47.25,15.4,18,0.87,30.3,3.92,7.4,0.05,0.25,0.005,0.01,0.46,22.6,14,0.1,1.29,0.0513,1.19,0.15,0.35,13.5,0.1351,6.2,25.7,0.05,0.11,0.06,3.8,0.5,0.8,126.7,0.025,0.31,0.025,6,0.27,0.13,1.29,86,0.2,7.41,0.7,81,4.9
HOLE_045,Jerimum de Cima,104494,212.10,213.90,1.80,dID,HM,FR,0.48,1.37,1.96,0.5,5,46,0.6,0.36,2.36,0.07,69.44,21,24,0.71,40,4.8,9,0.05,0.33,0.005,0.01,0.12,34.4,18,0.17,1.93,0.0836,0.89,0.07,0.37,16.9,0.1645,9.3,7.2,0.05,0.19,0.07,5.8,0.5,1.1,108.4,0.025,0.51,1.71,7.8,0.3,0.04,1.54,108,0.4,12.55,1.1,101,6.3
HOLE_045,Jerimum de Cima,104495,213.90,215.65,1.75,dID,HM,FR,0.00,0.08,2.18,0.5,5,183,0.5,0.05,1.86,0.08,84.28,19,19,1.26,30,4.87,9.4,0.05,0.38,0.005,0.01,0.64,38.9,17,0.2,1.75,0.0722,0.82,0.13,0.45,13.1,0.1637,5.6,34.5,0.05,0.13,0.14,6.4,0.5,1.3,132.9,0.025,0.65,0.025,8.8,0.35,0.17,1.82,108,0.3,14.96,1.4,98,6.7
HOLE_045,Jerimum de Cima,104496,215.65,216.15,0.50,dID,HM,FR,0.00,0.09,1.93,0.5,5,56,0.6,0.07,2.4,0.1,94.84,18,10,0.79,24.7,5.19,9.5,0.05,0.3,0.005,0.01,0.17,40.1,25,0.19,1.7,0.0783,0.86,0.06,0.47,8.4,0.1727,12.9,10.5,0.05,0.13,0.1,4.2,0.5,1,111.9,0.025,0.84,0.025,9.9,0.28,0.05,1.71,94,0.4,17.62,1.5,102,6.4
HOLE_045,Jerimum de Cima,104497,216.15,217.55,1.40,dID,HM,FR,0.00,0.08,1.64,0.5,5,186,0.4,0.04,1.92,0.1,57.46,14.7,18,1.12,23.6,3.91,7,0.05,0.29,0.005,0.01,0.54,29.6,9,0.13,1.3,0.0647,1.03,0.11,0.42,13.3,0.1116,7.3,26.3,0.05,0.15,0.09,6.5,0.5,0.9,107.1,0.025,0.43,0.025,7.7,0.24,0.14,1.23,90,0.2,9.96,0.9,73,5.8
HOLE_045,Jerimum de Cima,104498,217.55,218.95,1.40,dID,HM,FR,0.00,0.07,2.09,0.5,5,193,0.3,0.05,2.05,0.06,45.11,21.7,24,1.28,36.8,4.83,8.7,0.05,0.28,0.02,0.03,0.58,22.8,16,0.13,1.93,0.0732,0.47,0.08,0.28,17.5,0.1675,4.2,30.8,0.05,0.16,0.67,5.1,0.5,0.8,108.7,0.07,0.34,0.15,4.9,0.26,0.46,1.09,108,0.3,7.55,0.8,97,4.7
HOLE_045,Jerimum de Cima,104499,218.95,220.40,1.45,dID,HM,FR,0.00,0.06,2.43,0.5,5,195,0.4,0.05,2.56,0.06,51.26,23.3,30,1.44,42.1,5.58,10.5,0.05,0.34,0.01,0.02,0.64,22.6,18,0.16,2.11,0.092,0.9,0.11,0.33,21,0.1715,13.4,36.3,0.05,0.17,0.25,7.8,0.5,1,123.9,0.025,0.47,0.05,5.6,0.34,0.3,1.28,131,0.3,11.62,1.1,111,6.1
HOLE_045,Jerimum de Cima,104500,220.40,220.90,0.50,dID,HM,FR,0.01,0.27,2.34,7,5,197,0.2,0.41,3.65,0.09,46.81,18.8,21,2.69,82.2,5.38,8.7,0.05,0.23,0.005,0.02,0.96,22.4,22,0.17,1.91,0.1109,1.25,0.03,0.18,16.3,0.1652,11.9,54.4,0.05,0.98,0.13,8.4,0.5,0.7,149,0.025,0.42,0.18,5.5,0.2,0.39,1.36,105,0.3,10.63,1.1,94,4
HOLE_045,Jerimum de Cima,104501,220.90,221.60,0.70,dID,HM,FR,0.00,0.15,2.4,0.5,5,224,0.3,0.45,2.43,0.07,44.86,23.5,26,3.24,44,5.45,9.4,0.05,0.26,0.005,0.01,1.36,22.3,21,0.13,2.21,0.0875,0.35,0.05,0.27,18.4,0.1807,7.2,76.1,0.05,0.36,0.11,8.7,0.5,0.8,112.2,0.025,0.36,0.07,5.4,0.31,0.45,1.24,126,0.3,9.01,0.9,114,4.5
HOLE_045,Jerimum de Cima,104502,221.60,222.10,0.50,dID,HM,FR,0.00,3.34,1.84,0.5,5,320,0.3,4.75,6.59,0.97,32.77,25.5,20,7.13,36.8,4.46,7,0.1,0.75,0.01,0.01,1.66,15.7,34,0.12,1.42,0.0995,5.34,0.03,0.97,17.7,0.1487,3921.8,148,0.05,0.42,0.28,5.2,0.5,0.6,153,0.06,0.28,0.6,4.2,0.26,0.92,0.74,73,5.2,7.93,0.8,83,16.3
HOLE_045,Jerimum de Cima,104503,222.10,222.65,0.55,dID,HM,FR,0.00,0.11,2.34,0.5,5,316,0.4,0.13,2.55,0.07,48.75,24.5,19,4.52,37.3,4.72,9.6,0.2,0.35,0.01,0.01,1.63,23.8,34,0.14,1.76,0.0767,0.78,0.09,0.56,14.1,0.1554,26.8,117.4,0.05,0.16,0.19,6.4,0.5,0.9,109.9,0.025,0.36,0.08,6.2,0.33,0.73,1.35,99,0.6,10.04,1,90,5.5
HOLE_045,Jerimum de Cima,104504,222.65,223.60,0.95,dID,HM,FR,0.00,0.13,2.18,0.5,5,254,0.3,0.04,2.24,0.05,60.66,26.2,29,1.81,60.1,5.02,9.4,0.1,0.4,0.005,0.01,0.92,26.6,22,0.16,1.89,0.0855,0.48,0.09,1.07,19.5,0.1715,21,47.8,0.05,0.33,0.16,6.7,0.5,1.1,90.1,0.025,0.43,0.025,6.4,0.31,0.27,1.36,116,0.2,12.22,1.1,94,7.1
HOLE_045,Jerimum de Cima,104505,223.60,224.90,1.30,dID,HM,FR,0.00,0.08,1.88,2,5,561,0.4,0.04,1.57,0.06,71.18,22.6,28,1.49,39.9,4.63,9.1,0.2,0.47,0.01,0.01,0.83,30.5,18,0.17,1.46,0.0592,0.97,0.14,0.96,18.2,0.1664,6.3,48.4,0.05,0.26,0.12,5.8,0.5,1.1,104.5,0.025,0.52,0.025,6.5,0.32,0.25,1.23,118,0.05,13.92,1.2,73,8.3
HOLE_045,Jerimum de Cima,104506,224.90,225.40,0.50,dID,HM,FR,0.01,0.11,1.67,0.5,5,207,0.2,0.12,2.33,0.06,59.76,25.2,26,2.04,39.1,4.41,7.8,0.1,0.27,0.03,0.01,0.95,26.9,17,0.14,1.41,0.0802,0.74,0.05,0.56,16.6,0.165,12.1,53.4,0.05,0.74,0.1,4.9,0.5,0.8,89.6,0.025,0.45,0.07,5.7,0.24,0.28,1.16,97,61.1,11.68,1,81,3.8
HOLE_045,Jerimum de Cima,104507,225.40,225.90,0.50,dID,HM,FR,0.00,0.17,1.98,0.5,5,245,0.3,0.04,1.41,0.06,58.2,22.4,25,1.69,44.9,4.74,8.5,0.2,0.45,0.01,0.01,0.98,28.4,20,0.14,1.64,0.0623,0.85,0.11,39.16,16.4,0.1828,4.9,54,0.05,0.28,0.09,4.9,0.5,1.1,79.6,0.07,0.39,0.025,8.6,0.32,0.27,1.2,113,1.4,10.81,1,84,10.2
HOLE_045,Jerimum de Cima,104508,225.90,227.85,1.95,dID,HM,FR,0.00,0.06,1.89,0.5,5,298,0.4,0.04,1.37,0.06,100.52,17,12,1.92,18.4,4.65,9.6,0.2,0.49,0.005,0.01,1.01,49.8,22,0.24,1.34,0.0689,0.63,0.15,2.45,5.9,0.1546,7.3,58.4,0.05,0.12,0.37,6,1,1.6,79.4,0.025,0.68,0.025,10,0.36,0.29,1.8,98,0.7,18.99,1.7,85,9.1
HOLE_045,Jerimum de Cima,104509,227.85,229.85,2.00,dID,HM,FR,0.00,0.04,1.53,0.5,5,169,0.4,0.02,1.31,0.05,76.92,15.6,18,1.2,23.8,3.57,7.8,0.2,0.32,0.005,0.01,0.66,35.6,15,0.2,1.14,0.0542,0.92,0.1,1.06,10.4,0.12,5.8,34.6,0.05,0.07,0.07,4.4,1,1.3,79,0.025,0.52,0.025,7.1,0.26,0.17,1.22,76,0.2,14.96,1.5,65,5.2
HOLE_045,Jerimum de Cima,104510,229.85,231.85,2.00,dID,HM,FR,0.00,0.2,1.75,0.5,5,155,0.4,0.21,1.69,0.06,76.75,15.2,16,1.33,68.8,3.69,8.4,0.2,0.29,0.01,0.01,0.56,38.2,18,0.16,1.24,0.061,0.97,0.12,1.33,9.5,0.1203,7.2,30.5,0.05,0.19,0.09,4.2,1,1,106.9,0.025,0.44,0.12,6.7,0.24,0.15,1.33,67,0.3,11.92,1.1,65,4.8
HOLE_045,Jerimum de Cima,104511,231.85,232.35,0.50,dID,HM,FR,0.03,0.65,1.12,0.5,5,91,0.2,1.04,1.52,0.06,47.12,9.9,9,0.94,174.1,2.32,5.8,0.05,0.16,0.005,0.01,0.31,23.6,12,0.08,0.84,0.0544,1.19,0.04,0.53,7.5,0.083,6,16.9,0.05,0.34,0.08,2.4,0.5,0.5,78.8,0.025,0.24,0.92,4.8,0.09,0.08,0.91,32,0.2,5.93,0.5,50,2.4
HOLE_045,Jerimum de Cima,104512,232.35,233.15,0.80,dID,HM,FR,0.00,0.06,1.46,2,5,304,0.2,0.03,0.83,0.03,62.95,12.4,14,1.61,19.1,3.37,6.9,0.2,0.24,0.005,0.01,0.87,32.3,14,0.08,0.98,0.0444,0.88,0.14,0.75,8.5,0.1106,3.6,50.6,0.05,0.02,0.06,2.8,0.5,0.8,81.7,0.025,0.28,0.025,6.6,0.24,0.25,1.32,68,0.3,6.78,0.6,55,4.4
HOLE_045,Jerimum de Cima,104513,233.15,235.15,2.00,dID,HM,FR,0.00,0.04,1.24,3,5,601,0.2,0.03,0.74,0.04,112.41,8.6,9,1.16,19.5,2.94,7.9,0.2,0.43,0.005,0.01,0.67,60.3,13,0.12,0.67,0.04,1.31,0.15,1.59,4.9,0.0943,5.8,41.6,0.05,0.04,0.06,3.1,1,1,98.4,0.025,0.52,0.025,6.9,0.21,0.23,1.31,41,0.05,11.73,0.9,56,8.4
HOLE_045,Jerimum de Cima,104514,235.15,236.30,1.15,dID,HM,FR,0.00,0.05,1.46,2,5,209,0.3,0.03,1.09,0.04,58.24,12.9,16,1.48,21.7,3.04,7.2,0.1,0.26,0.005,0.01,0.75,28.3,15,0.09,1.01,0.0442,1.91,0.11,0.71,10.5,0.1074,4.8,41.3,0.05,0.03,0.05,2.7,0.5,0.7,82.9,0.025,0.26,0.025,5.5,0.21,0.22,1.01,60,0.3,6.77,0.6,60,4.3
HOLE_045,Jerimum de Cima,104515,236.30,237.50,1.20,dID,HM,FR,0.00,0.09,1.76,0.5,5,221,0.3,0.18,1.26,0.02,58.84,13.7,16,1.24,18.7,3.11,7.4,0.1,0.22,0.005,0.01,0.81,29.3,17,0.09,1.17,0.0486,1.14,0.14,0.6,10,0.1073,6.2,36.5,0.05,0.04,0.08,3.1,0.5,0.8,113.8,0.025,0.27,0.06,7.3,0.24,0.2,1.42,57,0.2,7.03,0.7,61,3.4
HOLE_045,Jerimum de Cima,104516,237.50,238.00,0.50,dID,HM,FR,0.00,0.17,1.72,0.5,5,160,0.2,0.37,1.33,0.03,44.82,11.5,14,0.88,18.5,2.81,6.1,0.05,0.14,0.02,0.01,0.49,21.7,19,0.07,1.16,0.0544,2.15,0.09,0.46,10.8,0.0973,7,19.9,0.05,0.13,0.07,1.9,0.5,0.5,76.5,0.025,0.2,0.29,5.4,0.13,0.12,1.01,39,0.4,5.83,0.5,66,2.1
HOLE_045,Jerimum de Cima,104517,238.00,239.85,1.85,dID,HM,FR,0.00,,,,,,,,,,,,,,,,,,,,,,,,,,,,,,,,,,,,,,,,,,,,,,,,,,,,,
HOLE_045,Jerimum de Cima,104518,239.85,241.70,1.85,dID,HM,FR,0.00,,,,,,,,,,,,,,,,,,,,,,,,,,,,,,,,,,,,,,,,,,,,,,,,,,,,,
HOLE_045,Jerimum de Cima,104519,241.70,243.70,2.00,dID,HM,FR,0.00,,,,,,,,,,,,,,,,,,,,,,,,,,,,,,,,,,,,,,,,,,,,,,,,,,,,,
HOLE_045,Jerimum de Cima,104520,243.70,244.20,0.50,dID,HM,FR,0.05,,,,,,,,,,,,,,,,,,,,,,,,,,,,,,,,,,,,,,,,,,,,,,,,,,,,,
HOLE_045,Jerimum de Cima,104521,244.20,246.00,1.80,dID,HM,FR,0.00,,,,,,,,,,,,,,,,,,,,,,,,,,,,,,,,,,,,,,,,,,,,,,,,,,,,,
HOLE_045,Jerimum de Cima,104522,246.00,248.00,2.00,dID,HM,FR,0.00,,,,,,,,,,,,,,,,,,,,,,,,,,,,,,,,,,,,,,,,,,,,,,,,,,,,,
HOLE_045,Jerimum de Cima,104523,248.00,250.00,2.00,dID,HM,FR,0.01,,,,,,,,,,,,,,,,,,,,,,,,,,,,,,,,,,,,,,,,,,,,,,,,,,,,,
HOLE_046,Jerimum de Cima,104524,0.00,1.00,1.00,QS,,,0.02,,,,,,,,,,,,,,,,,,,,,,,,,,,,,,,,,,,,,,,,,,,,,,,,,,,,,
HOLE_046,Jerimum de Cima,104525,1.00,2.00,1.00,QS,,,0.01,,,,,,,,,,,,,,,,,,,,,,,,,,,,,,,,,,,,,,,,,,,,,,,,,,,,,
HOLE_046,Jerimum de Cima,104526,2.00,3.00,1.00,QS,,,0.01,,,,,,,,,,,,,,,,,,,,,,,,,,,,,,,,,,,,,,,,,,,,,,,,,,,,,
HOLE_046,Jerimum de Cima,104527,3.00,4.10,1.10,QS,,,0.00,,,,,,,,,,,,,,,,,,,,,,,,,,,,,,,,,,,,,,,,,,,,,,,,,,,,,
HOLE_046,Jerimum de Cima,104528,4.10,5.20,1.10,QS,,,0.00,,,,,,,,,,,,,,,,,,,,,,,,,,,,,,,,,,,,,,,,,,,,,,,,,,,,,
HOLE_046,Jerimum de Cima,104529,5.20,6.35,1.15,QS,,,0.01,,,,,,,,,,,,,,,,,,,,,,,,,,,,,,,,,,,,,,,,,,,,,,,,,,,,,
HOLE_046,Jerimum de Cima,104530,6.35,7.00,0.65,SAP,SAP,MT,0.00,,,,,,,,,,,,,,,,,,,,,,,,,,,,,,,,,,,,,,,,,,,,,,,,,,,,,
HOLE_046,Jerimum de Cima,104531,7.00,8.00,1.00,SAP,SAP,MT,0.00,,,,,,,,,,,,,,,,,,,,,,,,,,,,,,,,,,,,,,,,,,,,,,,,,,,,,
HOLE_046,Jerimum de Cima,104532,8.00,9.00,1.00,SAP,SAP,MT,0.00,,,,,,,,,,,,,,,,,,,,,,,,,,,,,,,,,,,,,,,,,,,,,,,,,,,,,
HOLE_046,Jerimum de Cima,104533,9.00,10.00,1.00,SAP,SAP,MT,0.00,,,,,,,,,,,,,,,,,,,,,,,,,,,,,,,,,,,,,,,,,,,,,,,,,,,,,
HOLE_046,Jerimum de Cima,104534,10.00,11.00,1.00,SAP,SAP,MT,0.00,,,,,,,,,,,,,,,,,,,,,,,,,,,,,,,,,,,,,,,,,,,,,,,,,,,,,
HOLE_046,Jerimum de Cima,104535,11.00,12.00,1.00,SAP,SAP,MT,0.00,,,,,,,,,,,,,,,,,,,,,,,,,,,,,,,,,,,,,,,,,,,,,,,,,,,,,
HOLE_046,Jerimum de Cima,104536,12.00,13.00,1.00,SAP,SAP,MT,0.00,,,,,,,,,,,,,,,,,,,,,,,,,,,,,,,,,,,,,,,,,,,,,,,,,,,,,
HOLE_046,Jerimum de Cima,104537,13.00,14.00,1.00,SAP,SAP,MT,0.00,,,,,,,,,,,,,,,,,,,,,,,,,,,,,,,,,,,,,,,,,,,,,,,,,,,,,
HOLE_046,Jerimum de Cima,104538,14.00,15.00,1.00,SAP,SAP,MT,0.00,,,,,,,,,,,,,,,,,,,,,,,,,,,,,,,,,,,,,,,,,,,,,,,,,,,,,
HOLE_046,Jerimum de Cima,104539,15.00,16.00,1.00,SAP,SAP,MT,0.00,,,,,,,,,,,,,,,,,,,,,,,,,,,,,,,,,,,,,,,,,,,,,,,,,,,,,
HOLE_046,Jerimum de Cima,104540,16.00,17.00,1.00,SAP,SAP,MT,0.00,,,,,,,,,,,,,,,,,,,,,,,,,,,,,,,,,,,,,,,,,,,,,,,,,,,,,
HOLE_046,Jerimum de Cima,104541,17.00,18.00,1.00,SAP,SAP,MT,0.00,,,,,,,,,,,,,,,,,,,,,,,,,,,,,,,,,,,,,,,,,,,,,,,,,,,,,
HOLE_046,Jerimum de Cima,104542,18.00,19.00,1.00,SAP,SAP,MT,0.00,,,,,,,,,,,,,,,,,,,,,,,,,,,,,,,,,,,,,,,,,,,,,,,,,,,,,
HOLE_046,Jerimum de Cima,104543,19.00,20.00,1.00,SAP,SAP,MT,0.00,,,,,,,,,,,,,,,,,,,,,,,,,,,,,,,,,,,,,,,,,,,,,,,,,,,,,
HOLE_046,Jerimum de Cima,104544,20.00,21.00,1.00,SAP,SAP,MT,0.00,,,,,,,,,,,,,,,,,,,,,,,,,,,,,,,,,,,,,,,,,,,,,,,,,,,,,
HOLE_046,Jerimum de Cima,104545,21.00,22.00,1.00,SAP,SAP,MT,0.00,,,,,,,,,,,,,,,,,,,,,,,,,,,,,,,,,,,,,,,,,,,,,,,,,,,,,
HOLE_046,Jerimum de Cima,104546,22.00,23.00,1.00,SAP,SAP,MT,0.00,,,,,,,,,,,,,,,,,,,,,,,,,,,,,,,,,,,,,,,,,,,,,,,,,,,,,
HOLE_046,Jerimum de Cima,104547,23.00,24.00,1.00,SAP,SAP,MT,0.00,,,,,,,,,,,,,,,,,,,,,,,,,,,,,,,,,,,,,,,,,,,,,,,,,,,,,
HOLE_046,Jerimum de Cima,104548,24.00,25.00,1.00,SAP,SAP,MT,0.00,,,,,,,,,,,,,,,,,,,,,,,,,,,,,,,,,,,,,,,,,,,,,,,,,,,,,
HOLE_046,Jerimum de Cima,104549,25.00,26.00,1.00,SAP,SAP,MT,0.00,,,,,,,,,,,,,,,,,,,,,,,,,,,,,,,,,,,,,,,,,,,,,,,,,,,,,
HOLE_046,Jerimum de Cima,104550,26.00,27.00,1.00,SAP,SAP,MT,0.00,,,,,,,,,,,,,,,,,,,,,,,,,,,,,,,,,,,,,,,,,,,,,,,,,,,,,
HOLE_046,Jerimum de Cima,104551,27.00,28.00,1.00,SAP,SAP,MT,0.00,,,,,,,,,,,,,,,,,,,,,,,,,,,,,,,,,,,,,,,,,,,,,,,,,,,,,
HOLE_046,Jerimum de Cima,104552,28.00,29.00,1.00,SAP,SAP,MT,0.00,,,,,,,,,,,,,,,,,,,,,,,,,,,,,,,,,,,,,,,,,,,,,,,,,,,,,
HOLE_046,Jerimum de Cima,104553,29.00,30.00,1.00,SAP,SAP,MT,0.01,,,,,,,,,,,,,,,,,,,,,,,,,,,,,,,,,,,,,,,,,,,,,,,,,,,,,
HOLE_046,Jerimum de Cima,104554,30.00,31.00,1.00,SAP,SAP,MT,0.00,,,,,,,,,,,,,,,,,,,,,,,,,,,,,,,,,,,,,,,,,,,,,,,,,,,,,
HOLE_046,Jerimum de Cima,104555,31.00,32.00,1.00,SAP,SAP,MT,0.00,,,,,,,,,,,,,,,,,,,,,,,,,,,,,,,,,,,,,,,,,,,,,,,,,,,,,
HOLE_046,Jerimum de Cima,104556,32.00,33.00,1.00,SAP,SAP,MT,0.00,,,,,,,,,,,,,,,,,,,,,,,,,,,,,,,,,,,,,,,,,,,,,,,,,,,,,
HOLE_046,Jerimum de Cima,104557,33.00,34.00,1.00,SAP,SAP,MT,0.00,,,,,,,,,,,,,,,,,,,,,,,,,,,,,,,,,,,,,,,,,,,,,,,,,,,,,
HOLE_046,Jerimum de Cima,104558,34.00,35.00,1.00,SAP,SAP,MT,0.00,,,,,,,,,,,,,,,,,,,,,,,,,,,,,,,,,,,,,,,,,,,,,,,,,,,,,
HOLE_046,Jerimum de Cima,104559,35.00,36.00,1.00,SAP,SAP,MT,0.00,,,,,,,,,,,,,,,,,,,,,,,,,,,,,,,,,,,,,,,,,,,,,,,,,,,,,
HOLE_046,Jerimum de Cima,104560,36.00,37.00,1.00,SAP,SAP,MT,0.00,,,,,,,,,,,,,,,,,,,,,,,,,,,,,,,,,,,,,,,,,,,,,,,,,,,,,
HOLE_046,Jerimum de Cima,104561,37.00,38.00,1.00,SAP,SAP,MT,0.00,,,,,,,,,,,,,,,,,,,,,,,,,,,,,,,,,,,,,,,,,,,,,,,,,,,,,
HOLE_046,Jerimum de Cima,104562,38.00,39.00,1.00,SAP,SAP,MT,0.00,,,,,,,,,,,,,,,,,,,,,,,,,,,,,,,,,,,,,,,,,,,,,,,,,,,,,
HOLE_046,Jerimum de Cima,104563,39.00,40.00,1.00,SAP,SAP,MT,0.00,,,,,,,,,,,,,,,,,,,,,,,,,,,,,,,,,,,,,,,,,,,,,,,,,,,,,
HOLE_046,Jerimum de Cima,104564,40.00,41.00,1.00,SAP,SAP,MT,0.00,,,,,,,,,,,,,,,,,,,,,,,,,,,,,,,,,,,,,,,,,,,,,,,,,,,,,
HOLE_046,Jerimum de Cima,104565,41.00,42.00,1.00,SAP,SAP,MT,0.00,,,,,,,,,,,,,,,,,,,,,,,,,,,,,,,,,,,,,,,,,,,,,,,,,,,,,
HOLE_046,Jerimum de Cima,104566,42.00,43.00,1.00,SAP,SAP,MT,0.00,,,,,,,,,,,,,,,,,,,,,,,,,,,,,,,,,,,,,,,,,,,,,,,,,,,,,
HOLE_046,Jerimum de Cima,104567,43.00,44.00,1.00,SAP,SAP,MT,0.00,,,,,,,,,,,,,,,,,,,,,,,,,,,,,,,,,,,,,,,,,,,,,,,,,,,,,
HOLE_046,Jerimum de Cima,104568,44.00,45.00,1.00,SAP,SAP,MT,0.00,,,,,,,,,,,,,,,,,,,,,,,,,,,,,,,,,,,,,,,,,,,,,,,,,,,,,
HOLE_046,Jerimum de Cima,104569,45.00,46.00,1.00,SAP,SAP,MT,0.00,,,,,,,,,,,,,,,,,,,,,,,,,,,,,,,,,,,,,,,,,,,,,,,,,,,,,
HOLE_046,Jerimum de Cima,104570,46.00,47.00,1.00,SAP,SAP,MT,0.00,,,,,,,,,,,,,,,,,,,,,,,,,,,,,,,,,,,,,,,,,,,,,,,,,,,,,
HOLE_046,Jerimum de Cima,104571,47.00,48.00,1.00,SAP,SAP,MT,0.00,,,,,,,,,,,,,,,,,,,,,,,,,,,,,,,,,,,,,,,,,,,,,,,,,,,,,
HOLE_046,Jerimum de Cima,104572,48.00,49.00,1.00,SAP,SAP,MT,0.00,,,,,,,,,,,,,,,,,,,,,,,,,,,,,,,,,,,,,,,,,,,,,,,,,,,,,
HOLE_046,Jerimum de Cima,104573,49.00,50.00,1.00,SAP,SAP,MT,0.00,,,,,,,,,,,,,,,,,,,,,,,,,,,,,,,,,,,,,,,,,,,,,,,,,,,,,
HOLE_046,Jerimum de Cima,104574,50.00,50.75,0.75,SAP,SAP,MT,0.00,,,,,,,,,,,,,,,,,,,,,,,,,,,,,,,,,,,,,,,,,,,,,,,,,,,,,
HOLE_046,Jerimum de Cima,104575,50.75,52.00,1.25,SAP,SAP,MT,0.00,,,,,,,,,,,,,,,,,,,,,,,,,,,,,,,,,,,,,,,,,,,,,,,,,,,,,
HOLE_046,Jerimum de Cima,104576,52.00,53.00,1.00,SAP,SAP,MT,0.00,,,,,,,,,,,,,,,,,,,,,,,,,,,,,,,,,,,,,,,,,,,,,,,,,,,,,
HOLE_046,Jerimum de Cima,104577,53.00,54.00,1.00,SAP,SAP,MT,0.00,,,,,,,,,,,,,,,,,,,,,,,,,,,,,,,,,,,,,,,,,,,,,,,,,,,,,
HOLE_046,Jerimum de Cima,104578,54.00,55.00,1.00,SAP,SAP,MT,0.00,,,,,,,,,,,,,,,,,,,,,,,,,,,,,,,,,,,,,,,,,,,,,,,,,,,,,
HOLE_046,Jerimum de Cima,104579,55.00,56.10,1.10,dID,HM,MT,0.00,,,,,,,,,,,,,,,,,,,,,,,,,,,,,,,,,,,,,,,,,,,,,,,,,,,,,
HOLE_046,Jerimum de Cima,104580,56.10,57.20,1.10,dID,HM,MT,0.00,,,,,,,,,,,,,,,,,,,,,,,,,,,,,,,,,,,,,,,,,,,,,,,,,,,,,
HOLE_046,Jerimum de Cima,104581,57.20,58.65,1.45,dID,HM,MT,0.00,,,,,,,,,,,,,,,,,,,,,,,,,,,,,,,,,,,,,,,,,,,,,,,,,,,,,
HOLE_046,Jerimum de Cima,104582,58.65,60.10,1.45,dID,HM,MT,0.00,,,,,,,,,,,,,,,,,,,,,,,,,,,,,,,,,,,,,,,,,,,,,,,,,,,,,
HOLE_046,Jerimum de Cima,104583,60.10,61.40,1.30,dID,HM,MT,0.00,,,,,,,,,,,,,,,,,,,,,,,,,,,,,,,,,,,,,,,,,,,,,,,,,,,,,
HOLE_046,Jerimum de Cima,104584,61.40,62.70,1.30,dID,HM,MT,0.00,,,,,,,,,,,,,,,,,,,,,,,,,,,,,,,,,,,,,,,,,,,,,,,,,,,,,
HOLE_046,Jerimum de Cima,104585,62.70,63.20,0.50,dID,HM,MT,0.00,,,,,,,,,,,,,,,,,,,,,,,,,,,,,,,,,,,,,,,,,,,,,,,,,,,,,
HOLE_046,Jerimum de Cima,104586,63.20,64.30,1.10,dID,HM,MT,0.00,,,,,,,,,,,,,,,,,,,,,,,,,,,,,,,,,,,,,,,,,,,,,,,,,,,,,
HOLE_046,Jerimum de Cima,104587,64.30,65.35,1.05,dID,HM,MT,0.00,,,,,,,,,,,,,,,,,,,,,,,,,,,,,,,,,,,,,,,,,,,,,,,,,,,,,
HOLE_046,Jerimum de Cima,104588,65.35,66.40,1.05,dID,HM,MT,0.00,,,,,,,,,,,,,,,,,,,,,,,,,,,,,,,,,,,,,,,,,,,,,,,,,,,,,
HOLE_046,Jerimum de Cima,104589,66.40,67.50,1.10,dID,HM,MT,0.00,,,,,,,,,,,,,,,,,,,,,,,,,,,,,,,,,,,,,,,,,,,,,,,,,,,,,
HOLE_046,Jerimum de Cima,104590,67.50,68.60,1.10,dID,HM,MT,0.00,,,,,,,,,,,,,,,,,,,,,,,,,,,,,,,,,,,,,,,,,,,,,,,,,,,,,
HOLE_046,Jerimum de Cima,104591,68.60,69.70,1.10,dID,HM,MT,0.00,,,,,,,,,,,,,,,,,,,,,,,,,,,,,,,,,,,,,,,,,,,,,,,,,,,,,
HOLE_046,Jerimum de Cima,104592,69.70,70.70,1.00,dID,HM,MT,0.00,,,,,,,,,,,,,,,,,,,,,,,,,,,,,,,,,,,,,,,,,,,,,,,,,,,,,
HOLE_046,Jerimum de Cima,104593,70.70,71.70,1.00,dID,HM,MT,0.00,,,,,,,,,,,,,,,,,,,,,,,,,,,,,,,,,,,,,,,,,,,,,,,,,,,,,
HOLE_046,Jerimum de Cima,104594,71.70,72.70,1.00,dID,HM,MT,0.00,,,,,,,,,,,,,,,,,,,,,,,,,,,,,,,,,,,,,,,,,,,,,,,,,,,,,
HOLE_046,Jerimum de Cima,104595,72.70,73.30,0.60,dID,HM,MT,0.00,,,,,,,,,,,,,,,,,,,,,,,,,,,,,,,,,,,,,,,,,,,,,,,,,,,,,
HOLE_046,Jerimum de Cima,104596,73.30,74.35,1.05,dID,HM,MT,0.00,,,,,,,,,,,,,,,,,,,,,,,,,,,,,,,,,,,,,,,,,,,,,,,,,,,,,
HOLE_046,Jerimum de Cima,104597,74.35,75.40,1.05,dID,HM,MT,0.00,,,,,,,,,,,,,,,,,,,,,,,,,,,,,,,,,,,,,,,,,,,,,,,,,,,,,
HOLE_046,Jerimum de Cima,104598,75.40,76.45,1.05,dID,HM,MT,0.00,,,,,,,,,,,,,,,,,,,,,,,,,,,,,,,,,,,,,,,,,,,,,,,,,,,,,
HOLE_046,Jerimum de Cima,104599,76.45,77.45,1.00,dID,HM,MT,0.00,,,,,,,,,,,,,,,,,,,,,,,,,,,,,,,,,,,,,,,,,,,,,,,,,,,,,
HOLE_046,Jerimum de Cima,104600,77.45,78.00,0.55,dID,HM,MT,0.00,,,,,,,,,,,,,,,,,,,,,,,,,,,,,,,,,,,,,,,,,,,,,,,,,,,,,
HOLE_046,Jerimum de Cima,104601,78.00,79.40,1.40,dID,HM,MT,0.00,,,,,,,,,,,,,,,,,,,,,,,,,,,,,,,,,,,,,,,,,,,,,,,,,,,,,
HOLE_046,Jerimum de Cima,104602,79.40,80.80,1.40,dID,HM,MT,0.00,,,,,,,,,,,,,,,,,,,,,,,,,,,,,,,,,,,,,,,,,,,,,,,,,,,,,
HOLE_046,Jerimum de Cima,104603,80.80,81.30,0.50,dID,HM,MT,0.00,,,,,,,,,,,,,,,,,,,,,,,,,,,,,,,,,,,,,,,,,,,,,,,,,,,,,
HOLE_046,Jerimum de Cima,104604,81.30,82.55,1.25,dID,HM,MT,0.00,,,,,,,,,,,,,,,,,,,,,,,,,,,,,,,,,,,,,,,,,,,,,,,,,,,,,
HOLE_046,Jerimum de Cima,104605,82.55,83.80,1.25,dID,HM,MT,0.00,,,,,,,,,,,,,,,,,,,,,,,,,,,,,,,,,,,,,,,,,,,,,,,,,,,,,
HOLE_046,Jerimum de Cima,104606,83.80,85.00,1.20,dID,HM,MT,0.00,0.05,0.85,0.5,5,295,0.3,0.07,1.68,0.03,49.59,8.3,9,0.72,53.7,2.24,4.2,0.05,0.17,0.005,0.01,0.16,29.2,11,0.08,0.66,0.0448,0.8,0.04,1.36,5.1,0.0818,7.3,7.3,0.05,0.16,0.025,1.8,0.5,0.3,96.4,0.025,0.22,0.025,7.5,0.06,0.03,1.66,19,0.05,5.84,0.5,48,4.5
HOLE_046,Jerimum de Cima,104607,85.00,85.50,0.50,GSTR,SER,MT,0.00,0.3,0.89,0.5,5,103,0.3,0.84,3,0.03,38.27,6.5,7,1.42,7.9,2.21,3.7,0.05,0.08,0.005,0.01,0.16,22.4,12,0.06,0.64,0.0544,0.56,0.03,0.25,3.8,0.0921,3.7,7.3,0.05,0.03,0.025,1.2,0.5,1.5,131.7,0.025,0.17,0.025,5.4,0.005,0.03,0.83,12,0.05,4.85,0.4,54,0.7
HOLE_046,Jerimum de Cima,104608,85.50,86.75,1.25,GSTR,SER,MT,0.00,0.29,1.13,0.5,5,35,0.3,1.03,3.55,0.04,32.03,9.2,4,1.31,19.4,2.62,4.7,0.05,0.08,0.01,0.01,0.17,19.3,17,0.07,0.74,0.0653,0.28,0.03,0.12,4.6,0.098,3.3,7.7,0.05,0.13,0.025,1.1,0.5,1.5,139.2,0.025,0.17,0.025,5.7,0.02,0.03,0.95,12,0.05,5.1,0.4,60,1.1
HOLE_046,Jerimum de Cima,104609,86.75,87.45,0.70,GSTR,SER,MT,0.52,1.27,1.02,11,5,35,0.6,0.98,2.56,0.04,30.61,9.5,3,2.06,27,3.07,3.6,0.05,0.07,0.005,0.01,0.23,18.7,20,0.07,0.65,0.0666,2.44,0.01,0.22,5.6,0.1043,13,11.9,0.05,1.2,0.025,0.8,0.5,1.5,74,0.025,0.2,0.23,6.3,0.005,0.06,1.33,8,0.05,5.35,0.4,46,0.7
HOLE_046,Jerimum de Cima,104610,87.45,88.30,0.85,GSTR,SER,MT,0.00,0.05,1.1,0.5,5,44,0.4,0.08,2.74,0.03,33.4,8.1,5,1.44,5.2,2.28,3.8,0.05,0.025,0.005,0.01,0.25,20.2,16,0.07,0.65,0.0521,2.25,0.03,0.06,5.1,0.0987,2.6,11.7,0.05,0.08,0.025,1,0.5,1.5,106.3,0.025,0.19,0.025,5.2,0.005,0.05,1.01,10,0.05,5.05,0.4,49,0.25
HOLE_046,Jerimum de Cima,104611,88.30,89.15,0.85,GSTR,SER,MT,0.00,0.07,0.91,0.5,5,33,0.3,0.06,2.84,0.03,44.5,7.6,6,1.35,2.7,2.15,3.5,0.05,0.14,0.005,0.01,0.17,26.1,11,0.07,0.62,0.0543,0.26,0.02,0.73,4.8,0.0946,3.3,7.9,0.05,0.02,0.025,1,0.5,1.5,142.1,0.025,0.2,0.025,5.4,0.005,0.03,1.03,11,0.05,5.02,0.4,46,3.5
HOLE_046,Jerimum de Cima,104612,89.15,89.80,0.65,GSTR,SER,MT,0.16,7.72,0.89,1,5,39,0.3,0.32,3.02,0.06,35.87,6.4,5,1.19,39.4,2.14,3.2,0.05,0.07,0.01,0.01,0.2,21.8,12,0.05,0.57,0.0618,0.31,0.03,0.16,4.5,0.0797,78.8,9.2,0.05,0.17,0.025,0.8,0.5,1.5,117.9,0.025,0.18,0.025,4.9,0.005,0.04,0.81,8,0.05,4.79,0.4,54,1
HOLE_046,Jerimum de Cima,104613,89.80,90.65,0.85,GSTR,SER,MT,0.00,0.41,0.71,0.5,5,96,0.3,0.11,2.1,0.04,32.07,7.1,6,1.19,16.2,2.09,3.1,0.05,0.06,0.005,0.01,0.19,18.9,7,0.06,0.49,0.0488,0.28,0.04,0.06,4.2,0.0852,15,8.6,0.05,0.09,0.025,1,0.5,1.5,105.3,0.025,0.16,0.025,6,0.005,0.04,1.02,12,0.05,4.12,0.4,52,0.8
HOLE_046,Jerimum de Cima,104614,90.65,91.50,0.85,GSTR,SER,MT,0.00,0.06,0.72,0.5,5,98,0.3,0.07,2.1,0.04,29.13,7.3,6,0.98,11.4,2.03,3.1,0.05,0.05,0.005,0.01,0.17,17.9,8,0.05,0.55,0.0504,0.29,0.03,0.05,4.2,0.0859,11.6,8,0.05,0.04,0.025,1.1,0.5,1.5,104.2,0.025,0.13,0.025,5,0.005,0.04,0.85,14,0.05,3.76,0.3,54,0.25
HOLE_046,Jerimum de Cima,104615,91.50,92.25,0.75,GSTR,SER,MT,0.00,0.25,0.81,0.5,5,68,0.3,0.37,1.9,0.07,45.25,7.4,4,1.17,17.6,2.02,3.2,0.05,0.09,0.005,0.01,0.26,25.5,9,0.07,0.51,0.0456,0.32,0.03,0.24,3.2,0.0946,9.3,12.1,0.05,0.34,0.025,0.9,0.5,1.5,99.6,0.025,0.21,0.025,5.2,0.005,0.06,0.74,9,0.05,5.63,0.5,54,2
HOLE_046,Jerimum de Cima,104616,92.25,92.75,0.50,GSTR,SER,MT,0.67,0.83,0.8,3,5,102,0.3,0.33,1.64,0.11,62.3,6.9,2,0.97,267,2.17,3.2,0.05,0.06,0.005,0.03,0.28,33.7,8,0.08,0.38,0.0464,0.19,0.04,0.19,0.7,0.0849,25.5,12.1,0.05,0.53,0.025,0.7,0.5,1.5,87.1,0.025,0.28,0.025,4.8,0.005,0.05,0.36,9,0.05,7.64,0.6,49,1.3
HOLE_046,Jerimum de Cima,104617,92.75,93.30,0.55,IA,HM,MT,0.28,0.2,0.47,2,5,247,0.2,0.19,1.86,0.04,45.84,2.8,3,0.66,8.6,1.35,2.1,0.05,0.06,0.005,0.01,0.19,24.1,4,0.07,0.22,0.042,0.27,0.03,0.08,0.6,0.0518,10.3,8,0.05,0.26,0.025,0.5,0.5,1.5,90.6,0.025,0.27,0.025,6.5,0.005,0.03,1.02,4,0.05,7.64,0.5,27,0.9
HOLE_046,Jerimum de Cima,104618,93.30,94.55,1.25,IA,HM,MT,0.00,0.03,0.41,0.5,5,161,0.2,0.05,1.54,0.02,65.04,2.5,4,0.66,2.7,1.47,2,0.05,0.26,0.01,0.01,0.21,34.4,3,0.07,0.18,0.0367,0.29,0.04,0.29,0.9,0.0474,5.3,9.6,0.05,0.08,0.2,0.6,0.5,1.5,62.5,0.09,0.31,0.025,8,0.005,0.06,0.85,5,0.05,8.01,0.6,21,5.9
HOLE_046,Jerimum de Cima,104619,94.55,95.85,1.30,IA,HM,MT,0.10,0.23,0.43,8,5,85,0.2,0.21,1.26,0.05,42.91,5,3,0.65,5,1.32,1.8,0.05,0.11,0.005,0.01,0.22,22.9,3,0.07,0.19,0.0483,0.36,0.03,0.16,0.7,0.0423,14,9.6,0.05,0.47,0.025,0.5,0.5,1.5,48,0.06,0.26,0.025,7.1,0.005,0.05,0.87,3,0.05,7.64,0.6,17,1.7
HOLE_046,Jerimum de Cima,104620,95.85,96.35,0.50,dID,SER,MT,0.07,0.24,1.43,2,5,76,0.4,0.28,1.99,0.11,46.16,9.8,6,1.12,13.7,3.04,6.2,0.05,0.15,0.005,0.01,0.25,23.3,19,0.11,1,0.1084,0.32,0.02,1.17,6.1,0.1049,21.1,11.9,0.05,0.21,0.025,2.4,0.5,1.5,85.9,0.05,0.3,0.025,7.6,0.005,0.06,1.31,21,0.05,7.69,0.7,81,3.5
HOLE_046,Jerimum de Cima,104621,96.35,97.30,0.95,dID,SER,MT,0.14,0.42,0.93,13,5,237,0.5,0.68,4.16,0.12,46.69,9.4,3,0.93,23.8,2.84,2.7,0.05,0.11,0.005,0.01,0.25,22.4,14,0.2,0.66,0.155,1.01,0.005,1.05,2.8,0.101,29.7,11.5,0.05,1.22,0.025,1.6,0.5,1.5,128.9,0.07,0.4,0.1,7.2,0.005,0.06,1.13,9,0.05,12.4,1.3,40,1.6
HOLE_046,Jerimum de Cima,104622,97.30,98.10,0.80,dID,CT,VN,0.04,0.11,1.29,3,5,251,0.4,0.15,2.77,0.04,73.84,10.7,7,0.74,17.7,3.34,6.8,0.05,0.15,0.01,0.01,0.21,34.7,20,0.21,0.91,0.0888,0.45,0.03,0.18,3.8,0.1053,9.8,10,0.05,0.34,0.025,3.9,0.5,0.4,100.5,0.025,0.48,0.025,8.1,0.02,0.05,1.26,37,0.1,13.81,1.4,65,1.9
HOLE_046,Jerimum de Cima,104623,98.10,98.60,0.50,dID,CT,VN,0.04,0.14,0.97,7,5,132,0.3,0.24,2.63,0.04,55.69,12.2,4,0.84,19.6,2.87,4.2,0.05,0.14,0.005,0.01,0.17,27.1,17,0.19,0.73,0.0792,0.34,0.02,0.15,3,0.1011,7.3,8.1,0.05,0.99,0.025,2.1,0.5,1.5,98.2,0.025,0.36,0.025,7,0.005,0.04,1.18,21,0.05,10.94,1.2,48,1.9
HOLE_046,Jerimum de Cima,104624,98.60,100.35,1.75,dID,CT,VN,0.15,0.05,1.23,2,5,112,0.3,0.05,1.4,0.05,72.59,12.1,8,1.16,12.7,3.13,6.3,0.05,0.25,0.005,0.01,0.4,35,17,0.18,1.03,0.0637,0.63,0.05,0.84,3.8,0.1012,7.2,19.4,0.05,0.25,0.025,3.9,0.5,0.8,79.6,0.025,0.45,0.025,7.7,0.15,0.1,1.47,50,0.05,13.3,1.3,63,3.7
HOLE_046,Jerimum de Cima,104625,100.35,101.85,1.50,dID,CT,VN,0.00,0.03,1.49,0.5,5,160,0.3,0.04,1.46,0.08,47.37,15.3,20,1.01,22.6,2.84,6.8,0.05,0.19,0.01,0.01,0.33,23,23,0.09,1.4,0.065,0.51,0.05,0.42,13.8,0.1031,8,14.6,0.05,0.09,0.025,3.2,0.5,0.5,97.4,0.025,0.27,0.025,5.1,0.16,0.08,0.99,50,0.1,7.6,0.7,79,2.4
HOLE_046,Jerimum de Cima,104626,101.85,102.35,0.50,dID,CT,VN,0.65,3.32,1.06,15,5,100,0.3,6.97,3.06,2.34,34.27,15.1,5,0.91,8.9,3.95,4.3,0.05,0.15,0.005,0.02,0.33,15.6,16,0.15,0.92,0.0932,0.32,0.01,0.16,6.9,0.1054,257.6,15.8,0.05,2.65,0.025,1.6,0.5,1.5,135.7,0.025,0.32,0.38,4.4,0.02,0.08,0.92,23,0.05,10.06,1,259,2
HOLE_046,Jerimum de Cima,104627,102.35,103.00,0.65,dID,CT,VN,0.04,0.15,1.52,3,5,281,0.4,0.45,4.12,0.08,39.11,18.8,8,0.87,4.3,4.17,7.2,0.05,0.15,0.005,0.01,0.25,18.1,27,0.12,1.44,0.1081,0.26,0.04,0.14,10.4,0.1237,11.9,12.3,0.05,1.28,0.025,3,0.5,1.5,128.9,0.025,0.33,0.025,3.6,0.04,0.06,0.61,42,0.5,9.36,0.8,85,1.7
HOLE_046,Jerimum de Cima,104628,103.00,104.75,1.75,dID,CT,VN,0.00,0.03,1.53,0.5,5,97,0.3,0.03,1.48,0.04,40.19,15.8,14,0.77,16.6,2.88,7.2,0.05,0.18,0.005,0.01,0.27,21.6,21,0.08,1.42,0.0632,0.42,0.04,0.37,11.9,0.102,12.2,12.2,0.05,0.04,0.025,2.4,0.5,0.5,95.4,0.025,0.21,0.025,6.2,0.14,0.07,1.25,47,0.2,5.89,0.5,73,1.9
HOLE_046,Jerimum de Cima,104629,104.75,106.45,1.70,dID,CT,VN,0.00,0.04,1.62,0.5,5,47,0.3,0.07,1.53,0.02,51.78,15.7,9,0.45,20.5,3.19,8.6,0.05,0.2,0.005,0.01,0.12,30.2,21,0.09,1.39,0.0616,0.7,0.05,0.37,9.1,0.111,6,6.1,0.05,0.05,0.025,2.7,0.5,0.5,104,0.025,0.27,0.025,7.9,0.13,0.03,1.37,47,0.3,7.37,0.7,71,2.5
HOLE_046,Jerimum de Cima,104630,106.45,107.15,0.70,dID,CT,VN,0.08,0.67,1.95,10,5,68,0.3,1.08,4.24,0.73,31.04,17.1,7,1.24,85.1,4.33,7.3,0.05,0.08,0.01,0.01,0.33,14.9,36,0.09,1.36,0.1314,0.55,0.01,0.06,11.4,0.1239,21.6,15.2,0.05,1.02,0.025,3,0.5,1.5,209.4,0.025,0.24,0.025,2.9,0.01,0.07,0.44,45,0.1,6.87,0.6,112,0.25
HOLE_046,Jerimum de Cima,104631,107.15,107.65,0.50,dID,CT,VN,4.98,2.91,1.45,62,5,40,0.3,1.6,4.09,40.17,21.99,16,8,0.85,148.3,5.15,5.8,0.05,0.09,0.05,0.11,0.22,10.4,22,0.07,1.08,0.1203,0.95,0.02,0.13,11.5,0.0887,31.1,10.9,0.05,3.26,0.025,2.2,0.5,1.5,207,0.025,0.19,0.35,2.2,0.01,0.05,0.28,29,0.1,6.3,0.5,3371,0.7
HOLE_046,Jerimum de Cima,104632,107.65,108.55,0.90,dID,CT,VN,0.01,0.1,1.89,1,5,106,0.2,0.08,2.61,0.06,34.72,17.1,9,1.09,28.2,3.76,8.8,0.05,0.11,0.01,0.01,0.36,17.4,26,0.07,1.56,0.0735,0.57,0.04,0.25,10.7,0.1177,5.3,17.5,0.05,0.11,0.025,3.2,0.5,1.5,142.8,0.025,0.18,0.025,4,0.1,0.09,0.54,65,0.05,5.09,0.5,77,1.2
HOLE_046,Jerimum de Cima,104633,108.55,109.65,1.10,dID,CT,VN,0.00,0.06,1.96,0.5,5,194,0.2,0.04,2.48,0.06,37.04,18.7,10,1.63,22.4,4.12,9.3,0.05,0.26,0.005,0.01,0.6,18.5,28,0.07,1.64,0.0713,0.59,0.06,0.25,11.9,0.121,4.7,27.3,0.05,0.02,0.025,3.5,0.5,0.4,128.3,0.025,0.19,0.025,5.6,0.16,0.14,1.02,79,0.2,5.17,0.5,76,4.3
HOLE_046,Jerimum de Cima,104634,109.65,110.15,0.50,dID,CT,VN,0.01,0.06,1.49,0.5,5,124,0.3,0.04,1.49,0.11,36.37,15.4,8,1.17,12.9,3.32,7.4,0.05,0.15,0.005,0.01,0.33,18.4,21,0.06,1.22,0.0503,0.3,0.05,0.23,8.8,0.1133,5.2,15.4,0.05,0.03,0.025,2,0.5,1.5,90.1,0.025,0.17,0.025,5.1,0.12,0.08,0.81,51,0.3,4.3,0.4,67,2
HOLE_046,Jerimum de Cima,104635,110.15,112.10,1.95,dID,CT,VN,0.00,0.11,1.76,0.5,5,112,0.2,0.04,1.54,0.04,36.68,18.7,10,0.95,36,3.43,7.8,0.05,0.14,0.005,0.01,0.32,18.8,22,0.07,1.58,0.0582,0.77,0.05,0.28,11.8,0.1223,4.2,14,0.05,0.06,0.025,2.6,0.5,0.4,119.6,0.025,0.2,0.025,3.9,0.15,0.07,0.71,60,1.3,5.38,0.5,68,1.7
HOLE_046,Jerimum de Cima,104636,112.10,112.60,0.50,dID,CT,VN,0.30,0.28,1.92,10,5,100,0.3,0.17,5.11,0.1,33.27,18.2,8,1.66,28.1,4.39,7.7,0.05,0.13,0.005,0.02,0.42,16.3,38,0.09,1.51,0.2086,0.54,0.03,0.17,10.9,0.1197,8.6,20.6,0.05,0.93,0.025,2.9,0.5,1.5,396.5,0.025,0.32,0.025,2.7,0.05,0.11,0.43,55,0.2,10.25,0.7,77,2
HOLE_046,Jerimum de Cima,104637,112.60,114.10,1.50,dID,CT,VN,0.01,0.05,1.26,0.5,5,132,0.3,0.05,1.18,0.05,69.47,11.4,7,1.06,5.2,2.5,6.4,0.05,0.18,0.005,0.01,0.4,40.4,15,0.08,1.02,0.0472,0.37,0.06,0.51,6.8,0.0976,5.7,19.8,0.05,0.06,0.025,2.3,0.5,0.6,93.4,0.025,0.25,0.025,7.4,0.13,0.1,1.32,40,0.1,6.5,0.6,56,2.4
HOLE_046,Jerimum de Cima,104638,114.10,115.60,1.50,dID,CT,VN,0.01,0.04,1.51,1,5,152,0.3,0.04,1.36,0.05,48.71,15.3,8,1.14,16.4,2.94,7.1,0.05,0.2,0.005,0.01,0.5,26,20,0.1,1.28,0.0554,0.54,0.05,0.47,8.7,0.1041,5.7,21.8,0.05,0.09,0.025,2.8,0.5,0.6,103.5,0.025,0.28,0.025,7.7,0.15,0.12,1.52,47,0.2,7.74,0.7,67,2.5
HOLE_046,Jerimum de Cima,104639,115.60,117.15,1.55,dID,CT,VN,0.00,0.08,1.84,0.5,5,302,0.2,0.03,1.65,0.03,34.68,19.5,11,2.19,38,3.89,8.2,0.05,0.38,0.005,0.01,0.89,16.8,24,0.06,1.54,0.0568,0.87,0.07,0.27,12.1,0.1281,3.6,38.7,0.05,0.05,0.025,2.8,0.5,0.3,98.9,0.025,0.18,0.025,3.5,0.19,0.2,0.61,82,0.8,4.8,0.4,68,16.7
HOLE_046,Jerimum de Cima,104640,117.15,117.65,0.50,dID,CT,VN,0.22,0.23,1.88,8,5,78,0.3,0.21,4.02,0.05,30.46,19.4,8,0.83,28.6,4.02,8.5,0.05,0.16,0.005,0.01,0.27,14.9,35,0.07,1.51,0.1083,0.74,0.03,0.22,11.9,0.121,7.5,13.5,0.05,0.79,0.025,3,0.5,1.5,178.5,0.025,0.21,0.025,3.8,0.1,0.06,0.56,53,3.4,5.75,0.5,78,2.1
HOLE_046,Jerimum de Cima,104641,117.65,119.10,1.45,dID,CT,VN,0.00,0.03,1.52,0.5,5,231,0.3,0.01,1.44,0.04,48.8,13.7,9,2.34,7.9,3.39,7.4,0.05,0.19,0.005,0.01,0.91,27.1,22,0.09,1.17,0.0578,0.35,0.06,0.33,7.6,0.1007,4.7,41.4,0.05,0.03,0.025,2.8,0.5,0.5,76,0.025,0.25,0.025,7.7,0.17,0.21,1.46,64,0.2,7.2,0.7,67,3.1
HOLE_046,Jerimum de Cima,104642,119.10,119.60,0.50,dID,CT,VN,0.00,0.04,1.33,0.5,5,83,0.2,0.03,1.76,0.04,65.92,13.2,6,0.62,15.4,2.9,7,0.05,0.27,0.005,0.01,0.22,33.6,16,0.16,1.15,0.0617,0.3,0.04,0.56,6.8,0.1051,5.8,9.8,0.05,0.06,0.025,2,0.5,0.7,108.4,0.025,0.44,0.025,8.9,0.14,0.04,1.3,38,0.05,12.3,1.1,68,4.1
HOLE_046,Jerimum de Cima,104643,119.60,121.20,1.60,dID,CT,VN,0.03,0.05,1.44,0.5,5,147,0.2,0.05,1.31,0.07,63.56,14.6,9,0.96,8.7,3.21,7,0.05,0.17,0.005,0.01,0.42,35.3,19,0.08,1.18,0.0545,0.34,0.06,0.37,8.1,0.1089,7.1,18.5,0.05,0.23,0.025,2.6,0.5,0.4,106.3,0.025,0.24,0.025,5.7,0.13,0.09,0.87,52,0.05,6.17,0.5,73,2.6
HOLE_046,Jerimum de Cima,104644,121.20,121.80,0.60,dID,CT,VN,0.00,0.03,1.42,0.5,5,212,0.2,0.02,1.16,0.03,46.2,13.5,8,1.16,7.3,3.34,6.9,0.05,0.19,0.005,0.01,0.63,25.5,19,0.05,1.19,0.0518,0.24,0.06,0.34,6.8,0.1289,3.7,28.4,0.05,0.07,0.025,2.2,0.5,0.4,74.2,0.07,0.18,0.025,2.9,0.16,0.16,0.58,57,0.05,4.4,0.3,71,2.2
HOLE_046,Jerimum de Cima,104645,121.80,122.30,0.50,dID,CT,VN,0.22,0.73,1.18,5,5,76,0.3,0.38,3.65,0.67,40.95,12.9,8,0.51,23.4,2.93,5.2,0.05,0.14,0.01,0.01,0.29,20.4,20,0.08,0.78,0.1362,0.38,0.02,0.27,5.7,0.121,17.7,14.7,0.05,0.92,0.025,2.1,0.5,1.5,248.5,0.06,0.3,0.025,3.6,0.04,0.06,0.65,28,3.7,8.59,0.7,83,2.5
HOLE_046,Jerimum de Cima,104646,122.30,122.95,0.65,dID,CT,VN,0.06,0.09,1.69,2,5,63,0.2,0.11,2.8,0.07,38.21,14.8,8,0.96,10.4,3.68,7.9,0.05,0.16,0.005,0.01,0.23,20.2,27,0.08,1.35,0.0841,0.33,0.04,0.21,9.7,0.1148,10.2,11.3,0.05,0.33,0.025,3.7,0.5,1.5,161.9,0.025,0.2,0.025,4.3,0.08,0.05,0.8,59,0.5,5.73,0.5,74,2.1
HOLE_046,Jerimum de Cima,104647,122.95,124.55,1.60,dID,CT,VN,0.02,0.04,1.46,0.5,5,193,0.2,0.04,1.41,0.03,59.19,14.7,11,1.36,7.1,3.47,7.2,0.05,0.19,0.005,0.01,0.64,31.9,21,0.08,1.19,0.0569,0.45,0.07,0.38,8.5,0.1189,4.4,30.5,0.05,0.11,0.025,3.5,0.5,0.5,95.4,0.025,0.23,0.025,5,0.16,0.15,0.96,68,0.05,6.07,0.5,65,2.8
HOLE_046,Jerimum de Cima,104648,124.55,126.15,1.60,dID,CT,VN,0.01,0.11,1.38,0.5,5,156,0.2,0.03,1.28,0.03,54.09,14.4,10,0.76,26.3,3.29,6.9,0.05,0.18,0.01,0.01,0.42,28.8,19,0.07,1.19,0.0519,0.6,0.05,0.42,8,0.11,5.2,18.5,0.05,0.12,0.025,2.2,0.5,0.4,82.1,0.025,0.24,0.025,4.8,0.14,0.1,0.78,54,0.3,6.34,0.6,70,2.3
HOLE_046,Jerimum de Cima,104649,126.15,127.75,1.60,dID,CT,VN,0.00,0.08,1.34,0.5,5,125,0.2,0.01,1.43,0.04,57.71,14.5,10,0.56,12.6,3.19,6.8,0.05,0.16,0.01,0.01,0.26,31.6,16,0.06,1.16,0.0476,0.43,0.07,0.36,9.2,0.1146,5.4,13.2,0.05,0.03,0.025,1.7,0.5,0.4,88.4,0.025,0.2,0.025,4.2,0.14,0.07,0.7,60,0.1,4.89,0.4,65,2.3
HOLE_046,Jerimum de Cima,104650,127.75,129.35,1.60,dID,CT,VN,0.00,0.03,1.54,0.5,5,107,0.2,0.01,1.2,0.06,57.63,16.6,10,0.53,19,3.56,7.6,0.05,0.23,0.01,0.01,0.26,31.5,20,0.07,1.38,0.0533,0.46,0.05,0.3,9.6,0.1253,5.4,11.9,0.05,0.03,0.025,2,0.5,0.4,84.6,0.025,0.22,0.025,5.4,0.13,0.06,1.24,60,0.1,5.39,0.5,77,4.8
HOLE_046,Jerimum de Cima,104651,129.35,131.10,1.75,dID,CT,VN,,,,,,,,,,,,,,,,,,,,,,,,,,,,,,,,,,,,,,,,,,,,,,,,,,,,,,
HOLE_046,Jerimum de Cima,104652,131.10,131.85,0.75,dID,CT,VN,,,,,,,,,,,,,,,,,,,,,,,,,,,,,,,,,,,,,,,,,,,,,,,,,,,,,,
HOLE_046,Jerimum de Cima,104653,131.85,133.00,1.15,dID,CT,VN,,,,,,,,,,,,,,,,,,,,,,,,,,,,,,,,,,,,,,,,,,,,,,,,,,,,,,
HOLE_046,Jerimum de Cima,104654,133.00,133.50,0.50,dID,CT,VN,,,,,,,,,,,,,,,,,,,,,,,,,,,,,,,,,,,,,,,,,,,,,,,,,,,,,,
HOLE_046,Jerimum de Cima,104655,133.50,135.10,1.60,dID,CT,VN,,,,,,,,,,,,,,,,,,,,,,,,,,,,,,,,,,,,,,,,,,,,,,,,,,,,,,
HOLE_046,Jerimum de Cima,104656,135.10,136.70,1.60,dID,CT,VN,,,,,,,,,,,,,,,,,,,,,,,,,,,,,,,,,,,,,,,,,,,,,,,,,,,,,,
HOLE_046,Jerimum de Cima,104657,136.70,138.30,1.60,dID,CT,VN,,,,,,,,,,,,,,,,,,,,,,,,,,,,,,,,,,,,,,,,,,,,,,,,,,,,,,
HOLE_046,Jerimum de Cima,104658,138.30,139.30,1.00,dID,CT,VN,,,,,,,,,,,,,,,,,,,,,,,,,,,,,,,,,,,,,,,,,,,,,,,,,,,,,,
HOLE_046,Jerimum de Cima,104659,139.30,140.00,0.70,dID,CT,VN,,,,,,,,,,,,,,,,,,,,,,,,,,,,,,,,,,,,,,,,,,,,,,,,,,,,,,
HOLE_046,Jerimum de Cima,104660,140.00,141.85,1.85,dID,CT,VN,,,,,,,,,,,,,,,,,,,,,,,,,,,,,,,,,,,,,,,,,,,,,,,,,,,,,,
HOLE_046,Jerimum de Cima,104661,141.85,143.25,1.40,dID,CT,VN,,,,,,,,,,,,,,,,,,,,,,,,,,,,,,,,,,,,,,,,,,,,,,,,,,,,,,
HOLE_046,Jerimum de Cima,104662,143.25,144.65,1.40,dID,CT,VN,,,,,,,,,,,,,,,,,,,,,,,,,,,,,,,,,,,,,,,,,,,,,,,,,,,,,,
HOLE_046,Jerimum de Cima,104663,144.65,146.10,1.45,dID,CT,VN,,,,,,,,,,,,,,,,,,,,,,,,,,,,,,,,,,,,,,,,,,,,,,,,,,,,,,
HOLE_046,Jerimum de Cima,104664,146.10,147.70,1.60,dID,CT,VN,,,,,,,,,,,,,,,,,,,,,,,,,,,,,,,,,,,,,,,,,,,,,,,,,,,,,,
HOLE_046,Jerimum de Cima,104665,147.70,149.25,1.55,dID,CT,VN,,,,,,,,,,,,,,,,,,,,,,,,,,,,,,,,,,,,,,,,,,,,,,,,,,,,,,
HOLE_046,Jerimum de Cima,104666,149.25,150.00,0.75,GSTR,CT,MT,,,,,,,,,,,,,,,,,,,,,,,,,,,,,,,,,,,,,,,,,,,,,,,,,,,,,,
HOLE_046,Jerimum de Cima,104667,150.00,150.75,0.75,GSTR,CT,MT,,,,,,,,,,,,,,,,,,,,,,,,,,,,,,,,,,,,,,,,,,,,,,,,,,,,,,
HOLE_046,Jerimum de Cima,104668,150.75,151.75,1.00,IA,HM,MT,,,,,,,,,,,,,,,,,,,,,,,,,,,,,,,,,,,,,,,,,,,,,,,,,,,,,,
HOLE_046,Jerimum de Cima,104669,151.75,152.45,0.70,IA,HM,MT,,,,,,,,,,,,,,,,,,,,,,,,,,,,,,,,,,,,,,,,,,,,,,,,,,,,,,
HOLE_046,Jerimum de Cima,104670,152.45,153.30,0.85,IA,HM,MT,,,,,,,,,,,,,,,,,,,,,,,,,,,,,,,,,,,,,,,,,,,,,,,,,,,,,,
HOLE_046,Jerimum de Cima,104671,153.30,154.85,1.55,IA,HM,MT,,,,,,,,,,,,,,,,,,,,,,,,,,,,,,,,,,,,,,,,,,,,,,,,,,,,,,
HOLE_046,Jerimum de Cima,104672,154.85,156.40,1.55,IA,HM,MT,,,,,,,,,,,,,,,,,,,,,,,,,,,,,,,,,,,,,,,,,,,,,,,,,,,,,,
HOLE_046,Jerimum de Cima,104673,156.40,157.95,1.55,IA,HM,MT,,,,,,,,,,,,,,,,,,,,,,,,,,,,,,,,,,,,,,,,,,,,,,,,,,,,,,
HOLE_046,Jerimum de Cima,104674,157.95,159.55,1.60,IA,HM,MT,,,,,,,,,,,,,,,,,,,,,,,,,,,,,,,,,,,,,,,,,,,,,,,,,,,,,,
HOLE_046,Jerimum de Cima,104675,159.55,161.10,1.55,dID,HM,MT,,,,,,,,,,,,,,,,,,,,,,,,,,,,,,,,,,,,,,,,,,,,,,,,,,,,,,
HOLE_046,Jerimum de Cima,104676,161.10,162.65,1.55,dID,HM,MT,,,,,,,,,,,,,,,,,,,,,,,,,,,,,,,,,,,,,,,,,,,,,,,,,,,,,,
HOLE_046,Jerimum de Cima,104677,162.65,163.20,0.55,dID,HM,MT,,,,,,,,,,,,,,,,,,,,,,,,,,,,,,,,,,,,,,,,,,,,,,,,,,,,,,
HOLE_046,Jerimum de Cima,104678,163.20,164.75,1.55,dID,HM,MT,,,,,,,,,,,,,,,,,,,,,,,,,,,,,,,,,,,,,,,,,,,,,,,,,,,,,,
HOLE_046,Jerimum de Cima,104679,164.75,166.30,1.55,dID,HM,MT,,,,,,,,,,,,,,,,,,,,,,,,,,,,,,,,,,,,,,,,,,,,,,,,,,,,,,
HOLE_046,Jerimum de Cima,104680,166.30,168.25,1.95,dID,HM,MT,,,,,,,,,,,,,,,,,,,,,,,,,,,,,,,,,,,,,,,,,,,,,,,,,,,,,,
HOLE_046,Jerimum de Cima,104681,168.25,168.75,0.50,dID,HM,MT,,,,,,,,,,,,,,,,,,,,,,,,,,,,,,,,,,,,,,,,,,,,,,,,,,,,,,
HOLE_046,Jerimum de Cima,104682,168.75,170.10,1.35,dID,HM,MT,,,,,,,,,,,,,,,,,,,,,,,,,,,,,,,,,,,,,,,,,,,,,,,,,,,,,,
HOLE_046,Jerimum de Cima,104683,170.10,171.40,1.30,dID,HM,MT,,,,,,,,,,,,,,,,,,,,,,,,,,,,,,,,,,,,,,,,,,,,,,,,,,,,,,
HOLE_046,Jerimum de Cima,104684,171.40,172.05,0.65,dID,HM,MT,,,,,,,,,,,,,,,,,,,,,,,,,,,,,,,,,,,,,,,,,,,,,,,,,,,,,,
HOLE_046,Jerimum de Cima,104685,172.05,173.85,1.80,dID,HM,MT,,,,,,,,,,,,,,,,,,,,,,,,,,,,,,,,,,,,,,,,,,,,,,,,,,,,,,
HOLE_046,Jerimum de Cima,104686,173.85,175.65,1.80,dID,HM,MT,,,,,,,,,,,,,,,,,,,,,,,,,,,,,,,,,,,,,,,,,,,,,,,,,,,,,,
HOLE_046,Jerimum de Cima,104687,175.65,177.50,1.85,dID,HM,MT,,,,,,,,,,,,,,,,,,,,,,,,,,,,,,,,,,,,,,,,,,,,,,,,,,,,,,
HOLE_046,Jerimum de Cima,104688,177.50,178.10,0.60,dID,HM,MT,,,,,,,,,,,,,,,,,,,,,,,,,,,,,,,,,,,,,,,,,,,,,,,,,,,,,,
HOLE_046,Jerimum de Cima,104689,178.10,179.85,1.75,dID,HM,MT,,,,,,,,,,,,,,,,,,,,,,,,,,,,,,,,,,,,,,,,,,,,,,,,,,,,,,
HOLE_046,Jerimum de Cima,104690,179.85,181.55,1.70,dID,HM,MT,,,,,,,,,,,,,,,,,,,,,,,,,,,,,,,,,,,,,,,,,,,,,,,,,,,,,,
HOLE_046,Jerimum de Cima,104691,181.55,182.05,0.50,dID,HM,MT,,,,,,,,,,,,,,,,,,,,,,,,,,,,,,,,,,,,,,,,,,,,,,,,,,,,,,
HOLE_046,Jerimum de Cima,104692,182.05,184.05,2.00,dID,HM,MT,,,,,,,,,,,,,,,,,,,,,,,,,,,,,,,,,,,,,,,,,,,,,,,,,,,,,,
HOLE_046,Jerimum de Cima,104693,184.05,184.55,0.50,dID,HM,MT,,,,,,,,,,,,,,,,,,,,,,,,,,,,,,,,,,,,,,,,,,,,,,,,,,,,,,
HOLE_046,Jerimum de Cima,104694,184.55,185.25,0.70,dID,HM,MT,,,,,,,,,,,,,,,,,,,,,,,,,,,,,,,,,,,,,,,,,,,,,,,,,,,,,,
HOLE_046,Jerimum de Cima,104695,185.25,185.95,0.70,dID,HM,MT,,,,,,,,,,,,,,,,,,,,,,,,,,,,,,,,,,,,,,,,,,,,,,,,,,,,,,
HOLE_046,Jerimum de Cima,104696,185.95,187.15,1.20,dID,HM,MT,,,,,,,,,,,,,,,,,,,,,,,,,,,,,,,,,,,,,,,,,,,,,,,,,,,,,,
HOLE_046,Jerimum de Cima,104697,187.15,188.25,1.10,dID,HM,MT,,,,,,,,,,,,,,,,,,,,,,,,,,,,,,,,,,,,,,,,,,,,,,,,,,,,,,
HOLE_046,Jerimum de Cima,104698,188.25,188.95,0.70,dID,HM,MT,,,,,,,,,,,,,,,,,,,,,,,,,,,,,,,,,,,,,,,,,,,,,,,,,,,,,,
HOLE_046,Jerimum de Cima,104699,188.95,189.45,0.50,dID,HM,MT,,,,,,,,,,,,,,,,,,,,,,,,,,,,,,,,,,,,,,,,,,,,,,,,,,,,,,
HOLE_046,Jerimum de Cima,104700,189.45,189.95,0.50,dID,HM,MT,,,,,,,,,,,,,,,,,,,,,,,,,,,,,,,,,,,,,,,,,,,,,,,,,,,,,,
HOLE_046,Jerimum de Cima,104701,189.95,190.45,0.50,dID,HM,MT,,,,,,,,,,,,,,,,,,,,,,,,,,,,,,,,,,,,,,,,,,,,,,,,,,,,,,
HOLE_046,Jerimum de Cima,104702,190.45,191.45,1.00,dID,HM,MT,,,,,,,,,,,,,,,,,,,,,,,,,,,,,,,,,,,,,,,,,,,,,,,,,,,,,,
HOLE_046,Jerimum de Cima,104703,191.45,192.25,0.80,dID,HM,MT,,,,,,,,,,,,,,,,,,,,,,,,,,,,,,,,,,,,,,,,,,,,,,,,,,,,,,
HOLE_046,Jerimum de Cima,104704,192.25,192.75,0.50,dID,HM,MT,,,,,,,,,,,,,,,,,,,,,,,,,,,,,,,,,,,,,,,,,,,,,,,,,,,,,,
HOLE_046,Jerimum de Cima,104705,192.75,194.65,1.90,dID,HM,MT,,,,,,,,,,,,,,,,,,,,,,,,,,,,,,,,,,,,,,,,,,,,,,,,,,,,,,
HOLE_046,Jerimum de Cima,104706,194.65,195.15,0.50,dID,HM,MT,,,,,,,,,,,,,,,,,,,,,,,,,,,,,,,,,,,,,,,,,,,,,,,,,,,,,,
HOLE_046,Jerimum de Cima,104707,195.15,196.65,1.50,dID,HM,MT,,,,,,,,,,,,,,,,,,,,,,,,,,,,,,,,,,,,,,,,,,,,,,,,,,,,,,
HOLE_046,Jerimum de Cima,104708,196.65,198.20,1.55,dID,HM,MT,,,,,,,,,,,,,,,,,,,,,,,,,,,,,,,,,,,,,,,,,,,,,,,,,,,,,,
HOLE_046,Jerimum de Cima,104709,198.20,199.75,1.55,dID,HM,MT,,,,,,,,,,,,,,,,,,,,,,,,,,,,,,,,,,,,,,,,,,,,,,,,,,,,,,
HOLE_046,Jerimum de Cima,104710,199.75,201.45,1.70,dID,HM,MT,,,,,,,,,,,,,,,,,,,,,,,,,,,,,,,,,,,,,,,,,,,,,,,,,,,,,,
HOLE_046,Jerimum de Cima,104711,201.45,203.15,1.70,dID,HM,MT,,,,,,,,,,,,,,,,,,,,,,,,,,,,,,,,,,,,,,,,,,,,,,,,,,,,,,
HOLE_046,Jerimum de Cima,104712,203.15,204.45,1.30,dID,HM,MT,,,,,,,,,,,,,,,,,,,,,,,,,,,,,,,,,,,,,,,,,,,,,,,,,,,,,,
HOLE_046,Jerimum de Cima,104713,204.45,205.60,1.15,dID,HM,MT,,,,,,,,,,,,,,,,,,,,,,,,,,,,,,,,,,,,,,,,,,,,,,,,,,,,,,
HOLE_046,Jerimum de Cima,104714,205.60,206.15,0.55,dID,HM,MT,,,,,,,,,,,,,,,,,,,,,,,,,,,,,,,,,,,,,,,,,,,,,,,,,,,,,,
HOLE_046,Jerimum de Cima,104715,206.15,207.00,0.85,dID,HM,MT,,,,,,,,,,,,,,,,,,,,,,,,,,,,,,,,,,,,,,,,,,,,,,,,,,,,,,
HOLE_046,Jerimum de Cima,104716,207.00,208.00,1.00,dID,HM,MT,,,,,,,,,,,,,,,,,,,,,,,,,,,,,,,,,,,,,,,,,,,,,,,,,,,,,,
HOLE_046,Jerimum de Cima,104717,208.00,208.65,0.65,dID,HM,MT,,,,,,,,,,,,,,,,,,,,,,,,,,,,,,,,,,,,,,,,,,,,,,,,,,,,,,
HOLE_046,Jerimum de Cima,104718,208.65,210.00,1.35,dID,HM,MT,,,,,,,,,,,,,,,,,,,,,,,,,,,,,,,,,,,,,,,,,,,,,,,,,,,,,,
HOLE_046,Jerimum de Cima,104719,210.00,212.00,2.00,dID,HM,MT,,,,,,,,,,,,,,,,,,,,,,,,,,,,,,,,,,,,,,,,,,,,,,,,,,,,,,
HOLE_046,Jerimum de Cima,104720,212.00,213.90,1.90,dID,HM,MT,,,,,,,,,,,,,,,,,,,,,,,,,,,,,,,,,,,,,,,,,,,,,,,,,,,,,,
HOLE_046,Jerimum de Cima,104721,213.90,214.90,1.00,dID,HM,MT,,,,,,,,,,,,,,,,,,,,,,,,,,,,,,,,,,,,,,,,,,,,,,,,,,,,,,
HOLE_046,Jerimum de Cima,104722,214.90,216.65,1.75,dID,HM,MT,,,,,,,,,,,,,,,,,,,,,,,,,,,,,,,,,,,,,,,,,,,,,,,,,,,,,,
HOLE_046,Jerimum de Cima,104723,216.65,218.45,1.80,dID,HM,MT,,,,,,,,,,,,,,,,,,,,,,,,,,,,,,,,,,,,,,,,,,,,,,,,,,,,,,
HOLE_046,Jerimum de Cima,104724,218.45,219.15,0.70,dID,HM,MT,,,,,,,,,,,,,,,,,,,,,,,,,,,,,,,,,,,,,,,,,,,,,,,,,,,,,,
HOLE_046,Jerimum de Cima,104725,219.15,220.15,1.00,dID,HM,MT,,,,,,,,,,,,,,,,,,,,,,,,,,,,,,,,,,,,,,,,,,,,,,,,,,,,,,
HOLE_046,Jerimum de Cima,104726,220.15,220.65,0.50,dID,HM,MT,,,,,,,,,,,,,,,,,,,,,,,,,,,,,,,,,,,,,,,,,,,,,,,,,,,,,,
HOLE_046,Jerimum de Cima,104727,220.65,221.80,1.15,dID,HM,MT,,,,,,,,,,,,,,,,,,,,,,,,,,,,,,,,,,,,,,,,,,,,,,,,,,,,,,
HOLE_046,Jerimum de Cima,104728,221.80,222.30,0.50,dID,HM,MT,,,,,,,,,,,,,,,,,,,,,,,,,,,,,,,,,,,,,,,,,,,,,,,,,,,,,,
HOLE_046,Jerimum de Cima,104729,222.30,223.40,1.10,dID,HM,MT,,,,,,,,,,,,,,,,,,,,,,,,,,,,,,,,,,,,,,,,,,,,,,,,,,,,,,
HOLE_046,Jerimum de Cima,104730,223.40,224.40,1.00,dID,HM,MT,,,,,,,,,,,,,,,,,,,,,,,,,,,,,,,,,,,,,,,,,,,,,,,,,,,,,,
HOLE_046,Jerimum de Cima,104731,224.40,225.40,1.00,dID,HM,MT,,,,,,,,,,,,,,,,,,,,,,,,,,,,,,,,,,,,,,,,,,,,,,,,,,,,,,
HOLE_046,Jerimum de Cima,104732,225.40,226.40,1.00,dID,HM,MT,,,,,,,,,,,,,,,,,,,,,,,,,,,,,,,,,,,,,,,,,,,,,,,,,,,,,,
HOLE_046,Jerimum de Cima,104733,226.40,228.30,1.90,dID,HM,MT,,,,,,,,,,,,,,,,,,,,,,,,,,,,,,,,,,,,,,,,,,,,,,,,,,,,,,
HOLE_046,Jerimum de Cima,104734,228.30,230.20,1.90,dID,HM,MT,,,,,,,,,,,,,,,,,,,,,,,,,,,,,,,,,,,,,,,,,,,,,,,,,,,,,,
HOLE_046,Jerimum de Cima,104735,230.20,232.20,2.00,dID,HM,MT,,,,,,,,,,,,,,,,,,,,,,,,,,,,,,,,,,,,,,,,,,,,,,,,,,,,,,
HOLE_046,Jerimum de Cima,104736,232.20,232.85,0.65,QV,SS QV,VN,,,,,,,,,,,,,,,,,,,,,,,,,,,,,,,,,,,,,,,,,,,,,,,,,,,,,,
HOLE_046,Jerimum de Cima,104737,232.85,233.95,1.10,QV,SS QV,VN,,,,,,,,,,,,,,,,,,,,,,,,,,,,,,,,,,,,,,,,,,,,,,,,,,,,,,
HOLE_046,Jerimum de Cima,104738,233.95,234.55,0.60,QV,SS QV,VN,,,,,,,,,,,,,,,,,,,,,,,,,,,,,,,,,,,,,,,,,,,,,,,,,,,,,,
HOLE_046,Jerimum de Cima,104739,234.55,235.15,0.60,QV,SS QV,VN,,,,,,,,,,,,,,,,,,,,,,,,,,,,,,,,,,,,,,,,,,,,,,,,,,,,,,
HOLE_046,Jerimum de Cima,104740,235.15,235.80,0.65,QV,SS QV,VN,,,,,,,,,,,,,,,,,,,,,,,,,,,,,,,,,,,,,,,,,,,,,,,,,,,,,,
HOLE_046,Jerimum de Cima,104741,235.80,236.60,0.80,QV,SS QV,VN,,,,,,,,,,,,,,,,,,,,,,,,,,,,,,,,,,,,,,,,,,,,,,,,,,,,,,
HOLE_046,Jerimum de Cima,104742,236.60,237.20,0.60,QV,SS QV,VN,,,,,,,,,,,,,,,,,,,,,,,,,,,,,,,,,,,,,,,,,,,,,,,,,,,,,,
HOLE_046,Jerimum de Cima,104743,237.20,237.70,0.50,QV,SS QV,VN,,,,,,,,,,,,,,,,,,,,,,,,,,,,,,,,,,,,,,,,,,,,,,,,,,,,,,
HOLE_046,Jerimum de Cima,104744,237.70,238.20,0.50,QV,SS QV,VN,,,,,,,,,,,,,,,,,,,,,,,,,,,,,,,,,,,,,,,,,,,,,,,,,,,,,,
HOLE_046,Jerimum de Cima,104745,238.20,240.15,1.95,QV,SS QV,VN,,,,,,,,,,,,,,,,,,,,,,,,,,,,,,,,,,,,,,,,,,,,,,,,,,,,,,
HOLE_046,Jerimum de Cima,104746,240.15,241.10,0.95,QV,SS QV,VN,,,,,,,,,,,,,,,,,,,,,,,,,,,,,,,,,,,,,,,,,,,,,,,,,,,,,,
HOLE_046,Jerimum de Cima,104747,241.10,241.90,0.80,QV,SS QV,VN,,,,,,,,,,,,,,,,,,,,,,,,,,,,,,,,,,,,,,,,,,,,,,,,,,,,,,
HOLE_046,Jerimum de Cima,104748,241.90,242.80,0.90,QV,SS QV,VN,,,,,,,,,,,,,,,,,,,,,,,,,,,,,,,,,,,,,,,,,,,,,,,,,,,,,,
HOLE_046,Jerimum de Cima,104749,242.80,243.30,0.50,QV,SS QV,VN,,,,,,,,,,,,,,,,,,,,,,,,,,,,,,,,,,,,,,,,,,,,,,,,,,,,,,
HOLE_046,Jerimum de Cima,104750,243.30,243.85,0.55,QV,SS QV,VN,,,,,,,,,,,,,,,,,,,,,,,,,,,,,,,,,,,,,,,,,,,,,,,,,,,,,,
HOLE_046,Jerimum de Cima,104751,243.85,244.50,0.65,QV,SS QV,VN,,,,,,,,,,,,,,,,,,,,,,,,,,,,,,,,,,,,,,,,,,,,,,,,,,,,,,
HOLE_046,Jerimum de Cima,104752,244.50,245.60,1.10,dID,SS QV,VN,,,,,,,,,,,,,,,,,,,,,,,,,,,,,,,,,,,,,,,,,,,,,,,,,,,,,,
HOLE_046,Jerimum de Cima,104753,245.60,246.70,1.10,dID,SS QV,VN,,,,,,,,,,,,,,,,,,,,,,,,,,,,,,,,,,,,,,,,,,,,,,,,,,,,,,
HOLE_046,Jerimum de Cima,104754,246.70,247.20,0.50,dID,SS QV,VN,,,,,,,,,,,,,,,,,,,,,,,,,,,,,,,,,,,,,,,,,,,,,,,,,,,,,,
HOLE_046,Jerimum de Cima,104755,247.20,248.00,0.80,dID,SS QV,VN,,,,,,,,,,,,,,,,,,,,,,,,,,,,,,,,,,,,,,,,,,,,,,,,,,,,,,
HOLE_046,Jerimum de Cima,104756,248.00,250.00,2.00,dID,SS QV,VN,,,,,,,,,,,,,,,,,,,,,,,,,,,,,,,,,,,,,,,,,,,,,,,,,,,,,,
HOLE_046,Jerimum de Cima,104757,250.00,250.65,0.65,dID,SS QV,VN,,,,,,,,,,,,,,,,,,,,,,,,,,,,,,,,,,,,,,,,,,,,,,,,,,,,,,
HOLE_046,Jerimum de Cima,104758,250.65,251.85,1.20,dID,SS QV,VN,,,,,,,,,,,,,,,,,,,,,,,,,,,,,,,,,,,,,,,,,,,,,,,,,,,,,,
HOLE_046,Jerimum de Cima,104759,251.85,252.60,0.75,dID,SS QV,VN,,,,,,,,,,,,,,,,,,,,,,,,,,,,,,,,,,,,,,,,,,,,,,,,,,,,,,
HOLE_046,Jerimum de Cima,104760,252.60,253.85,1.25,dID,SS QV,VN,,,,,,,,,,,,,,,,,,,,,,,,,,,,,,,,,,,,,,,,,,,,,,,,,,,,,,
HOLE_046,Jerimum de Cima,104761,253.85,255.05,1.20,dID,SS QV,VN,,,,,,,,,,,,,,,,,,,,,,,,,,,,,,,,,,,,,,,,,,,,,,,,,,,,,,
HOLE_046,Jerimum de Cima,104762,255.05,256.30,1.25,dID,SS QV,VN,,,,,,,,,,,,,,,,,,,,,,,,,,,,,,,,,,,,,,,,,,,,,,,,,,,,,,
HOLE_046,Jerimum de Cima,104763,256.30,257.70,1.40,dID,SS QV,VN,,,,,,,,,,,,,,,,,,,,,,,,,,,,,,,,,,,,,,,,,,,,,,,,,,,,,,
HOLE_046,Jerimum de Cima,104764,257.70,258.25,0.55,dID,SS QV,VN,,,,,,,,,,,,,,,,,,,,,,,,,,,,,,,,,,,,,,,,,,,,,,,,,,,,,,
HOLE_046,Jerimum de Cima,104765,258.25,258.85,0.60,dID,SS QV,VN,,,,,,,,,,,,,,,,,,,,,,,,,,,,,,,,,,,,,,,,,,,,,,,,,,,,,,
HOLE_046,Jerimum de Cima,104766,258.85,259.85,1.00,dID,SS QV,VN,,,,,,,,,,,,,,,,,,,,,,,,,,,,,,,,,,,,,,,,,,,,,,,,,,,,,,
HOLE_046,Jerimum de Cima,104767,259.85,260.80,0.95,dID,SS QV,VN,,,,,,,,,,,,,,,,,,,,,,,,,,,,,,,,,,,,,,,,,,,,,,,,,,,,,,
HOLE_046,Jerimum de Cima,104768,260.80,261.30,0.50,dID,SS QV,VN,,,,,,,,,,,,,,,,,,,,,,,,,,,,,,,,,,,,,,,,,,,,,,,,,,,,,,
HOLE_046,Jerimum de Cima,104769,261.30,263.10,1.80,dID,SS QV,VN,,,,,,,,,,,,,,,,,,,,,,,,,,,,,,,,,,,,,,,,,,,,,,,,,,,,,,
HOLE_046,Jerimum de Cima,104770,263.10,264.95,1.85,dID,SS QV,VN,,,,,,,,,,,,,,,,,,,,,,,,,,,,,,,,,,,,,,,,,,,,,,,,,,,,,,
HOLE_046,Jerimum de Cima,104771,264.95,265.45,0.50,dID,SS QV,VN,,,,,,,,,,,,,,,,,,,,,,,,,,,,,,,,,,,,,,,,,,,,,,,,,,,,,,
HOLE_046,Jerimum de Cima,104772,265.45,266.35,0.90,dID,SS QV,VN,,,,,,,,,,,,,,,,,,,,,,,,,,,,,,,,,,,,,,,,,,,,,,,,,,,,,,
HOLE_046,Jerimum de Cima,104773,266.35,267.00,0.65,dID,SS QV,VN,,,,,,,,,,,,,,,,,,,,,,,,,,,,,,,,,,,,,,,,,,,,,,,,,,,,,,
HOLE_046,Jerimum de Cima,104774,267.00,268.35,1.35,dID,SS QV,VN,,,,,,,,,,,,,,,,,,,,,,,,,,,,,,,,,,,,,,,,,,,,,,,,,,,,,,
HOLE_046,Jerimum de Cima,104775,268.35,269.25,0.90,dID,SS QV,VN,,,,,,,,,,,,,,,,,,,,,,,,,,,,,,,,,,,,,,,,,,,,,,,,,,,,,,
HOLE_046,Jerimum de Cima,104776,269.25,269.75,0.50,dID,SS QV,VN,,,,,,,,,,,,,,,,,,,,,,,,,,,,,,,,,,,,,,,,,,,,,,,,,,,,,,
HOLE_046,Jerimum de Cima,104777,269.75,270.25,0.50,dID,SS QV,VN,,,,,,,,,,,,,,,,,,,,,,,,,,,,,,,,,,,,,,,,,,,,,,,,,,,,,,
HOLE_046,Jerimum de Cima,104778,270.25,271.30,1.05,dID,HM,MT,0.00,,,,,,,,,,,,,,,,,,,,,,,,,,,,,,,,,,,,,,,,,,,,,,,,,,,,,
HOLE_046,Jerimum de Cima,104779,271.30,272.35,1.05,dID,HM,MT,0.01,,,,,,,,,,,,,,,,,,,,,,,,,,,,,,,,,,,,,,,,,,,,,,,,,,,,,
HOLE_046,Jerimum de Cima,104780,272.35,273.40,1.05,dID,HM,MT,0.00,,,,,,,,,,,,,,,,,,,,,,,,,,,,,,,,,,,,,,,,,,,,,,,,,,,,,
HOLE_046,Jerimum de Cima,104781,273.40,274.40,1.00,dID,HM,MT,0.00,,,,,,,,,,,,,,,,,,,,,,,,,,,,,,,,,,,,,,,,,,,,,,,,,,,,,
HOLE_046,Jerimum de Cima,104782,274.40,275.40,1.00,dID,HM,MT,0.00,,,,,,,,,,,,,,,,,,,,,,,,,,,,,,,,,,,,,,,,,,,,,,,,,,,,,
HOLE_046,Jerimum de Cima,104783,275.40,276.40,1.00,dID,HM,MT,0.00,,,,,,,,,,,,,,,,,,,,,,,,,,,,,,,,,,,,,,,,,,,,,,,,,,,,,
HOLE_046,Jerimum de Cima,104784,276.40,277.40,1.00,dID,HM,MT,0.01,,,,,,,,,,,,,,,,,,,,,,,,,,,,,,,,,,,,,,,,,,,,,,,,,,,,,
HOLE_046,Jerimum de Cima,104785,277.40,278.40,1.00,dID,HM,MT,0.00,,,,,,,,,,,,,,,,,,,,,,,,,,,,,,,,,,,,,,,,,,,,,,,,,,,,,
HOLE_046,Jerimum de Cima,104786,278.40,279.40,1.00,dID,HM,MT,0.00,,,,,,,,,,,,,,,,,,,,,,,,,,,,,,,,,,,,,,,,,,,,,,,,,,,,,
HOLE_046,Jerimum de Cima,104787,279.40,280.40,1.00,dID,HM,MT,0.00,,,,,,,,,,,,,,,,,,,,,,,,,,,,,,,,,,,,,,,,,,,,,,,,,,,,,
HOLE_046,Jerimum de Cima,104788,280.40,281.25,0.85,dID,HM,MT,0.00,,,,,,,,,,,,,,,,,,,,,,,,,,,,,,,,,,,,,,,,,,,,,,,,,,,,,
HOLE_046,Jerimum de Cima,104789,281.25,281.75,0.50,dID,HM,MT,0.01,,,,,,,,,,,,,,,,,,,,,,,,,,,,,,,,,,,,,,,,,,,,,,,,,,,,,
HOLE_046,Jerimum de Cima,104790,281.75,283.30,1.55,dID,HM,MT,0.00,,,,,,,,,,,,,,,,,,,,,,,,,,,,,,,,,,,,,,,,,,,,,,,,,,,,,
HOLE_046,Jerimum de Cima,104791,283.30,284.85,1.55,dID,HM,MT,0.00,,,,,,,,,,,,,,,,,,,,,,,,,,,,,,,,,,,,,,,,,,,,,,,,,,,,,
HOLE_046,Jerimum de Cima,104792,284.85,286.45,1.60,dID,HM,MT,0.00,,,,,,,,,,,,,,,,,,,,,,,,,,,,,,,,,,,,,,,,,,,,,,,,,,,,,
HOLE_046,Jerimum de Cima,104793,286.45,286.95,0.50,dID,HM,MT,0.32,,,,,,,,,,,,,,,,,,,,,,,,,,,,,,,,,,,,,,,,,,,,,,,,,,,,,
HOLE_046,Jerimum de Cima,104794,286.95,288.50,1.55,dID,HM,MT,0.00,,,,,,,,,,,,,,,,,,,,,,,,,,,,,,,,,,,,,,,,,,,,,,,,,,,,,
HOLE_046,Jerimum de Cima,104795,288.50,290.00,1.50,dID,HM,MT,0.00,,,,,,,,,,,,,,,,,,,,,,,,,,,,,,,,,,,,,,,,,,,,,,,,,,,,,
HOLE_046,Jerimum de Cima,104796,290.00,292.00,2.00,dID,HM,MT,0.00,,,,,,,,,,,,,,,,,,,,,,,,,,,,,,,,,,,,,,,,,,,,,,,,,,,,,
HOLE_046,Jerimum de Cima,104797,292.00,294.00,2.00,dID,HM,MT,0.02,,,,,,,,,,,,,,,,,,,,,,,,,,,,,,,,,,,,,,,,,,,,,,,,,,,,,
HOLE_046,Jerimum de Cima,104798,294.00,296.00,2.00,dID,HM,MT,0.00,,,,,,,,,,,,,,,,,,,,,,,,,,,,,,,,,,,,,,,,,,,,,,,,,,,,,
HOLE_046,Jerimum de Cima,104799,296.00,298.00,2.00,dID,HM,MT,0.00,,,,,,,,,,,,,,,,,,,,,,,,,,,,,,,,,,,,,,,,,,,,,,,,,,,,,
HOLE_046,Jerimum de Cima,104800,298.00,300.00,2.00,dID,HM,MT,0.00,,,,,,,,,,,,,,,,,,,,,,,,,,,,,,,,,,,,,,,,,,,,,,,,,,,,,
HOLE_046,Jerimum de Cima,104801,300.00,302.00,2.00,dID,HM,MT,0.00,,,,,,,,,,,,,,,,,,,,,,,,,,,,,,,,,,,,,,,,,,,,,,,,,,,,,
HOLE_046,Jerimum de Cima,104802,302.00,304.00,2.00,dID,HM,MT,0.00,,,,,,,,,,,,,,,,,,,,,,,,,,,,,,,,,,,,,,,,,,,,,,,,,,,,,
HOLE_046,Jerimum de Cima,104803,304.00,306.00,2.00,dID,HM,MT,0.00,,,,,,,,,,,,,,,,,,,,,,,,,,,,,,,,,,,,,,,,,,,,,,,,,,,,,
HOLE_046,Jerimum de Cima,104804,306.00,308.00,2.00,dID,HM,MT,0.00,,,,,,,,,,,,,,,,,,,,,,,,,,,,,,,,,,,,,,,,,,,,,,,,,,,,,
HOLE_046,Jerimum de Cima,104805,308.00,310.00,2.00,dID,HM,MT,0.00,,,,,,,,,,,,,,,,,,,,,,,,,,,,,,,,,,,,,,,,,,,,,,,,,,,,,
HOLE_046,Jerimum de Cima,104806,310.00,311.30,1.30,dID,HM,MT,0.00,,,,,,,,,,,,,,,,,,,,,,,,,,,,,,,,,,,,,,,,,,,,,,,,,,,,,
HOLE_046,Jerimum de Cima,104807,311.30,312.60,1.30,dID,HM,MT,0.00,,,,,,,,,,,,,,,,,,,,,,,,,,,,,,,,,,,,,,,,,,,,,,,,,,,,,
HOLE_046,Jerimum de Cima,104808,312.60,314.00,1.40,dID,HM,MT,0.00,,,,,,,,,,,,,,,,,,,,,,,,,,,,,,,,,,,,,,,,,,,,,,,,,,,,,
HOLE_046,Jerimum de Cima,104809,314.00,316.00,2.00,dID,HM,MT,0.00,,,,,,,,,,,,,,,,,,,,,,,,,,,,,,,,,,,,,,,,,,,,,,,,,,,,,
HOLE_046,Jerimum de Cima,104810,316.00,318.00,2.00,dID,HM,MT,0.00,,,,,,,,,,,,,,,,,,,,,,,,,,,,,,,,,,,,,,,,,,,,,,,,,,,,,
HOLE_046,Jerimum de Cima,104811,318.00,319.20,1.20,dID,HM,MT,0.00,,,,,,,,,,,,,,,,,,,,,,,,,,,,,,,,,,,,,,,,,,,,,,,,,,,,,
HOLE_046,Jerimum de Cima,104812,319.20,320.45,1.25,dID,HM,MT,0.00,,,,,,,,,,,,,,,,,,,,,,,,,,,,,,,,,,,,,,,,,,,,,,,,,,,,,
HOLE_046,Jerimum de Cima,104813,320.45,321.00,0.55,dID,HM,MT,0.03,,,,,,,,,,,,,,,,,,,,,,,,,,,,,,,,,,,,,,,,,,,,,,,,,,,,,
HOLE_046,Jerimum de Cima,104814,321.00,323.00,2.00,dID,HM,MT,0.00,,,,,,,,,,,,,,,,,,,,,,,,,,,,,,,,,,,,,,,,,,,,,,,,,,,,,
HOLE_046,Jerimum de Cima,104815,323.00,325.00,2.00,dID,HM,MT,0.00,,,,,,,,,,,,,,,,,,,,,,,,,,,,,,,,,,,,,,,,,,,,,,,,,,,,,
HOLE_046,Jerimum de Cima,104816,325.00,326.70,1.70,dID,HM,MT,0.02,,,,,,,,,,,,,,,,,,,,,,,,,,,,,,,,,,,,,,,,,,,,,,,,,,,,,
HOLE_046,Jerimum de Cima,104817,326.70,327.25,0.55,dID,HM,MT,0.00,,,,,,,,,,,,,,,,,,,,,,,,,,,,,,,,,,,,,,,,,,,,,,,,,,,,,
HOLE_046,Jerimum de Cima,104818,327.25,329.00,1.75,dID,HM,MT,0.00,,,,,,,,,,,,,,,,,,,,,,,,,,,,,,,,,,,,,,,,,,,,,,,,,,,,,
HOLE_046,Jerimum de Cima,104819,329.00,331.00,2.00,dID,HM,MT,0.00,,,,,,,,,,,,,,,,,,,,,,,,,,,,,,,,,,,,,,,,,,,,,,,,,,,,,
HOLE_046,Jerimum de Cima,104820,331.00,333.00,2.00,dID,HM,MT,0.00,,,,,,,,,,,,,,,,,,,,,,,,,,,,,,,,,,,,,,,,,,,,,,,,,,,,,
HOLE_046,Jerimum de Cima,104821,333.00,335.00,2.00,dID,HM,MT,0.00,,,,,,,,,,,,,,,,,,,,,,,,,,,,,,,,,,,,,,,,,,,,,,,,,,,,,
HOLE_046,Jerimum de Cima,104822,335.00,337.00,2.00,dID,HM,MT,0.00,,,,,,,,,,,,,,,,,,,,,,,,,,,,,,,,,,,,,,,,,,,,,,,,,,,,,
HOLE_046,Jerimum de Cima,104823,337.00,339.00,2.00,dID,HM,MT,0.00,,,,,,,,,,,,,,,,,,,,,,,,,,,,,,,,,,,,,,,,,,,,,,,,,,,,,
HOLE_046,Jerimum de Cima,104824,339.00,341.00,2.00,dID,HM,MT,0.00,,,,,,,,,,,,,,,,,,,,,,,,,,,,,,,,,,,,,,,,,,,,,,,,,,,,,
HOLE_046,Jerimum de Cima,104825,341.00,343.00,2.00,dID,HM,MT,0.00,,,,,,,,,,,,,,,,,,,,,,,,,,,,,,,,,,,,,,,,,,,,,,,,,,,,,
HOLE_046,Jerimum de Cima,104826,343.00,345.00,2.00,dID,HM,MT,0.00,,,,,,,,,,,,,,,,,,,,,,,,,,,,,,,,,,,,,,,,,,,,,,,,,,,,,
HOLE_046,Jerimum de Cima,104827,345.00,346.40,1.40,dID,HM,MT,0.00,,,,,,,,,,,,,,,,,,,,,,,,,,,,,,,,,,,,,,,,,,,,,,,,,,,,,
HOLE_046,Jerimum de Cima,104828,346.40,347.80,1.40,dID,HM,MT,0.00,,,,,,,,,,,,,,,,,,,,,,,,,,,,,,,,,,,,,,,,,,,,,,,,,,,,,
HOLE_046,Jerimum de Cima,104829,347.80,349.15,1.35,dID,HM,MT,0.00,,,,,,,,,,,,,,,,,,,,,,,,,,,,,,,,,,,,,,,,,,,,,,,,,,,,,
HOLE_046,Jerimum de Cima,104830,349.15,349.65,0.50,dID,HM,MT,0.02,,,,,,,,,,,,,,,,,,,,,,,,,,,,,,,,,,,,,,,,,,,,,,,,,,,,,
HOLE_046,Jerimum de Cima,104831,349.65,351.25,1.60,dID,HM,MT,0.00,,,,,,,,,,,,,,,,,,,,,,,,,,,,,,,,,,,,,,,,,,,,,,,,,,,,,
HOLE_046,Jerimum de Cima,104832,351.25,352.85,1.60,dID,HM,MT,0.00,,,,,,,,,,,,,,,,,,,,,,,,,,,,,,,,,,,,,,,,,,,,,,,,,,,,,
HOLE_046,Jerimum de Cima,104833,352.85,354.50,1.65,dID,HM,MT,0.00,,,,,,,,,,,,,,,,,,,,,,,,,,,,,,,,,,,,,,,,,,,,,,,,,,,,,
HOLE_046,Jerimum de Cima,104834,354.50,355.00,0.50,dID,HM,MT,0.17,,,,,,,,,,,,,,,,,,,,,,,,,,,,,,,,,,,,,,,,,,,,,,,,,,,,,
HOLE_046,Jerimum de Cima,104835,355.00,356.50,1.50,dID,HM,MT,0.00,,,,,,,,,,,,,,,,,,,,,,,,,,,,,,,,,,,,,,,,,,,,,,,,,,,,,
HOLE_046,Jerimum de Cima,104836,356.50,358.00,1.50,dID,HM,MT,0.00,,,,,,,,,,,,,,,,,,,,,,,,,,,,,,,,,,,,,,,,,,,,,,,,,,,,,
HOLE_046,Jerimum de Cima,104837,358.00,359.55,1.55,dID,HM,MT,0.02,,,,,,,,,,,,,,,,,,,,,,,,,,,,,,,,,,,,,,,,,,,,,,,,,,,,,
HOLE_046,Jerimum de Cima,104838,359.55,360.55,1.00,dID,HM,MT,0.00,,,,,,,,,,,,,,,,,,,,,,,,,,,,,,,,,,,,,,,,,,,,,,,,,,,,,
HOLE_046,Jerimum de Cima,104839,360.55,362.00,1.45,dID,HM,MT,0.00,,,,,,,,,,,,,,,,,,,,,,,,,,,,,,,,,,,,,,,,,,,,,,,,,,,,,
HOLE_046,Jerimum de Cima,104840,362.00,364.00,2.00,dID,HM,MT,0.00,,,,,,,,,,,,,,,,,,,,,,,,,,,,,,,,,,,,,,,,,,,,,,,,,,,,,
HOLE_046,Jerimum de Cima,104841,364.00,366.00,2.00,dID,HM,MT,0.00,,,,,,,,,,,,,,,,,,,,,,,,,,,,,,,,,,,,,,,,,,,,,,,,,,,,,
HOLE_046,Jerimum de Cima,104842,366.00,368.00,2.00,dID,HM,MT,0.00,,,,,,,,,,,,,,,,,,,,,,,,,,,,,,,,,,,,,,,,,,,,,,,,,,,,,
HOLE_046,Jerimum de Cima,104843,368.00,370.00,2.00,dID,HM,MT,0.00,,,,,,,,,,,,,,,,,,,,,,,,,,,,,,,,,,,,,,,,,,,,,,,,,,,,,
HOLE_046,Jerimum de Cima,104844,370.00,371.30,1.30,dID,HM,MT,0.00,,,,,,,,,,,,,,,,,,,,,,,,,,,,,,,,,,,,,,,,,,,,,,,,,,,,,
HOLE_047,Jerimum de Cima,104845,0.00,1.00,1.00,QS,,,,,,,,,,,,,,,,,,,,,,,,,,,,,,,,,,,,,,,,,,,,,,,,,,,,,,,,
HOLE_047,Jerimum de Cima,104846,1.00,2.00,1.00,QS,,,,,,,,,,,,,,,,,,,,,,,,,,,,,,,,,,,,,,,,,,,,,,,,,,,,,,,,
HOLE_047,Jerimum de Cima,104847,2.00,3.00,1.00,QS,,,,,,,,,,,,,,,,,,,,,,,,,,,,,,,,,,,,,,,,,,,,,,,,,,,,,,,,
HOLE_047,Jerimum de Cima,104848,3.00,3.50,0.50,QS,,,,,,,,,,,,,,,,,,,,,,,,,,,,,,,,,,,,,,,,,,,,,,,,,,,,,,,,
HOLE_047,Jerimum de Cima,104849,3.50,4.00,0.50,QS,,,,,,,,,,,,,,,,,,,,,,,,,,,,,,,,,,,,,,,,,,,,,,,,,,,,,,,,
HOLE_047,Jerimum de Cima,104850,4.00,5.00,1.00,QS,,,,,,,,,,,,,,,,,,,,,,,,,,,,,,,,,,,,,,,,,,,,,,,,,,,,,,,,
HOLE_047,Jerimum de Cima,104851,5.00,6.00,1.00,QS,,,,,,,,,,,,,,,,,,,,,,,,,,,,,,,,,,,,,,,,,,,,,,,,,,,,,,,,
HOLE_047,Jerimum de Cima,104852,6.00,7.00,1.00,QS,,,,,,,,,,,,,,,,,,,,,,,,,,,,,,,,,,,,,,,,,,,,,,,,,,,,,,,,
HOLE_047,Jerimum de Cima,104853,7.00,8.00,1.00,QS,,,,,,,,,,,,,,,,,,,,,,,,,,,,,,,,,,,,,,,,,,,,,,,,,,,,,,,,
HOLE_047,Jerimum de Cima,104854,8.00,9.00,1.00,QS,,,,,,,,,,,,,,,,,,,,,,,,,,,,,,,,,,,,,,,,,,,,,,,,,,,,,,,,
HOLE_047,Jerimum de Cima,104855,9.00,10.00,1.00,QS,,,,,,,,,,,,,,,,,,,,,,,,,,,,,,,,,,,,,,,,,,,,,,,,,,,,,,,,
HOLE_047,Jerimum de Cima,104856,10.00,11.20,1.20,QS,,,,,,,,,,,,,,,,,,,,,,,,,,,,,,,,,,,,,,,,,,,,,,,,,,,,,,,,
HOLE_047,Jerimum de Cima,104857,11.20,12.00,0.80,QC,,,,,,,,,,,,,,,,,,,,,,,,,,,,,,,,,,,,,,,,,,,,,,,,,,,,,,,,
HOLE_047,Jerimum de Cima,104858,12.00,13.00,1.00,QC,,,,,,,,,,,,,,,,,,,,,,,,,,,,,,,,,,,,,,,,,,,,,,,,,,,,,,,,
HOLE_047,Jerimum de Cima,104859,13.00,14.00,1.00,QC,,,,,,,,,,,,,,,,,,,,,,,,,,,,,,,,,,,,,,,,,,,,,,,,,,,,,,,,
HOLE_047,Jerimum de Cima,104860,14.00,15.00,1.00,QC,,,,,,,,,,,,,,,,,,,,,,,,,,,,,,,,,,,,,,,,,,,,,,,,,,,,,,,,
HOLE_047,Jerimum de Cima,104861,15.00,16.00,1.00,QC,,,,,,,,,,,,,,,,,,,,,,,,,,,,,,,,,,,,,,,,,,,,,,,,,,,,,,,,
HOLE_047,Jerimum de Cima,104862,16.00,17.00,1.00,QC,,,,,,,,,,,,,,,,,,,,,,,,,,,,,,,,,,,,,,,,,,,,,,,,,,,,,,,,
HOLE_047,Jerimum de Cima,104863,17.00,18.35,1.35,QC,,,,,,,,,,,,,,,,,,,,,,,,,,,,,,,,,,,,,,,,,,,,,,,,,,,,,,,,
HOLE_047,Jerimum de Cima,104864,18.35,19.00,0.65,QC,,,,,,,,,,,,,,,,,,,,,,,,,,,,,,,,,,,,,,,,,,,,,,,,,,,,,,,,
HOLE_047,Jerimum de Cima,104865,19.00,20.00,1.00,QC,,,,,,,,,,,,,,,,,,,,,,,,,,,,,,,,,,,,,,,,,,,,,,,,,,,,,,,,
HOLE_047,Jerimum de Cima,104866,20.00,21.00,1.00,QC,,,,,,,,,,,,,,,,,,,,,,,,,,,,,,,,,,,,,,,,,,,,,,,,,,,,,,,,
HOLE_047,Jerimum de Cima,104867,21.00,22.10,1.10,QC,,,,,,,,,,,,,,,,,,,,,,,,,,,,,,,,,,,,,,,,,,,,,,,,,,,,,,,,
HOLE_047,Jerimum de Cima,104868,22.10,23.00,0.90,QSS,,,,,,,,,,,,,,,,,,,,,,,,,,,,,,,,,,,,,,,,,,,,,,,,,,,,,,,,
HOLE_047,Jerimum de Cima,104869,23.00,24.00,1.00,QSS,,,,,,,,,,,,,,,,,,,,,,,,,,,,,,,,,,,,,,,,,,,,,,,,,,,,,,,,
HOLE_047,Jerimum de Cima,104870,24.00,25.00,1.00,QSS,,,,,,,,,,,,,,,,,,,,,,,,,,,,,,,,,,,,,,,,,,,,,,,,,,,,,,,,
HOLE_047,Jerimum de Cima,104871,25.00,26.00,1.00,QSS,,,,,,,,,,,,,,,,,,,,,,,,,,,,,,,,,,,,,,,,,,,,,,,,,,,,,,,,
HOLE_047,Jerimum de Cima,104872,26.00,27.00,1.00,QSS,,,,,,,,,,,,,,,,,,,,,,,,,,,,,,,,,,,,,,,,,,,,,,,,,,,,,,,,
HOLE_047,Jerimum de Cima,104873,27.00,28.00,1.00,QSS,,,,,,,,,,,,,,,,,,,,,,,,,,,,,,,,,,,,,,,,,,,,,,,,,,,,,,,,
HOLE_047,Jerimum de Cima,104874,28.00,29.00,1.00,QSS,,,,,,,,,,,,,,,,,,,,,,,,,,,,,,,,,,,,,,,,,,,,,,,,,,,,,,,,
HOLE_047,Jerimum de Cima,104875,29.00,30.00,1.00,QSS,,,,,,,,,,,,,,,,,,,,,,,,,,,,,,,,,,,,,,,,,,,,,,,,,,,,,,,,
HOLE_047,Jerimum de Cima,104876,30.00,31.00,1.00,QSS,,,,,,,,,,,,,,,,,,,,,,,,,,,,,,,,,,,,,,,,,,,,,,,,,,,,,,,,
HOLE_047,Jerimum de Cima,104877,31.00,32.00,1.00,QSS,,,,,,,,,,,,,,,,,,,,,,,,,,,,,,,,,,,,,,,,,,,,,,,,,,,,,,,,
HOLE_047,Jerimum de Cima,104878,32.00,33.00,1.00,QSS,,,,,,,,,,,,,,,,,,,,,,,,,,,,,,,,,,,,,,,,,,,,,,,,,,,,,,,,
HOLE_047,Jerimum de Cima,104879,33.00,34.00,1.00,QSS,,,,,,,,,,,,,,,,,,,,,,,,,,,,,,,,,,,,,,,,,,,,,,,,,,,,,,,,
HOLE_047,Jerimum de Cima,104880,34.00,35.00,1.00,QSS,,,,,,,,,,,,,,,,,,,,,,,,,,,,,,,,,,,,,,,,,,,,,,,,,,,,,,,,
HOLE_047,Jerimum de Cima,104881,35.00,36.00,1.00,QSS,,,,,,,,,,,,,,,,,,,,,,,,,,,,,,,,,,,,,,,,,,,,,,,,,,,,,,,,
HOLE_047,Jerimum de Cima,104882,36.00,37.00,1.00,QSS,,,,,,,,,,,,,,,,,,,,,,,,,,,,,,,,,,,,,,,,,,,,,,,,,,,,,,,,
HOLE_047,Jerimum de Cima,104883,37.00,38.00,1.00,QSS,,,,,,,,,,,,,,,,,,,,,,,,,,,,,,,,,,,,,,,,,,,,,,,,,,,,,,,,
HOLE_047,Jerimum de Cima,104884,38.00,39.00,1.00,QSS,,,,,,,,,,,,,,,,,,,,,,,,,,,,,,,,,,,,,,,,,,,,,,,,,,,,,,,,
HOLE_047,Jerimum de Cima,104885,39.00,40.00,1.00,QSS,,,,,,,,,,,,,,,,,,,,,,,,,,,,,,,,,,,,,,,,,,,,,,,,,,,,,,,,
HOLE_047,Jerimum de Cima,104886,40.00,41.00,1.00,QSS,,,,,,,,,,,,,,,,,,,,,,,,,,,,,,,,,,,,,,,,,,,,,,,,,,,,,,,,
HOLE_047,Jerimum de Cima,104887,41.00,42.00,1.00,QSS,,,,,,,,,,,,,,,,,,,,,,,,,,,,,,,,,,,,,,,,,,,,,,,,,,,,,,,,
HOLE_047,Jerimum de Cima,104888,42.00,43.00,1.00,QSS,,,,,,,,,,,,,,,,,,,,,,,,,,,,,,,,,,,,,,,,,,,,,,,,,,,,,,,,
HOLE_047,Jerimum de Cima,104889,43.00,44.00,1.00,QSS,,,,,,,,,,,,,,,,,,,,,,,,,,,,,,,,,,,,,,,,,,,,,,,,,,,,,,,,
HOLE_047,Jerimum de Cima,104890,44.00,45.00,1.00,QSS,,,,,,,,,,,,,,,,,,,,,,,,,,,,,,,,,,,,,,,,,,,,,,,,,,,,,,,,
HOLE_047,Jerimum de Cima,104891,45.00,46.00,1.00,SAP,SAP,PV,,,,,,,,,,,,,,,,,,,,,,,,,,,,,,,,,,,,,,,,,,,,,,,,,,,,,,
HOLE_047,Jerimum de Cima,104892,46.00,47.00,1.00,SAP,SAP,PV,,,,,,,,,,,,,,,,,,,,,,,,,,,,,,,,,,,,,,,,,,,,,,,,,,,,,,
HOLE_047,Jerimum de Cima,104893,47.00,48.00,1.00,SAP,SAP,PV,,,,,,,,,,,,,,,,,,,,,,,,,,,,,,,,,,,,,,,,,,,,,,,,,,,,,,
HOLE_047,Jerimum de Cima,104894,48.00,49.00,1.00,SAP,SAP,PV,,,,,,,,,,,,,,,,,,,,,,,,,,,,,,,,,,,,,,,,,,,,,,,,,,,,,,
HOLE_047,Jerimum de Cima,104895,49.00,50.00,1.00,SAP,SAP,PV,,,,,,,,,,,,,,,,,,,,,,,,,,,,,,,,,,,,,,,,,,,,,,,,,,,,,,
HOLE_047,Jerimum de Cima,104896,50.00,51.00,1.00,SAP,SAP,PV,,,,,,,,,,,,,,,,,,,,,,,,,,,,,,,,,,,,,,,,,,,,,,,,,,,,,,
HOLE_047,Jerimum de Cima,104897,51.00,52.00,1.00,SAP,SAP,PV,,,,,,,,,,,,,,,,,,,,,,,,,,,,,,,,,,,,,,,,,,,,,,,,,,,,,,
HOLE_047,Jerimum de Cima,104898,52.00,53.00,1.00,SAP,SAP,PV,,,,,,,,,,,,,,,,,,,,,,,,,,,,,,,,,,,,,,,,,,,,,,,,,,,,,,
HOLE_047,Jerimum de Cima,104899,53.00,54.00,1.00,SAP,SAP,PV,,,,,,,,,,,,,,,,,,,,,,,,,,,,,,,,,,,,,,,,,,,,,,,,,,,,,,
HOLE_047,Jerimum de Cima,104900,54.00,55.00,1.00,SAP,SAP,PV,,,,,,,,,,,,,,,,,,,,,,,,,,,,,,,,,,,,,,,,,,,,,,,,,,,,,,
HOLE_047,Jerimum de Cima,104901,55.00,56.00,1.00,SAP,SAP,PV,,,,,,,,,,,,,,,,,,,,,,,,,,,,,,,,,,,,,,,,,,,,,,,,,,,,,,
HOLE_047,Jerimum de Cima,104902,56.00,57.00,1.00,SAP,SAP,PV,,,,,,,,,,,,,,,,,,,,,,,,,,,,,,,,,,,,,,,,,,,,,,,,,,,,,,
HOLE_047,Jerimum de Cima,104903,57.00,58.00,1.00,SAP,SAP,PV,,,,,,,,,,,,,,,,,,,,,,,,,,,,,,,,,,,,,,,,,,,,,,,,,,,,,,
HOLE_047,Jerimum de Cima,104904,58.00,59.00,1.00,SAP,SAP,PV,,,,,,,,,,,,,,,,,,,,,,,,,,,,,,,,,,,,,,,,,,,,,,,,,,,,,,
HOLE_047,Jerimum de Cima,104905,59.00,60.00,1.00,SAP,SAP,PV,,,,,,,,,,,,,,,,,,,,,,,,,,,,,,,,,,,,,,,,,,,,,,,,,,,,,,
HOLE_047,Jerimum de Cima,104906,60.00,61.00,1.00,SAP,SAP,PV,,,,,,,,,,,,,,,,,,,,,,,,,,,,,,,,,,,,,,,,,,,,,,,,,,,,,,
HOLE_047,Jerimum de Cima,104907,61.00,62.00,1.00,SAP,SAP,PV,,,,,,,,,,,,,,,,,,,,,,,,,,,,,,,,,,,,,,,,,,,,,,,,,,,,,,
HOLE_047,Jerimum de Cima,104908,62.00,63.00,1.00,SAP,SAP,PV,,,,,,,,,,,,,,,,,,,,,,,,,,,,,,,,,,,,,,,,,,,,,,,,,,,,,,
HOLE_047,Jerimum de Cima,104909,63.00,64.00,1.00,SAP,SAP,PV,,,,,,,,,,,,,,,,,,,,,,,,,,,,,,,,,,,,,,,,,,,,,,,,,,,,,,
HOLE_047,Jerimum de Cima,104910,64.00,65.00,1.00,SAP,SAP,PV,,,,,,,,,,,,,,,,,,,,,,,,,,,,,,,,,,,,,,,,,,,,,,,,,,,,,,
HOLE_047,Jerimum de Cima,104911,65.00,66.00,1.00,SAP,SAP,PV,,,,,,,,,,,,,,,,,,,,,,,,,,,,,,,,,,,,,,,,,,,,,,,,,,,,,,
HOLE_047,Jerimum de Cima,104912,66.00,67.00,1.00,SAP,SAP,PV,,,,,,,,,,,,,,,,,,,,,,,,,,,,,,,,,,,,,,,,,,,,,,,,,,,,,,
HOLE_047,Jerimum de Cima,104913,67.00,68.00,1.00,SAP,SAP,PV,,,,,,,,,,,,,,,,,,,,,,,,,,,,,,,,,,,,,,,,,,,,,,,,,,,,,,
HOLE_047,Jerimum de Cima,104914,68.00,69.00,1.00,SAP,SAP,PV,,,,,,,,,,,,,,,,,,,,,,,,,,,,,,,,,,,,,,,,,,,,,,,,,,,,,,
HOLE_047,Jerimum de Cima,104915,69.00,70.00,1.00,SAP,SAP,PV,,,,,,,,,,,,,,,,,,,,,,,,,,,,,,,,,,,,,,,,,,,,,,,,,,,,,,
HOLE_047,Jerimum de Cima,104916,70.00,71.00,1.00,SAP,SAP,PV,,,,,,,,,,,,,,,,,,,,,,,,,,,,,,,,,,,,,,,,,,,,,,,,,,,,,,
HOLE_047,Jerimum de Cima,104917,71.00,72.00,1.00,SAP,SAP,PV,,,,,,,,,,,,,,,,,,,,,,,,,,,,,,,,,,,,,,,,,,,,,,,,,,,,,,
HOLE_047,Jerimum de Cima,104918,72.00,73.00,1.00,SAP,SAP,PV,,,,,,,,,,,,,,,,,,,,,,,,,,,,,,,,,,,,,,,,,,,,,,,,,,,,,,
HOLE_047,Jerimum de Cima,104919,73.00,74.00,1.00,SAP,SAP,PV,,,,,,,,,,,,,,,,,,,,,,,,,,,,,,,,,,,,,,,,,,,,,,,,,,,,,,
HOLE_047,Jerimum de Cima,104920,74.00,75.00,1.00,SAP,SAP,PV,,,,,,,,,,,,,,,,,,,,,,,,,,,,,,,,,,,,,,,,,,,,,,,,,,,,,,
HOLE_047,Jerimum de Cima,104921,75.00,76.00,1.00,SAP,SAP,PV,,,,,,,,,,,,,,,,,,,,,,,,,,,,,,,,,,,,,,,,,,,,,,,,,,,,,,
HOLE_047,Jerimum de Cima,104922,76.00,77.00,1.00,SAP,SAP,PV,,,,,,,,,,,,,,,,,,,,,,,,,,,,,,,,,,,,,,,,,,,,,,,,,,,,,,
HOLE_047,Jerimum de Cima,104923,77.00,78.00,1.00,SAP,SAP,PV,,,,,,,,,,,,,,,,,,,,,,,,,,,,,,,,,,,,,,,,,,,,,,,,,,,,,,
HOLE_047,Jerimum de Cima,104924,78.00,79.00,1.00,SAP,SAP,PV,,,,,,,,,,,,,,,,,,,,,,,,,,,,,,,,,,,,,,,,,,,,,,,,,,,,,,
HOLE_047,Jerimum de Cima,104925,79.00,80.00,1.00,SAP,SAP,PV,,,,,,,,,,,,,,,,,,,,,,,,,,,,,,,,,,,,,,,,,,,,,,,,,,,,,,
HOLE_047,Jerimum de Cima,104926,80.00,81.00,1.00,SAP,SAP,PV,,,,,,,,,,,,,,,,,,,,,,,,,,,,,,,,,,,,,,,,,,,,,,,,,,,,,,
HOLE_047,Jerimum de Cima,104927,81.00,82.00,1.00,SAP,SAP,PV,,,,,,,,,,,,,,,,,,,,,,,,,,,,,,,,,,,,,,,,,,,,,,,,,,,,,,
HOLE_047,Jerimum de Cima,104928,82.00,83.00,1.00,SAP,SAP,PV,,,,,,,,,,,,,,,,,,,,,,,,,,,,,,,,,,,,,,,,,,,,,,,,,,,,,,
HOLE_047,Jerimum de Cima,104929,83.00,84.00,1.00,SAP,SAP,PV,,,,,,,,,,,,,,,,,,,,,,,,,,,,,,,,,,,,,,,,,,,,,,,,,,,,,,
HOLE_047,Jerimum de Cima,104930,84.00,85.00,1.00,SAP,SAP,PV,,,,,,,,,,,,,,,,,,,,,,,,,,,,,,,,,,,,,,,,,,,,,,,,,,,,,,
HOLE_047,Jerimum de Cima,104931,85.00,86.00,1.00,SAP,SAP,PV,,,,,,,,,,,,,,,,,,,,,,,,,,,,,,,,,,,,,,,,,,,,,,,,,,,,,,
HOLE_047,Jerimum de Cima,104932,86.00,87.05,1.05,SAP,SAP,PV,,,,,,,,,,,,,,,,,,,,,,,,,,,,,,,,,,,,,,,,,,,,,,,,,,,,,,
HOLE_047,Jerimum de Cima,104933,87.05,88.00,0.95,SAP,SAP,PV,,,,,,,,,,,,,,,,,,,,,,,,,,,,,,,,,,,,,,,,,,,,,,,,,,,,,,
HOLE_047,Jerimum de Cima,104934,88.00,89.00,1.00,SAP,SAP,PV,,,,,,,,,,,,,,,,,,,,,,,,,,,,,,,,,,,,,,,,,,,,,,,,,,,,,,
HOLE_047,Jerimum de Cima,104935,89.00,90.00,1.00,SAP,SAP,PV,,,,,,,,,,,,,,,,,,,,,,,,,,,,,,,,,,,,,,,,,,,,,,,,,,,,,,
HOLE_047,Jerimum de Cima,104936,90.00,91.35,1.35,SAP,SAP,PV,,,,,,,,,,,,,,,,,,,,,,,,,,,,,,,,,,,,,,,,,,,,,,,,,,,,,,
HOLE_047,Jerimum de Cima,104937,91.35,92.40,1.05,ID,CHP,PV,,,,,,,,,,,,,,,,,,,,,,,,,,,,,,,,,,,,,,,,,,,,,,,,,,,,,,
HOLE_047,Jerimum de Cima,104938,92.40,94.00,1.60,ID,CHP,PV,,,,,,,,,,,,,,,,,,,,,,,,,,,,,,,,,,,,,,,,,,,,,,,,,,,,,,
HOLE_047,Jerimum de Cima,104939,94.00,95.00,1.00,ID,CHP,PV,,,,,,,,,,,,,,,,,,,,,,,,,,,,,,,,,,,,,,,,,,,,,,,,,,,,,,
HOLE_047,Jerimum de Cima,104940,95.00,96.00,1.00,ID,CHP,PV,,,,,,,,,,,,,,,,,,,,,,,,,,,,,,,,,,,,,,,,,,,,,,,,,,,,,,
HOLE_047,Jerimum de Cima,104941,96.00,96.85,0.85,ID,CHP,PV,,,,,,,,,,,,,,,,,,,,,,,,,,,,,,,,,,,,,,,,,,,,,,,,,,,,,,
HOLE_047,Jerimum de Cima,104942,96.85,98.15,1.30,ID,CHP,PV,,,,,,,,,,,,,,,,,,,,,,,,,,,,,,,,,,,,,,,,,,,,,,,,,,,,,,
HOLE_047,Jerimum de Cima,104943,98.15,99.00,0.85,ID,CHP,PV,,,,,,,,,,,,,,,,,,,,,,,,,,,,,,,,,,,,,,,,,,,,,,,,,,,,,,
HOLE_047,Jerimum de Cima,104944,99.00,100.00,1.00,ID,CHP,PV,,,,,,,,,,,,,,,,,,,,,,,,,,,,,,,,,,,,,,,,,,,,,,,,,,,,,,
HOLE_047,Jerimum de Cima,104945,100.00,100.55,0.55,ID,CHP,PV,,,,,,,,,,,,,,,,,,,,,,,,,,,,,,,,,,,,,,,,,,,,,,,,,,,,,,
HOLE_047,Jerimum de Cima,104946,100.55,101.55,1.00,ID,CHP,PV,,,,,,,,,,,,,,,,,,,,,,,,,,,,,,,,,,,,,,,,,,,,,,,,,,,,,,
HOLE_047,Jerimum de Cima,104947,101.55,103.00,1.45,ID,CHP,PV,,,,,,,,,,,,,,,,,,,,,,,,,,,,,,,,,,,,,,,,,,,,,,,,,,,,,,
HOLE_047,Jerimum de Cima,104948,103.00,105.00,2.00,ID,CHP,PV,,,,,,,,,,,,,,,,,,,,,,,,,,,,,,,,,,,,,,,,,,,,,,,,,,,,,,
HOLE_047,Jerimum de Cima,104949,105.00,106.10,1.10,ID,CHP,PV,,,,,,,,,,,,,,,,,,,,,,,,,,,,,,,,,,,,,,,,,,,,,,,,,,,,,,
HOLE_047,Jerimum de Cima,104950,106.10,108.00,1.90,ID,CHP,MT,,,,,,,,,,,,,,,,,,,,,,,,,,,,,,,,,,,,,,,,,,,,,,,,,,,,,,
HOLE_047,Jerimum de Cima,104951,108.00,110.00,2.00,ID,CHP,MT,,,,,,,,,,,,,,,,,,,,,,,,,,,,,,,,,,,,,,,,,,,,,,,,,,,,,,
HOLE_047,Jerimum de Cima,104952,110.00,112.00,2.00,ID,CHP,MT,,,,,,,,,,,,,,,,,,,,,,,,,,,,,,,,,,,,,,,,,,,,,,,,,,,,,,
HOLE_047,Jerimum de Cima,104953,112.00,114.00,2.00,ID,CHP,MT,,,,,,,,,,,,,,,,,,,,,,,,,,,,,,,,,,,,,,,,,,,,,,,,,,,,,,
HOLE_047,Jerimum de Cima,104954,114.00,116.00,2.00,ID,CHP,MT,,,,,,,,,,,,,,,,,,,,,,,,,,,,,,,,,,,,,,,,,,,,,,,,,,,,,,
HOLE_047,Jerimum de Cima,104955,116.00,118.00,2.00,ID,CHP,MT,,,,,,,,,,,,,,,,,,,,,,,,,,,,,,,,,,,,,,,,,,,,,,,,,,,,,,
HOLE_047,Jerimum de Cima,104956,118.00,120.00,2.00,ID,CHP,MT,,,,,,,,,,,,,,,,,,,,,,,,,,,,,,,,,,,,,,,,,,,,,,,,,,,,,,
HOLE_047,Jerimum de Cima,104957,120.00,122.00,2.00,ID,CHP,MT,,,,,,,,,,,,,,,,,,,,,,,,,,,,,,,,,,,,,,,,,,,,,,,,,,,,,,
HOLE_047,Jerimum de Cima,104958,122.00,124.00,2.00,ID,CHP,MT,,,,,,,,,,,,,,,,,,,,,,,,,,,,,,,,,,,,,,,,,,,,,,,,,,,,,,
HOLE_047,Jerimum de Cima,104959,124.00,126.00,2.00,ID,CHP,MT,,,,,,,,,,,,,,,,,,,,,,,,,,,,,,,,,,,,,,,,,,,,,,,,,,,,,,
HOLE_047,Jerimum de Cima,104960,126.00,128.00,2.00,ID,CHP,MT,,,,,,,,,,,,,,,,,,,,,,,,,,,,,,,,,,,,,,,,,,,,,,,,,,,,,,
HOLE_047,Jerimum de Cima,104961,128.00,130.00,2.00,ID,CHP,MT,,,,,,,,,,,,,,,,,,,,,,,,,,,,,,,,,,,,,,,,,,,,,,,,,,,,,,
HOLE_047,Jerimum de Cima,104962,130.00,132.00,2.00,ID,CHP,MT,,,,,,,,,,,,,,,,,,,,,,,,,,,,,,,,,,,,,,,,,,,,,,,,,,,,,,
HOLE_047,Jerimum de Cima,104963,132.00,134.00,2.00,ID,CHP,MT,,,,,,,,,,,,,,,,,,,,,,,,,,,,,,,,,,,,,,,,,,,,,,,,,,,,,,
HOLE_047,Jerimum de Cima,104964,134.00,136.00,2.00,ID,CHP,MT,,,,,,,,,,,,,,,,,,,,,,,,,,,,,,,,,,,,,,,,,,,,,,,,,,,,,,
HOLE_047,Jerimum de Cima,104965,136.00,138.00,2.00,ID,CHP,MT,,,,,,,,,,,,,,,,,,,,,,,,,,,,,,,,,,,,,,,,,,,,,,,,,,,,,,
HOLE_047,Jerimum de Cima,104966,138.00,140.00,2.00,ID,CHP,MT,,,,,,,,,,,,,,,,,,,,,,,,,,,,,,,,,,,,,,,,,,,,,,,,,,,,,,
HOLE_047,Jerimum de Cima,104967,140.00,142.00,2.00,ID,CHP,MT,,,,,,,,,,,,,,,,,,,,,,,,,,,,,,,,,,,,,,,,,,,,,,,,,,,,,,
HOLE_047,Jerimum de Cima,104968,142.00,144.00,2.00,ID,CHP,MT,,,,,,,,,,,,,,,,,,,,,,,,,,,,,,,,,,,,,,,,,,,,,,,,,,,,,,
HOLE_047,Jerimum de Cima,104969,144.00,146.00,2.00,ID,CHP,MT,,,,,,,,,,,,,,,,,,,,,,,,,,,,,,,,,,,,,,,,,,,,,,,,,,,,,,
HOLE_047,Jerimum de Cima,104970,146.00,148.00,2.00,ID,CHP,MT,,,,,,,,,,,,,,,,,,,,,,,,,,,,,,,,,,,,,,,,,,,,,,,,,,,,,,
HOLE_047,Jerimum de Cima,104971,148.00,150.00,2.00,ID,CHP,MT,,,,,,,,,,,,,,,,,,,,,,,,,,,,,,,,,,,,,,,,,,,,,,,,,,,,,,
HOLE_047,Jerimum de Cima,104972,150.00,152.00,2.00,ID,CHP,MT,,,,,,,,,,,,,,,,,,,,,,,,,,,,,,,,,,,,,,,,,,,,,,,,,,,,,,
HOLE_047,Jerimum de Cima,104973,152.00,154.00,2.00,ID,CHP,MT,,,,,,,,,,,,,,,,,,,,,,,,,,,,,,,,,,,,,,,,,,,,,,,,,,,,,,
HOLE_047,Jerimum de Cima,104974,154.00,156.00,2.00,ID,CHP,MT,,,,,,,,,,,,,,,,,,,,,,,,,,,,,,,,,,,,,,,,,,,,,,,,,,,,,,
HOLE_047,Jerimum de Cima,104975,156.00,158.00,2.00,ID,CHP,MT,,,,,,,,,,,,,,,,,,,,,,,,,,,,,,,,,,,,,,,,,,,,,,,,,,,,,,
HOLE_047,Jerimum de Cima,104976,158.00,159.00,1.00,ID,CHP,MT,,,,,,,,,,,,,,,,,,,,,,,,,,,,,,,,,,,,,,,,,,,,,,,,,,,,,,
HOLE_047,Jerimum de Cima,104977,159.00,160.80,1.80,ID,CHP,MT,,,,,,,,,,,,,,,,,,,,,,,,,,,,,,,,,,,,,,,,,,,,,,,,,,,,,,
HOLE_047,Jerimum de Cima,104978,160.80,162.00,1.20,IGB,SCP,PV,,,,,,,,,,,,,,,,,,,,,,,,,,,,,,,,,,,,,,,,,,,,,,,,,,,,,,
HOLE_047,Jerimum de Cima,104979,162.00,163.00,1.00,IGB,SCP,PV,,,,,,,,,,,,,,,,,,,,,,,,,,,,,,,,,,,,,,,,,,,,,,,,,,,,,,
HOLE_047,Jerimum de Cima,104980,163.00,164.00,1.00,IGB,SCP,PV,,,,,,,,,,,,,,,,,,,,,,,,,,,,,,,,,,,,,,,,,,,,,,,,,,,,,,
HOLE_047,Jerimum de Cima,104981,164.00,164.60,0.60,IGB,SCP,PV,,,,,,,,,,,,,,,,,,,,,,,,,,,,,,,,,,,,,,,,,,,,,,,,,,,,,,
HOLE_047,Jerimum de Cima,104982,164.60,166.00,1.40,IGB,SCP,PV,,,,,,,,,,,,,,,,,,,,,,,,,,,,,,,,,,,,,,,,,,,,,,,,,,,,,,
HOLE_047,Jerimum de Cima,104983,166.00,167.00,1.00,IGB,SCP,PV,,,,,,,,,,,,,,,,,,,,,,,,,,,,,,,,,,,,,,,,,,,,,,,,,,,,,,
HOLE_047,Jerimum de Cima,104984,167.00,168.00,1.00,IGB,SCP,PV,,,,,,,,,,,,,,,,,,,,,,,,,,,,,,,,,,,,,,,,,,,,,,,,,,,,,,
HOLE_047,Jerimum de Cima,104985,168.00,169.00,1.00,IGB,SCP,PV,,,,,,,,,,,,,,,,,,,,,,,,,,,,,,,,,,,,,,,,,,,,,,,,,,,,,,
HOLE_047,Jerimum de Cima,104986,169.00,170.00,1.00,IGB,SCP,PV,,,,,,,,,,,,,,,,,,,,,,,,,,,,,,,,,,,,,,,,,,,,,,,,,,,,,,
HOLE_047,Jerimum de Cima,104987,170.00,171.00,1.00,IGB,SCP,PV,,,,,,,,,,,,,,,,,,,,,,,,,,,,,,,,,,,,,,,,,,,,,,,,,,,,,,
HOLE_047,Jerimum de Cima,104988,171.00,171.65,0.65,IGB,SCP,PV,,,,,,,,,,,,,,,,,,,,,,,,,,,,,,,,,,,,,,,,,,,,,,,,,,,,,,
HOLE_047,Jerimum de Cima,104989,171.65,172.30,0.65,IGB,SCP,PV,,,,,,,,,,,,,,,,,,,,,,,,,,,,,,,,,,,,,,,,,,,,,,,,,,,,,,
HOLE_047,Jerimum de Cima,104990,172.30,172.85,0.55,IGB,SCP,PV,,,,,,,,,,,,,,,,,,,,,,,,,,,,,,,,,,,,,,,,,,,,,,,,,,,,,,
HOLE_047,Jerimum de Cima,104991,172.85,173.35,0.50,ID,SCP,PV,,,,,,,,,,,,,,,,,,,,,,,,,,,,,,,,,,,,,,,,,,,,,,,,,,,,,,
HOLE_047,Jerimum de Cima,104992,173.35,173.85,0.50,ID,SCP,PV,,,,,,,,,,,,,,,,,,,,,,,,,,,,,,,,,,,,,,,,,,,,,,,,,,,,,,
HOLE_047,Jerimum de Cima,104993,173.85,174.55,0.70,ID,SCP,PV,,,,,,,,,,,,,,,,,,,,,,,,,,,,,,,,,,,,,,,,,,,,,,,,,,,,,,
HOLE_047,Jerimum de Cima,104994,174.55,176.00,1.45,ID,SCP,PV,,,,,,,,,,,,,,,,,,,,,,,,,,,,,,,,,,,,,,,,,,,,,,,,,,,,,,
HOLE_047,Jerimum de Cima,104995,176.00,177.00,1.00,ID,SCP,PV,,,,,,,,,,,,,,,,,,,,,,,,,,,,,,,,,,,,,,,,,,,,,,,,,,,,,,
HOLE_047,Jerimum de Cima,104996,177.00,177.65,0.65,ID,SCP,PV,,,,,,,,,,,,,,,,,,,,,,,,,,,,,,,,,,,,,,,,,,,,,,,,,,,,,,
HOLE_047,Jerimum de Cima,104997,177.65,178.65,1.00,ID,SCP,PV,,,,,,,,,,,,,,,,,,,,,,,,,,,,,,,,,,,,,,,,,,,,,,,,,,,,,,
HOLE_047,Jerimum de Cima,104998,178.65,179.65,1.00,ID,SCP,PV,,,,,,,,,,,,,,,,,,,,,,,,,,,,,,,,,,,,,,,,,,,,,,,,,,,,,,
HOLE_047,Jerimum de Cima,104999,179.65,180.35,0.70,ID,SCP,PV,,,,,,,,,,,,,,,,,,,,,,,,,,,,,,,,,,,,,,,,,,,,,,,,,,,,,,
HOLE_047,Jerimum de Cima,105000,180.35,180.90,0.55,ID,SCP,PV,,,,,,,,,,,,,,,,,,,,,,,,,,,,,,,,,,,,,,,,,,,,,,,,,,,,,,
HOLE_047,Jerimum de Cima,105001,180.90,181.50,0.60,ID,SCP,PV,,,,,,,,,,,,,,,,,,,,,,,,,,,,,,,,,,,,,,,,,,,,,,,,,,,,,,
HOLE_047,Jerimum de Cima,105002,181.50,182.65,1.15,ID,SCP,PV,,,,,,,,,,,,,,,,,,,,,,,,,,,,,,,,,,,,,,,,,,,,,,,,,,,,,,
HOLE_047,Jerimum de Cima,105003,182.65,183.50,0.85,ID,SCP,PV,,,,,,,,,,,,,,,,,,,,,,,,,,,,,,,,,,,,,,,,,,,,,,,,,,,,,,
HOLE_047,Jerimum de Cima,105004,183.50,184.00,0.50,ID,SCP,PV,,,,,,,,,,,,,,,,,,,,,,,,,,,,,,,,,,,,,,,,,,,,,,,,,,,,,,
HOLE_047,Jerimum de Cima,105005,184.00,184.50,0.50,ID,SCP,PV,,,,,,,,,,,,,,,,,,,,,,,,,,,,,,,,,,,,,,,,,,,,,,,,,,,,,,
HOLE_047,Jerimum de Cima,105006,184.50,185.00,0.50,ID,SCP,PV,,,,,,,,,,,,,,,,,,,,,,,,,,,,,,,,,,,,,,,,,,,,,,,,,,,,,,
HOLE_047,Jerimum de Cima,105007,185.00,186.00,1.00,ID,SCP,PV,,,,,,,,,,,,,,,,,,,,,,,,,,,,,,,,,,,,,,,,,,,,,,,,,,,,,,
HOLE_047,Jerimum de Cima,105008,186.00,187.00,1.00,ID,SCP,PV,,,,,,,,,,,,,,,,,,,,,,,,,,,,,,,,,,,,,,,,,,,,,,,,,,,,,,
HOLE_047,Jerimum de Cima,105009,187.00,187.60,0.60,ID,SCP,PV,,,,,,,,,,,,,,,,,,,,,,,,,,,,,,,,,,,,,,,,,,,,,,,,,,,,,,
HOLE_047,Jerimum de Cima,105010,187.60,188.25,0.65,ID,SCP,PV,,,,,,,,,,,,,,,,,,,,,,,,,,,,,,,,,,,,,,,,,,,,,,,,,,,,,,
HOLE_047,Jerimum de Cima,105011,188.25,188.90,0.65,ID,SCP,PV,,,,,,,,,,,,,,,,,,,,,,,,,,,,,,,,,,,,,,,,,,,,,,,,,,,,,,
HOLE_047,Jerimum de Cima,105012,188.90,190.00,1.10,ID,CHP,MT,,,,,,,,,,,,,,,,,,,,,,,,,,,,,,,,,,,,,,,,,,,,,,,,,,,,,,
HOLE_047,Jerimum de Cima,105013,190.00,192.00,2.00,ID,CHP,MT,,,,,,,,,,,,,,,,,,,,,,,,,,,,,,,,,,,,,,,,,,,,,,,,,,,,,,
HOLE_047,Jerimum de Cima,105014,192.00,194.00,2.00,ID,CHP,MT,,,,,,,,,,,,,,,,,,,,,,,,,,,,,,,,,,,,,,,,,,,,,,,,,,,,,,
HOLE_047,Jerimum de Cima,105015,194.00,196.00,2.00,ID,CHP,MT,,,,,,,,,,,,,,,,,,,,,,,,,,,,,,,,,,,,,,,,,,,,,,,,,,,,,,
HOLE_047,Jerimum de Cima,105016,196.00,198.00,2.00,ID,CHP,MT,,,,,,,,,,,,,,,,,,,,,,,,,,,,,,,,,,,,,,,,,,,,,,,,,,,,,,
HOLE_047,Jerimum de Cima,105017,198.00,200.00,2.00,ID,CHP,MT,,,,,,,,,,,,,,,,,,,,,,,,,,,,,,,,,,,,,,,,,,,,,,,,,,,,,,
HOLE_047,Jerimum de Cima,105018,200.00,202.00,2.00,ID,CHP,MT,,,,,,,,,,,,,,,,,,,,,,,,,,,,,,,,,,,,,,,,,,,,,,,,,,,,,,
HOLE_047,Jerimum de Cima,105019,202.00,204.00,2.00,ID,CHP,MT,,,,,,,,,,,,,,,,,,,,,,,,,,,,,,,,,,,,,,,,,,,,,,,,,,,,,,
HOLE_047,Jerimum de Cima,105020,204.00,206.00,2.00,ID,CHP,MT,,,,,,,,,,,,,,,,,,,,,,,,,,,,,,,,,,,,,,,,,,,,,,,,,,,,,,
HOLE_047,Jerimum de Cima,105021,206.00,208.00,2.00,ID,CHP,MT,,,,,,,,,,,,,,,,,,,,,,,,,,,,,,,,,,,,,,,,,,,,,,,,,,,,,,
HOLE_047,Jerimum de Cima,105022,208.00,210.00,2.00,ID,CHP,MT,,,,,,,,,,,,,,,,,,,,,,,,,,,,,,,,,,,,,,,,,,,,,,,,,,,,,,
HOLE_047,Jerimum de Cima,105023,210.00,212.00,2.00,ID,CHP,MT,,,,,,,,,,,,,,,,,,,,,,,,,,,,,,,,,,,,,,,,,,,,,,,,,,,,,,
HOLE_047,Jerimum de Cima,105024,212.00,214.00,2.00,ID,CHP,MT,,,,,,,,,,,,,,,,,,,,,,,,,,,,,,,,,,,,,,,,,,,,,,,,,,,,,,
HOLE_047,Jerimum de Cima,105025,214.00,216.00,2.00,ID,CHP,MT,,,,,,,,,,,,,,,,,,,,,,,,,,,,,,,,,,,,,,,,,,,,,,,,,,,,,,
HOLE_047,Jerimum de Cima,105026,216.00,218.00,2.00,ID,CHP,MT,,,,,,,,,,,,,,,,,,,,,,,,,,,,,,,,,,,,,,,,,,,,,,,,,,,,,,
HOLE_047,Jerimum de Cima,105027,218.00,220.00,2.00,ID,CHP,MT,,,,,,,,,,,,,,,,,,,,,,,,,,,,,,,,,,,,,,,,,,,,,,,,,,,,,,
HOLE_047,Jerimum de Cima,105028,220.00,221.45,1.45,ID,CHP,MT,,,,,,,,,,,,,,,,,,,,,,,,,,,,,,,,,,,,,,,,,,,,,,,,,,,,,,
HOLE_047,Jerimum de Cima,105029,221.45,223.00,1.55,ID,CHP,MT,,,,,,,,,,,,,,,,,,,,,,,,,,,,,,,,,,,,,,,,,,,,,,,,,,,,,,
HOLE_047,Jerimum de Cima,105030,223.00,225.00,2.00,ID,CHP,MT,,,,,,,,,,,,,,,,,,,,,,,,,,,,,,,,,,,,,,,,,,,,,,,,,,,,,,
HOLE_047,Jerimum de Cima,105031,225.00,227.00,2.00,ID,CHP,MT,,,,,,,,,,,,,,,,,,,,,,,,,,,,,,,,,,,,,,,,,,,,,,,,,,,,,,
HOLE_047,Jerimum de Cima,105032,227.00,229.00,2.00,ID,CHP,MT,,,,,,,,,,,,,,,,,,,,,,,,,,,,,,,,,,,,,,,,,,,,,,,,,,,,,,
HOLE_047,Jerimum de Cima,105033,229.00,231.00,2.00,ID,CHP,MT,,,,,,,,,,,,,,,,,,,,,,,,,,,,,,,,,,,,,,,,,,,,,,,,,,,,,,
HOLE_047,Jerimum de Cima,105034,231.00,233.00,2.00,ID,CHP,MT,,,,,,,,,,,,,,,,,,,,,,,,,,,,,,,,,,,,,,,,,,,,,,,,,,,,,,
HOLE_047,Jerimum de Cima,105035,233.00,235.00,2.00,ID,CHP,MT,,,,,,,,,,,,,,,,,,,,,,,,,,,,,,,,,,,,,,,,,,,,,,,,,,,,,,
HOLE_047,Jerimum de Cima,105036,235.00,237.00,2.00,ID,CHP,MT,,,,,,,,,,,,,,,,,,,,,,,,,,,,,,,,,,,,,,,,,,,,,,,,,,,,,,
HOLE_047,Jerimum de Cima,105037,237.00,238.00,1.00,ID,CHP,MT,,,,,,,,,,,,,,,,,,,,,,,,,,,,,,,,,,,,,,,,,,,,,,,,,,,,,,
HOLE_047,Jerimum de Cima,105038,238.00,239.75,1.75,ID,CHP,MT,,,,,,,,,,,,,,,,,,,,,,,,,,,,,,,,,,,,,,,,,,,,,,,,,,,,,,
HOLE_047,Jerimum de Cima,105039,239.75,240.75,1.00,ID,CHP,MT,,,,,,,,,,,,,,,,,,,,,,,,,,,,,,,,,,,,,,,,,,,,,,,,,,,,,,
HOLE_047,Jerimum de Cima,105040,240.75,241.65,0.90,ID,CHP,MT,,,,,,,,,,,,,,,,,,,,,,,,,,,,,,,,,,,,,,,,,,,,,,,,,,,,,,
HOLE_047,Jerimum de Cima,105041,241.65,243.00,1.35,ID,CHP,MT,,,,,,,,,,,,,,,,,,,,,,,,,,,,,,,,,,,,,,,,,,,,,,,,,,,,,,
HOLE_047,Jerimum de Cima,105042,243.00,245.00,2.00,ID,CHP,MT,,,,,,,,,,,,,,,,,,,,,,,,,,,,,,,,,,,,,,,,,,,,,,,,,,,,,,
HOLE_047,Jerimum de Cima,105043,245.00,246.00,1.00,ID,CHP,MT,,,,,,,,,,,,,,,,,,,,,,,,,,,,,,,,,,,,,,,,,,,,,,,,,,,,,,
HOLE_047,Jerimum de Cima,105044,246.00,247.70,1.70,ID,CHP,MT,,,,,,,,,,,,,,,,,,,,,,,,,,,,,,,,,,,,,,,,,,,,,,,,,,,,,,
HOLE_048,Jerimum de Cima,105045,0.00,1.00,1.00,DUMP,,,0.16,,,,,,,,,,,,,,,,,,,,,,,,,,,,,,,,,,,,,,,,,,,,,,,,,,,,,
HOLE_048,Jerimum de Cima,105046,1.00,2.00,1.00,QS,,,1.29,,,,,,,,,,,,,,,,,,,,,,,,,,,,,,,,,,,,,,,,,,,,,,,,,,,,,
HOLE_048,Jerimum de Cima,105047,2.00,3.00,1.00,QS,,,0.29,,,,,,,,,,,,,,,,,,,,,,,,,,,,,,,,,,,,,,,,,,,,,,,,,,,,,
HOLE_048,Jerimum de Cima,105048,3.00,4.00,1.00,QC,,,0.08,,,,,,,,,,,,,,,,,,,,,,,,,,,,,,,,,,,,,,,,,,,,,,,,,,,,,
HOLE_048,Jerimum de Cima,105049,4.00,5.00,1.00,QC,,,0.11,,,,,,,,,,,,,,,,,,,,,,,,,,,,,,,,,,,,,,,,,,,,,,,,,,,,,
HOLE_048,Jerimum de Cima,105050,5.00,6.00,1.00,QC,,,0.12,,,,,,,,,,,,,,,,,,,,,,,,,,,,,,,,,,,,,,,,,,,,,,,,,,,,,
HOLE_048,Jerimum de Cima,105051,6.00,7.00,1.00,QC,,,0.07,,,,,,,,,,,,,,,,,,,,,,,,,,,,,,,,,,,,,,,,,,,,,,,,,,,,,
HOLE_048,Jerimum de Cima,105052,7.00,8.00,1.00,QC,,,0.08,,,,,,,,,,,,,,,,,,,,,,,,,,,,,,,,,,,,,,,,,,,,,,,,,,,,,
HOLE_048,Jerimum de Cima,105053,8.00,9.00,1.00,QC,,,0.11,,,,,,,,,,,,,,,,,,,,,,,,,,,,,,,,,,,,,,,,,,,,,,,,,,,,,
HOLE_048,Jerimum de Cima,105054,9.00,10.00,1.00,QC,,,0.20,,,,,,,,,,,,,,,,,,,,,,,,,,,,,,,,,,,,,,,,,,,,,,,,,,,,,
HOLE_048,Jerimum de Cima,105055,10.00,11.00,1.00,QC,,,0.16,,,,,,,,,,,,,,,,,,,,,,,,,,,,,,,,,,,,,,,,,,,,,,,,,,,,,
HOLE_048,Jerimum de Cima,105056,11.00,12.00,1.00,QC,,,0.37,,,,,,,,,,,,,,,,,,,,,,,,,,,,,,,,,,,,,,,,,,,,,,,,,,,,,
HOLE_048,Jerimum de Cima,105057,12.00,13.00,1.00,SAP,SAP,PV,0.15,,,,,,,,,,,,,,,,,,,,,,,,,,,,,,,,,,,,,,,,,,,,,,,,,,,,,
HOLE_048,Jerimum de Cima,105058,13.00,14.00,1.00,SAP,SAP,PV,0.03,,,,,,,,,,,,,,,,,,,,,,,,,,,,,,,,,,,,,,,,,,,,,,,,,,,,,
HOLE_048,Jerimum de Cima,105059,14.00,15.00,1.00,SAP,SAP,PV,0.06,,,,,,,,,,,,,,,,,,,,,,,,,,,,,,,,,,,,,,,,,,,,,,,,,,,,,
HOLE_048,Jerimum de Cima,105060,15.00,16.00,1.00,SAP,SAP,PV,0.03,,,,,,,,,,,,,,,,,,,,,,,,,,,,,,,,,,,,,,,,,,,,,,,,,,,,,
HOLE_048,Jerimum de Cima,105061,16.00,17.00,1.00,SAP,SAP,PV,0.06,,,,,,,,,,,,,,,,,,,,,,,,,,,,,,,,,,,,,,,,,,,,,,,,,,,,,
HOLE_048,Jerimum de Cima,105062,17.00,18.00,1.00,SAP,SAP,PV,0.07,,,,,,,,,,,,,,,,,,,,,,,,,,,,,,,,,,,,,,,,,,,,,,,,,,,,,
HOLE_048,Jerimum de Cima,105063,18.00,19.00,1.00,SAP,SAP,PV,0.04,,,,,,,,,,,,,,,,,,,,,,,,,,,,,,,,,,,,,,,,,,,,,,,,,,,,,
HOLE_048,Jerimum de Cima,105064,19.00,20.00,1.00,SAP,SAP,PV,0.00,,,,,,,,,,,,,,,,,,,,,,,,,,,,,,,,,,,,,,,,,,,,,,,,,,,,,
HOLE_048,Jerimum de Cima,105065,20.00,21.00,1.00,SAP,SAP,PV,0.00,,,,,,,,,,,,,,,,,,,,,,,,,,,,,,,,,,,,,,,,,,,,,,,,,,,,,
HOLE_048,Jerimum de Cima,105066,21.00,22.00,1.00,SAP,SAP,PV,0.00,,,,,,,,,,,,,,,,,,,,,,,,,,,,,,,,,,,,,,,,,,,,,,,,,,,,,
HOLE_048,Jerimum de Cima,105067,22.00,23.00,1.00,SAP,SAP,PV,0.00,,,,,,,,,,,,,,,,,,,,,,,,,,,,,,,,,,,,,,,,,,,,,,,,,,,,,
HOLE_048,Jerimum de Cima,105068,23.00,24.00,1.00,SAP,SAP,PV,0.00,,,,,,,,,,,,,,,,,,,,,,,,,,,,,,,,,,,,,,,,,,,,,,,,,,,,,
HOLE_048,Jerimum de Cima,105069,24.00,25.00,1.00,SAP,SAP,PV,0.04,,,,,,,,,,,,,,,,,,,,,,,,,,,,,,,,,,,,,,,,,,,,,,,,,,,,,
HOLE_048,Jerimum de Cima,105070,25.00,26.00,1.00,SAP,SAP,PV,0.01,,,,,,,,,,,,,,,,,,,,,,,,,,,,,,,,,,,,,,,,,,,,,,,,,,,,,
HOLE_048,Jerimum de Cima,105071,26.00,27.00,1.00,SAP,SAP,PV,0.00,,,,,,,,,,,,,,,,,,,,,,,,,,,,,,,,,,,,,,,,,,,,,,,,,,,,,
HOLE_048,Jerimum de Cima,105072,27.00,28.00,1.00,SAP,SAP,PV,0.00,,,,,,,,,,,,,,,,,,,,,,,,,,,,,,,,,,,,,,,,,,,,,,,,,,,,,
HOLE_048,Jerimum de Cima,105073,28.00,29.00,1.00,SAP,SAP,PV,0.00,,,,,,,,,,,,,,,,,,,,,,,,,,,,,,,,,,,,,,,,,,,,,,,,,,,,,
HOLE_048,Jerimum de Cima,105074,29.00,30.00,1.00,SAP,SAP,PV,0.00,,,,,,,,,,,,,,,,,,,,,,,,,,,,,,,,,,,,,,,,,,,,,,,,,,,,,
HOLE_048,Jerimum de Cima,105075,30.00,31.00,1.00,SAP,SAP,PV,0.00,,,,,,,,,,,,,,,,,,,,,,,,,,,,,,,,,,,,,,,,,,,,,,,,,,,,,
HOLE_048,Jerimum de Cima,105076,31.00,32.00,1.00,SAP,SAP,PV,0.00,,,,,,,,,,,,,,,,,,,,,,,,,,,,,,,,,,,,,,,,,,,,,,,,,,,,,
HOLE_048,Jerimum de Cima,105077,32.00,33.00,1.00,SAP,SAP,PV,0.00,,,,,,,,,,,,,,,,,,,,,,,,,,,,,,,,,,,,,,,,,,,,,,,,,,,,,
HOLE_048,Jerimum de Cima,105078,33.00,34.00,1.00,SAP,SAP,PV,0.00,,,,,,,,,,,,,,,,,,,,,,,,,,,,,,,,,,,,,,,,,,,,,,,,,,,,,
HOLE_048,Jerimum de Cima,105079,34.00,35.00,1.00,SAP,SAP,PV,0.00,,,,,,,,,,,,,,,,,,,,,,,,,,,,,,,,,,,,,,,,,,,,,,,,,,,,,
HOLE_048,Jerimum de Cima,105080,35.00,36.00,1.00,SAP,SAP,PV,0.00,,,,,,,,,,,,,,,,,,,,,,,,,,,,,,,,,,,,,,,,,,,,,,,,,,,,,
HOLE_048,Jerimum de Cima,105081,36.00,37.00,1.00,SAP,SAP,PV,0.00,,,,,,,,,,,,,,,,,,,,,,,,,,,,,,,,,,,,,,,,,,,,,,,,,,,,,
HOLE_048,Jerimum de Cima,105082,37.00,38.00,1.00,SAP,SAP,PV,0.00,,,,,,,,,,,,,,,,,,,,,,,,,,,,,,,,,,,,,,,,,,,,,,,,,,,,,
HOLE_048,Jerimum de Cima,105083,38.00,39.00,1.00,SAP,SAP,PV,0.00,,,,,,,,,,,,,,,,,,,,,,,,,,,,,,,,,,,,,,,,,,,,,,,,,,,,,
HOLE_048,Jerimum de Cima,105084,39.00,40.00,1.00,SAP,SAP,PV,0.04,,,,,,,,,,,,,,,,,,,,,,,,,,,,,,,,,,,,,,,,,,,,,,,,,,,,,
HOLE_048,Jerimum de Cima,105085,40.00,41.00,1.00,SAP,SAP,PV,0.01,,,,,,,,,,,,,,,,,,,,,,,,,,,,,,,,,,,,,,,,,,,,,,,,,,,,,
HOLE_048,Jerimum de Cima,105086,41.00,42.00,1.00,SAP,SAP,PV,0.00,,,,,,,,,,,,,,,,,,,,,,,,,,,,,,,,,,,,,,,,,,,,,,,,,,,,,
HOLE_048,Jerimum de Cima,105087,42.00,43.00,1.00,SAP,SAP,PV,0.00,,,,,,,,,,,,,,,,,,,,,,,,,,,,,,,,,,,,,,,,,,,,,,,,,,,,,
HOLE_048,Jerimum de Cima,105088,43.00,44.00,1.00,SAP,SAP,PV,0.01,,,,,,,,,,,,,,,,,,,,,,,,,,,,,,,,,,,,,,,,,,,,,,,,,,,,,
HOLE_048,Jerimum de Cima,105089,44.00,45.00,1.00,SAP,SAP,PV,0.00,,,,,,,,,,,,,,,,,,,,,,,,,,,,,,,,,,,,,,,,,,,,,,,,,,,,,
HOLE_048,Jerimum de Cima,105090,45.00,46.00,1.00,SAP,SAP,PV,0.00,,,,,,,,,,,,,,,,,,,,,,,,,,,,,,,,,,,,,,,,,,,,,,,,,,,,,
HOLE_048,Jerimum de Cima,105091,46.00,47.00,1.00,SAP,SAP,PV,0.00,,,,,,,,,,,,,,,,,,,,,,,,,,,,,,,,,,,,,,,,,,,,,,,,,,,,,
HOLE_048,Jerimum de Cima,105092,47.00,48.00,1.00,SAP,SAP,PV,0.01,,,,,,,,,,,,,,,,,,,,,,,,,,,,,,,,,,,,,,,,,,,,,,,,,,,,,
HOLE_048,Jerimum de Cima,105093,48.00,49.00,1.00,SAP,SAP,PV,0.00,,,,,,,,,,,,,,,,,,,,,,,,,,,,,,,,,,,,,,,,,,,,,,,,,,,,,
HOLE_048,Jerimum de Cima,105094,49.00,50.00,1.00,SAP,SAP,PV,0.00,,,,,,,,,,,,,,,,,,,,,,,,,,,,,,,,,,,,,,,,,,,,,,,,,,,,,
HOLE_048,Jerimum de Cima,105095,50.00,51.00,1.00,SAP,SAP,PV,0.00,,,,,,,,,,,,,,,,,,,,,,,,,,,,,,,,,,,,,,,,,,,,,,,,,,,,,
HOLE_048,Jerimum de Cima,105096,51.00,52.00,1.00,SAP,SAP,PV,0.01,,,,,,,,,,,,,,,,,,,,,,,,,,,,,,,,,,,,,,,,,,,,,,,,,,,,,
HOLE_048,Jerimum de Cima,105097,52.00,53.00,1.00,SAP,SAP,PV,0.00,,,,,,,,,,,,,,,,,,,,,,,,,,,,,,,,,,,,,,,,,,,,,,,,,,,,,
HOLE_048,Jerimum de Cima,105098,53.00,54.00,1.00,SAP,SAP,PV,0.00,,,,,,,,,,,,,,,,,,,,,,,,,,,,,,,,,,,,,,,,,,,,,,,,,,,,,
HOLE_048,Jerimum de Cima,105099,54.00,55.00,1.00,SAP,SAP,PV,0.00,,,,,,,,,,,,,,,,,,,,,,,,,,,,,,,,,,,,,,,,,,,,,,,,,,,,,
HOLE_048,Jerimum de Cima,105100,55.00,56.00,1.00,SAP,SAP,PV,0.00,,,,,,,,,,,,,,,,,,,,,,,,,,,,,,,,,,,,,,,,,,,,,,,,,,,,,
HOLE_048,Jerimum de Cima,105101,56.00,57.00,1.00,SAP,SAP,PV,0.00,,,,,,,,,,,,,,,,,,,,,,,,,,,,,,,,,,,,,,,,,,,,,,,,,,,,,
HOLE_048,Jerimum de Cima,105102,57.00,58.00,1.00,SAP,SAP,PV,0.01,,,,,,,,,,,,,,,,,,,,,,,,,,,,,,,,,,,,,,,,,,,,,,,,,,,,,
HOLE_048,Jerimum de Cima,105103,58.00,59.00,1.00,SAP,SAP,PV,0.00,,,,,,,,,,,,,,,,,,,,,,,,,,,,,,,,,,,,,,,,,,,,,,,,,,,,,
HOLE_048,Jerimum de Cima,105104,59.00,60.00,1.00,SAP,SAP,PV,0.01,,,,,,,,,,,,,,,,,,,,,,,,,,,,,,,,,,,,,,,,,,,,,,,,,,,,,
HOLE_048,Jerimum de Cima,105105,60.00,61.00,1.00,SAP,SAP,PV,0.02,,,,,,,,,,,,,,,,,,,,,,,,,,,,,,,,,,,,,,,,,,,,,,,,,,,,,
HOLE_048,Jerimum de Cima,105106,61.00,62.00,1.00,SAP,SAP,PV,0.01,,,,,,,,,,,,,,,,,,,,,,,,,,,,,,,,,,,,,,,,,,,,,,,,,,,,,
HOLE_048,Jerimum de Cima,105107,62.00,63.00,1.00,SAP,SAP,PV,0.01,,,,,,,,,,,,,,,,,,,,,,,,,,,,,,,,,,,,,,,,,,,,,,,,,,,,,
HOLE_048,Jerimum de Cima,105108,63.00,64.00,1.00,SAP,SAP,PV,0.01,,,,,,,,,,,,,,,,,,,,,,,,,,,,,,,,,,,,,,,,,,,,,,,,,,,,,
HOLE_048,Jerimum de Cima,105109,64.00,65.00,1.00,SAP,SAP,PV,0.00,,,,,,,,,,,,,,,,,,,,,,,,,,,,,,,,,,,,,,,,,,,,,,,,,,,,,
HOLE_048,Jerimum de Cima,105110,65.00,66.00,1.00,SAP,SAP,PV,0.00,,,,,,,,,,,,,,,,,,,,,,,,,,,,,,,,,,,,,,,,,,,,,,,,,,,,,
HOLE_048,Jerimum de Cima,105111,66.00,67.00,1.00,SAP,SAP,PV,0.02,,,,,,,,,,,,,,,,,,,,,,,,,,,,,,,,,,,,,,,,,,,,,,,,,,,,,
HOLE_048,Jerimum de Cima,105112,67.00,68.00,1.00,SAP,SAP,PV,0.02,,,,,,,,,,,,,,,,,,,,,,,,,,,,,,,,,,,,,,,,,,,,,,,,,,,,,
HOLE_048,Jerimum de Cima,105113,68.00,69.00,1.00,SAP,SAP,PV,0.00,,,,,,,,,,,,,,,,,,,,,,,,,,,,,,,,,,,,,,,,,,,,,,,,,,,,,
HOLE_048,Jerimum de Cima,105114,69.00,70.00,1.00,SAP,SAP,PV,0.01,,,,,,,,,,,,,,,,,,,,,,,,,,,,,,,,,,,,,,,,,,,,,,,,,,,,,
HOLE_048,Jerimum de Cima,105115,70.00,71.00,1.00,SAP,SAP,PV,0.00,,,,,,,,,,,,,,,,,,,,,,,,,,,,,,,,,,,,,,,,,,,,,,,,,,,,,
HOLE_048,Jerimum de Cima,105116,71.00,72.00,1.00,SAP,SAP,PV,0.00,,,,,,,,,,,,,,,,,,,,,,,,,,,,,,,,,,,,,,,,,,,,,,,,,,,,,
HOLE_048,Jerimum de Cima,105117,72.00,73.00,1.00,SAP,SAP,PV,0.10,,,,,,,,,,,,,,,,,,,,,,,,,,,,,,,,,,,,,,,,,,,,,,,,,,,,,
HOLE_048,Jerimum de Cima,105118,73.00,74.00,1.00,SAP,SAP,PV,0.00,,,,,,,,,,,,,,,,,,,,,,,,,,,,,,,,,,,,,,,,,,,,,,,,,,,,,
HOLE_048,Jerimum de Cima,105119,74.00,75.00,1.00,SAP,SAP,PV,0.03,,,,,,,,,,,,,,,,,,,,,,,,,,,,,,,,,,,,,,,,,,,,,,,,,,,,,
HOLE_048,Jerimum de Cima,105120,75.00,76.00,1.00,SAP,SAP,PV,0.01,,,,,,,,,,,,,,,,,,,,,,,,,,,,,,,,,,,,,,,,,,,,,,,,,,,,,
HOLE_048,Jerimum de Cima,105121,76.00,77.00,1.00,SAP,SAP,PV,0.00,,,,,,,,,,,,,,,,,,,,,,,,,,,,,,,,,,,,,,,,,,,,,,,,,,,,,
HOLE_048,Jerimum de Cima,105122,77.00,78.00,1.00,SAP,SAP,PV,0.00,,,,,,,,,,,,,,,,,,,,,,,,,,,,,,,,,,,,,,,,,,,,,,,,,,,,,
HOLE_048,Jerimum de Cima,105123,78.00,79.00,1.00,SAP,SAP,PV,0.02,,,,,,,,,,,,,,,,,,,,,,,,,,,,,,,,,,,,,,,,,,,,,,,,,,,,,
HOLE_048,Jerimum de Cima,105124,79.00,80.00,1.00,SAP,SAP,PV,0.01,,,,,,,,,,,,,,,,,,,,,,,,,,,,,,,,,,,,,,,,,,,,,,,,,,,,,
HOLE_048,Jerimum de Cima,105125,80.00,81.00,1.00,SAP,SAP,PV,0.00,,,,,,,,,,,,,,,,,,,,,,,,,,,,,,,,,,,,,,,,,,,,,,,,,,,,,
HOLE_048,Jerimum de Cima,105126,81.00,82.00,1.00,SAP,SAP,PV,0.01,,,,,,,,,,,,,,,,,,,,,,,,,,,,,,,,,,,,,,,,,,,,,,,,,,,,,
HOLE_049,Jerimum de Cima,105127,0.00,1.00,1.00,SAP,SAP,PV,0.37,,,,,,,,,,,,,,,,,,,,,,,,,,,,,,,,,,,,,,,,,,,,,,,,,,,,,
HOLE_049,Jerimum de Cima,105128,1.00,2.00,1.00,SAP,SAP,PV,0.28,,,,,,,,,,,,,,,,,,,,,,,,,,,,,,,,,,,,,,,,,,,,,,,,,,,,,
HOLE_049,Jerimum de Cima,105129,2.00,3.00,1.00,SAP,SAP,PV,0.09,,,,,,,,,,,,,,,,,,,,,,,,,,,,,,,,,,,,,,,,,,,,,,,,,,,,,
HOLE_049,Jerimum de Cima,105130,3.00,4.00,1.00,SAP,SAP,PV,0.03,,,,,,,,,,,,,,,,,,,,,,,,,,,,,,,,,,,,,,,,,,,,,,,,,,,,,
HOLE_049,Jerimum de Cima,105131,4.00,5.00,1.00,SAP,SAP,PV,0.03,,,,,,,,,,,,,,,,,,,,,,,,,,,,,,,,,,,,,,,,,,,,,,,,,,,,,
HOLE_049,Jerimum de Cima,105132,5.00,6.00,1.00,SAP,SAP,PV,0.01,,,,,,,,,,,,,,,,,,,,,,,,,,,,,,,,,,,,,,,,,,,,,,,,,,,,,
HOLE_049,Jerimum de Cima,105133,6.00,7.00,1.00,SAP,SAP,PV,0.13,,,,,,,,,,,,,,,,,,,,,,,,,,,,,,,,,,,,,,,,,,,,,,,,,,,,,
HOLE_049,Jerimum de Cima,105134,7.00,8.00,1.00,DUMP,,,0.07,,,,,,,,,,,,,,,,,,,,,,,,,,,,,,,,,,,,,,,,,,,,,,,,,,,,,
HOLE_049,Jerimum de Cima,105135,8.00,9.00,1.00,SAP,SAP,PV,0.04,,,,,,,,,,,,,,,,,,,,,,,,,,,,,,,,,,,,,,,,,,,,,,,,,,,,,
HOLE_049,Jerimum de Cima,105136,9.00,10.00,1.00,SAP,SAP,PV,0.02,,,,,,,,,,,,,,,,,,,,,,,,,,,,,,,,,,,,,,,,,,,,,,,,,,,,,
HOLE_049,Jerimum de Cima,105137,10.00,11.00,1.00,SAP,SAP,PV,0.05,,,,,,,,,,,,,,,,,,,,,,,,,,,,,,,,,,,,,,,,,,,,,,,,,,,,,
HOLE_049,Jerimum de Cima,105138,11.00,12.00,1.00,SAP,SAP,PV,0.09,,,,,,,,,,,,,,,,,,,,,,,,,,,,,,,,,,,,,,,,,,,,,,,,,,,,,
HOLE_049,Jerimum de Cima,105139,12.00,13.00,1.00,SAP,SAP,PV,0.09,,,,,,,,,,,,,,,,,,,,,,,,,,,,,,,,,,,,,,,,,,,,,,,,,,,,,
HOLE_049,Jerimum de Cima,105140,13.00,14.00,1.00,SAP,SAP,PV,0.20,,,,,,,,,,,,,,,,,,,,,,,,,,,,,,,,,,,,,,,,,,,,,,,,,,,,,
HOLE_049,Jerimum de Cima,105141,14.00,15.00,1.00,SAP,SAP,PV,0.06,,,,,,,,,,,,,,,,,,,,,,,,,,,,,,,,,,,,,,,,,,,,,,,,,,,,,
HOLE_049,Jerimum de Cima,105142,15.00,16.00,1.00,SAP,SAP,PV,0.09,,,,,,,,,,,,,,,,,,,,,,,,,,,,,,,,,,,,,,,,,,,,,,,,,,,,,
HOLE_049,Jerimum de Cima,105143,16.00,17.00,1.00,SAP,SAP,PV,0.28,,,,,,,,,,,,,,,,,,,,,,,,,,,,,,,,,,,,,,,,,,,,,,,,,,,,,
HOLE_049,Jerimum de Cima,105144,17.00,18.00,1.00,SAP,SAP,PV,0.50,,,,,,,,,,,,,,,,,,,,,,,,,,,,,,,,,,,,,,,,,,,,,,,,,,,,,
HOLE_049,Jerimum de Cima,105145,18.00,19.00,1.00,SAP,SAP,PV,0.09,,,,,,,,,,,,,,,,,,,,,,,,,,,,,,,,,,,,,,,,,,,,,,,,,,,,,
HOLE_049,Jerimum de Cima,105146,19.00,20.00,1.00,SAP,SAP,PV,0.09,,,,,,,,,,,,,,,,,,,,,,,,,,,,,,,,,,,,,,,,,,,,,,,,,,,,,
HOLE_049,Jerimum de Cima,105147,20.00,21.00,1.00,SAP,SAP,PV,0.02,,,,,,,,,,,,,,,,,,,,,,,,,,,,,,,,,,,,,,,,,,,,,,,,,,,,,
HOLE_049,Jerimum de Cima,105148,21.00,22.00,1.00,SAP,SAP,PV,0.09,,,,,,,,,,,,,,,,,,,,,,,,,,,,,,,,,,,,,,,,,,,,,,,,,,,,,
HOLE_049,Jerimum de Cima,105149,22.00,23.00,1.00,SAP,SAP,PV,0.10,,,,,,,,,,,,,,,,,,,,,,,,,,,,,,,,,,,,,,,,,,,,,,,,,,,,,
HOLE_049,Jerimum de Cima,105150,23.00,24.00,1.00,SAP,SAP,PV,0.01,,,,,,,,,,,,,,,,,,,,,,,,,,,,,,,,,,,,,,,,,,,,,,,,,,,,,
HOLE_049,Jerimum de Cima,105151,24.00,25.00,1.00,SAP,SAP,PV,0.15,,,,,,,,,,,,,,,,,,,,,,,,,,,,,,,,,,,,,,,,,,,,,,,,,,,,,
HOLE_049,Jerimum de Cima,105152,25.00,26.00,1.00,SAP,SAP,PV,0.22,,,,,,,,,,,,,,,,,,,,,,,,,,,,,,,,,,,,,,,,,,,,,,,,,,,,,
HOLE_049,Jerimum de Cima,105153,26.00,27.00,1.00,SAP,SAP,PV,0.11,,,,,,,,,,,,,,,,,,,,,,,,,,,,,,,,,,,,,,,,,,,,,,,,,,,,,
HOLE_049,Jerimum de Cima,105154,27.00,28.00,1.00,SAP,SAP,PV,0.07,,,,,,,,,,,,,,,,,,,,,,,,,,,,,,,,,,,,,,,,,,,,,,,,,,,,,
HOLE_049,Jerimum de Cima,105155,28.00,29.00,1.00,SAP,SAP,PV,1.59,,,,,,,,,,,,,,,,,,,,,,,,,,,,,,,,,,,,,,,,,,,,,,,,,,,,,
HOLE_049,Jerimum de Cima,105156,29.00,30.00,1.00,SAP,SAP,PV,0.03,,,,,,,,,,,,,,,,,,,,,,,,,,,,,,,,,,,,,,,,,,,,,,,,,,,,,
HOLE_049,Jerimum de Cima,105157,30.00,31.00,1.00,SAP,SAP,PV,2.18,,,,,,,,,,,,,,,,,,,,,,,,,,,,,,,,,,,,,,,,,,,,,,,,,,,,,
HOLE_049,Jerimum de Cima,105158,31.00,32.00,1.00,SAP,SAP,PV,0.04,,,,,,,,,,,,,,,,,,,,,,,,,,,,,,,,,,,,,,,,,,,,,,,,,,,,,
HOLE_049,Jerimum de Cima,105159,32.00,33.00,1.00,SAP,SAP,PV,0.07,,,,,,,,,,,,,,,,,,,,,,,,,,,,,,,,,,,,,,,,,,,,,,,,,,,,,
HOLE_049,Jerimum de Cima,105160,33.00,34.00,1.00,SAP,SAP,PV,0.03,,,,,,,,,,,,,,,,,,,,,,,,,,,,,,,,,,,,,,,,,,,,,,,,,,,,,
HOLE_049,Jerimum de Cima,105161,34.00,35.00,1.00,SAP,SAP,PV,0.00,,,,,,,,,,,,,,,,,,,,,,,,,,,,,,,,,,,,,,,,,,,,,,,,,,,,,
HOLE_049,Jerimum de Cima,105162,35.00,36.00,1.00,SAP,SAP,PV,0.03,,,,,,,,,,,,,,,,,,,,,,,,,,,,,,,,,,,,,,,,,,,,,,,,,,,,,
HOLE_049,Jerimum de Cima,105163,36.00,37.00,1.00,SAP,SAP,PV,0.31,,,,,,,,,,,,,,,,,,,,,,,,,,,,,,,,,,,,,,,,,,,,,,,,,,,,,
HOLE_049,Jerimum de Cima,105164,37.00,38.00,1.00,SAP,SAP,PV,0.51,,,,,,,,,,,,,,,,,,,,,,,,,,,,,,,,,,,,,,,,,,,,,,,,,,,,,
HOLE_049,Jerimum de Cima,105165,38.00,39.00,1.00,SAP,SAP,PV,0.06,,,,,,,,,,,,,,,,,,,,,,,,,,,,,,,,,,,,,,,,,,,,,,,,,,,,,
HOLE_049,Jerimum de Cima,105166,39.00,40.00,1.00,SAP,SAP,PV,0.34,,,,,,,,,,,,,,,,,,,,,,,,,,,,,,,,,,,,,,,,,,,,,,,,,,,,,
HOLE_049,Jerimum de Cima,105167,40.00,41.00,1.00,SAP,SAP,PV,0.07,,,,,,,,,,,,,,,,,,,,,,,,,,,,,,,,,,,,,,,,,,,,,,,,,,,,,
HOLE_049,Jerimum de Cima,105168,41.00,42.00,1.00,SAP,SAP,PV,0.26,,,,,,,,,,,,,,,,,,,,,,,,,,,,,,,,,,,,,,,,,,,,,,,,,,,,,
HOLE_049,Jerimum de Cima,105169,42.00,43.00,1.00,SAP,SAP,PV,0.43,,,,,,,,,,,,,,,,,,,,,,,,,,,,,,,,,,,,,,,,,,,,,,,,,,,,,
HOLE_049,Jerimum de Cima,105170,43.00,44.00,1.00,SAP,SAP,PV,0.45,,,,,,,,,,,,,,,,,,,,,,,,,,,,,,,,,,,,,,,,,,,,,,,,,,,,,
HOLE_049,Jerimum de Cima,105171,44.00,45.00,1.00,SAP,SAP,PV,0.11,,,,,,,,,,,,,,,,,,,,,,,,,,,,,,,,,,,,,,,,,,,,,,,,,,,,,
HOLE_049,Jerimum de Cima,105172,45.00,46.00,1.00,SAP,SAP,PV,5.72,,,,,,,,,,,,,,,,,,,,,,,,,,,,,,,,,,,,,,,,,,,,,,,,,,,,,
HOLE_049,Jerimum de Cima,105173,46.00,47.00,1.00,SAP,SAP,PV,0.14,,,,,,,,,,,,,,,,,,,,,,,,,,,,,,,,,,,,,,,,,,,,,,,,,,,,,
HOLE_049,Jerimum de Cima,105174,47.00,48.00,1.00,SAP,SAP,PV,0.04,,,,,,,,,,,,,,,,,,,,,,,,,,,,,,,,,,,,,,,,,,,,,,,,,,,,,
HOLE_049,Jerimum de Cima,105175,48.00,49.00,1.00,SAP,SAP,PV,0.03,,,,,,,,,,,,,,,,,,,,,,,,,,,,,,,,,,,,,,,,,,,,,,,,,,,,,
HOLE_049,Jerimum de Cima,105176,49.00,50.00,1.00,SAP,SAP,PV,0.01,,,,,,,,,,,,,,,,,,,,,,,,,,,,,,,,,,,,,,,,,,,,,,,,,,,,,
HOLE_049,Jerimum de Cima,105177,50.00,51.00,1.00,SAP,SAP,PV,0.07,,,,,,,,,,,,,,,,,,,,,,,,,,,,,,,,,,,,,,,,,,,,,,,,,,,,,
HOLE_049,Jerimum de Cima,105178,51.00,52.00,1.00,SAP,SAP,PV,0.01,,,,,,,,,,,,,,,,,,,,,,,,,,,,,,,,,,,,,,,,,,,,,,,,,,,,,
HOLE_049,Jerimum de Cima,105179,52.00,53.00,1.00,SAP,SAP,PV,0.14,,,,,,,,,,,,,,,,,,,,,,,,,,,,,,,,,,,,,,,,,,,,,,,,,,,,,
HOLE_049,Jerimum de Cima,105180,53.00,54.00,1.00,SAP,SAP,PV,0.01,,,,,,,,,,,,,,,,,,,,,,,,,,,,,,,,,,,,,,,,,,,,,,,,,,,,,
HOLE_049,Jerimum de Cima,105181,54.00,55.00,1.00,SAP,SAP,PV,0.09,,,,,,,,,,,,,,,,,,,,,,,,,,,,,,,,,,,,,,,,,,,,,,,,,,,,,
HOLE_049,Jerimum de Cima,105182,55.00,56.00,1.00,SAP,SAP,PV,0.08,,,,,,,,,,,,,,,,,,,,,,,,,,,,,,,,,,,,,,,,,,,,,,,,,,,,,
HOLE_049,Jerimum de Cima,105183,56.00,57.00,1.00,SAP,SAP,PV,0.01,,,,,,,,,,,,,,,,,,,,,,,,,,,,,,,,,,,,,,,,,,,,,,,,,,,,,
HOLE_049,Jerimum de Cima,105184,57.00,58.00,1.00,SAP,SAP,PV,0.69,,,,,,,,,,,,,,,,,,,,,,,,,,,,,,,,,,,,,,,,,,,,,,,,,,,,,
HOLE_049,Jerimum de Cima,105185,58.00,59.00,1.00,SAP,SAP,PV,0.40,,,,,,,,,,,,,,,,,,,,,,,,,,,,,,,,,,,,,,,,,,,,,,,,,,,,,
HOLE_049,Jerimum de Cima,105186,59.00,60.00,1.00,SAP,SAP,PV,0.09,,,,,,,,,,,,,,,,,,,,,,,,,,,,,,,,,,,,,,,,,,,,,,,,,,,,,
HOLE_049,Jerimum de Cima,105187,60.00,61.00,1.00,SAP,SAP,PV,0.01,,,,,,,,,,,,,,,,,,,,,,,,,,,,,,,,,,,,,,,,,,,,,,,,,,,,,
HOLE_049,Jerimum de Cima,105188,61.00,62.00,1.00,SAP,SAP,PV,0.03,,,,,,,,,,,,,,,,,,,,,,,,,,,,,,,,,,,,,,,,,,,,,,,,,,,,,
HOLE_049,Jerimum de Cima,105189,62.00,63.00,1.00,SAP,SAP,PV,0.03,,,,,,,,,,,,,,,,,,,,,,,,,,,,,,,,,,,,,,,,,,,,,,,,,,,,,
HOLE_049,Jerimum de Cima,105190,63.00,64.00,1.00,SAP,SAP,PV,0.00,,,,,,,,,,,,,,,,,,,,,,,,,,,,,,,,,,,,,,,,,,,,,,,,,,,,,
HOLE_049,Jerimum de Cima,105191,64.00,65.00,1.00,SAP,SAP,PV,0.06,,,,,,,,,,,,,,,,,,,,,,,,,,,,,,,,,,,,,,,,,,,,,,,,,,,,,
HOLE_049,Jerimum de Cima,105192,65.00,66.00,1.00,SAP,SAP,PV,0.00,,,,,,,,,,,,,,,,,,,,,,,,,,,,,,,,,,,,,,,,,,,,,,,,,,,,,
HOLE_049,Jerimum de Cima,105193,66.00,67.00,1.00,SAP,SAP,PV,0.00,,,,,,,,,,,,,,,,,,,,,,,,,,,,,,,,,,,,,,,,,,,,,,,,,,,,,
HOLE_049,Jerimum de Cima,105194,67.00,68.00,1.00,SAP,SAP,PV,0.01,,,,,,,,,,,,,,,,,,,,,,,,,,,,,,,,,,,,,,,,,,,,,,,,,,,,,
HOLE_049,Jerimum de Cima,105195,68.00,69.00,1.00,SAP,SAP,PV,0.02,,,,,,,,,,,,,,,,,,,,,,,,,,,,,,,,,,,,,,,,,,,,,,,,,,,,,
HOLE_049,Jerimum de Cima,105196,69.00,70.00,1.00,SAP,SAP,PV,0.01,,,,,,,,,,,,,,,,,,,,,,,,,,,,,,,,,,,,,,,,,,,,,,,,,,,,,
HOLE_049,Jerimum de Cima,105197,70.00,71.00,1.00,SAP,SAP,PV,0.00,,,,,,,,,,,,,,,,,,,,,,,,,,,,,,,,,,,,,,,,,,,,,,,,,,,,,
HOLE_049,Jerimum de Cima,105198,71.00,72.00,1.00,SAP,SAP,PV,0.08,,,,,,,,,,,,,,,,,,,,,,,,,,,,,,,,,,,,,,,,,,,,,,,,,,,,,
HOLE_049,Jerimum de Cima,105199,72.00,73.00,1.00,SAP,SAP,PV,0.03,,,,,,,,,,,,,,,,,,,,,,,,,,,,,,,,,,,,,,,,,,,,,,,,,,,,,
HOLE_049,Jerimum de Cima,105200,73.00,74.00,1.00,SAP,SAP,PV,0.02,,,,,,,,,,,,,,,,,,,,,,,,,,,,,,,,,,,,,,,,,,,,,,,,,,,,,
HOLE_049,Jerimum de Cima,105201,74.00,75.00,1.00,SAP,SAP,PV,0.01,,,,,,,,,,,,,,,,,,,,,,,,,,,,,,,,,,,,,,,,,,,,,,,,,,,,,
HOLE_049,Jerimum de Cima,105202,75.00,76.00,1.00,SAP,SAP,PV,0.01,,,,,,,,,,,,,,,,,,,,,,,,,,,,,,,,,,,,,,,,,,,,,,,,,,,,,
HOLE_049,Jerimum de Cima,105203,76.00,77.00,1.00,SAP,SAP,PV,0.05,,,,,,,,,,,,,,,,,,,,,,,,,,,,,,,,,,,,,,,,,,,,,,,,,,,,,
HOLE_049,Jerimum de Cima,105204,77.00,78.00,1.00,SAP,SAP,PV,0.02,,,,,,,,,,,,,,,,,,,,,,,,,,,,,,,,,,,,,,,,,,,,,,,,,,,,,
HOLE_049,Jerimum de Cima,105205,78.00,79.00,1.00,SAP,SAP,PV,0.00,,,,,,,,,,,,,,,,,,,,,,,,,,,,,,,,,,,,,,,,,,,,,,,,,,,,,
HOLE_049,Jerimum de Cima,105206,79.00,80.00,1.00,SAP,SAP,PV,0.01,,,,,,,,,,,,,,,,,,,,,,,,,,,,,,,,,,,,,,,,,,,,,,,,,,,,,
HOLE_049,Jerimum de Cima,105207,80.00,81.00,1.00,SAP,SAP,PV,0.03,,,,,,,,,,,,,,,,,,,,,,,,,,,,,,,,,,,,,,,,,,,,,,,,,,,,,
HOLE_049,Jerimum de Cima,105208,81.00,82.00,1.00,SAP,SAP,PV,0.87,,,,,,,,,,,,,,,,,,,,,,,,,,,,,,,,,,,,,,,,,,,,,,,,,,,,,
HOLE_049,Jerimum de Cima,105209,82.00,83.00,1.00,SAP,SAP,PV,0.13,,,,,,,,,,,,,,,,,,,,,,,,,,,,,,,,,,,,,,,,,,,,,,,,,,,,,
HOLE_049,Jerimum de Cima,105210,83.00,84.00,1.00,SAP,SAP,PV,0.12,,,,,,,,,,,,,,,,,,,,,,,,,,,,,,,,,,,,,,,,,,,,,,,,,,,,,
HOLE_049,Jerimum de Cima,105211,84.00,85.00,1.00,SAP,SAP,PV,0.03,,,,,,,,,,,,,,,,,,,,,,,,,,,,,,,,,,,,,,,,,,,,,,,,,,,,,
HOLE_049,Jerimum de Cima,105212,85.00,86.00,1.00,SAP,SAP,PV,0.14,,,,,,,,,,,,,,,,,,,,,,,,,,,,,,,,,,,,,,,,,,,,,,,,,,,,,
HOLE_049,Jerimum de Cima,105213,86.00,87.00,1.00,SAP,SAP,PV,0.07,,,,,,,,,,,,,,,,,,,,,,,,,,,,,,,,,,,,,,,,,,,,,,,,,,,,,
HOLE_049,Jerimum de Cima,105214,87.00,88.00,1.00,SAP,SAP,PV,0.04,,,,,,,,,,,,,,,,,,,,,,,,,,,,,,,,,,,,,,,,,,,,,,,,,,,,,
HOLE_050,Jerimum de Cima,105215,0.00,1.00,1.00,SAP,SAP,PV,0.09,,,,,,,,,,,,,,,,,,,,,,,,,,,,,,,,,,,,,,,,,,,,,,,,,,,,,
HOLE_050,Jerimum de Cima,105216,1.00,2.00,1.00,SAP,SAP,PV,0.07,,,,,,,,,,,,,,,,,,,,,,,,,,,,,,,,,,,,,,,,,,,,,,,,,,,,,
HOLE_050,Jerimum de Cima,105217,2.00,3.00,1.00,SAP,SAP,PV,0.07,,,,,,,,,,,,,,,,,,,,,,,,,,,,,,,,,,,,,,,,,,,,,,,,,,,,,
HOLE_050,Jerimum de Cima,105218,3.00,4.00,1.00,SAP,SAP,PV,0.29,,,,,,,,,,,,,,,,,,,,,,,,,,,,,,,,,,,,,,,,,,,,,,,,,,,,,
HOLE_050,Jerimum de Cima,105219,4.00,5.00,1.00,SAP,SAP,PV,0.07,,,,,,,,,,,,,,,,,,,,,,,,,,,,,,,,,,,,,,,,,,,,,,,,,,,,,
HOLE_050,Jerimum de Cima,105220,5.00,6.00,1.00,SAP,SAP,PV,0.06,,,,,,,,,,,,,,,,,,,,,,,,,,,,,,,,,,,,,,,,,,,,,,,,,,,,,
HOLE_050,Jerimum de Cima,105221,6.00,7.00,1.00,SAP,SAP,PV,0.15,,,,,,,,,,,,,,,,,,,,,,,,,,,,,,,,,,,,,,,,,,,,,,,,,,,,,
HOLE_050,Jerimum de Cima,105222,7.00,8.00,1.00,SAP,SAP,PV,1.15,,,,,,,,,,,,,,,,,,,,,,,,,,,,,,,,,,,,,,,,,,,,,,,,,,,,,
HOLE_050,Jerimum de Cima,105223,8.00,9.00,1.00,SAP,SAP,PV,0.20,,,,,,,,,,,,,,,,,,,,,,,,,,,,,,,,,,,,,,,,,,,,,,,,,,,,,
HOLE_050,Jerimum de Cima,105224,9.00,10.00,1.00,SAP,SAP,PV,0.05,,,,,,,,,,,,,,,,,,,,,,,,,,,,,,,,,,,,,,,,,,,,,,,,,,,,,
HOLE_050,Jerimum de Cima,105225,10.00,11.00,1.00,SAP,SAP,PV,0.03,,,,,,,,,,,,,,,,,,,,,,,,,,,,,,,,,,,,,,,,,,,,,,,,,,,,,
HOLE_050,Jerimum de Cima,105226,11.00,12.00,1.00,SAP,SAP,PV,0.05,,,,,,,,,,,,,,,,,,,,,,,,,,,,,,,,,,,,,,,,,,,,,,,,,,,,,
HOLE_050,Jerimum de Cima,105227,12.00,13.00,1.00,SAP,SAP,PV,0.00,,,,,,,,,,,,,,,,,,,,,,,,,,,,,,,,,,,,,,,,,,,,,,,,,,,,,
HOLE_050,Jerimum de Cima,105228,13.00,14.00,1.00,SAP,SAP,PV,0.01,,,,,,,,,,,,,,,,,,,,,,,,,,,,,,,,,,,,,,,,,,,,,,,,,,,,,
HOLE_050,Jerimum de Cima,105229,14.00,15.00,1.00,SAP,SAP,PV,0.01,,,,,,,,,,,,,,,,,,,,,,,,,,,,,,,,,,,,,,,,,,,,,,,,,,,,,
HOLE_050,Jerimum de Cima,105230,15.00,16.00,1.00,SAP,SAP,PV,0.02,,,,,,,,,,,,,,,,,,,,,,,,,,,,,,,,,,,,,,,,,,,,,,,,,,,,,
HOLE_050,Jerimum de Cima,105231,16.00,17.00,1.00,SAP,SAP,PV,0.04,,,,,,,,,,,,,,,,,,,,,,,,,,,,,,,,,,,,,,,,,,,,,,,,,,,,,
HOLE_050,Jerimum de Cima,105232,17.00,18.00,1.00,SAP,SAP,PV,0.00,,,,,,,,,,,,,,,,,,,,,,,,,,,,,,,,,,,,,,,,,,,,,,,,,,,,,
HOLE_050,Jerimum de Cima,105233,18.00,19.00,1.00,SAP,SAP,PV,0.00,,,,,,,,,,,,,,,,,,,,,,,,,,,,,,,,,,,,,,,,,,,,,,,,,,,,,
HOLE_050,Jerimum de Cima,105234,19.00,20.00,1.00,SAP,SAP,PV,0.00,,,,,,,,,,,,,,,,,,,,,,,,,,,,,,,,,,,,,,,,,,,,,,,,,,,,,
HOLE_050,Jerimum de Cima,105235,20.00,21.00,1.00,SAP,SAP,PV,0.00,,,,,,,,,,,,,,,,,,,,,,,,,,,,,,,,,,,,,,,,,,,,,,,,,,,,,
HOLE_050,Jerimum de Cima,105236,21.00,22.00,1.00,SAP,SAP,PV,0.00,,,,,,,,,,,,,,,,,,,,,,,,,,,,,,,,,,,,,,,,,,,,,,,,,,,,,
HOLE_050,Jerimum de Cima,105237,22.00,23.00,1.00,SAP,SAP,PV,0.00,,,,,,,,,,,,,,,,,,,,,,,,,,,,,,,,,,,,,,,,,,,,,,,,,,,,,
HOLE_050,Jerimum de Cima,105238,23.00,24.00,1.00,SAP,SAP,PV,0.00,,,,,,,,,,,,,,,,,,,,,,,,,,,,,,,,,,,,,,,,,,,,,,,,,,,,,
HOLE_050,Jerimum de Cima,105239,24.00,25.00,1.00,SAP,SAP,PV,0.00,,,,,,,,,,,,,,,,,,,,,,,,,,,,,,,,,,,,,,,,,,,,,,,,,,,,,
HOLE_050,Jerimum de Cima,105240,25.00,26.00,1.00,SAP,SAP,PV,0.00,,,,,,,,,,,,,,,,,,,,,,,,,,,,,,,,,,,,,,,,,,,,,,,,,,,,,
HOLE_050,Jerimum de Cima,105241,26.00,27.00,1.00,SAP,SAP,PV,0.04,,,,,,,,,,,,,,,,,,,,,,,,,,,,,,,,,,,,,,,,,,,,,,,,,,,,,
HOLE_050,Jerimum de Cima,105242,27.00,28.00,1.00,SAP,SAP,PV,0.03,,,,,,,,,,,,,,,,,,,,,,,,,,,,,,,,,,,,,,,,,,,,,,,,,,,,,
HOLE_050,Jerimum de Cima,105243,28.00,29.00,1.00,SAP,SAP,PV,0.00,,,,,,,,,,,,,,,,,,,,,,,,,,,,,,,,,,,,,,,,,,,,,,,,,,,,,
HOLE_050,Jerimum de Cima,105244,29.00,30.00,1.00,SAP,SAP,PV,0.00,,,,,,,,,,,,,,,,,,,,,,,,,,,,,,,,,,,,,,,,,,,,,,,,,,,,,
HOLE_050,Jerimum de Cima,105245,30.00,31.00,1.00,SAP,SAP,PV,0.01,,,,,,,,,,,,,,,,,,,,,,,,,,,,,,,,,,,,,,,,,,,,,,,,,,,,,
HOLE_050,Jerimum de Cima,105246,31.00,32.00,1.00,SAP,SAP,PV,0.01,,,,,,,,,,,,,,,,,,,,,,,,,,,,,,,,,,,,,,,,,,,,,,,,,,,,,
HOLE_050,Jerimum de Cima,105247,32.00,33.00,1.00,SAP,SAP,PV,0.00,,,,,,,,,,,,,,,,,,,,,,,,,,,,,,,,,,,,,,,,,,,,,,,,,,,,,
HOLE_050,Jerimum de Cima,105248,33.00,34.00,1.00,SAP,SAP,PV,0.00,,,,,,,,,,,,,,,,,,,,,,,,,,,,,,,,,,,,,,,,,,,,,,,,,,,,,
HOLE_050,Jerimum de Cima,105249,34.00,35.00,1.00,SAP,SAP,PV,0.00,,,,,,,,,,,,,,,,,,,,,,,,,,,,,,,,,,,,,,,,,,,,,,,,,,,,,
HOLE_050,Jerimum de Cima,105250,35.00,36.00,1.00,SAP,SAP,PV,0.00,,,,,,,,,,,,,,,,,,,,,,,,,,,,,,,,,,,,,,,,,,,,,,,,,,,,,
HOLE_050,Jerimum de Cima,105251,36.00,37.00,1.00,SAP,SAP,PV,0.00,,,,,,,,,,,,,,,,,,,,,,,,,,,,,,,,,,,,,,,,,,,,,,,,,,,,,
HOLE_050,Jerimum de Cima,105252,37.00,38.00,1.00,SAP,SAP,PV,0.00,,,,,,,,,,,,,,,,,,,,,,,,,,,,,,,,,,,,,,,,,,,,,,,,,,,,,
HOLE_050,Jerimum de Cima,105253,38.00,39.00,1.00,SAP,SAP,PV,0.00,,,,,,,,,,,,,,,,,,,,,,,,,,,,,,,,,,,,,,,,,,,,,,,,,,,,,
HOLE_050,Jerimum de Cima,105254,39.00,40.00,1.00,SAP,SAP,PV,0.00,,,,,,,,,,,,,,,,,,,,,,,,,,,,,,,,,,,,,,,,,,,,,,,,,,,,,
HOLE_050,Jerimum de Cima,105255,40.00,41.00,1.00,SAP,SAP,PV,0.01,,,,,,,,,,,,,,,,,,,,,,,,,,,,,,,,,,,,,,,,,,,,,,,,,,,,,
HOLE_050,Jerimum de Cima,105256,41.00,42.00,1.00,SAP,SAP,PV,0.01,,,,,,,,,,,,,,,,,,,,,,,,,,,,,,,,,,,,,,,,,,,,,,,,,,,,,
HOLE_050,Jerimum de Cima,105257,42.00,43.00,1.00,SAP,SAP,PV,0.00,,,,,,,,,,,,,,,,,,,,,,,,,,,,,,,,,,,,,,,,,,,,,,,,,,,,,
HOLE_050,Jerimum de Cima,105258,43.00,44.00,1.00,SAP,SAP,PV,0.00,,,,,,,,,,,,,,,,,,,,,,,,,,,,,,,,,,,,,,,,,,,,,,,,,,,,,
HOLE_050,Jerimum de Cima,105259,44.00,45.00,1.00,SAP,SAP,PV,0.01,,,,,,,,,,,,,,,,,,,,,,,,,,,,,,,,,,,,,,,,,,,,,,,,,,,,,
HOLE_050,Jerimum de Cima,105260,45.00,46.00,1.00,SAP,SAP,PV,0.04,,,,,,,,,,,,,,,,,,,,,,,,,,,,,,,,,,,,,,,,,,,,,,,,,,,,,
HOLE_050,Jerimum de Cima,105261,46.00,47.00,1.00,SAP,SAP,PV,0.04,,,,,,,,,,,,,,,,,,,,,,,,,,,,,,,,,,,,,,,,,,,,,,,,,,,,,
HOLE_050,Jerimum de Cima,105262,47.00,48.00,1.00,SAP,SAP,PV,0.02,,,,,,,,,,,,,,,,,,,,,,,,,,,,,,,,,,,,,,,,,,,,,,,,,,,,,
HOLE_050,Jerimum de Cima,105263,48.00,49.00,1.00,SAP,SAP,PV,0.01,,,,,,,,,,,,,,,,,,,,,,,,,,,,,,,,,,,,,,,,,,,,,,,,,,,,,
HOLE_050,Jerimum de Cima,105264,49.00,50.00,1.00,SAP,SAP,PV,0.00,,,,,,,,,,,,,,,,,,,,,,,,,,,,,,,,,,,,,,,,,,,,,,,,,,,,,
HOLE_050,Jerimum de Cima,105265,50.00,51.00,1.00,SAP,SAP,PV,0.01,,,,,,,,,,,,,,,,,,,,,,,,,,,,,,,,,,,,,,,,,,,,,,,,,,,,,
HOLE_050,Jerimum de Cima,105266,51.00,52.00,1.00,SAP,SAP,PV,0.02,,,,,,,,,,,,,,,,,,,,,,,,,,,,,,,,,,,,,,,,,,,,,,,,,,,,,
HOLE_050,Jerimum de Cima,105267,52.00,53.00,1.00,SAP,SAP,PV,0.02,,,,,,,,,,,,,,,,,,,,,,,,,,,,,,,,,,,,,,,,,,,,,,,,,,,,,
HOLE_050,Jerimum de Cima,105268,53.00,54.00,1.00,SAP,SAP,PV,0.01,,,,,,,,,,,,,,,,,,,,,,,,,,,,,,,,,,,,,,,,,,,,,,,,,,,,,
HOLE_050,Jerimum de Cima,105269,54.00,55.00,1.00,SAP,SAP,PV,0.02,,,,,,,,,,,,,,,,,,,,,,,,,,,,,,,,,,,,,,,,,,,,,,,,,,,,,
HOLE_050,Jerimum de Cima,105270,55.00,56.00,1.00,SAP,SAP,PV,0.03,,,,,,,,,,,,,,,,,,,,,,,,,,,,,,,,,,,,,,,,,,,,,,,,,,,,,
HOLE_050,Jerimum de Cima,105271,56.00,57.00,1.00,SAP,SAP,PV,0.05,,,,,,,,,,,,,,,,,,,,,,,,,,,,,,,,,,,,,,,,,,,,,,,,,,,,,
HOLE_050,Jerimum de Cima,105272,57.00,58.00,1.00,SAP,SAP,PV,0.01,,,,,,,,,,,,,,,,,,,,,,,,,,,,,,,,,,,,,,,,,,,,,,,,,,,,,
HOLE_050,Jerimum de Cima,105273,58.00,59.00,1.00,SAP,SAP,PV,0.04,,,,,,,,,,,,,,,,,,,,,,,,,,,,,,,,,,,,,,,,,,,,,,,,,,,,,
HOLE_050,Jerimum de Cima,105274,59.00,60.00,1.00,SAP,SAP,PV,0.39,,,,,,,,,,,,,,,,,,,,,,,,,,,,,,,,,,,,,,,,,,,,,,,,,,,,,
HOLE_050,Jerimum de Cima,105275,60.00,61.00,1.00,SAP,SAP,PV,0.07,,,,,,,,,,,,,,,,,,,,,,,,,,,,,,,,,,,,,,,,,,,,,,,,,,,,,
HOLE_050,Jerimum de Cima,105276,61.00,62.00,1.00,SAP,SAP,PV,0.01,,,,,,,,,,,,,,,,,,,,,,,,,,,,,,,,,,,,,,,,,,,,,,,,,,,,,
HOLE_050,Jerimum de Cima,105277,62.00,63.00,1.00,SAP,SAP,PV,0.07,,,,,,,,,,,,,,,,,,,,,,,,,,,,,,,,,,,,,,,,,,,,,,,,,,,,,
HOLE_050,Jerimum de Cima,105278,63.00,64.00,1.00,SAP,SAP,PV,0.00,,,,,,,,,,,,,,,,,,,,,,,,,,,,,,,,,,,,,,,,,,,,,,,,,,,,,
HOLE_050,Jerimum de Cima,105279,64.00,65.00,1.00,SAP,SAP,PV,0.00,,,,,,,,,,,,,,,,,,,,,,,,,,,,,,,,,,,,,,,,,,,,,,,,,,,,,
HOLE_050,Jerimum de Cima,105280,65.00,66.00,1.00,SAP,SAP,PV,0.00,,,,,,,,,,,,,,,,,,,,,,,,,,,,,,,,,,,,,,,,,,,,,,,,,,,,,
HOLE_050,Jerimum de Cima,105281,66.00,67.00,1.00,SAP,SAP,PV,0.13,,,,,,,,,,,,,,,,,,,,,,,,,,,,,,,,,,,,,,,,,,,,,,,,,,,,,
HOLE_050,Jerimum de Cima,105282,67.00,68.00,1.00,SAP,SAP,PV,0.01,,,,,,,,,,,,,,,,,,,,,,,,,,,,,,,,,,,,,,,,,,,,,,,,,,,,,
HOLE_050,Jerimum de Cima,105283,68.00,69.00,1.00,SAP,SAP,PV,0.12,,,,,,,,,,,,,,,,,,,,,,,,,,,,,,,,,,,,,,,,,,,,,,,,,,,,,
HOLE_050,Jerimum de Cima,105284,69.00,70.00,1.00,SAP,SAP,PV,0.03,,,,,,,,,,,,,,,,,,,,,,,,,,,,,,,,,,,,,,,,,,,,,,,,,,,,,
HOLE_050,Jerimum de Cima,105285,70.00,71.00,1.00,SAP,SAP,PV,0.06,,,,,,,,,,,,,,,,,,,,,,,,,,,,,,,,,,,,,,,,,,,,,,,,,,,,,
HOLE_050,Jerimum de Cima,105286,71.00,72.00,1.00,SAP,SAP,PV,0.01,,,,,,,,,,,,,,,,,,,,,,,,,,,,,,,,,,,,,,,,,,,,,,,,,,,,,
HOLE_050,Jerimum de Cima,105287,72.00,73.00,1.00,SAP,SAP,PV,0.10,,,,,,,,,,,,,,,,,,,,,,,,,,,,,,,,,,,,,,,,,,,,,,,,,,,,,
HOLE_050,Jerimum de Cima,105288,73.00,74.00,1.00,SAP,SAP,PV,0.04,,,,,,,,,,,,,,,,,,,,,,,,,,,,,,,,,,,,,,,,,,,,,,,,,,,,,
HOLE_050,Jerimum de Cima,105289,74.00,75.00,1.00,SAP,SAP,PV,0.01,,,,,,,,,,,,,,,,,,,,,,,,,,,,,,,,,,,,,,,,,,,,,,,,,,,,,
HOLE_050,Jerimum de Cima,105290,75.00,76.00,1.00,SAP,SAP,PV,0.03,,,,,,,,,,,,,,,,,,,,,,,,,,,,,,,,,,,,,,,,,,,,,,,,,,,,,
HOLE_050,Jerimum de Cima,105291,76.00,77.00,1.00,SAP,SAP,PV,0.01,,,,,,,,,,,,,,,,,,,,,,,,,,,,,,,,,,,,,,,,,,,,,,,,,,,,,
HOLE_050,Jerimum de Cima,105292,77.00,78.00,1.00,SAP,SAP,PV,0.00,,,,,,,,,,,,,,,,,,,,,,,,,,,,,,,,,,,,,,,,,,,,,,,,,,,,,
HOLE_050,Jerimum de Cima,105293,78.00,79.00,1.00,SAP,SAP,PV,0.00,,,,,,,,,,,,,,,,,,,,,,,,,,,,,,,,,,,,,,,,,,,,,,,,,,,,,
HOLE_050,Jerimum de Cima,105294,79.00,80.00,1.00,SAP,SAP,PV,0.04,,,,,,,,,,,,,,,,,,,,,,,,,,,,,,,,,,,,,,,,,,,,,,,,,,,,,
HOLE_050,Jerimum de Cima,105295,80.00,81.00,1.00,SAP,SAP,PV,0.01,,,,,,,,,,,,,,,,,,,,,,,,,,,,,,,,,,,,,,,,,,,,,,,,,,,,,
HOLE_050,Jerimum de Cima,105296,81.00,82.00,1.00,SAP,SAP,PV,0.01,,,,,,,,,,,,,,,,,,,,,,,,,,,,,,,,,,,,,,,,,,,,,,,,,,,,,
HOLE_050,Jerimum de Cima,105297,82.00,83.00,1.00,SAP,SAP,PV,0.01,,,,,,,,,,,,,,,,,,,,,,,,,,,,,,,,,,,,,,,,,,,,,,,,,,,,,
HOLE_050,Jerimum de Cima,105298,83.00,84.00,1.00,SAP,SAP,PV,0.00,,,,,,,,,,,,,,,,,,,,,,,,,,,,,,,,,,,,,,,,,,,,,,,,,,,,,
HOLE_050,Jerimum de Cima,105299,84.00,85.00,1.00,SAP,SAP,PV,0.13,,,,,,,,,,,,,,,,,,,,,,,,,,,,,,,,,,,,,,,,,,,,,,,,,,,,,
HOLE_050,Jerimum de Cima,105300,85.00,86.00,1.00,SAP,SAP,PV,0.02,,,,,,,,,,,,,,,,,,,,,,,,,,,,,,,,,,,,,,,,,,,,,,,,,,,,,
HOLE_050,Jerimum de Cima,105301,86.00,87.00,1.00,SAP,SAP,PV,0.04,,,,,,,,,,,,,,,,,,,,,,,,,,,,,,,,,,,,,,,,,,,,,,,,,,,,,
HOLE_050,Jerimum de Cima,105302,87.00,88.00,1.00,SAP,SAP,PV,0.23,,,,,,,,,,,,,,,,,,,,,,,,,,,,,,,,,,,,,,,,,,,,,,,,,,,,,
HOLE_050,Jerimum de Cima,105303,88.00,89.00,1.00,SAP,SAP,PV,0.08,,,,,,,,,,,,,,,,,,,,,,,,,,,,,,,,,,,,,,,,,,,,,,,,,,,,,
HOLE_050,Jerimum de Cima,105304,89.00,90.00,1.00,SAP,SAP,PV,0.07,,,,,,,,,,,,,,,,,,,,,,,,,,,,,,,,,,,,,,,,,,,,,,,,,,,,,
HOLE_050,Jerimum de Cima,105305,90.00,91.00,1.00,SAP,SAP,PV,0.06,,,,,,,,,,,,,,,,,,,,,,,,,,,,,,,,,,,,,,,,,,,,,,,,,,,,,
HOLE_050,Jerimum de Cima,105306,91.00,92.00,1.00,SAP,SAP,PV,0.05,,,,,,,,,,,,,,,,,,,,,,,,,,,,,,,,,,,,,,,,,,,,,,,,,,,,,
HOLE_050,Jerimum de Cima,105307,92.00,93.00,1.00,SAP,SAP,PV,0.18,,,,,,,,,,,,,,,,,,,,,,,,,,,,,,,,,,,,,,,,,,,,,,,,,,,,,
HOLE_050,Jerimum de Cima,105308,93.00,94.00,1.00,SAP,SAP,PV,0.17,,,,,,,,,,,,,,,,,,,,,,,,,,,,,,,,,,,,,,,,,,,,,,,,,,,,,
HOLE_050,Jerimum de Cima,105309,94.00,95.00,1.00,SAP,SAP,PV,0.11,,,,,,,,,,,,,,,,,,,,,,,,,,,,,,,,,,,,,,,,,,,,,,,,,,,,,
HOLE_050,Jerimum de Cima,105310,95.00,96.00,1.00,SAP,SAP,PV,0.10,,,,,,,,,,,,,,,,,,,,,,,,,,,,,,,,,,,,,,,,,,,,,,,,,,,,,
HOLE_051,Jerimum de Cima,105311,0.00,1.00,1.00,NLOG,,,,,,,,,,,,,,,,,,,,,,,,,,,,,,,,,,,,,,,,,,,,,,,,,,,,,,,,
HOLE_051,Jerimum de Cima,105312,1.00,2.00,1.00,NLOG,,,,,,,,,,,,,,,,,,,,,,,,,,,,,,,,,,,,,,,,,,,,,,,,,,,,,,,,
HOLE_051,Jerimum de Cima,105313,2.00,3.00,1.00,SAP,SAP,PV,0.04,,,,,,,,,,,,,,,,,,,,,,,,,,,,,,,,,,,,,,,,,,,,,,,,,,,,,
HOLE_051,Jerimum de Cima,105314,3.00,4.00,1.00,SAP,SAP,PV,0.04,,,,,,,,,,,,,,,,,,,,,,,,,,,,,,,,,,,,,,,,,,,,,,,,,,,,,
HOLE_051,Jerimum de Cima,105315,4.00,5.00,1.00,SAP,SAP,PV,0.02,,,,,,,,,,,,,,,,,,,,,,,,,,,,,,,,,,,,,,,,,,,,,,,,,,,,,
HOLE_051,Jerimum de Cima,105316,5.00,6.00,1.00,SAP,SAP,PV,0.01,,,,,,,,,,,,,,,,,,,,,,,,,,,,,,,,,,,,,,,,,,,,,,,,,,,,,
HOLE_051,Jerimum de Cima,105317,6.00,7.00,1.00,SAP,SAP,PV,0.02,,,,,,,,,,,,,,,,,,,,,,,,,,,,,,,,,,,,,,,,,,,,,,,,,,,,,
HOLE_051,Jerimum de Cima,105318,7.00,8.00,1.00,SAP,SAP,PV,0.01,,,,,,,,,,,,,,,,,,,,,,,,,,,,,,,,,,,,,,,,,,,,,,,,,,,,,
HOLE_051,Jerimum de Cima,105319,8.00,9.00,1.00,SAP,SAP,PV,0.01,,,,,,,,,,,,,,,,,,,,,,,,,,,,,,,,,,,,,,,,,,,,,,,,,,,,,
HOLE_051,Jerimum de Cima,105320,9.00,10.00,1.00,SAP,SAP,PV,0.00,,,,,,,,,,,,,,,,,,,,,,,,,,,,,,,,,,,,,,,,,,,,,,,,,,,,,
HOLE_051,Jerimum de Cima,105321,10.00,11.00,1.00,SAP,SAP,PV,0.00,,,,,,,,,,,,,,,,,,,,,,,,,,,,,,,,,,,,,,,,,,,,,,,,,,,,,
HOLE_051,Jerimum de Cima,105322,11.00,12.00,1.00,SAP,SAP,PV,0.00,,,,,,,,,,,,,,,,,,,,,,,,,,,,,,,,,,,,,,,,,,,,,,,,,,,,,
HOLE_051,Jerimum de Cima,105323,12.00,13.00,1.00,SAP,SAP,PV,0.01,,,,,,,,,,,,,,,,,,,,,,,,,,,,,,,,,,,,,,,,,,,,,,,,,,,,,
HOLE_051,Jerimum de Cima,105324,13.00,14.00,1.00,SAP,SAP,PV,0.00,,,,,,,,,,,,,,,,,,,,,,,,,,,,,,,,,,,,,,,,,,,,,,,,,,,,,
HOLE_051,Jerimum de Cima,105325,14.00,15.00,1.00,SAP,SAP,PV,0.00,,,,,,,,,,,,,,,,,,,,,,,,,,,,,,,,,,,,,,,,,,,,,,,,,,,,,
HOLE_051,Jerimum de Cima,105326,15.00,16.00,1.00,SAP,SAP,PV,0.00,,,,,,,,,,,,,,,,,,,,,,,,,,,,,,,,,,,,,,,,,,,,,,,,,,,,,
HOLE_051,Jerimum de Cima,105327,16.00,17.00,1.00,SAP,SAP,PV,0.00,,,,,,,,,,,,,,,,,,,,,,,,,,,,,,,,,,,,,,,,,,,,,,,,,,,,,
HOLE_051,Jerimum de Cima,105328,17.00,18.00,1.00,SAP,SAP,PV,0.00,,,,,,,,,,,,,,,,,,,,,,,,,,,,,,,,,,,,,,,,,,,,,,,,,,,,,
HOLE_051,Jerimum de Cima,105329,18.00,19.00,1.00,SAP,SAP,PV,0.04,,,,,,,,,,,,,,,,,,,,,,,,,,,,,,,,,,,,,,,,,,,,,,,,,,,,,
HOLE_051,Jerimum de Cima,105330,19.00,20.00,1.00,SAP,SAP,PV,0.01,,,,,,,,,,,,,,,,,,,,,,,,,,,,,,,,,,,,,,,,,,,,,,,,,,,,,
HOLE_051,Jerimum de Cima,105331,20.00,21.00,1.00,SAP,SAP,PV,0.00,,,,,,,,,,,,,,,,,,,,,,,,,,,,,,,,,,,,,,,,,,,,,,,,,,,,,
HOLE_051,Jerimum de Cima,105332,21.00,22.00,1.00,SAP,SAP,PV,0.00,,,,,,,,,,,,,,,,,,,,,,,,,,,,,,,,,,,,,,,,,,,,,,,,,,,,,
HOLE_051,Jerimum de Cima,105333,22.00,23.00,1.00,SAP,SAP,PV,0.01,,,,,,,,,,,,,,,,,,,,,,,,,,,,,,,,,,,,,,,,,,,,,,,,,,,,,
HOLE_051,Jerimum de Cima,105334,23.00,24.00,1.00,SAP,SAP,PV,0.00,,,,,,,,,,,,,,,,,,,,,,,,,,,,,,,,,,,,,,,,,,,,,,,,,,,,,
HOLE_051,Jerimum de Cima,105335,24.00,25.00,1.00,SAP,SAP,PV,0.00,,,,,,,,,,,,,,,,,,,,,,,,,,,,,,,,,,,,,,,,,,,,,,,,,,,,,
HOLE_051,Jerimum de Cima,105336,25.00,26.00,1.00,SAP,SAP,PV,0.03,,,,,,,,,,,,,,,,,,,,,,,,,,,,,,,,,,,,,,,,,,,,,,,,,,,,,
HOLE_051,Jerimum de Cima,105337,26.00,27.00,1.00,SAP,SAP,PV,0.01,,,,,,,,,,,,,,,,,,,,,,,,,,,,,,,,,,,,,,,,,,,,,,,,,,,,,
HOLE_051,Jerimum de Cima,105338,27.00,28.00,1.00,SAP,SAP,PV,0.00,,,,,,,,,,,,,,,,,,,,,,,,,,,,,,,,,,,,,,,,,,,,,,,,,,,,,
HOLE_051,Jerimum de Cima,105339,28.00,29.00,1.00,SAP,SAP,PV,0.00,,,,,,,,,,,,,,,,,,,,,,,,,,,,,,,,,,,,,,,,,,,,,,,,,,,,,
HOLE_051,Jerimum de Cima,105340,29.00,30.00,1.00,SAP,SAP,PV,0.00,,,,,,,,,,,,,,,,,,,,,,,,,,,,,,,,,,,,,,,,,,,,,,,,,,,,,
HOLE_051,Jerimum de Cima,105341,30.00,31.00,1.00,SAP,SAP,PV,0.02,,,,,,,,,,,,,,,,,,,,,,,,,,,,,,,,,,,,,,,,,,,,,,,,,,,,,
HOLE_051,Jerimum de Cima,105342,31.00,32.00,1.00,SAP,SAP,PV,0.01,,,,,,,,,,,,,,,,,,,,,,,,,,,,,,,,,,,,,,,,,,,,,,,,,,,,,
HOLE_051,Jerimum de Cima,105343,32.00,33.00,1.00,SAP,SAP,PV,0.00,,,,,,,,,,,,,,,,,,,,,,,,,,,,,,,,,,,,,,,,,,,,,,,,,,,,,
HOLE_051,Jerimum de Cima,105344,33.00,34.00,1.00,SAP,SAP,PV,0.00,,,,,,,,,,,,,,,,,,,,,,,,,,,,,,,,,,,,,,,,,,,,,,,,,,,,,
HOLE_051,Jerimum de Cima,105345,34.00,35.00,1.00,SAP,SAP,PV,0.00,,,,,,,,,,,,,,,,,,,,,,,,,,,,,,,,,,,,,,,,,,,,,,,,,,,,,
HOLE_051,Jerimum de Cima,105346,35.00,36.00,1.00,SAP,SAP,PV,0.00,,,,,,,,,,,,,,,,,,,,,,,,,,,,,,,,,,,,,,,,,,,,,,,,,,,,,
HOLE_051,Jerimum de Cima,105347,36.00,37.00,1.00,SAP,SAP,PV,0.01,,,,,,,,,,,,,,,,,,,,,,,,,,,,,,,,,,,,,,,,,,,,,,,,,,,,,
HOLE_051,Jerimum de Cima,105348,37.00,38.00,1.00,SAP,SAP,PV,0.01,,,,,,,,,,,,,,,,,,,,,,,,,,,,,,,,,,,,,,,,,,,,,,,,,,,,,
HOLE_051,Jerimum de Cima,105349,38.00,39.00,1.00,SAP,SAP,PV,0.00,,,,,,,,,,,,,,,,,,,,,,,,,,,,,,,,,,,,,,,,,,,,,,,,,,,,,
HOLE_051,Jerimum de Cima,105350,39.00,40.00,1.00,SAP,SAP,PV,0.00,,,,,,,,,,,,,,,,,,,,,,,,,,,,,,,,,,,,,,,,,,,,,,,,,,,,,
HOLE_051,Jerimum de Cima,105351,40.00,41.00,1.00,SAP,SAP,PV,0.00,,,,,,,,,,,,,,,,,,,,,,,,,,,,,,,,,,,,,,,,,,,,,,,,,,,,,
HOLE_051,Jerimum de Cima,105352,41.00,42.00,1.00,SAP,SAP,PV,0.00,,,,,,,,,,,,,,,,,,,,,,,,,,,,,,,,,,,,,,,,,,,,,,,,,,,,,
HOLE_051,Jerimum de Cima,105353,42.00,43.00,1.00,SAP,SAP,PV,0.00,,,,,,,,,,,,,,,,,,,,,,,,,,,,,,,,,,,,,,,,,,,,,,,,,,,,,
HOLE_051,Jerimum de Cima,105354,43.00,44.00,1.00,SAP,SAP,PV,0.00,,,,,,,,,,,,,,,,,,,,,,,,,,,,,,,,,,,,,,,,,,,,,,,,,,,,,
HOLE_051,Jerimum de Cima,105355,44.00,45.00,1.00,SAP,SAP,PV,0.00,,,,,,,,,,,,,,,,,,,,,,,,,,,,,,,,,,,,,,,,,,,,,,,,,,,,,
HOLE_051,Jerimum de Cima,105356,45.00,46.00,1.00,SAP,SAP,PV,0.02,,,,,,,,,,,,,,,,,,,,,,,,,,,,,,,,,,,,,,,,,,,,,,,,,,,,,
HOLE_051,Jerimum de Cima,105357,46.00,47.00,1.00,SAP,SAP,PV,0.00,,,,,,,,,,,,,,,,,,,,,,,,,,,,,,,,,,,,,,,,,,,,,,,,,,,,,
HOLE_051,Jerimum de Cima,105358,47.00,48.00,1.00,SAP,SAP,PV,0.00,,,,,,,,,,,,,,,,,,,,,,,,,,,,,,,,,,,,,,,,,,,,,,,,,,,,,
HOLE_051,Jerimum de Cima,105359,48.00,49.00,1.00,SAP,SAP,PV,0.00,,,,,,,,,,,,,,,,,,,,,,,,,,,,,,,,,,,,,,,,,,,,,,,,,,,,,
HOLE_051,Jerimum de Cima,105360,49.00,50.00,1.00,SAP,SAP,PV,0.00,,,,,,,,,,,,,,,,,,,,,,,,,,,,,,,,,,,,,,,,,,,,,,,,,,,,,
HOLE_051,Jerimum de Cima,105361,50.00,51.00,1.00,SAP,SAP,PV,0.01,,,,,,,,,,,,,,,,,,,,,,,,,,,,,,,,,,,,,,,,,,,,,,,,,,,,,
HOLE_051,Jerimum de Cima,105362,51.00,52.00,1.00,SAP,SAP,PV,0.00,,,,,,,,,,,,,,,,,,,,,,,,,,,,,,,,,,,,,,,,,,,,,,,,,,,,,
HOLE_051,Jerimum de Cima,105363,52.00,53.00,1.00,SAP,SAP,PV,0.00,,,,,,,,,,,,,,,,,,,,,,,,,,,,,,,,,,,,,,,,,,,,,,,,,,,,,
HOLE_051,Jerimum de Cima,105364,53.00,54.00,1.00,SAP,SAP,PV,0.00,,,,,,,,,,,,,,,,,,,,,,,,,,,,,,,,,,,,,,,,,,,,,,,,,,,,,
HOLE_051,Jerimum de Cima,105365,54.00,55.00,1.00,SAP,SAP,PV,0.00,,,,,,,,,,,,,,,,,,,,,,,,,,,,,,,,,,,,,,,,,,,,,,,,,,,,,
HOLE_051,Jerimum de Cima,105366,55.00,56.00,1.00,SAP,SAP,PV,0.01,,,,,,,,,,,,,,,,,,,,,,,,,,,,,,,,,,,,,,,,,,,,,,,,,,,,,
HOLE_051,Jerimum de Cima,105367,56.00,57.00,1.00,SAP,SAP,PV,0.01,,,,,,,,,,,,,,,,,,,,,,,,,,,,,,,,,,,,,,,,,,,,,,,,,,,,,
HOLE_051,Jerimum de Cima,105368,57.00,58.00,1.00,SAP,SAP,PV,0.00,,,,,,,,,,,,,,,,,,,,,,,,,,,,,,,,,,,,,,,,,,,,,,,,,,,,,
HOLE_051,Jerimum de Cima,105369,58.00,59.00,1.00,SAP,SAP,PV,0.00,,,,,,,,,,,,,,,,,,,,,,,,,,,,,,,,,,,,,,,,,,,,,,,,,,,,,
HOLE_051,Jerimum de Cima,105370,59.00,60.00,1.00,SAP,SAP,PV,0.00,,,,,,,,,,,,,,,,,,,,,,,,,,,,,,,,,,,,,,,,,,,,,,,,,,,,,
HOLE_051,Jerimum de Cima,105371,60.00,61.00,1.00,SAP,SAP,PV,0.00,,,,,,,,,,,,,,,,,,,,,,,,,,,,,,,,,,,,,,,,,,,,,,,,,,,,,
HOLE_051,Jerimum de Cima,105372,61.00,62.00,1.00,SAP,SAP,PV,0.00,,,,,,,,,,,,,,,,,,,,,,,,,,,,,,,,,,,,,,,,,,,,,,,,,,,,,
HOLE_051,Jerimum de Cima,105373,62.00,63.00,1.00,SAP,SAP,PV,0.00,,,,,,,,,,,,,,,,,,,,,,,,,,,,,,,,,,,,,,,,,,,,,,,,,,,,,
HOLE_051,Jerimum de Cima,105374,63.00,64.00,1.00,SAP,SAP,PV,0.00,,,,,,,,,,,,,,,,,,,,,,,,,,,,,,,,,,,,,,,,,,,,,,,,,,,,,
HOLE_051,Jerimum de Cima,105375,64.00,65.00,1.00,SAP,SAP,PV,0.00,,,,,,,,,,,,,,,,,,,,,,,,,,,,,,,,,,,,,,,,,,,,,,,,,,,,,
HOLE_051,Jerimum de Cima,105376,65.00,66.00,1.00,SAP,SAP,PV,0.02,,,,,,,,,,,,,,,,,,,,,,,,,,,,,,,,,,,,,,,,,,,,,,,,,,,,,
HOLE_051,Jerimum de Cima,105377,66.00,67.00,1.00,SAP,SAP,PV,0.02,,,,,,,,,,,,,,,,,,,,,,,,,,,,,,,,,,,,,,,,,,,,,,,,,,,,,
HOLE_051,Jerimum de Cima,105378,67.00,68.00,1.00,SAP,SAP,PV,0.00,,,,,,,,,,,,,,,,,,,,,,,,,,,,,,,,,,,,,,,,,,,,,,,,,,,,,
HOLE_051,Jerimum de Cima,105379,68.00,69.00,1.00,SAP,SAP,PV,0.00,,,,,,,,,,,,,,,,,,,,,,,,,,,,,,,,,,,,,,,,,,,,,,,,,,,,,
HOLE_051,Jerimum de Cima,105380,69.00,70.00,1.00,SAP,SAP,PV,0.01,,,,,,,,,,,,,,,,,,,,,,,,,,,,,,,,,,,,,,,,,,,,,,,,,,,,,
HOLE_051,Jerimum de Cima,105381,70.00,71.00,1.00,SAP,SAP,PV,0.00,,,,,,,,,,,,,,,,,,,,,,,,,,,,,,,,,,,,,,,,,,,,,,,,,,,,,
HOLE_051,Jerimum de Cima,105382,71.00,72.00,1.00,SAP,SAP,PV,0.01,,,,,,,,,,,,,,,,,,,,,,,,,,,,,,,,,,,,,,,,,,,,,,,,,,,,,
HOLE_051,Jerimum de Cima,105383,72.00,73.00,1.00,SAP,SAP,PV,0.00,,,,,,,,,,,,,,,,,,,,,,,,,,,,,,,,,,,,,,,,,,,,,,,,,,,,,
HOLE_051,Jerimum de Cima,105384,73.00,74.00,1.00,SAP,SAP,PV,0.01,,,,,,,,,,,,,,,,,,,,,,,,,,,,,,,,,,,,,,,,,,,,,,,,,,,,,
HOLE_051,Jerimum de Cima,105385,74.00,75.00,1.00,SAP,SAP,PV,0.01,,,,,,,,,,,,,,,,,,,,,,,,,,,,,,,,,,,,,,,,,,,,,,,,,,,,,
HOLE_051,Jerimum de Cima,105386,75.00,76.00,1.00,SAP,SAP,PV,0.01,,,,,,,,,,,,,,,,,,,,,,,,,,,,,,,,,,,,,,,,,,,,,,,,,,,,,
HOLE_051,Jerimum de Cima,105387,76.00,77.00,1.00,SAP,SAP,PV,0.00,,,,,,,,,,,,,,,,,,,,,,,,,,,,,,,,,,,,,,,,,,,,,,,,,,,,,
HOLE_051,Jerimum de Cima,105388,77.00,78.00,1.00,SAP,SAP,PV,0.00,,,,,,,,,,,,,,,,,,,,,,,,,,,,,,,,,,,,,,,,,,,,,,,,,,,,,
HOLE_051,Jerimum de Cima,105389,78.00,79.00,1.00,SAP,SAP,PV,0.00,,,,,,,,,,,,,,,,,,,,,,,,,,,,,,,,,,,,,,,,,,,,,,,,,,,,,
HOLE_051,Jerimum de Cima,105390,79.00,80.00,1.00,SAP,SAP,PV,0.00,,,,,,,,,,,,,,,,,,,,,,,,,,,,,,,,,,,,,,,,,,,,,,,,,,,,,
HOLE_051,Jerimum de Cima,105391,80.00,81.00,1.00,SAP,SAP,PV,0.00,,,,,,,,,,,,,,,,,,,,,,,,,,,,,,,,,,,,,,,,,,,,,,,,,,,,,
HOLE_051,Jerimum de Cima,105392,81.00,82.00,1.00,SAP,SAP,PV,0.00,,,,,,,,,,,,,,,,,,,,,,,,,,,,,,,,,,,,,,,,,,,,,,,,,,,,,
HOLE_051,Jerimum de Cima,105393,82.00,83.00,1.00,SAP,SAP,PV,0.00,,,,,,,,,,,,,,,,,,,,,,,,,,,,,,,,,,,,,,,,,,,,,,,,,,,,,
HOLE_051,Jerimum de Cima,105394,83.00,84.00,1.00,SAP,SAP,PV,0.01,,,,,,,,,,,,,,,,,,,,,,,,,,,,,,,,,,,,,,,,,,,,,,,,,,,,,
HOLE_051,Jerimum de Cima,105395,84.00,85.00,1.00,SAP,SAP,PV,0.00,,,,,,,,,,,,,,,,,,,,,,,,,,,,,,,,,,,,,,,,,,,,,,,,,,,,,
HOLE_052,Jerimum de Cima,105396,0.00,1.00,1.00,QC,,,0.08,,,,,,,,,,,,,,,,,,,,,,,,,,,,,,,,,,,,,,,,,,,,,,,,,,,,,
HOLE_052,Jerimum de Cima,105397,1.00,2.00,1.00,QC,,,0.09,,,,,,,,,,,,,,,,,,,,,,,,,,,,,,,,,,,,,,,,,,,,,,,,,,,,,
HOLE_052,Jerimum de Cima,105398,2.00,3.00,1.00,QC,,,0.08,,,,,,,,,,,,,,,,,,,,,,,,,,,,,,,,,,,,,,,,,,,,,,,,,,,,,
HOLE_052,Jerimum de Cima,105399,3.00,4.00,1.00,QC,,,0.29,,,,,,,,,,,,,,,,,,,,,,,,,,,,,,,,,,,,,,,,,,,,,,,,,,,,,
HOLE_052,Jerimum de Cima,105400,4.00,5.00,1.00,QC,,,0.13,,,,,,,,,,,,,,,,,,,,,,,,,,,,,,,,,,,,,,,,,,,,,,,,,,,,,
HOLE_052,Jerimum de Cima,105401,5.00,6.00,1.00,QC,,,0.07,,,,,,,,,,,,,,,,,,,,,,,,,,,,,,,,,,,,,,,,,,,,,,,,,,,,,
HOLE_052,Jerimum de Cima,105402,6.00,7.00,1.00,SAP,SAP,PV,0.05,,,,,,,,,,,,,,,,,,,,,,,,,,,,,,,,,,,,,,,,,,,,,,,,,,,,,
HOLE_052,Jerimum de Cima,105403,7.00,8.00,1.00,SAP,SAP,PV,0.02,,,,,,,,,,,,,,,,,,,,,,,,,,,,,,,,,,,,,,,,,,,,,,,,,,,,,
HOLE_052,Jerimum de Cima,105404,8.00,9.00,1.00,SAP,SAP,PV,0.01,,,,,,,,,,,,,,,,,,,,,,,,,,,,,,,,,,,,,,,,,,,,,,,,,,,,,
HOLE_052,Jerimum de Cima,105405,9.00,10.00,1.00,SAP,SAP,PV,0.05,,,,,,,,,,,,,,,,,,,,,,,,,,,,,,,,,,,,,,,,,,,,,,,,,,,,,
HOLE_052,Jerimum de Cima,105406,10.00,11.00,1.00,SAP,SAP,PV,0.06,,,,,,,,,,,,,,,,,,,,,,,,,,,,,,,,,,,,,,,,,,,,,,,,,,,,,
HOLE_052,Jerimum de Cima,105407,11.00,12.00,1.00,SAP,SAP,PV,0.02,,,,,,,,,,,,,,,,,,,,,,,,,,,,,,,,,,,,,,,,,,,,,,,,,,,,,
HOLE_052,Jerimum de Cima,105408,12.00,13.00,1.00,SAP,SAP,PV,0.01,,,,,,,,,,,,,,,,,,,,,,,,,,,,,,,,,,,,,,,,,,,,,,,,,,,,,
HOLE_052,Jerimum de Cima,105409,13.00,14.00,1.00,SAP,SAP,PV,0.31,,,,,,,,,,,,,,,,,,,,,,,,,,,,,,,,,,,,,,,,,,,,,,,,,,,,,
HOLE_052,Jerimum de Cima,105410,14.00,15.00,1.00,SAP,SAP,PV,0.11,,,,,,,,,,,,,,,,,,,,,,,,,,,,,,,,,,,,,,,,,,,,,,,,,,,,,
HOLE_052,Jerimum de Cima,105411,15.00,16.00,1.00,SAP,SAP,PV,0.02,,,,,,,,,,,,,,,,,,,,,,,,,,,,,,,,,,,,,,,,,,,,,,,,,,,,,
HOLE_052,Jerimum de Cima,105412,16.00,17.00,1.00,SAP,SAP,PV,0.13,,,,,,,,,,,,,,,,,,,,,,,,,,,,,,,,,,,,,,,,,,,,,,,,,,,,,
HOLE_052,Jerimum de Cima,105413,17.00,18.00,1.00,SAP,SAP,PV,0.10,,,,,,,,,,,,,,,,,,,,,,,,,,,,,,,,,,,,,,,,,,,,,,,,,,,,,
HOLE_052,Jerimum de Cima,105414,18.00,19.00,1.00,SAP,SAP,PV,0.03,,,,,,,,,,,,,,,,,,,,,,,,,,,,,,,,,,,,,,,,,,,,,,,,,,,,,
HOLE_052,Jerimum de Cima,105415,19.00,20.00,1.00,SAP,SAP,PV,0.01,,,,,,,,,,,,,,,,,,,,,,,,,,,,,,,,,,,,,,,,,,,,,,,,,,,,,
HOLE_052,Jerimum de Cima,105416,20.00,21.00,1.00,SAP,SAP,PV,0.01,,,,,,,,,,,,,,,,,,,,,,,,,,,,,,,,,,,,,,,,,,,,,,,,,,,,,
HOLE_052,Jerimum de Cima,105417,21.00,22.00,1.00,SAP,SAP,PV,0.01,,,,,,,,,,,,,,,,,,,,,,,,,,,,,,,,,,,,,,,,,,,,,,,,,,,,,
HOLE_052,Jerimum de Cima,105418,22.00,23.00,1.00,SAP,SAP,PV,0.00,,,,,,,,,,,,,,,,,,,,,,,,,,,,,,,,,,,,,,,,,,,,,,,,,,,,,
HOLE_052,Jerimum de Cima,105419,23.00,24.00,1.00,SAP,SAP,PV,0.00,,,,,,,,,,,,,,,,,,,,,,,,,,,,,,,,,,,,,,,,,,,,,,,,,,,,,
HOLE_052,Jerimum de Cima,105420,24.00,25.00,1.00,SAP,SAP,PV,0.00,,,,,,,,,,,,,,,,,,,,,,,,,,,,,,,,,,,,,,,,,,,,,,,,,,,,,
HOLE_052,Jerimum de Cima,105421,25.00,26.00,1.00,SAP,SAP,PV,0.00,,,,,,,,,,,,,,,,,,,,,,,,,,,,,,,,,,,,,,,,,,,,,,,,,,,,,
HOLE_052,Jerimum de Cima,105422,26.00,27.00,1.00,SAP,SAP,PV,0.01,,,,,,,,,,,,,,,,,,,,,,,,,,,,,,,,,,,,,,,,,,,,,,,,,,,,,
HOLE_052,Jerimum de Cima,105423,27.00,28.00,1.00,SAP,SAP,PV,0.00,,,,,,,,,,,,,,,,,,,,,,,,,,,,,,,,,,,,,,,,,,,,,,,,,,,,,
HOLE_052,Jerimum de Cima,105424,28.00,29.00,1.00,SAP,SAP,PV,0.00,,,,,,,,,,,,,,,,,,,,,,,,,,,,,,,,,,,,,,,,,,,,,,,,,,,,,
HOLE_052,Jerimum de Cima,105425,29.00,30.00,1.00,SAP,SAP,PV,0.00,,,,,,,,,,,,,,,,,,,,,,,,,,,,,,,,,,,,,,,,,,,,,,,,,,,,,
HOLE_052,Jerimum de Cima,105426,30.00,31.00,1.00,SAP,SAP,PV,0.00,,,,,,,,,,,,,,,,,,,,,,,,,,,,,,,,,,,,,,,,,,,,,,,,,,,,,
HOLE_052,Jerimum de Cima,105427,31.00,32.00,1.00,SAP,SAP,PV,0.00,,,,,,,,,,,,,,,,,,,,,,,,,,,,,,,,,,,,,,,,,,,,,,,,,,,,,
HOLE_052,Jerimum de Cima,105428,32.00,33.00,1.00,SAP,SAP,PV,0.00,,,,,,,,,,,,,,,,,,,,,,,,,,,,,,,,,,,,,,,,,,,,,,,,,,,,,
HOLE_052,Jerimum de Cima,105429,33.00,34.00,1.00,SAP,SAP,PV,0.00,,,,,,,,,,,,,,,,,,,,,,,,,,,,,,,,,,,,,,,,,,,,,,,,,,,,,
HOLE_052,Jerimum de Cima,105430,34.00,35.00,1.00,SAP,SAP,PV,0.00,,,,,,,,,,,,,,,,,,,,,,,,,,,,,,,,,,,,,,,,,,,,,,,,,,,,,
HOLE_052,Jerimum de Cima,105431,35.00,36.00,1.00,SAP,SAP,PV,0.01,,,,,,,,,,,,,,,,,,,,,,,,,,,,,,,,,,,,,,,,,,,,,,,,,,,,,
HOLE_052,Jerimum de Cima,105432,36.00,37.00,1.00,SAP,SAP,PV,0.00,,,,,,,,,,,,,,,,,,,,,,,,,,,,,,,,,,,,,,,,,,,,,,,,,,,,,
HOLE_052,Jerimum de Cima,105433,37.00,38.00,1.00,SAP,SAP,PV,0.01,,,,,,,,,,,,,,,,,,,,,,,,,,,,,,,,,,,,,,,,,,,,,,,,,,,,,
HOLE_052,Jerimum de Cima,105434,38.00,39.00,1.00,SAP,SAP,PV,0.00,,,,,,,,,,,,,,,,,,,,,,,,,,,,,,,,,,,,,,,,,,,,,,,,,,,,,
HOLE_052,Jerimum de Cima,105435,39.00,40.00,1.00,SAP,SAP,PV,0.00,,,,,,,,,,,,,,,,,,,,,,,,,,,,,,,,,,,,,,,,,,,,,,,,,,,,,
HOLE_052,Jerimum de Cima,105436,40.00,41.00,1.00,SAP,SAP,PV,0.00,,,,,,,,,,,,,,,,,,,,,,,,,,,,,,,,,,,,,,,,,,,,,,,,,,,,,
HOLE_052,Jerimum de Cima,105437,41.00,42.00,1.00,SAP,SAP,PV,0.00,,,,,,,,,,,,,,,,,,,,,,,,,,,,,,,,,,,,,,,,,,,,,,,,,,,,,
HOLE_052,Jerimum de Cima,105438,42.00,43.00,1.00,SAP,SAP,PV,0.00,,,,,,,,,,,,,,,,,,,,,,,,,,,,,,,,,,,,,,,,,,,,,,,,,,,,,
HOLE_052,Jerimum de Cima,105439,43.00,44.00,1.00,SAP,SAP,PV,0.00,,,,,,,,,,,,,,,,,,,,,,,,,,,,,,,,,,,,,,,,,,,,,,,,,,,,,
HOLE_052,Jerimum de Cima,105440,44.00,45.00,1.00,SAP,SAP,PV,0.00,,,,,,,,,,,,,,,,,,,,,,,,,,,,,,,,,,,,,,,,,,,,,,,,,,,,,
HOLE_052,Jerimum de Cima,105441,45.00,46.00,1.00,SAP,SAP,PV,0.01,,,,,,,,,,,,,,,,,,,,,,,,,,,,,,,,,,,,,,,,,,,,,,,,,,,,,
HOLE_052,Jerimum de Cima,105442,46.00,47.00,1.00,SAP,SAP,PV,0.01,,,,,,,,,,,,,,,,,,,,,,,,,,,,,,,,,,,,,,,,,,,,,,,,,,,,,
HOLE_052,Jerimum de Cima,105443,47.00,48.00,1.00,SAP,SAP,PV,0.00,,,,,,,,,,,,,,,,,,,,,,,,,,,,,,,,,,,,,,,,,,,,,,,,,,,,,
HOLE_052,Jerimum de Cima,105444,48.00,49.00,1.00,SAP,SAP,PV,0.01,,,,,,,,,,,,,,,,,,,,,,,,,,,,,,,,,,,,,,,,,,,,,,,,,,,,,
HOLE_052,Jerimum de Cima,105445,49.00,50.00,1.00,SAP,SAP,PV,0.01,,,,,,,,,,,,,,,,,,,,,,,,,,,,,,,,,,,,,,,,,,,,,,,,,,,,,
HOLE_052,Jerimum de Cima,105446,50.00,51.00,1.00,SAP,SAP,PV,0.01,,,,,,,,,,,,,,,,,,,,,,,,,,,,,,,,,,,,,,,,,,,,,,,,,,,,,
HOLE_052,Jerimum de Cima,105447,51.00,52.00,1.00,SAP,SAP,PV,0.01,,,,,,,,,,,,,,,,,,,,,,,,,,,,,,,,,,,,,,,,,,,,,,,,,,,,,
HOLE_052,Jerimum de Cima,105448,52.00,53.00,1.00,SAP,SAP,PV,0.00,,,,,,,,,,,,,,,,,,,,,,,,,,,,,,,,,,,,,,,,,,,,,,,,,,,,,
HOLE_052,Jerimum de Cima,105449,53.00,54.00,1.00,SAP,SAP,PV,0.01,,,,,,,,,,,,,,,,,,,,,,,,,,,,,,,,,,,,,,,,,,,,,,,,,,,,,
HOLE_052,Jerimum de Cima,105450,54.00,55.00,1.00,SAP,SAP,PV,0.00,,,,,,,,,,,,,,,,,,,,,,,,,,,,,,,,,,,,,,,,,,,,,,,,,,,,,
HOLE_052,Jerimum de Cima,105451,55.00,56.00,1.00,SAP,SAP,PV,0.00,,,,,,,,,,,,,,,,,,,,,,,,,,,,,,,,,,,,,,,,,,,,,,,,,,,,,
HOLE_052,Jerimum de Cima,105452,56.00,57.00,1.00,SAP,SAP,PV,0.00,,,,,,,,,,,,,,,,,,,,,,,,,,,,,,,,,,,,,,,,,,,,,,,,,,,,,
HOLE_052,Jerimum de Cima,105453,57.00,58.00,1.00,SAP,SAP,PV,0.01,,,,,,,,,,,,,,,,,,,,,,,,,,,,,,,,,,,,,,,,,,,,,,,,,,,,,
HOLE_052,Jerimum de Cima,105454,58.00,59.00,1.00,SAP,SAP,PV,0.00,,,,,,,,,,,,,,,,,,,,,,,,,,,,,,,,,,,,,,,,,,,,,,,,,,,,,
HOLE_052,Jerimum de Cima,105455,59.00,60.00,1.00,SAP,SAP,PV,0.00,,,,,,,,,,,,,,,,,,,,,,,,,,,,,,,,,,,,,,,,,,,,,,,,,,,,,
HOLE_052,Jerimum de Cima,105456,60.00,61.00,1.00,SAP,SAP,PV,0.00,,,,,,,,,,,,,,,,,,,,,,,,,,,,,,,,,,,,,,,,,,,,,,,,,,,,,
HOLE_052,Jerimum de Cima,105457,61.00,62.00,1.00,SAP,SAP,PV,0.00,,,,,,,,,,,,,,,,,,,,,,,,,,,,,,,,,,,,,,,,,,,,,,,,,,,,,
HOLE_052,Jerimum de Cima,105458,62.00,63.00,1.00,SAP,SAP,PV,0.09,,,,,,,,,,,,,,,,,,,,,,,,,,,,,,,,,,,,,,,,,,,,,,,,,,,,,
HOLE_052,Jerimum de Cima,105459,63.00,64.00,1.00,SAP,SAP,PV,0.10,,,,,,,,,,,,,,,,,,,,,,,,,,,,,,,,,,,,,,,,,,,,,,,,,,,,,
HOLE_052,Jerimum de Cima,105460,64.00,65.00,1.00,SAP,SAP,PV,0.03,,,,,,,,,,,,,,,,,,,,,,,,,,,,,,,,,,,,,,,,,,,,,,,,,,,,,
HOLE_052,Jerimum de Cima,105461,65.00,66.00,1.00,SAP,SAP,PV,0.02,,,,,,,,,,,,,,,,,,,,,,,,,,,,,,,,,,,,,,,,,,,,,,,,,,,,,
HOLE_052,Jerimum de Cima,105462,66.00,67.00,1.00,SAP,SAP,PV,0.00,,,,,,,,,,,,,,,,,,,,,,,,,,,,,,,,,,,,,,,,,,,,,,,,,,,,,
HOLE_052,Jerimum de Cima,105463,67.00,68.00,1.00,SAP,SAP,PV,0.00,,,,,,,,,,,,,,,,,,,,,,,,,,,,,,,,,,,,,,,,,,,,,,,,,,,,,
HOLE_052,Jerimum de Cima,105464,68.00,69.00,1.00,SAP,SAP,PV,0.00,,,,,,,,,,,,,,,,,,,,,,,,,,,,,,,,,,,,,,,,,,,,,,,,,,,,,
HOLE_052,Jerimum de Cima,105465,69.00,70.00,1.00,SAP,SAP,PV,0.00,,,,,,,,,,,,,,,,,,,,,,,,,,,,,,,,,,,,,,,,,,,,,,,,,,,,,
HOLE_052,Jerimum de Cima,105466,70.00,71.00,1.00,SAP,SAP,PV,0.00,,,,,,,,,,,,,,,,,,,,,,,,,,,,,,,,,,,,,,,,,,,,,,,,,,,,,
HOLE_052,Jerimum de Cima,105467,71.00,72.00,1.00,SAP,SAP,PV,0.00,,,,,,,,,,,,,,,,,,,,,,,,,,,,,,,,,,,,,,,,,,,,,,,,,,,,,
HOLE_052,Jerimum de Cima,105468,72.00,73.00,1.00,SAP,SAP,PV,0.00,,,,,,,,,,,,,,,,,,,,,,,,,,,,,,,,,,,,,,,,,,,,,,,,,,,,,
HOLE_052,Jerimum de Cima,105469,73.00,74.00,1.00,SAP,SAP,PV,0.00,,,,,,,,,,,,,,,,,,,,,,,,,,,,,,,,,,,,,,,,,,,,,,,,,,,,,
HOLE_052,Jerimum de Cima,105470,74.00,75.00,1.00,SAP,SAP,PV,0.00,,,,,,,,,,,,,,,,,,,,,,,,,,,,,,,,,,,,,,,,,,,,,,,,,,,,,
HOLE_052,Jerimum de Cima,105471,75.00,76.00,1.00,SAP,SAP,PV,0.00,,,,,,,,,,,,,,,,,,,,,,,,,,,,,,,,,,,,,,,,,,,,,,,,,,,,,
HOLE_052,Jerimum de Cima,105472,76.00,77.00,1.00,SAP,SAP,PV,0.00,,,,,,,,,,,,,,,,,,,,,,,,,,,,,,,,,,,,,,,,,,,,,,,,,,,,,
HOLE_052,Jerimum de Cima,105473,77.00,78.00,1.00,SAP,SAP,PV,0.00,,,,,,,,,,,,,,,,,,,,,,,,,,,,,,,,,,,,,,,,,,,,,,,,,,,,,
HOLE_052,Jerimum de Cima,105474,78.00,79.00,1.00,SAP,SAP,PV,0.00,,,,,,,,,,,,,,,,,,,,,,,,,,,,,,,,,,,,,,,,,,,,,,,,,,,,,
HOLE_052,Jerimum de Cima,105475,79.00,80.00,1.00,SAP,SAP,PV,0.00,,,,,,,,,,,,,,,,,,,,,,,,,,,,,,,,,,,,,,,,,,,,,,,,,,,,,
HOLE_052,Jerimum de Cima,105476,80.00,81.00,1.00,SAP,SAP,PV,0.00,,,,,,,,,,,,,,,,,,,,,,,,,,,,,,,,,,,,,,,,,,,,,,,,,,,,,
HOLE_052,Jerimum de Cima,105477,81.00,82.00,1.00,SAP,SAP,PV,0.00,,,,,,,,,,,,,,,,,,,,,,,,,,,,,,,,,,,,,,,,,,,,,,,,,,,,,
HOLE_052,Jerimum de Cima,105478,82.00,83.00,1.00,SAP,SAP,PV,0.00,,,,,,,,,,,,,,,,,,,,,,,,,,,,,,,,,,,,,,,,,,,,,,,,,,,,,
HOLE_052,Jerimum de Cima,105479,83.00,84.00,1.00,SAP,SAP,PV,0.00,,,,,,,,,,,,,,,,,,,,,,,,,,,,,,,,,,,,,,,,,,,,,,,,,,,,,
HOLE_052,Jerimum de Cima,105480,84.00,84.50,0.50,SAP,SAP,PV,0.00,,,,,,,,,,,,,,,,,,,,,,,,,,,,,,,,,,,,,,,,,,,,,,,,,,,,,
HOLE_053,Jerimum de Cima,105481,0.00,1.00,1.00,SAP,SAP,PV,0.01,,,,,,,,,,,,,,,,,,,,,,,,,,,,,,,,,,,,,,,,,,,,,,,,,,,,,
HOLE_053,Jerimum de Cima,105482,1.00,2.00,1.00,SAP,SAP,PV,0.02,,,,,,,,,,,,,,,,,,,,,,,,,,,,,,,,,,,,,,,,,,,,,,,,,,,,,
HOLE_053,Jerimum de Cima,105483,2.00,3.00,1.00,SAP,SAP,PV,0.02,,,,,,,,,,,,,,,,,,,,,,,,,,,,,,,,,,,,,,,,,,,,,,,,,,,,,
HOLE_053,Jerimum de Cima,105484,3.00,4.00,1.00,SAP,SAP,PV,0.02,,,,,,,,,,,,,,,,,,,,,,,,,,,,,,,,,,,,,,,,,,,,,,,,,,,,,
HOLE_053,Jerimum de Cima,105485,4.00,5.00,1.00,SAP,SAP,PV,0.03,,,,,,,,,,,,,,,,,,,,,,,,,,,,,,,,,,,,,,,,,,,,,,,,,,,,,
HOLE_053,Jerimum de Cima,105486,5.00,6.00,1.00,SAP,SAP,PV,0.02,,,,,,,,,,,,,,,,,,,,,,,,,,,,,,,,,,,,,,,,,,,,,,,,,,,,,
HOLE_053,Jerimum de Cima,105487,6.00,7.00,1.00,SAP,SAP,PV,0.01,,,,,,,,,,,,,,,,,,,,,,,,,,,,,,,,,,,,,,,,,,,,,,,,,,,,,
HOLE_053,Jerimum de Cima,105488,7.00,8.00,1.00,SAP,SAP,PV,0.00,,,,,,,,,,,,,,,,,,,,,,,,,,,,,,,,,,,,,,,,,,,,,,,,,,,,,
HOLE_053,Jerimum de Cima,105489,8.00,9.00,1.00,SAP,SAP,PV,0.00,,,,,,,,,,,,,,,,,,,,,,,,,,,,,,,,,,,,,,,,,,,,,,,,,,,,,
HOLE_053,Jerimum de Cima,105490,9.00,10.00,1.00,SAP,SAP,PV,0.00,,,,,,,,,,,,,,,,,,,,,,,,,,,,,,,,,,,,,,,,,,,,,,,,,,,,,
HOLE_053,Jerimum de Cima,105491,10.00,11.00,1.00,SAP,SAP,PV,0.00,,,,,,,,,,,,,,,,,,,,,,,,,,,,,,,,,,,,,,,,,,,,,,,,,,,,,
HOLE_053,Jerimum de Cima,105492,11.00,12.00,1.00,SAP,SAP,PV,0.00,,,,,,,,,,,,,,,,,,,,,,,,,,,,,,,,,,,,,,,,,,,,,,,,,,,,,
HOLE_053,Jerimum de Cima,105493,12.00,13.00,1.00,SAP,SAP,PV,0.00,,,,,,,,,,,,,,,,,,,,,,,,,,,,,,,,,,,,,,,,,,,,,,,,,,,,,
HOLE_053,Jerimum de Cima,105494,13.00,14.00,1.00,SAP,SAP,PV,0.00,,,,,,,,,,,,,,,,,,,,,,,,,,,,,,,,,,,,,,,,,,,,,,,,,,,,,
HOLE_053,Jerimum de Cima,105495,14.00,15.00,1.00,SAP,SAP,PV,0.00,,,,,,,,,,,,,,,,,,,,,,,,,,,,,,,,,,,,,,,,,,,,,,,,,,,,,
HOLE_053,Jerimum de Cima,105496,15.00,16.00,1.00,SAP,SAP,PV,0.00,,,,,,,,,,,,,,,,,,,,,,,,,,,,,,,,,,,,,,,,,,,,,,,,,,,,,
HOLE_053,Jerimum de Cima,105497,16.00,17.00,1.00,SAP,SAP,PV,0.00,,,,,,,,,,,,,,,,,,,,,,,,,,,,,,,,,,,,,,,,,,,,,,,,,,,,,
HOLE_053,Jerimum de Cima,105498,17.00,18.00,1.00,SAP,SAP,PV,0.00,,,,,,,,,,,,,,,,,,,,,,,,,,,,,,,,,,,,,,,,,,,,,,,,,,,,,
HOLE_053,Jerimum de Cima,105499,18.00,19.00,1.00,SAP,SAP,PV,0.00,,,,,,,,,,,,,,,,,,,,,,,,,,,,,,,,,,,,,,,,,,,,,,,,,,,,,
HOLE_053,Jerimum de Cima,105500,19.00,20.00,1.00,SAP,SAP,PV,0.00,,,,,,,,,,,,,,,,,,,,,,,,,,,,,,,,,,,,,,,,,,,,,,,,,,,,,
HOLE_053,Jerimum de Cima,105501,20.00,21.00,1.00,SAP,SAP,PV,0.00,,,,,,,,,,,,,,,,,,,,,,,,,,,,,,,,,,,,,,,,,,,,,,,,,,,,,
HOLE_053,Jerimum de Cima,105502,21.00,22.00,1.00,SAP,SAP,PV,0.00,,,,,,,,,,,,,,,,,,,,,,,,,,,,,,,,,,,,,,,,,,,,,,,,,,,,,
HOLE_053,Jerimum de Cima,105503,22.00,23.00,1.00,SAP,SAP,PV,0.00,,,,,,,,,,,,,,,,,,,,,,,,,,,,,,,,,,,,,,,,,,,,,,,,,,,,,
HOLE_053,Jerimum de Cima,105504,23.00,24.00,1.00,SAP,SAP,PV,0.00,,,,,,,,,,,,,,,,,,,,,,,,,,,,,,,,,,,,,,,,,,,,,,,,,,,,,
HOLE_053,Jerimum de Cima,105505,24.00,25.00,1.00,SAP,SAP,PV,0.00,,,,,,,,,,,,,,,,,,,,,,,,,,,,,,,,,,,,,,,,,,,,,,,,,,,,,
HOLE_053,Jerimum de Cima,105506,25.00,26.00,1.00,SAP,SAP,PV,0.04,,,,,,,,,,,,,,,,,,,,,,,,,,,,,,,,,,,,,,,,,,,,,,,,,,,,,
HOLE_053,Jerimum de Cima,105507,26.00,27.00,1.00,SAP,SAP,PV,0.02,,,,,,,,,,,,,,,,,,,,,,,,,,,,,,,,,,,,,,,,,,,,,,,,,,,,,
HOLE_053,Jerimum de Cima,105508,27.00,28.00,1.00,SAP,SAP,PV,0.00,,,,,,,,,,,,,,,,,,,,,,,,,,,,,,,,,,,,,,,,,,,,,,,,,,,,,
HOLE_053,Jerimum de Cima,105509,28.00,29.00,1.00,SAP,SAP,PV,0.00,,,,,,,,,,,,,,,,,,,,,,,,,,,,,,,,,,,,,,,,,,,,,,,,,,,,,
HOLE_053,Jerimum de Cima,105510,29.00,30.00,1.00,SAP,SAP,PV,0.00,,,,,,,,,,,,,,,,,,,,,,,,,,,,,,,,,,,,,,,,,,,,,,,,,,,,,
HOLE_053,Jerimum de Cima,105511,30.00,31.00,1.00,SAP,SAP,PV,0.02,,,,,,,,,,,,,,,,,,,,,,,,,,,,,,,,,,,,,,,,,,,,,,,,,,,,,
HOLE_053,Jerimum de Cima,105512,31.00,32.00,1.00,SAP,SAP,PV,0.00,,,,,,,,,,,,,,,,,,,,,,,,,,,,,,,,,,,,,,,,,,,,,,,,,,,,,
HOLE_053,Jerimum de Cima,105513,32.00,33.00,1.00,SAP,SAP,PV,0.00,,,,,,,,,,,,,,,,,,,,,,,,,,,,,,,,,,,,,,,,,,,,,,,,,,,,,
HOLE_053,Jerimum de Cima,105514,33.00,34.00,1.00,SAP,SAP,PV,0.00,,,,,,,,,,,,,,,,,,,,,,,,,,,,,,,,,,,,,,,,,,,,,,,,,,,,,
HOLE_053,Jerimum de Cima,105515,34.00,35.00,1.00,SAP,SAP,PV,0.00,,,,,,,,,,,,,,,,,,,,,,,,,,,,,,,,,,,,,,,,,,,,,,,,,,,,,
HOLE_053,Jerimum de Cima,105516,35.00,36.00,1.00,SAP,SAP,PV,0.00,,,,,,,,,,,,,,,,,,,,,,,,,,,,,,,,,,,,,,,,,,,,,,,,,,,,,
HOLE_053,Jerimum de Cima,105517,36.00,37.00,1.00,SAP,SAP,PV,0.00,,,,,,,,,,,,,,,,,,,,,,,,,,,,,,,,,,,,,,,,,,,,,,,,,,,,,
HOLE_053,Jerimum de Cima,105518,37.00,38.00,1.00,SAP,SAP,PV,0.00,,,,,,,,,,,,,,,,,,,,,,,,,,,,,,,,,,,,,,,,,,,,,,,,,,,,,
HOLE_053,Jerimum de Cima,105519,38.00,39.00,1.00,SAP,SAP,PV,0.00,,,,,,,,,,,,,,,,,,,,,,,,,,,,,,,,,,,,,,,,,,,,,,,,,,,,,
HOLE_053,Jerimum de Cima,105520,39.00,40.00,1.00,SAP,SAP,PV,0.00,,,,,,,,,,,,,,,,,,,,,,,,,,,,,,,,,,,,,,,,,,,,,,,,,,,,,
HOLE_053,Jerimum de Cima,105521,40.00,41.00,1.00,SAP,SAP,PV,0.00,,,,,,,,,,,,,,,,,,,,,,,,,,,,,,,,,,,,,,,,,,,,,,,,,,,,,
HOLE_053,Jerimum de Cima,105522,41.00,42.00,1.00,SAP,SAP,PV,0.00,,,,,,,,,,,,,,,,,,,,,,,,,,,,,,,,,,,,,,,,,,,,,,,,,,,,,
HOLE_053,Jerimum de Cima,105523,42.00,43.00,1.00,SAP,SAP,PV,0.00,,,,,,,,,,,,,,,,,,,,,,,,,,,,,,,,,,,,,,,,,,,,,,,,,,,,,
HOLE_053,Jerimum de Cima,105524,43.00,44.00,1.00,SAP,SAP,PV,0.00,,,,,,,,,,,,,,,,,,,,,,,,,,,,,,,,,,,,,,,,,,,,,,,,,,,,,
HOLE_053,Jerimum de Cima,105525,44.00,45.00,1.00,SAP,SAP,PV,0.00,,,,,,,,,,,,,,,,,,,,,,,,,,,,,,,,,,,,,,,,,,,,,,,,,,,,,
HOLE_053,Jerimum de Cima,105526,45.00,46.00,1.00,SAP,SAP,PV,0.00,,,,,,,,,,,,,,,,,,,,,,,,,,,,,,,,,,,,,,,,,,,,,,,,,,,,,
HOLE_053,Jerimum de Cima,105527,46.00,47.00,1.00,SAP,SAP,PV,0.00,,,,,,,,,,,,,,,,,,,,,,,,,,,,,,,,,,,,,,,,,,,,,,,,,,,,,
HOLE_053,Jerimum de Cima,105528,47.00,48.00,1.00,IG,CT,PV,0.00,,,,,,,,,,,,,,,,,,,,,,,,,,,,,,,,,,,,,,,,,,,,,,,,,,,,,
HOLE_053,Jerimum de Cima,105529,48.00,49.00,1.00,IG,CT,PV,0.00,,,,,,,,,,,,,,,,,,,,,,,,,,,,,,,,,,,,,,,,,,,,,,,,,,,,,
HOLE_053,Jerimum de Cima,105530,49.00,50.00,1.00,IG,CT,PV,0.00,,,,,,,,,,,,,,,,,,,,,,,,,,,,,,,,,,,,,,,,,,,,,,,,,,,,,
HOLE_053,Jerimum de Cima,105531,50.00,51.00,1.00,IG,CT,PV,0.00,,,,,,,,,,,,,,,,,,,,,,,,,,,,,,,,,,,,,,,,,,,,,,,,,,,,,
HOLE_053,Jerimum de Cima,105532,51.00,52.00,1.00,IG,CT,PV,0.00,,,,,,,,,,,,,,,,,,,,,,,,,,,,,,,,,,,,,,,,,,,,,,,,,,,,,
HOLE_053,Jerimum de Cima,105533,52.00,53.00,1.00,IG,CT,PV,0.00,,,,,,,,,,,,,,,,,,,,,,,,,,,,,,,,,,,,,,,,,,,,,,,,,,,,,
HOLE_053,Jerimum de Cima,105534,53.00,54.00,1.00,IG,CT,PV,0.00,,,,,,,,,,,,,,,,,,,,,,,,,,,,,,,,,,,,,,,,,,,,,,,,,,,,,
HOLE_053,Jerimum de Cima,105535,54.00,55.00,1.00,IG,SCP,PV,0.00,,,,,,,,,,,,,,,,,,,,,,,,,,,,,,,,,,,,,,,,,,,,,,,,,,,,,
HOLE_053,Jerimum de Cima,105536,55.00,56.00,1.00,IG,SCP,PV,0.00,,,,,,,,,,,,,,,,,,,,,,,,,,,,,,,,,,,,,,,,,,,,,,,,,,,,,
HOLE_053,Jerimum de Cima,105537,56.00,57.00,1.00,IG,SCP,PV,0.00,,,,,,,,,,,,,,,,,,,,,,,,,,,,,,,,,,,,,,,,,,,,,,,,,,,,,
HOLE_053,Jerimum de Cima,105538,57.00,58.00,1.00,IG,SCP,PV,0.00,,,,,,,,,,,,,,,,,,,,,,,,,,,,,,,,,,,,,,,,,,,,,,,,,,,,,
HOLE_053,Jerimum de Cima,105539,58.00,59.00,1.00,IG,SCP,PV,0.00,,,,,,,,,,,,,,,,,,,,,,,,,,,,,,,,,,,,,,,,,,,,,,,,,,,,,
HOLE_053,Jerimum de Cima,105540,59.00,60.00,1.00,GSTR,POT,PV,0.00,,,,,,,,,,,,,,,,,,,,,,,,,,,,,,,,,,,,,,,,,,,,,,,,,,,,,
HOLE_053,Jerimum de Cima,105541,60.00,61.00,1.00,GSTR,POT,PV,0.00,,,,,,,,,,,,,,,,,,,,,,,,,,,,,,,,,,,,,,,,,,,,,,,,,,,,,
HOLE_053,Jerimum de Cima,105542,61.00,62.00,1.00,IG,SCP,PV,0.00,,,,,,,,,,,,,,,,,,,,,,,,,,,,,,,,,,,,,,,,,,,,,,,,,,,,,
HOLE_053,Jerimum de Cima,105543,62.00,63.00,1.00,IG,SCP,PV,0.00,,,,,,,,,,,,,,,,,,,,,,,,,,,,,,,,,,,,,,,,,,,,,,,,,,,,,
HOLE_053,Jerimum de Cima,105544,63.00,64.00,1.00,IG,SCP,PV,0.00,,,,,,,,,,,,,,,,,,,,,,,,,,,,,,,,,,,,,,,,,,,,,,,,,,,,,
HOLE_053,Jerimum de Cima,105545,64.00,65.00,1.00,IG,SCP,PV,0.00,,,,,,,,,,,,,,,,,,,,,,,,,,,,,,,,,,,,,,,,,,,,,,,,,,,,,
HOLE_053,Jerimum de Cima,105546,65.00,66.00,1.00,IG,SCP,PV,0.09,,,,,,,,,,,,,,,,,,,,,,,,,,,,,,,,,,,,,,,,,,,,,,,,,,,,,
HOLE_053,Jerimum de Cima,105547,66.00,67.00,1.00,IG,SCP,PV,0.00,,,,,,,,,,,,,,,,,,,,,,,,,,,,,,,,,,,,,,,,,,,,,,,,,,,,,
HOLE_053,Jerimum de Cima,105548,67.00,68.00,1.00,IG,SCP,PV,0.00,,,,,,,,,,,,,,,,,,,,,,,,,,,,,,,,,,,,,,,,,,,,,,,,,,,,,
HOLE_053,Jerimum de Cima,105549,68.00,69.00,1.00,IG,SCP,PV,0.01,,,,,,,,,,,,,,,,,,,,,,,,,,,,,,,,,,,,,,,,,,,,,,,,,,,,,
HOLE_053,Jerimum de Cima,105550,69.00,70.00,1.00,IG,SCP,PV,0.03,,,,,,,,,,,,,,,,,,,,,,,,,,,,,,,,,,,,,,,,,,,,,,,,,,,,,
HOLE_054,Jerimum de Cima,105551,0.00,1.00,1.00,SAP,SAP,PV,0.02,,,,,,,,,,,,,,,,,,,,,,,,,,,,,,,,,,,,,,,,,,,,,,,,,,,,,
HOLE_054,Jerimum de Cima,105552,1.00,2.00,1.00,SAP,SAP,PV,0.01,,,,,,,,,,,,,,,,,,,,,,,,,,,,,,,,,,,,,,,,,,,,,,,,,,,,,
HOLE_054,Jerimum de Cima,105553,2.00,3.00,1.00,SAP,SAP,PV,0.01,,,,,,,,,,,,,,,,,,,,,,,,,,,,,,,,,,,,,,,,,,,,,,,,,,,,,
HOLE_054,Jerimum de Cima,105554,3.00,4.00,1.00,SAP,SAP,PV,0.01,,,,,,,,,,,,,,,,,,,,,,,,,,,,,,,,,,,,,,,,,,,,,,,,,,,,,
HOLE_054,Jerimum de Cima,105555,4.00,5.00,1.00,SAP,SAP,PV,0.00,,,,,,,,,,,,,,,,,,,,,,,,,,,,,,,,,,,,,,,,,,,,,,,,,,,,,
HOLE_054,Jerimum de Cima,105556,5.00,6.00,1.00,SAP,SAP,PV,0.00,,,,,,,,,,,,,,,,,,,,,,,,,,,,,,,,,,,,,,,,,,,,,,,,,,,,,
HOLE_054,Jerimum de Cima,105557,6.00,7.00,1.00,SAP,SAP,PV,0.03,,,,,,,,,,,,,,,,,,,,,,,,,,,,,,,,,,,,,,,,,,,,,,,,,,,,,
HOLE_054,Jerimum de Cima,105558,7.00,8.00,1.00,SAP,SAP,PV,0.01,,,,,,,,,,,,,,,,,,,,,,,,,,,,,,,,,,,,,,,,,,,,,,,,,,,,,
HOLE_054,Jerimum de Cima,105559,8.00,9.00,1.00,SAP,SAP,PV,0.01,,,,,,,,,,,,,,,,,,,,,,,,,,,,,,,,,,,,,,,,,,,,,,,,,,,,,
HOLE_054,Jerimum de Cima,105560,9.00,10.00,1.00,SAP,SAP,PV,0.08,,,,,,,,,,,,,,,,,,,,,,,,,,,,,,,,,,,,,,,,,,,,,,,,,,,,,
HOLE_054,Jerimum de Cima,105561,10.00,11.00,1.00,SAP,SAP,PV,0.03,,,,,,,,,,,,,,,,,,,,,,,,,,,,,,,,,,,,,,,,,,,,,,,,,,,,,
HOLE_054,Jerimum de Cima,105562,11.00,12.00,1.00,SAP,SAP,PV,0.00,,,,,,,,,,,,,,,,,,,,,,,,,,,,,,,,,,,,,,,,,,,,,,,,,,,,,
HOLE_054,Jerimum de Cima,105563,12.00,13.00,1.00,SAP,SAP,PV,0.00,,,,,,,,,,,,,,,,,,,,,,,,,,,,,,,,,,,,,,,,,,,,,,,,,,,,,
HOLE_054,Jerimum de Cima,105564,13.00,14.00,1.00,SAP,SAP,PV,0.00,,,,,,,,,,,,,,,,,,,,,,,,,,,,,,,,,,,,,,,,,,,,,,,,,,,,,
HOLE_054,Jerimum de Cima,105565,14.00,15.00,1.00,SAP,SAP,PV,0.01,,,,,,,,,,,,,,,,,,,,,,,,,,,,,,,,,,,,,,,,,,,,,,,,,,,,,
HOLE_054,Jerimum de Cima,105566,15.00,16.00,1.00,SAP,SAP,PV,0.00,,,,,,,,,,,,,,,,,,,,,,,,,,,,,,,,,,,,,,,,,,,,,,,,,,,,,
HOLE_054,Jerimum de Cima,105567,16.00,17.00,1.00,SAP,SAP,PV,0.34,,,,,,,,,,,,,,,,,,,,,,,,,,,,,,,,,,,,,,,,,,,,,,,,,,,,,
HOLE_054,Jerimum de Cima,105568,17.00,18.00,1.00,SAP,SAP,PV,0.85,,,,,,,,,,,,,,,,,,,,,,,,,,,,,,,,,,,,,,,,,,,,,,,,,,,,,
HOLE_054,Jerimum de Cima,105569,18.00,19.00,1.00,SAP,SAP,PV,0.12,,,,,,,,,,,,,,,,,,,,,,,,,,,,,,,,,,,,,,,,,,,,,,,,,,,,,
HOLE_054,Jerimum de Cima,105570,19.00,20.00,1.00,SAP,SAP,PV,0.20,,,,,,,,,,,,,,,,,,,,,,,,,,,,,,,,,,,,,,,,,,,,,,,,,,,,,
HOLE_054,Jerimum de Cima,105571,20.00,21.00,1.00,SAP,SAP,PV,0.06,,,,,,,,,,,,,,,,,,,,,,,,,,,,,,,,,,,,,,,,,,,,,,,,,,,,,
HOLE_054,Jerimum de Cima,105572,21.00,22.00,1.00,SAP,SAP,PV,0.01,,,,,,,,,,,,,,,,,,,,,,,,,,,,,,,,,,,,,,,,,,,,,,,,,,,,,
HOLE_054,Jerimum de Cima,105573,22.00,23.00,1.00,SAP,SAP,PV,0.00,,,,,,,,,,,,,,,,,,,,,,,,,,,,,,,,,,,,,,,,,,,,,,,,,,,,,
HOLE_054,Jerimum de Cima,105574,23.00,24.00,1.00,SAP,SAP,PV,0.00,,,,,,,,,,,,,,,,,,,,,,,,,,,,,,,,,,,,,,,,,,,,,,,,,,,,,
HOLE_054,Jerimum de Cima,105575,24.00,25.00,1.00,SAP,SAP,PV,0.00,,,,,,,,,,,,,,,,,,,,,,,,,,,,,,,,,,,,,,,,,,,,,,,,,,,,,
HOLE_054,Jerimum de Cima,105576,25.00,26.00,1.00,SAP,SAP,PV,0.00,,,,,,,,,,,,,,,,,,,,,,,,,,,,,,,,,,,,,,,,,,,,,,,,,,,,,
HOLE_054,Jerimum de Cima,105577,26.00,27.00,1.00,SAP,SAP,PV,0.00,,,,,,,,,,,,,,,,,,,,,,,,,,,,,,,,,,,,,,,,,,,,,,,,,,,,,
HOLE_054,Jerimum de Cima,105578,27.00,28.00,1.00,SAP,SAP,PV,0.00,,,,,,,,,,,,,,,,,,,,,,,,,,,,,,,,,,,,,,,,,,,,,,,,,,,,,
HOLE_054,Jerimum de Cima,105579,28.00,29.00,1.00,SAP,SAP,PV,0.00,,,,,,,,,,,,,,,,,,,,,,,,,,,,,,,,,,,,,,,,,,,,,,,,,,,,,
HOLE_054,Jerimum de Cima,105580,29.00,30.00,1.00,SAP,SAP,PV,0.01,,,,,,,,,,,,,,,,,,,,,,,,,,,,,,,,,,,,,,,,,,,,,,,,,,,,,
HOLE_054,Jerimum de Cima,105581,30.00,31.00,1.00,SAP,SAP,PV,0.00,,,,,,,,,,,,,,,,,,,,,,,,,,,,,,,,,,,,,,,,,,,,,,,,,,,,,
HOLE_054,Jerimum de Cima,105582,31.00,32.00,1.00,SAP,SAP,PV,0.00,,,,,,,,,,,,,,,,,,,,,,,,,,,,,,,,,,,,,,,,,,,,,,,,,,,,,
HOLE_054,Jerimum de Cima,105583,32.00,33.00,1.00,SAP,SAP,PV,0.00,,,,,,,,,,,,,,,,,,,,,,,,,,,,,,,,,,,,,,,,,,,,,,,,,,,,,
HOLE_054,Jerimum de Cima,105584,33.00,34.00,1.00,SAP,SAP,PV,0.00,,,,,,,,,,,,,,,,,,,,,,,,,,,,,,,,,,,,,,,,,,,,,,,,,,,,,
HOLE_054,Jerimum de Cima,105585,34.00,35.00,1.00,SAP,SAP,PV,0.00,,,,,,,,,,,,,,,,,,,,,,,,,,,,,,,,,,,,,,,,,,,,,,,,,,,,,
HOLE_054,Jerimum de Cima,105586,35.00,36.00,1.00,SAP,SAP,PV,0.00,,,,,,,,,,,,,,,,,,,,,,,,,,,,,,,,,,,,,,,,,,,,,,,,,,,,,
HOLE_054,Jerimum de Cima,105587,36.00,37.00,1.00,SAP,SAP,PV,0.00,,,,,,,,,,,,,,,,,,,,,,,,,,,,,,,,,,,,,,,,,,,,,,,,,,,,,
HOLE_054,Jerimum de Cima,105588,37.00,38.00,1.00,SAP,SAP,PV,0.00,,,,,,,,,,,,,,,,,,,,,,,,,,,,,,,,,,,,,,,,,,,,,,,,,,,,,
HOLE_054,Jerimum de Cima,105589,38.00,39.00,1.00,SAP,SAP,PV,0.00,,,,,,,,,,,,,,,,,,,,,,,,,,,,,,,,,,,,,,,,,,,,,,,,,,,,,
HOLE_054,Jerimum de Cima,105590,39.00,40.00,1.00,SAP,SAP,PV,0.04,,,,,,,,,,,,,,,,,,,,,,,,,,,,,,,,,,,,,,,,,,,,,,,,,,,,,
HOLE_054,Jerimum de Cima,105591,40.00,41.00,1.00,SAP,SAP,PV,0.00,,,,,,,,,,,,,,,,,,,,,,,,,,,,,,,,,,,,,,,,,,,,,,,,,,,,,
HOLE_054,Jerimum de Cima,105592,41.00,42.00,1.00,SAP,SAP,PV,0.01,,,,,,,,,,,,,,,,,,,,,,,,,,,,,,,,,,,,,,,,,,,,,,,,,,,,,
HOLE_054,Jerimum de Cima,105593,42.00,43.00,1.00,SAP,SAP,PV,0.00,,,,,,,,,,,,,,,,,,,,,,,,,,,,,,,,,,,,,,,,,,,,,,,,,,,,,
HOLE_054,Jerimum de Cima,105594,43.00,44.00,1.00,SAP,SAP,PV,0.00,,,,,,,,,,,,,,,,,,,,,,,,,,,,,,,,,,,,,,,,,,,,,,,,,,,,,
HOLE_054,Jerimum de Cima,105595,44.00,45.00,1.00,SAP,SAP,PV,0.01,,,,,,,,,,,,,,,,,,,,,,,,,,,,,,,,,,,,,,,,,,,,,,,,,,,,,
HOLE_054,Jerimum de Cima,105596,45.00,46.00,1.00,SAP,SAP,PV,0.00,,,,,,,,,,,,,,,,,,,,,,,,,,,,,,,,,,,,,,,,,,,,,,,,,,,,,
HOLE_054,Jerimum de Cima,105597,46.00,47.00,1.00,SAP,SAP,PV,0.68,,,,,,,,,,,,,,,,,,,,,,,,,,,,,,,,,,,,,,,,,,,,,,,,,,,,,
HOLE_054,Jerimum de Cima,105598,47.00,47.50,0.50,SAP,SAP,PV,0.09,,,,,,,,,,,,,,,,,,,,,,,,,,,,,,,,,,,,,,,,,,,,,,,,,,,,,
HOLE_055,Jerimum de Cima,105599,0.00,1.00,1.00,QS,,,0.06,,,,,,,,,,,,,,,,,,,,,,,,,,,,,,,,,,,,,,,,,,,,,,,,,,,,,
HOLE_055,Jerimum de Cima,105600,1.00,2.00,1.00,QS,,,0.03,,,,,,,,,,,,,,,,,,,,,,,,,,,,,,,,,,,,,,,,,,,,,,,,,,,,,
HOLE_055,Jerimum de Cima,105601,2.00,3.00,1.00,QS,,,0.01,,,,,,,,,,,,,,,,,,,,,,,,,,,,,,,,,,,,,,,,,,,,,,,,,,,,,
HOLE_055,Jerimum de Cima,105602,3.00,4.00,1.00,QS,,,0.02,,,,,,,,,,,,,,,,,,,,,,,,,,,,,,,,,,,,,,,,,,,,,,,,,,,,,
HOLE_055,Jerimum de Cima,105603,4.00,5.00,1.00,QS,,,0.04,,,,,,,,,,,,,,,,,,,,,,,,,,,,,,,,,,,,,,,,,,,,,,,,,,,,,
HOLE_055,Jerimum de Cima,105604,5.00,6.00,1.00,QS,,,0.00,,,,,,,,,,,,,,,,,,,,,,,,,,,,,,,,,,,,,,,,,,,,,,,,,,,,,
HOLE_055,Jerimum de Cima,105605,6.00,7.00,1.00,QS,,,0.00,,,,,,,,,,,,,,,,,,,,,,,,,,,,,,,,,,,,,,,,,,,,,,,,,,,,,
HOLE_055,Jerimum de Cima,105606,7.00,8.00,1.00,QS,,,0.04,,,,,,,,,,,,,,,,,,,,,,,,,,,,,,,,,,,,,,,,,,,,,,,,,,,,,
HOLE_055,Jerimum de Cima,105607,8.00,9.00,1.00,QS,,,0.16,,,,,,,,,,,,,,,,,,,,,,,,,,,,,,,,,,,,,,,,,,,,,,,,,,,,,
HOLE_055,Jerimum de Cima,105608,9.00,10.00,1.00,QS,,,0.03,,,,,,,,,,,,,,,,,,,,,,,,,,,,,,,,,,,,,,,,,,,,,,,,,,,,,
HOLE_055,Jerimum de Cima,105609,10.00,11.00,1.00,QS,,,0.03,,,,,,,,,,,,,,,,,,,,,,,,,,,,,,,,,,,,,,,,,,,,,,,,,,,,,
HOLE_055,Jerimum de Cima,105610,11.00,12.00,1.00,QS,,,0.02,,,,,,,,,,,,,,,,,,,,,,,,,,,,,,,,,,,,,,,,,,,,,,,,,,,,,
HOLE_055,Jerimum de Cima,105611,12.00,13.00,1.00,QS,,,0.04,,,,,,,,,,,,,,,,,,,,,,,,,,,,,,,,,,,,,,,,,,,,,,,,,,,,,
HOLE_055,Jerimum de Cima,105612,13.00,14.00,1.00,QS,,,0.85,,,,,,,,,,,,,,,,,,,,,,,,,,,,,,,,,,,,,,,,,,,,,,,,,,,,,
HOLE_055,Jerimum de Cima,105613,14.00,15.00,1.00,QS,,,0.15,,,,,,,,,,,,,,,,,,,,,,,,,,,,,,,,,,,,,,,,,,,,,,,,,,,,,
HOLE_055,Jerimum de Cima,105614,15.00,16.00,1.00,QS,,,0.02,,,,,,,,,,,,,,,,,,,,,,,,,,,,,,,,,,,,,,,,,,,,,,,,,,,,,
HOLE_055,Jerimum de Cima,105615,16.00,17.00,1.00,QS,,,0.03,,,,,,,,,,,,,,,,,,,,,,,,,,,,,,,,,,,,,,,,,,,,,,,,,,,,,
HOLE_055,Jerimum de Cima,105616,17.00,18.00,1.00,QS,,,0.02,,,,,,,,,,,,,,,,,,,,,,,,,,,,,,,,,,,,,,,,,,,,,,,,,,,,,
HOLE_055,Jerimum de Cima,105617,18.00,19.00,1.00,QS,,,0.59,,,,,,,,,,,,,,,,,,,,,,,,,,,,,,,,,,,,,,,,,,,,,,,,,,,,,
HOLE_055,Jerimum de Cima,105618,19.00,20.00,1.00,QS,,,0.25,,,,,,,,,,,,,,,,,,,,,,,,,,,,,,,,,,,,,,,,,,,,,,,,,,,,,
HOLE_055,Jerimum de Cima,105619,20.00,21.00,1.00,QS,,,0.21,,,,,,,,,,,,,,,,,,,,,,,,,,,,,,,,,,,,,,,,,,,,,,,,,,,,,
HOLE_055,Jerimum de Cima,105620,21.00,22.00,1.00,QS,,,0.06,,,,,,,,,,,,,,,,,,,,,,,,,,,,,,,,,,,,,,,,,,,,,,,,,,,,,
HOLE_055,Jerimum de Cima,105621,22.00,23.00,1.00,QS,,,0.98,,,,,,,,,,,,,,,,,,,,,,,,,,,,,,,,,,,,,,,,,,,,,,,,,,,,,
HOLE_055,Jerimum de Cima,105622,23.00,24.00,1.00,QS,,,0.06,,,,,,,,,,,,,,,,,,,,,,,,,,,,,,,,,,,,,,,,,,,,,,,,,,,,,
HOLE_055,Jerimum de Cima,105623,24.00,25.00,1.00,QS,,,0.01,,,,,,,,,,,,,,,,,,,,,,,,,,,,,,,,,,,,,,,,,,,,,,,,,,,,,
HOLE_055,Jerimum de Cima,105624,25.00,26.00,1.00,QS,,,0.02,,,,,,,,,,,,,,,,,,,,,,,,,,,,,,,,,,,,,,,,,,,,,,,,,,,,,
HOLE_055,Jerimum de Cima,105625,26.00,27.00,1.00,QS,,,0.17,,,,,,,,,,,,,,,,,,,,,,,,,,,,,,,,,,,,,,,,,,,,,,,,,,,,,
HOLE_055,Jerimum de Cima,105626,27.00,28.00,1.00,QS,,,0.03,,,,,,,,,,,,,,,,,,,,,,,,,,,,,,,,,,,,,,,,,,,,,,,,,,,,,
HOLE_055,Jerimum de Cima,105627,28.00,29.00,1.00,QS,,,0.01,,,,,,,,,,,,,,,,,,,,,,,,,,,,,,,,,,,,,,,,,,,,,,,,,,,,,
HOLE_055,Jerimum de Cima,105628,29.00,30.00,1.00,QS,,,0.08,,,,,,,,,,,,,,,,,,,,,,,,,,,,,,,,,,,,,,,,,,,,,,,,,,,,,
HOLE_055,Jerimum de Cima,105629,30.00,31.00,1.00,QS,,,0.00,,,,,,,,,,,,,,,,,,,,,,,,,,,,,,,,,,,,,,,,,,,,,,,,,,,,,
HOLE_055,Jerimum de Cima,105630,31.00,32.00,1.00,QS,,,0.02,,,,,,,,,,,,,,,,,,,,,,,,,,,,,,,,,,,,,,,,,,,,,,,,,,,,,
HOLE_055,Jerimum de Cima,105631,32.00,33.00,1.00,QS,,,0.17,,,,,,,,,,,,,,,,,,,,,,,,,,,,,,,,,,,,,,,,,,,,,,,,,,,,,
HOLE_055,Jerimum de Cima,105632,33.00,34.00,1.00,QS,,,0.01,,,,,,,,,,,,,,,,,,,,,,,,,,,,,,,,,,,,,,,,,,,,,,,,,,,,,
HOLE_055,Jerimum de Cima,105633,34.00,35.00,1.00,QS,,,0.02,,,,,,,,,,,,,,,,,,,,,,,,,,,,,,,,,,,,,,,,,,,,,,,,,,,,,
HOLE_055,Jerimum de Cima,105634,35.00,36.00,1.00,QS,,,0.10,,,,,,,,,,,,,,,,,,,,,,,,,,,,,,,,,,,,,,,,,,,,,,,,,,,,,
HOLE_055,Jerimum de Cima,105635,36.00,37.00,1.00,QS,,,0.00,,,,,,,,,,,,,,,,,,,,,,,,,,,,,,,,,,,,,,,,,,,,,,,,,,,,,
HOLE_055,Jerimum de Cima,105636,37.00,38.00,1.00,QS,,,0.00,,,,,,,,,,,,,,,,,,,,,,,,,,,,,,,,,,,,,,,,,,,,,,,,,,,,,
HOLE_055,Jerimum de Cima,105637,38.00,39.00,1.00,QS,,,0.00,,,,,,,,,,,,,,,,,,,,,,,,,,,,,,,,,,,,,,,,,,,,,,,,,,,,,
HOLE_055,Jerimum de Cima,105638,39.00,40.00,1.00,QS,,,2.13,,,,,,,,,,,,,,,,,,,,,,,,,,,,,,,,,,,,,,,,,,,,,,,,,,,,,
HOLE_055,Jerimum de Cima,105639,40.00,41.00,1.00,QS,,,0.59,,,,,,,,,,,,,,,,,,,,,,,,,,,,,,,,,,,,,,,,,,,,,,,,,,,,,
HOLE_055,Jerimum de Cima,105640,41.00,42.00,1.00,SAP,SAP,,0.10,,,,,,,,,,,,,,,,,,,,,,,,,,,,,,,,,,,,,,,,,,,,,,,,,,,,,
HOLE_055,Jerimum de Cima,105641,42.00,43.00,1.00,SAP,SAP,,0.08,,,,,,,,,,,,,,,,,,,,,,,,,,,,,,,,,,,,,,,,,,,,,,,,,,,,,
HOLE_055,Jerimum de Cima,105642,43.00,44.00,1.00,SAP,SAP,,0.13,,,,,,,,,,,,,,,,,,,,,,,,,,,,,,,,,,,,,,,,,,,,,,,,,,,,,
HOLE_055,Jerimum de Cima,105643,44.00,45.00,1.00,SAP,SAP,,0.14,,,,,,,,,,,,,,,,,,,,,,,,,,,,,,,,,,,,,,,,,,,,,,,,,,,,,
HOLE_055,Jerimum de Cima,105644,45.00,46.00,1.00,SAP,SAP,,0.12,,,,,,,,,,,,,,,,,,,,,,,,,,,,,,,,,,,,,,,,,,,,,,,,,,,,,
HOLE_055,Jerimum de Cima,105645,46.00,47.00,1.00,SAP,SAP,,0.18,,,,,,,,,,,,,,,,,,,,,,,,,,,,,,,,,,,,,,,,,,,,,,,,,,,,,
HOLE_055,Jerimum de Cima,105646,47.00,48.00,1.00,IG,SS,MT,0.19,,,,,,,,,,,,,,,,,,,,,,,,,,,,,,,,,,,,,,,,,,,,,,,,,,,,,
HOLE_056,Jerimum de Cima,105647,0.00,1.00,1.00,SAP,SAP,,0.07,,,,,,,,,,,,,,,,,,,,,,,,,,,,,,,,,,,,,,,,,,,,,,,,,,,,,
HOLE_056,Jerimum de Cima,105648,1.00,2.00,1.00,SAP,SAP,,0.11,,,,,,,,,,,,,,,,,,,,,,,,,,,,,,,,,,,,,,,,,,,,,,,,,,,,,
HOLE_056,Jerimum de Cima,105649,2.00,3.00,1.00,SAP,SAP,,0.01,,,,,,,,,,,,,,,,,,,,,,,,,,,,,,,,,,,,,,,,,,,,,,,,,,,,,
HOLE_056,Jerimum de Cima,105650,3.00,4.00,1.00,SAP,SAP,,0.01,,,,,,,,,,,,,,,,,,,,,,,,,,,,,,,,,,,,,,,,,,,,,,,,,,,,,
HOLE_056,Jerimum de Cima,105651,4.00,5.00,1.00,SAP,SAP,,0.38,,,,,,,,,,,,,,,,,,,,,,,,,,,,,,,,,,,,,,,,,,,,,,,,,,,,,
HOLE_056,Jerimum de Cima,105652,5.00,6.00,1.00,SAP,SAP,,0.02,,,,,,,,,,,,,,,,,,,,,,,,,,,,,,,,,,,,,,,,,,,,,,,,,,,,,
HOLE_056,Jerimum de Cima,105653,6.00,7.00,1.00,SAP,SAP,,0.00,,,,,,,,,,,,,,,,,,,,,,,,,,,,,,,,,,,,,,,,,,,,,,,,,,,,,
HOLE_056,Jerimum de Cima,105654,7.00,8.00,1.00,SAP,SAP,,0.01,,,,,,,,,,,,,,,,,,,,,,,,,,,,,,,,,,,,,,,,,,,,,,,,,,,,,
HOLE_056,Jerimum de Cima,105655,8.00,9.00,1.00,SAP,SAP,,0.02,,,,,,,,,,,,,,,,,,,,,,,,,,,,,,,,,,,,,,,,,,,,,,,,,,,,,
HOLE_056,Jerimum de Cima,105656,9.00,10.00,1.00,SAP,SAP,,0.00,,,,,,,,,,,,,,,,,,,,,,,,,,,,,,,,,,,,,,,,,,,,,,,,,,,,,
HOLE_056,Jerimum de Cima,105657,10.00,11.00,1.00,SAP,SAP,,0.03,,,,,,,,,,,,,,,,,,,,,,,,,,,,,,,,,,,,,,,,,,,,,,,,,,,,,
HOLE_056,Jerimum de Cima,105658,11.00,12.00,1.00,SAP,SAP,,0.02,,,,,,,,,,,,,,,,,,,,,,,,,,,,,,,,,,,,,,,,,,,,,,,,,,,,,
HOLE_056,Jerimum de Cima,105659,12.00,13.00,1.00,SAP,SAP,,0.16,,,,,,,,,,,,,,,,,,,,,,,,,,,,,,,,,,,,,,,,,,,,,,,,,,,,,
HOLE_056,Jerimum de Cima,105660,13.00,14.00,1.00,SAP,SAP,,0.06,,,,,,,,,,,,,,,,,,,,,,,,,,,,,,,,,,,,,,,,,,,,,,,,,,,,,
HOLE_056,Jerimum de Cima,105661,14.00,15.00,1.00,SAP,SAP,,0.10,,,,,,,,,,,,,,,,,,,,,,,,,,,,,,,,,,,,,,,,,,,,,,,,,,,,,
HOLE_056,Jerimum de Cima,105662,15.00,16.00,1.00,SAP,SAP,,0.07,,,,,,,,,,,,,,,,,,,,,,,,,,,,,,,,,,,,,,,,,,,,,,,,,,,,,
HOLE_056,Jerimum de Cima,105663,16.00,17.00,1.00,SAP,SAP,,0.06,,,,,,,,,,,,,,,,,,,,,,,,,,,,,,,,,,,,,,,,,,,,,,,,,,,,,
HOLE_056,Jerimum de Cima,105664,17.00,18.00,1.00,SAP,SAP,,0.15,,,,,,,,,,,,,,,,,,,,,,,,,,,,,,,,,,,,,,,,,,,,,,,,,,,,,
HOLE_056,Jerimum de Cima,105665,18.00,19.00,1.00,SAP,SAP,,0.07,,,,,,,,,,,,,,,,,,,,,,,,,,,,,,,,,,,,,,,,,,,,,,,,,,,,,
HOLE_056,Jerimum de Cima,105666,19.00,20.00,1.00,SAP,SAP,,0.15,,,,,,,,,,,,,,,,,,,,,,,,,,,,,,,,,,,,,,,,,,,,,,,,,,,,,
HOLE_056,Jerimum de Cima,105667,20.00,21.00,1.00,SAP,SAP,,0.01,,,,,,,,,,,,,,,,,,,,,,,,,,,,,,,,,,,,,,,,,,,,,,,,,,,,,
HOLE_056,Jerimum de Cima,105668,21.00,22.00,1.00,SAP,SAP,,0.01,,,,,,,,,,,,,,,,,,,,,,,,,,,,,,,,,,,,,,,,,,,,,,,,,,,,,
HOLE_056,Jerimum de Cima,105669,22.00,23.00,1.00,SAP,SAP,,0.00,,,,,,,,,,,,,,,,,,,,,,,,,,,,,,,,,,,,,,,,,,,,,,,,,,,,,
HOLE_056,Jerimum de Cima,105670,23.00,24.00,1.00,SAP,SAP,,0.01,,,,,,,,,,,,,,,,,,,,,,,,,,,,,,,,,,,,,,,,,,,,,,,,,,,,,
HOLE_056,Jerimum de Cima,105671,24.00,25.00,1.00,SAP,SAP,,0.00,,,,,,,,,,,,,,,,,,,,,,,,,,,,,,,,,,,,,,,,,,,,,,,,,,,,,
HOLE_056,Jerimum de Cima,105672,25.00,26.00,1.00,SAP,SAP,,0.00,,,,,,,,,,,,,,,,,,,,,,,,,,,,,,,,,,,,,,,,,,,,,,,,,,,,,
HOLE_056,Jerimum de Cima,105673,26.00,27.00,1.00,SAP,SAP,,0.00,,,,,,,,,,,,,,,,,,,,,,,,,,,,,,,,,,,,,,,,,,,,,,,,,,,,,
HOLE_056,Jerimum de Cima,105674,27.00,28.00,1.00,SAP,SAP,,0.00,,,,,,,,,,,,,,,,,,,,,,,,,,,,,,,,,,,,,,,,,,,,,,,,,,,,,
HOLE_056,Jerimum de Cima,105675,28.00,29.00,1.00,SAP,SAP,,0.00,,,,,,,,,,,,,,,,,,,,,,,,,,,,,,,,,,,,,,,,,,,,,,,,,,,,,
HOLE_056,Jerimum de Cima,105676,29.00,30.00,1.00,SAP,SAP,,0.12,,,,,,,,,,,,,,,,,,,,,,,,,,,,,,,,,,,,,,,,,,,,,,,,,,,,,
HOLE_056,Jerimum de Cima,105677,30.00,31.00,1.00,SAP,SAP,,0.06,,,,,,,,,,,,,,,,,,,,,,,,,,,,,,,,,,,,,,,,,,,,,,,,,,,,,
HOLE_056,Jerimum de Cima,105678,31.00,32.00,1.00,SAP,SAP,,1.39,,,,,,,,,,,,,,,,,,,,,,,,,,,,,,,,,,,,,,,,,,,,,,,,,,,,,
HOLE_056,Jerimum de Cima,105679,32.00,33.00,1.00,SAP,SAP,,0.30,,,,,,,,,,,,,,,,,,,,,,,,,,,,,,,,,,,,,,,,,,,,,,,,,,,,,
HOLE_056,Jerimum de Cima,105680,33.00,34.00,1.00,SAP,SAP,,0.03,,,,,,,,,,,,,,,,,,,,,,,,,,,,,,,,,,,,,,,,,,,,,,,,,,,,,
HOLE_056,Jerimum de Cima,105681,34.00,35.00,1.00,SAP,SAP,,0.04,,,,,,,,,,,,,,,,,,,,,,,,,,,,,,,,,,,,,,,,,,,,,,,,,,,,,
HOLE_056,Jerimum de Cima,105682,35.00,36.00,1.00,SAP,SAP,,0.22,,,,,,,,,,,,,,,,,,,,,,,,,,,,,,,,,,,,,,,,,,,,,,,,,,,,,
HOLE_056,Jerimum de Cima,105683,36.00,37.00,1.00,SAP,SAP,,0.03,,,,,,,,,,,,,,,,,,,,,,,,,,,,,,,,,,,,,,,,,,,,,,,,,,,,,
HOLE_056,Jerimum de Cima,105684,37.00,38.00,1.00,SAP,SAP,,0.94,,,,,,,,,,,,,,,,,,,,,,,,,,,,,,,,,,,,,,,,,,,,,,,,,,,,,
HOLE_056,Jerimum de Cima,105685,38.00,39.00,1.00,SAP,SAP,,0.14,,,,,,,,,,,,,,,,,,,,,,,,,,,,,,,,,,,,,,,,,,,,,,,,,,,,,
HOLE_056,Jerimum de Cima,105686,39.00,40.00,1.00,SAP,SAP,,0.11,,,,,,,,,,,,,,,,,,,,,,,,,,,,,,,,,,,,,,,,,,,,,,,,,,,,,
HOLE_056,Jerimum de Cima,105687,40.00,41.00,1.00,SAP,SAP,,0.01,,,,,,,,,,,,,,,,,,,,,,,,,,,,,,,,,,,,,,,,,,,,,,,,,,,,,
HOLE_056,Jerimum de Cima,105688,41.00,42.00,1.00,SAP,SAP,,0.02,,,,,,,,,,,,,,,,,,,,,,,,,,,,,,,,,,,,,,,,,,,,,,,,,,,,,
HOLE_056,Jerimum de Cima,105689,42.00,43.00,1.00,SAP,SAP,,0.04,,,,,,,,,,,,,,,,,,,,,,,,,,,,,,,,,,,,,,,,,,,,,,,,,,,,,
HOLE_056,Jerimum de Cima,105690,43.00,44.00,1.00,SAP,SAP,,0.00,,,,,,,,,,,,,,,,,,,,,,,,,,,,,,,,,,,,,,,,,,,,,,,,,,,,,
HOLE_056,Jerimum de Cima,105691,44.00,45.00,1.00,SAP,SAP,,0.06,,,,,,,,,,,,,,,,,,,,,,,,,,,,,,,,,,,,,,,,,,,,,,,,,,,,,
HOLE_056,Jerimum de Cima,105692,45.00,46.00,1.00,SAP,SAP,,0.20,,,,,,,,,,,,,,,,,,,,,,,,,,,,,,,,,,,,,,,,,,,,,,,,,,,,,
HOLE_056,Jerimum de Cima,105693,46.00,47.00,1.00,SAP,SAP,,0.13,,,,,,,,,,,,,,,,,,,,,,,,,,,,,,,,,,,,,,,,,,,,,,,,,,,,,
HOLE_056,Jerimum de Cima,105694,47.00,48.00,1.00,SAP,SAP,,0.12,,,,,,,,,,,,,,,,,,,,,,,,,,,,,,,,,,,,,,,,,,,,,,,,,,,,,
HOLE_056,Jerimum de Cima,105695,48.00,49.00,1.00,SAP,SAP,,0.04,,,,,,,,,,,,,,,,,,,,,,,,,,,,,,,,,,,,,,,,,,,,,,,,,,,,,
HOLE_056,Jerimum de Cima,105696,49.00,50.00,1.00,SAP,SAP,,0.10,,,,,,,,,,,,,,,,,,,,,,,,,,,,,,,,,,,,,,,,,,,,,,,,,,,,,
HOLE_056,Jerimum de Cima,105697,50.00,51.00,1.00,SAP,SAP,,0.12,,,,,,,,,,,,,,,,,,,,,,,,,,,,,,,,,,,,,,,,,,,,,,,,,,,,,
HOLE_056,Jerimum de Cima,105698,51.00,52.00,1.00,SAP,SAP,,0.24,,,,,,,,,,,,,,,,,,,,,,,,,,,,,,,,,,,,,,,,,,,,,,,,,,,,,
HOLE_056,Jerimum de Cima,105699,52.00,53.00,1.00,IG,SCP QV,MT,0.27,,,,,,,,,,,,,,,,,,,,,,,,,,,,,,,,,,,,,,,,,,,,,,,,,,,,,
HOLE_056,Jerimum de Cima,105700,53.00,54.00,1.00,IG,SCP QV,MT,0.20,,,,,,,,,,,,,,,,,,,,,,,,,,,,,,,,,,,,,,,,,,,,,,,,,,,,,
HOLE_056,Jerimum de Cima,105701,54.00,55.00,1.00,GSTR,CT,MT,0.11,,,,,,,,,,,,,,,,,,,,,,,,,,,,,,,,,,,,,,,,,,,,,,,,,,,,,
HOLE_056,Jerimum de Cima,105702,55.00,56.00,1.00,GSTR,CT,MT,0.03,,,,,,,,,,,,,,,,,,,,,,,,,,,,,,,,,,,,,,,,,,,,,,,,,,,,,
HOLE_056,Jerimum de Cima,105703,56.00,57.00,1.00,IG,CHP,MT,0.10,,,,,,,,,,,,,,,,,,,,,,,,,,,,,,,,,,,,,,,,,,,,,,,,,,,,,
HOLE_056,Jerimum de Cima,105704,57.00,58.00,1.00,IG,CHP,MT,0.29,,,,,,,,,,,,,,,,,,,,,,,,,,,,,,,,,,,,,,,,,,,,,,,,,,,,,
HOLE_056,Jerimum de Cima,105705,58.00,59.00,1.00,IG,CHP,MT,0.31,,,,,,,,,,,,,,,,,,,,,,,,,,,,,,,,,,,,,,,,,,,,,,,,,,,,,
HOLE_056,Jerimum de Cima,105706,59.00,60.00,1.00,IG,CHP,MT,0.14,,,,,,,,,,,,,,,,,,,,,,,,,,,,,,,,,,,,,,,,,,,,,,,,,,,,,
HOLE_056,Jerimum de Cima,105707,60.00,61.00,1.00,IG,CHP,MT,0.02,,,,,,,,,,,,,,,,,,,,,,,,,,,,,,,,,,,,,,,,,,,,,,,,,,,,,
HOLE_056,Jerimum de Cima,105708,61.00,62.00,1.00,IG,CHP,MT,0.88,,,,,,,,,,,,,,,,,,,,,,,,,,,,,,,,,,,,,,,,,,,,,,,,,,,,,
HOLE_056,Jerimum de Cima,105709,62.00,63.00,1.00,IG,CHP,MT,0.08,,,,,,,,,,,,,,,,,,,,,,,,,,,,,,,,,,,,,,,,,,,,,,,,,,,,,
HOLE_056,Jerimum de Cima,105710,63.00,64.00,1.00,IG,CHP,MT,0.04,,,,,,,,,,,,,,,,,,,,,,,,,,,,,,,,,,,,,,,,,,,,,,,,,,,,,
HOLE_056,Jerimum de Cima,105711,64.00,65.00,1.00,IG,CHP,MT,0.15,,,,,,,,,,,,,,,,,,,,,,,,,,,,,,,,,,,,,,,,,,,,,,,,,,,,,
HOLE_056,Jerimum de Cima,105712,65.00,66.00,1.00,IG,CHP,MT,0.11,,,,,,,,,,,,,,,,,,,,,,,,,,,,,,,,,,,,,,,,,,,,,,,,,,,,,
HOLE_056,Jerimum de Cima,105713,66.00,67.00,1.00,IG,CHP,MT,0.33,,,,,,,,,,,,,,,,,,,,,,,,,,,,,,,,,,,,,,,,,,,,,,,,,,,,,
HOLE_056,Jerimum de Cima,105714,67.00,68.00,1.00,IG,CHP,MT,0.11,,,,,,,,,,,,,,,,,,,,,,,,,,,,,,,,,,,,,,,,,,,,,,,,,,,,,
HOLE_056,Jerimum de Cima,105715,68.00,69.00,1.00,IG,CHP,MT,0.87,,,,,,,,,,,,,,,,,,,,,,,,,,,,,,,,,,,,,,,,,,,,,,,,,,,,,
HOLE_056,Jerimum de Cima,105716,69.00,70.00,1.00,IG,CHP,MT,0.07,,,,,,,,,,,,,,,,,,,,,,,,,,,,,,,,,,,,,,,,,,,,,,,,,,,,,
HOLE_056,Jerimum de Cima,105717,70.00,71.00,1.00,IG,CHP,MT,0.11,,,,,,,,,,,,,,,,,,,,,,,,,,,,,,,,,,,,,,,,,,,,,,,,,,,,,
HOLE_056,Jerimum de Cima,105718,71.00,72.00,1.00,IG,CHP,MT,0.35,,,,,,,,,,,,,,,,,,,,,,,,,,,,,,,,,,,,,,,,,,,,,,,,,,,,,
HOLE_056,Jerimum de Cima,105719,72.00,73.00,1.00,IG,CHP,MT,0.26,,,,,,,,,,,,,,,,,,,,,,,,,,,,,,,,,,,,,,,,,,,,,,,,,,,,,
HOLE_056,Jerimum de Cima,105720,73.00,74.00,1.00,IG,CHP,MT,0.17,,,,,,,,,,,,,,,,,,,,,,,,,,,,,,,,,,,,,,,,,,,,,,,,,,,,,
HOLE_056,Jerimum de Cima,105721,74.00,75.00,1.00,IG,CHP,MT,0.65,,,,,,,,,,,,,,,,,,,,,,,,,,,,,,,,,,,,,,,,,,,,,,,,,,,,,
HOLE_056,Jerimum de Cima,105722,75.00,76.00,1.00,IG,CHP,MT,0.18,,,,,,,,,,,,,,,,,,,,,,,,,,,,,,,,,,,,,,,,,,,,,,,,,,,,,
HOLE_057,Jerimum de Cima,105723,0.00,1.00,1.00,QS,,,0.05,,,,,,,,,,,,,,,,,,,,,,,,,,,,,,,,,,,,,,,,,,,,,,,,,,,,,
HOLE_057,Jerimum de Cima,105724,1.00,2.00,1.00,QS,,,0.03,,,,,,,,,,,,,,,,,,,,,,,,,,,,,,,,,,,,,,,,,,,,,,,,,,,,,
HOLE_057,Jerimum de Cima,105725,2.00,3.00,1.00,QS,,,0.04,,,,,,,,,,,,,,,,,,,,,,,,,,,,,,,,,,,,,,,,,,,,,,,,,,,,,
HOLE_057,Jerimum de Cima,105726,3.00,4.00,1.00,QS,,,0.04,,,,,,,,,,,,,,,,,,,,,,,,,,,,,,,,,,,,,,,,,,,,,,,,,,,,,
HOLE_057,Jerimum de Cima,105727,4.00,5.00,1.00,QS,,,0.03,,,,,,,,,,,,,,,,,,,,,,,,,,,,,,,,,,,,,,,,,,,,,,,,,,,,,
HOLE_057,Jerimum de Cima,105728,5.00,6.00,1.00,QS,,,0.04,,,,,,,,,,,,,,,,,,,,,,,,,,,,,,,,,,,,,,,,,,,,,,,,,,,,,
HOLE_057,Jerimum de Cima,105729,6.00,7.00,1.00,QS,,,0.06,,,,,,,,,,,,,,,,,,,,,,,,,,,,,,,,,,,,,,,,,,,,,,,,,,,,,
HOLE_057,Jerimum de Cima,105730,7.00,8.00,1.00,SAP,SAP,PV,0.03,,,,,,,,,,,,,,,,,,,,,,,,,,,,,,,,,,,,,,,,,,,,,,,,,,,,,
HOLE_057,Jerimum de Cima,105731,8.00,9.00,1.00,SAP,SAP,PV,0.02,,,,,,,,,,,,,,,,,,,,,,,,,,,,,,,,,,,,,,,,,,,,,,,,,,,,,
HOLE_057,Jerimum de Cima,105732,9.00,10.00,1.00,SAP,SAP,PV,0.01,,,,,,,,,,,,,,,,,,,,,,,,,,,,,,,,,,,,,,,,,,,,,,,,,,,,,
HOLE_057,Jerimum de Cima,105733,10.00,11.00,1.00,SAP,SAP,PV,0.00,,,,,,,,,,,,,,,,,,,,,,,,,,,,,,,,,,,,,,,,,,,,,,,,,,,,,
HOLE_057,Jerimum de Cima,105734,11.00,12.00,1.00,SAP,SAP,PV,0.01,,,,,,,,,,,,,,,,,,,,,,,,,,,,,,,,,,,,,,,,,,,,,,,,,,,,,
HOLE_057,Jerimum de Cima,105735,12.00,13.00,1.00,SAP,SAP,PV,0.00,,,,,,,,,,,,,,,,,,,,,,,,,,,,,,,,,,,,,,,,,,,,,,,,,,,,,
HOLE_057,Jerimum de Cima,105736,13.00,14.00,1.00,SAP,SAP,PV,0.00,,,,,,,,,,,,,,,,,,,,,,,,,,,,,,,,,,,,,,,,,,,,,,,,,,,,,
HOLE_057,Jerimum de Cima,105737,14.00,15.00,1.00,SAP,SAP,PV,0.22,,,,,,,,,,,,,,,,,,,,,,,,,,,,,,,,,,,,,,,,,,,,,,,,,,,,,
HOLE_057,Jerimum de Cima,105738,15.00,16.00,1.00,SAP,SAP,PV,0.02,,,,,,,,,,,,,,,,,,,,,,,,,,,,,,,,,,,,,,,,,,,,,,,,,,,,,
HOLE_057,Jerimum de Cima,105739,16.00,17.00,1.00,SAP,SAP,PV,0.02,,,,,,,,,,,,,,,,,,,,,,,,,,,,,,,,,,,,,,,,,,,,,,,,,,,,,
HOLE_057,Jerimum de Cima,105740,17.00,18.00,1.00,SAP,SAP,PV,0.00,,,,,,,,,,,,,,,,,,,,,,,,,,,,,,,,,,,,,,,,,,,,,,,,,,,,,
HOLE_057,Jerimum de Cima,105741,18.00,19.00,1.00,SAP,SAP,PV,0.01,,,,,,,,,,,,,,,,,,,,,,,,,,,,,,,,,,,,,,,,,,,,,,,,,,,,,
HOLE_057,Jerimum de Cima,105742,19.00,20.00,1.00,SAP,SAP,PV,0.00,,,,,,,,,,,,,,,,,,,,,,,,,,,,,,,,,,,,,,,,,,,,,,,,,,,,,
HOLE_057,Jerimum de Cima,105743,20.00,21.00,1.00,SAP,SAP,PV,0.00,,,,,,,,,,,,,,,,,,,,,,,,,,,,,,,,,,,,,,,,,,,,,,,,,,,,,
HOLE_057,Jerimum de Cima,105744,21.00,22.00,1.00,SAP,SAP,PV,0.02,,,,,,,,,,,,,,,,,,,,,,,,,,,,,,,,,,,,,,,,,,,,,,,,,,,,,
HOLE_057,Jerimum de Cima,105745,22.00,23.00,1.00,SAP,SAP,PV,0.02,,,,,,,,,,,,,,,,,,,,,,,,,,,,,,,,,,,,,,,,,,,,,,,,,,,,,
HOLE_057,Jerimum de Cima,105746,23.00,24.00,1.00,SAP,SAP,PV,0.01,,,,,,,,,,,,,,,,,,,,,,,,,,,,,,,,,,,,,,,,,,,,,,,,,,,,,
HOLE_057,Jerimum de Cima,105747,24.00,25.00,1.00,SAP,SAP,PV,0.00,,,,,,,,,,,,,,,,,,,,,,,,,,,,,,,,,,,,,,,,,,,,,,,,,,,,,
HOLE_057,Jerimum de Cima,105748,25.00,26.00,1.00,SAP,SAP,PV,0.01,,,,,,,,,,,,,,,,,,,,,,,,,,,,,,,,,,,,,,,,,,,,,,,,,,,,,
HOLE_057,Jerimum de Cima,105749,26.00,27.00,1.00,SAP,SAP,PV,0.00,,,,,,,,,,,,,,,,,,,,,,,,,,,,,,,,,,,,,,,,,,,,,,,,,,,,,
HOLE_057,Jerimum de Cima,105750,27.00,28.00,1.00,SAP,SAP,PV,0.01,,,,,,,,,,,,,,,,,,,,,,,,,,,,,,,,,,,,,,,,,,,,,,,,,,,,,
HOLE_057,Jerimum de Cima,105751,28.00,29.00,1.00,SAP,SAP,PV,0.00,,,,,,,,,,,,,,,,,,,,,,,,,,,,,,,,,,,,,,,,,,,,,,,,,,,,,
HOLE_057,Jerimum de Cima,105752,29.00,30.00,1.00,SAP,SAP,PV,0.00,,,,,,,,,,,,,,,,,,,,,,,,,,,,,,,,,,,,,,,,,,,,,,,,,,,,,
HOLE_057,Jerimum de Cima,105753,30.00,31.00,1.00,SAP,SAP,PV,0.00,,,,,,,,,,,,,,,,,,,,,,,,,,,,,,,,,,,,,,,,,,,,,,,,,,,,,
HOLE_057,Jerimum de Cima,105754,31.00,32.00,1.00,SAP,SAP,PV,0.00,,,,,,,,,,,,,,,,,,,,,,,,,,,,,,,,,,,,,,,,,,,,,,,,,,,,,
HOLE_057,Jerimum de Cima,105755,32.00,33.00,1.00,SAP,SAP,PV,0.00,,,,,,,,,,,,,,,,,,,,,,,,,,,,,,,,,,,,,,,,,,,,,,,,,,,,,
HOLE_057,Jerimum de Cima,105756,33.00,34.00,1.00,SAP,SAP,PV,0.00,,,,,,,,,,,,,,,,,,,,,,,,,,,,,,,,,,,,,,,,,,,,,,,,,,,,,
HOLE_057,Jerimum de Cima,105757,34.00,35.00,1.00,SAP,SAP,PV,0.02,,,,,,,,,,,,,,,,,,,,,,,,,,,,,,,,,,,,,,,,,,,,,,,,,,,,,
HOLE_057,Jerimum de Cima,105758,35.00,36.00,1.00,SAP,SAP,PV,0.02,,,,,,,,,,,,,,,,,,,,,,,,,,,,,,,,,,,,,,,,,,,,,,,,,,,,,
HOLE_057,Jerimum de Cima,105759,36.00,37.00,1.00,SAP,SAP,PV,0.02,,,,,,,,,,,,,,,,,,,,,,,,,,,,,,,,,,,,,,,,,,,,,,,,,,,,,
HOLE_057,Jerimum de Cima,105760,37.00,38.00,1.00,SAP,SAP,PV,0.01,,,,,,,,,,,,,,,,,,,,,,,,,,,,,,,,,,,,,,,,,,,,,,,,,,,,,
HOLE_057,Jerimum de Cima,105761,38.00,39.00,1.00,SAP,SAP,PV,0.00,,,,,,,,,,,,,,,,,,,,,,,,,,,,,,,,,,,,,,,,,,,,,,,,,,,,,
HOLE_057,Jerimum de Cima,105762,39.00,40.00,1.00,SAP,SAP,PV,0.00,,,,,,,,,,,,,,,,,,,,,,,,,,,,,,,,,,,,,,,,,,,,,,,,,,,,,
HOLE_057,Jerimum de Cima,105763,40.00,41.00,1.00,SAP,SAP,PV,0.02,,,,,,,,,,,,,,,,,,,,,,,,,,,,,,,,,,,,,,,,,,,,,,,,,,,,,
HOLE_057,Jerimum de Cima,105764,41.00,42.00,1.00,SAP,SAP,PV,0.01,,,,,,,,,,,,,,,,,,,,,,,,,,,,,,,,,,,,,,,,,,,,,,,,,,,,,
HOLE_057,Jerimum de Cima,105765,42.00,43.00,1.00,SAP,SAP,PV,0.01,,,,,,,,,,,,,,,,,,,,,,,,,,,,,,,,,,,,,,,,,,,,,,,,,,,,,
HOLE_057,Jerimum de Cima,105766,43.00,44.00,1.00,SAP,SAP,PV,0.03,,,,,,,,,,,,,,,,,,,,,,,,,,,,,,,,,,,,,,,,,,,,,,,,,,,,,
HOLE_057,Jerimum de Cima,105767,44.00,45.00,1.00,SAP,SAP,PV,0.00,,,,,,,,,,,,,,,,,,,,,,,,,,,,,,,,,,,,,,,,,,,,,,,,,,,,,
HOLE_057,Jerimum de Cima,105768,45.00,46.00,1.00,SAP,SAP,PV,0.00,,,,,,,,,,,,,,,,,,,,,,,,,,,,,,,,,,,,,,,,,,,,,,,,,,,,,
HOLE_057,Jerimum de Cima,105769,46.00,47.00,1.00,SAP,SAP,PV,0.02,,,,,,,,,,,,,,,,,,,,,,,,,,,,,,,,,,,,,,,,,,,,,,,,,,,,,
HOLE_057,Jerimum de Cima,105770,47.00,48.00,1.00,SAP,SAP,PV,0.00,,,,,,,,,,,,,,,,,,,,,,,,,,,,,,,,,,,,,,,,,,,,,,,,,,,,,
HOLE_057,Jerimum de Cima,105771,48.00,49.00,1.00,SAP,SAP,PV,0.00,,,,,,,,,,,,,,,,,,,,,,,,,,,,,,,,,,,,,,,,,,,,,,,,,,,,,
HOLE_057,Jerimum de Cima,105772,49.00,50.00,1.00,SAP,SAP,PV,0.00,,,,,,,,,,,,,,,,,,,,,,,,,,,,,,,,,,,,,,,,,,,,,,,,,,,,,
HOLE_057,Jerimum de Cima,105773,50.00,51.00,1.00,SAP,SAP,PV,0.00,,,,,,,,,,,,,,,,,,,,,,,,,,,,,,,,,,,,,,,,,,,,,,,,,,,,,
HOLE_057,Jerimum de Cima,105774,51.00,52.00,1.00,SAP,SAP,PV,0.00,,,,,,,,,,,,,,,,,,,,,,,,,,,,,,,,,,,,,,,,,,,,,,,,,,,,,
HOLE_057,Jerimum de Cima,105775,52.00,53.00,1.00,SAP,SAP,PV,0.00,,,,,,,,,,,,,,,,,,,,,,,,,,,,,,,,,,,,,,,,,,,,,,,,,,,,,
HOLE_057,Jerimum de Cima,105776,53.00,54.00,1.00,SAP,SAP,PV,0.00,,,,,,,,,,,,,,,,,,,,,,,,,,,,,,,,,,,,,,,,,,,,,,,,,,,,,
HOLE_057,Jerimum de Cima,105777,54.00,55.00,1.00,SAP,SAP,PV,0.01,,,,,,,,,,,,,,,,,,,,,,,,,,,,,,,,,,,,,,,,,,,,,,,,,,,,,
HOLE_057,Jerimum de Cima,105778,55.00,56.00,1.00,SAP,SAP,PV,0.01,,,,,,,,,,,,,,,,,,,,,,,,,,,,,,,,,,,,,,,,,,,,,,,,,,,,,
HOLE_057,Jerimum de Cima,105779,56.00,57.00,1.00,SAP,SAP,PV,0.00,,,,,,,,,,,,,,,,,,,,,,,,,,,,,,,,,,,,,,,,,,,,,,,,,,,,,
HOLE_057,Jerimum de Cima,105780,57.00,58.00,1.00,SAP,SAP,PV,0.00,,,,,,,,,,,,,,,,,,,,,,,,,,,,,,,,,,,,,,,,,,,,,,,,,,,,,
HOLE_057,Jerimum de Cima,105781,58.00,59.00,1.00,SAP,SAP,PV,0.00,,,,,,,,,,,,,,,,,,,,,,,,,,,,,,,,,,,,,,,,,,,,,,,,,,,,,
HOLE_057,Jerimum de Cima,105782,59.00,60.00,1.00,SAP,SAP,PV,0.01,,,,,,,,,,,,,,,,,,,,,,,,,,,,,,,,,,,,,,,,,,,,,,,,,,,,,
HOLE_057,Jerimum de Cima,105783,60.00,61.00,1.00,SAP,SAP,PV,0.00,,,,,,,,,,,,,,,,,,,,,,,,,,,,,,,,,,,,,,,,,,,,,,,,,,,,,
HOLE_057,Jerimum de Cima,105784,61.00,62.00,1.00,SAP,SAP,PV,0.00,,,,,,,,,,,,,,,,,,,,,,,,,,,,,,,,,,,,,,,,,,,,,,,,,,,,,
HOLE_057,Jerimum de Cima,105785,62.00,63.00,1.00,SAP,SAP,PV,0.01,,,,,,,,,,,,,,,,,,,,,,,,,,,,,,,,,,,,,,,,,,,,,,,,,,,,,
HOLE_057,Jerimum de Cima,105786,63.00,64.00,1.00,SAP,SAP,PV,0.00,,,,,,,,,,,,,,,,,,,,,,,,,,,,,,,,,,,,,,,,,,,,,,,,,,,,,
HOLE_057,Jerimum de Cima,105787,64.00,65.00,1.00,SAP,SAP,PV,0.01,,,,,,,,,,,,,,,,,,,,,,,,,,,,,,,,,,,,,,,,,,,,,,,,,,,,,
HOLE_057,Jerimum de Cima,105788,65.00,66.00,1.00,SAP,SAP,PV,0.00,,,,,,,,,,,,,,,,,,,,,,,,,,,,,,,,,,,,,,,,,,,,,,,,,,,,,
HOLE_057,Jerimum de Cima,105789,66.00,67.00,1.00,SAP,SAP,PV,0.03,,,,,,,,,,,,,,,,,,,,,,,,,,,,,,,,,,,,,,,,,,,,,,,,,,,,,
HOLE_057,Jerimum de Cima,105790,67.00,68.00,1.00,SAP,SAP,PV,0.63,,,,,,,,,,,,,,,,,,,,,,,,,,,,,,,,,,,,,,,,,,,,,,,,,,,,,
HOLE_057,Jerimum de Cima,105791,68.00,69.00,1.00,SAP,SAP,PV,0.06,,,,,,,,,,,,,,,,,,,,,,,,,,,,,,,,,,,,,,,,,,,,,,,,,,,,,
HOLE_057,Jerimum de Cima,105792,69.00,70.00,1.00,SAP,SAP,PV,0.06,,,,,,,,,,,,,,,,,,,,,,,,,,,,,,,,,,,,,,,,,,,,,,,,,,,,,
HOLE_057,Jerimum de Cima,105793,70.00,71.00,1.00,SAP,SAP,PV,0.01,,,,,,,,,,,,,,,,,,,,,,,,,,,,,,,,,,,,,,,,,,,,,,,,,,,,,
HOLE_057,Jerimum de Cima,105794,71.00,72.00,1.00,SAP,SAP,PV,0.05,,,,,,,,,,,,,,,,,,,,,,,,,,,,,,,,,,,,,,,,,,,,,,,,,,,,,
HOLE_057,Jerimum de Cima,105795,72.00,73.00,1.00,SAP,SAP,PV,0.09,,,,,,,,,,,,,,,,,,,,,,,,,,,,,,,,,,,,,,,,,,,,,,,,,,,,,
HOLE_057,Jerimum de Cima,105796,73.00,74.00,1.00,SAP,SAP,PV,0.18,,,,,,,,,,,,,,,,,,,,,,,,,,,,,,,,,,,,,,,,,,,,,,,,,,,,,
HOLE_057,Jerimum de Cima,105797,74.00,75.00,1.00,SAP,SAP,PV,0.52,,,,,,,,,,,,,,,,,,,,,,,,,,,,,,,,,,,,,,,,,,,,,,,,,,,,,
HOLE_057,Jerimum de Cima,105798,75.00,76.00,1.00,SAP,SAP,PV,0.44,,,,,,,,,,,,,,,,,,,,,,,,,,,,,,,,,,,,,,,,,,,,,,,,,,,,,
HOLE_057,Jerimum de Cima,105799,76.00,77.00,1.00,SAP,SAP,PV,0.30,,,,,,,,,,,,,,,,,,,,,,,,,,,,,,,,,,,,,,,,,,,,,,,,,,,,,
HOLE_057,Jerimum de Cima,105800,77.00,78.00,1.00,SAP,SAP,PV,0.06,,,,,,,,,,,,,,,,,,,,,,,,,,,,,,,,,,,,,,,,,,,,,,,,,,,,,
HOLE_057,Jerimum de Cima,105801,78.00,79.00,1.00,SAP,SAP,PV,4.30,,,,,,,,,,,,,,,,,,,,,,,,,,,,,,,,,,,,,,,,,,,,,,,,,,,,,
HOLE_057,Jerimum de Cima,105802,79.00,80.00,1.00,IG,CHP,PV,0.07,,,,,,,,,,,,,,,,,,,,,,,,,,,,,,,,,,,,,,,,,,,,,,,,,,,,,
HOLE_057,Jerimum de Cima,105803,80.00,81.00,1.00,IG,CHP,PV,0.20,,,,,,,,,,,,,,,,,,,,,,,,,,,,,,,,,,,,,,,,,,,,,,,,,,,,,
HOLE_057,Jerimum de Cima,105804,81.00,82.00,1.00,IG,CHP,PV,0.02,,,,,,,,,,,,,,,,,,,,,,,,,,,,,,,,,,,,,,,,,,,,,,,,,,,,,
HOLE_057,Jerimum de Cima,105805,82.00,83.00,1.00,IG,CHP,PV,0.04,,,,,,,,,,,,,,,,,,,,,,,,,,,,,,,,,,,,,,,,,,,,,,,,,,,,,
HOLE_057,Jerimum de Cima,105806,83.00,84.00,1.00,IG,CHP,PV,0.01,,,,,,,,,,,,,,,,,,,,,,,,,,,,,,,,,,,,,,,,,,,,,,,,,,,,,
HOLE_057,Jerimum de Cima,105807,84.00,85.00,1.00,IG,CHP,PV,0.11,,,,,,,,,,,,,,,,,,,,,,,,,,,,,,,,,,,,,,,,,,,,,,,,,,,,,
HOLE_057,Jerimum de Cima,105808,85.00,86.00,1.00,IG,CHP,PV,0.07,,,,,,,,,,,,,,,,,,,,,,,,,,,,,,,,,,,,,,,,,,,,,,,,,,,,,
HOLE_057,Jerimum de Cima,105809,86.00,87.00,1.00,IG,CHP,PV,0.00,,,,,,,,,,,,,,,,,,,,,,,,,,,,,,,,,,,,,,,,,,,,,,,,,,,,,
HOLE_057,Jerimum de Cima,105810,87.00,88.00,1.00,IG,CHP,PV,0.00,,,,,,,,,,,,,,,,,,,,,,,,,,,,,,,,,,,,,,,,,,,,,,,,,,,,,
HOLE_057,Jerimum de Cima,105811,88.00,89.00,1.00,IG,CHP,PV,0.02,,,,,,,,,,,,,,,,,,,,,,,,,,,,,,,,,,,,,,,,,,,,,,,,,,,,,
HOLE_057,Jerimum de Cima,105812,89.00,90.00,1.00,IG,CHP,PV,0.05,,,,,,,,,,,,,,,,,,,,,,,,,,,,,,,,,,,,,,,,,,,,,,,,,,,,,
HOLE_058,Jerimum de Cima,105813,0.00,1.00,1.00,DUMP,UAL,,0.14,,,,,,,,,,,,,,,,,,,,,,,,,,,,,,,,,,,,,,,,,,,,,,,,,,,,,
HOLE_058,Jerimum de Cima,105814,1.00,2.00,1.00,DUMP,UAL,,0.05,,,,,,,,,,,,,,,,,,,,,,,,,,,,,,,,,,,,,,,,,,,,,,,,,,,,,
HOLE_058,Jerimum de Cima,105815,2.00,3.00,1.00,SAP,SAP,MT,0.01,,,,,,,,,,,,,,,,,,,,,,,,,,,,,,,,,,,,,,,,,,,,,,,,,,,,,
HOLE_058,Jerimum de Cima,105816,3.00,4.00,1.00,SAP,SAP,MT,0.01,,,,,,,,,,,,,,,,,,,,,,,,,,,,,,,,,,,,,,,,,,,,,,,,,,,,,
HOLE_058,Jerimum de Cima,105817,4.00,5.00,1.00,SAP,SAP,MT,0.00,,,,,,,,,,,,,,,,,,,,,,,,,,,,,,,,,,,,,,,,,,,,,,,,,,,,,
HOLE_058,Jerimum de Cima,105818,5.00,6.00,1.00,SAP,SAP,MT,0.01,,,,,,,,,,,,,,,,,,,,,,,,,,,,,,,,,,,,,,,,,,,,,,,,,,,,,
HOLE_058,Jerimum de Cima,105819,6.00,7.00,1.00,SAP,SAP,MT,0.00,,,,,,,,,,,,,,,,,,,,,,,,,,,,,,,,,,,,,,,,,,,,,,,,,,,,,
HOLE_058,Jerimum de Cima,105820,7.00,8.00,1.00,SAP,SAP,MT,0.00,,,,,,,,,,,,,,,,,,,,,,,,,,,,,,,,,,,,,,,,,,,,,,,,,,,,,
HOLE_058,Jerimum de Cima,105821,8.00,9.00,1.00,SAP,SAP,MT,0.00,,,,,,,,,,,,,,,,,,,,,,,,,,,,,,,,,,,,,,,,,,,,,,,,,,,,,
HOLE_058,Jerimum de Cima,105822,9.00,10.00,1.00,SAP,SAP,MT,0.00,,,,,,,,,,,,,,,,,,,,,,,,,,,,,,,,,,,,,,,,,,,,,,,,,,,,,
HOLE_058,Jerimum de Cima,105823,10.00,11.00,1.00,SAP,SAP,MT,0.00,,,,,,,,,,,,,,,,,,,,,,,,,,,,,,,,,,,,,,,,,,,,,,,,,,,,,
HOLE_058,Jerimum de Cima,105824,11.00,12.00,1.00,SAP,SAP,MT,0.00,,,,,,,,,,,,,,,,,,,,,,,,,,,,,,,,,,,,,,,,,,,,,,,,,,,,,
HOLE_058,Jerimum de Cima,105825,12.00,13.00,1.00,SAP,SAP,MT,0.04,,,,,,,,,,,,,,,,,,,,,,,,,,,,,,,,,,,,,,,,,,,,,,,,,,,,,
HOLE_058,Jerimum de Cima,105826,13.00,14.00,1.00,SAP,SAP,MT,0.00,,,,,,,,,,,,,,,,,,,,,,,,,,,,,,,,,,,,,,,,,,,,,,,,,,,,,
HOLE_058,Jerimum de Cima,105827,14.00,15.00,1.00,SAP,SAP,MT,0.00,,,,,,,,,,,,,,,,,,,,,,,,,,,,,,,,,,,,,,,,,,,,,,,,,,,,,
HOLE_058,Jerimum de Cima,105828,15.00,16.00,1.00,SAP,SAP,MT,0.00,,,,,,,,,,,,,,,,,,,,,,,,,,,,,,,,,,,,,,,,,,,,,,,,,,,,,
HOLE_058,Jerimum de Cima,105829,16.00,17.00,1.00,SAP,SAP,MT,0.01,,,,,,,,,,,,,,,,,,,,,,,,,,,,,,,,,,,,,,,,,,,,,,,,,,,,,
HOLE_058,Jerimum de Cima,105830,17.00,18.00,1.00,SAP,SAP,MT,0.00,,,,,,,,,,,,,,,,,,,,,,,,,,,,,,,,,,,,,,,,,,,,,,,,,,,,,
HOLE_058,Jerimum de Cima,105831,18.00,19.00,1.00,SAP,SAP,MT,0.02,,,,,,,,,,,,,,,,,,,,,,,,,,,,,,,,,,,,,,,,,,,,,,,,,,,,,
HOLE_058,Jerimum de Cima,105832,19.00,20.00,1.00,SAP,SAP,MT,0.01,,,,,,,,,,,,,,,,,,,,,,,,,,,,,,,,,,,,,,,,,,,,,,,,,,,,,
HOLE_058,Jerimum de Cima,105833,20.00,21.00,1.00,SAP,SAP,MT,0.03,,,,,,,,,,,,,,,,,,,,,,,,,,,,,,,,,,,,,,,,,,,,,,,,,,,,,
HOLE_058,Jerimum de Cima,105834,21.00,22.00,1.00,SAP,SAP,MT,0.01,,,,,,,,,,,,,,,,,,,,,,,,,,,,,,,,,,,,,,,,,,,,,,,,,,,,,
HOLE_058,Jerimum de Cima,105835,22.00,23.00,1.00,SAP,SAP,MT,0.11,,,,,,,,,,,,,,,,,,,,,,,,,,,,,,,,,,,,,,,,,,,,,,,,,,,,,
HOLE_058,Jerimum de Cima,105836,23.00,24.00,1.00,SAP,SAP,MT,0.04,,,,,,,,,,,,,,,,,,,,,,,,,,,,,,,,,,,,,,,,,,,,,,,,,,,,,
HOLE_058,Jerimum de Cima,105837,24.00,25.00,1.00,SAP,SAP,MT,0.03,,,,,,,,,,,,,,,,,,,,,,,,,,,,,,,,,,,,,,,,,,,,,,,,,,,,,
HOLE_058,Jerimum de Cima,105838,25.00,26.00,1.00,SAP,SAP,MT,0.08,,,,,,,,,,,,,,,,,,,,,,,,,,,,,,,,,,,,,,,,,,,,,,,,,,,,,
HOLE_058,Jerimum de Cima,105839,26.00,27.00,1.00,SAP,SAP,MT,0.02,,,,,,,,,,,,,,,,,,,,,,,,,,,,,,,,,,,,,,,,,,,,,,,,,,,,,
HOLE_058,Jerimum de Cima,105840,27.00,28.00,1.00,SAP,SAP,MT,0.00,,,,,,,,,,,,,,,,,,,,,,,,,,,,,,,,,,,,,,,,,,,,,,,,,,,,,
HOLE_058,Jerimum de Cima,105841,28.00,29.00,1.00,SAP,SAP,MT,0.05,,,,,,,,,,,,,,,,,,,,,,,,,,,,,,,,,,,,,,,,,,,,,,,,,,,,,
HOLE_058,Jerimum de Cima,105842,29.00,30.00,1.00,SAP,SAP,MT,0.03,,,,,,,,,,,,,,,,,,,,,,,,,,,,,,,,,,,,,,,,,,,,,,,,,,,,,
HOLE_058,Jerimum de Cima,105843,30.00,31.00,1.00,SAP,SAP,MT,0.03,,,,,,,,,,,,,,,,,,,,,,,,,,,,,,,,,,,,,,,,,,,,,,,,,,,,,
HOLE_058,Jerimum de Cima,105844,31.00,32.00,1.00,SAP,SAP,MT,0.04,,,,,,,,,,,,,,,,,,,,,,,,,,,,,,,,,,,,,,,,,,,,,,,,,,,,,
HOLE_058,Jerimum de Cima,105845,32.00,33.00,1.00,SAP,SAP,MT,0.09,,,,,,,,,,,,,,,,,,,,,,,,,,,,,,,,,,,,,,,,,,,,,,,,,,,,,
HOLE_058,Jerimum de Cima,105846,33.00,34.00,1.00,SAP,SAP,MT,0.01,,,,,,,,,,,,,,,,,,,,,,,,,,,,,,,,,,,,,,,,,,,,,,,,,,,,,
HOLE_058,Jerimum de Cima,105847,34.00,35.00,1.00,SAP,SAP,MT,0.00,,,,,,,,,,,,,,,,,,,,,,,,,,,,,,,,,,,,,,,,,,,,,,,,,,,,,
HOLE_058,Jerimum de Cima,105848,35.00,36.00,1.00,SAP,SAP,MT,0.00,,,,,,,,,,,,,,,,,,,,,,,,,,,,,,,,,,,,,,,,,,,,,,,,,,,,,
HOLE_058,Jerimum de Cima,105849,36.00,37.00,1.00,SAP,SAP,MT,0.00,,,,,,,,,,,,,,,,,,,,,,,,,,,,,,,,,,,,,,,,,,,,,,,,,,,,,
HOLE_058,Jerimum de Cima,105850,37.00,38.00,1.00,SAP,SAP,MT,0.35,,,,,,,,,,,,,,,,,,,,,,,,,,,,,,,,,,,,,,,,,,,,,,,,,,,,,
HOLE_058,Jerimum de Cima,105851,38.00,39.00,1.00,SAP,SAP,MT,0.04,,,,,,,,,,,,,,,,,,,,,,,,,,,,,,,,,,,,,,,,,,,,,,,,,,,,,
HOLE_058,Jerimum de Cima,105852,39.00,40.00,1.00,SAP,SAP,MT,0.05,,,,,,,,,,,,,,,,,,,,,,,,,,,,,,,,,,,,,,,,,,,,,,,,,,,,,
HOLE_058,Jerimum de Cima,105853,40.00,41.00,1.00,SAP,SAP,MT,0.09,,,,,,,,,,,,,,,,,,,,,,,,,,,,,,,,,,,,,,,,,,,,,,,,,,,,,
HOLE_058,Jerimum de Cima,105854,41.00,42.00,1.00,SAP,SAP,MT,0.07,,,,,,,,,,,,,,,,,,,,,,,,,,,,,,,,,,,,,,,,,,,,,,,,,,,,,
HOLE_058,Jerimum de Cima,105855,42.00,43.00,1.00,SAP,SAP,MT,0.03,,,,,,,,,,,,,,,,,,,,,,,,,,,,,,,,,,,,,,,,,,,,,,,,,,,,,
HOLE_058,Jerimum de Cima,105856,43.00,44.00,1.00,SAP,SAP,MT,0.04,,,,,,,,,,,,,,,,,,,,,,,,,,,,,,,,,,,,,,,,,,,,,,,,,,,,,
HOLE_058,Jerimum de Cima,105857,44.00,45.00,1.00,SAP,SAP,MT,0.03,,,,,,,,,,,,,,,,,,,,,,,,,,,,,,,,,,,,,,,,,,,,,,,,,,,,,
HOLE_058,Jerimum de Cima,105858,45.00,46.00,1.00,SAP,SAP,MT,0.02,,,,,,,,,,,,,,,,,,,,,,,,,,,,,,,,,,,,,,,,,,,,,,,,,,,,,
HOLE_058,Jerimum de Cima,105859,46.00,47.00,1.00,SAP,SAP,MT,3.86,,,,,,,,,,,,,,,,,,,,,,,,,,,,,,,,,,,,,,,,,,,,,,,,,,,,,
HOLE_058,Jerimum de Cima,105860,47.00,48.00,1.00,SAP,SAP,MT,1.12,,,,,,,,,,,,,,,,,,,,,,,,,,,,,,,,,,,,,,,,,,,,,,,,,,,,,
HOLE_058,Jerimum de Cima,105861,48.00,49.00,1.00,SAP,SAP,MT,0.24,,,,,,,,,,,,,,,,,,,,,,,,,,,,,,,,,,,,,,,,,,,,,,,,,,,,,
HOLE_058,Jerimum de Cima,105862,49.00,50.00,1.00,SAP,SAP,MT,0.04,,,,,,,,,,,,,,,,,,,,,,,,,,,,,,,,,,,,,,,,,,,,,,,,,,,,,
HOLE_058,Jerimum de Cima,105863,50.00,51.00,1.00,SAP,SAP,MT,0.07,,,,,,,,,,,,,,,,,,,,,,,,,,,,,,,,,,,,,,,,,,,,,,,,,,,,,
HOLE_058,Jerimum de Cima,105864,51.00,52.00,1.00,SAP,SAP,MT,0.02,,,,,,,,,,,,,,,,,,,,,,,,,,,,,,,,,,,,,,,,,,,,,,,,,,,,,
HOLE_058,Jerimum de Cima,105865,52.00,53.00,1.00,SAP,SAP,MT,0.04,,,,,,,,,,,,,,,,,,,,,,,,,,,,,,,,,,,,,,,,,,,,,,,,,,,,,
HOLE_058,Jerimum de Cima,105866,53.00,54.00,1.00,SAP,SAP,MT,0.02,,,,,,,,,,,,,,,,,,,,,,,,,,,,,,,,,,,,,,,,,,,,,,,,,,,,,
HOLE_058,Jerimum de Cima,105867,54.00,55.00,1.00,SAP,SAP,MT,0.00,,,,,,,,,,,,,,,,,,,,,,,,,,,,,,,,,,,,,,,,,,,,,,,,,,,,,
HOLE_058,Jerimum de Cima,105868,55.00,56.00,1.00,SAP,SAP,MT,0.01,,,,,,,,,,,,,,,,,,,,,,,,,,,,,,,,,,,,,,,,,,,,,,,,,,,,,
HOLE_058,Jerimum de Cima,105869,56.00,57.00,1.00,SAP,SAP,MT,0.01,,,,,,,,,,,,,,,,,,,,,,,,,,,,,,,,,,,,,,,,,,,,,,,,,,,,,
HOLE_058,Jerimum de Cima,105870,57.00,58.00,1.00,SAP,SAP,MT,0.01,,,,,,,,,,,,,,,,,,,,,,,,,,,,,,,,,,,,,,,,,,,,,,,,,,,,,
HOLE_058,Jerimum de Cima,105871,58.00,59.00,1.00,SAP,SAP,MT,0.00,,,,,,,,,,,,,,,,,,,,,,,,,,,,,,,,,,,,,,,,,,,,,,,,,,,,,
HOLE_058,Jerimum de Cima,105872,59.00,60.00,1.00,SAP,SAP,MT,0.00,,,,,,,,,,,,,,,,,,,,,,,,,,,,,,,,,,,,,,,,,,,,,,,,,,,,,
HOLE_058,Jerimum de Cima,105873,60.00,61.00,1.00,IG,POT,MT,0.00,,,,,,,,,,,,,,,,,,,,,,,,,,,,,,,,,,,,,,,,,,,,,,,,,,,,,
HOLE_058,Jerimum de Cima,105874,61.00,62.00,1.00,IG,POT,MT,0.00,,,,,,,,,,,,,,,,,,,,,,,,,,,,,,,,,,,,,,,,,,,,,,,,,,,,,
HOLE_058,Jerimum de Cima,105875,62.00,63.00,1.00,IG,POT,MT,0.00,,,,,,,,,,,,,,,,,,,,,,,,,,,,,,,,,,,,,,,,,,,,,,,,,,,,,
HOLE_058,Jerimum de Cima,105876,63.00,64.00,1.00,IG,POT,MT,0.00,,,,,,,,,,,,,,,,,,,,,,,,,,,,,,,,,,,,,,,,,,,,,,,,,,,,,
HOLE_058,Jerimum de Cima,105877,64.00,65.00,1.00,IG,POT,MT,0.00,,,,,,,,,,,,,,,,,,,,,,,,,,,,,,,,,,,,,,,,,,,,,,,,,,,,,
HOLE_058,Jerimum de Cima,105878,65.00,66.00,1.00,IG,POT,MT,0.00,,,,,,,,,,,,,,,,,,,,,,,,,,,,,,,,,,,,,,,,,,,,,,,,,,,,,
HOLE_058,Jerimum de Cima,105879,66.00,67.00,1.00,IG,POT,MT,0.02,,,,,,,,,,,,,,,,,,,,,,,,,,,,,,,,,,,,,,,,,,,,,,,,,,,,,
HOLE_058,Jerimum de Cima,105880,67.00,68.00,1.00,IG,POT,MT,0.00,,,,,,,,,,,,,,,,,,,,,,,,,,,,,,,,,,,,,,,,,,,,,,,,,,,,,
HOLE_058,Jerimum de Cima,105881,68.00,69.00,1.00,IG,POT,MT,0.00,,,,,,,,,,,,,,,,,,,,,,,,,,,,,,,,,,,,,,,,,,,,,,,,,,,,,
HOLE_058,Jerimum de Cima,105882,69.00,70.00,1.00,IG,POT,MT,0.00,,,,,,,,,,,,,,,,,,,,,,,,,,,,,,,,,,,,,,,,,,,,,,,,,,,,,
HOLE_058,Jerimum de Cima,105883,70.00,71.00,1.00,IG,POT,MT,0.00,,,,,,,,,,,,,,,,,,,,,,,,,,,,,,,,,,,,,,,,,,,,,,,,,,,,,
HOLE_058,Jerimum de Cima,105884,71.00,72.00,1.00,IG,POT,MT,0.00,,,,,,,,,,,,,,,,,,,,,,,,,,,,,,,,,,,,,,,,,,,,,,,,,,,,,
HOLE_058,Jerimum de Cima,105885,72.00,73.00,1.00,IG,POT,MT,0.00,,,,,,,,,,,,,,,,,,,,,,,,,,,,,,,,,,,,,,,,,,,,,,,,,,,,,
HOLE_058,Jerimum de Cima,105886,73.00,74.00,1.00,IG,POT,MT,0.00,,,,,,,,,,,,,,,,,,,,,,,,,,,,,,,,,,,,,,,,,,,,,,,,,,,,,
HOLE_058,Jerimum de Cima,105887,74.00,75.00,1.00,IG,POT,MT,0.00,,,,,,,,,,,,,,,,,,,,,,,,,,,,,,,,,,,,,,,,,,,,,,,,,,,,,
HOLE_058,Jerimum de Cima,105888,75.00,76.00,1.00,IG,POT,MT,0.00,,,,,,,,,,,,,,,,,,,,,,,,,,,,,,,,,,,,,,,,,,,,,,,,,,,,,
HOLE_058,Jerimum de Cima,105889,76.00,77.00,1.00,IG,POT,MT,0.00,,,,,,,,,,,,,,,,,,,,,,,,,,,,,,,,,,,,,,,,,,,,,,,,,,,,,
HOLE_058,Jerimum de Cima,105890,77.00,78.00,1.00,IG,POT,MT,0.00,,,,,,,,,,,,,,,,,,,,,,,,,,,,,,,,,,,,,,,,,,,,,,,,,,,,,
HOLE_058,Jerimum de Cima,105891,78.00,79.00,1.00,IG,POT,MT,0.00,,,,,,,,,,,,,,,,,,,,,,,,,,,,,,,,,,,,,,,,,,,,,,,,,,,,,
HOLE_059,Jerimum de Cima,105892,0.00,1.00,1.00,SAP,,,0.21,,,,,,,,,,,,,,,,,,,,,,,,,,,,,,,,,,,,,,,,,,,,,,,,,,,,,
HOLE_059,Jerimum de Cima,105893,1.00,2.00,1.00,SAP,,,0.01,,,,,,,,,,,,,,,,,,,,,,,,,,,,,,,,,,,,,,,,,,,,,,,,,,,,,
HOLE_059,Jerimum de Cima,105894,2.00,3.00,1.00,SAP,,,0.01,,,,,,,,,,,,,,,,,,,,,,,,,,,,,,,,,,,,,,,,,,,,,,,,,,,,,
HOLE_059,Jerimum de Cima,105895,3.00,4.00,1.00,SAP,,,0.04,,,,,,,,,,,,,,,,,,,,,,,,,,,,,,,,,,,,,,,,,,,,,,,,,,,,,
HOLE_059,Jerimum de Cima,105896,4.00,5.00,1.00,SAP,,,0.00,,,,,,,,,,,,,,,,,,,,,,,,,,,,,,,,,,,,,,,,,,,,,,,,,,,,,
HOLE_059,Jerimum de Cima,105897,5.00,6.00,1.00,SAP,,,0.08,,,,,,,,,,,,,,,,,,,,,,,,,,,,,,,,,,,,,,,,,,,,,,,,,,,,,
HOLE_059,Jerimum de Cima,105898,6.00,7.00,1.00,SAP,,,0.10,,,,,,,,,,,,,,,,,,,,,,,,,,,,,,,,,,,,,,,,,,,,,,,,,,,,,
HOLE_059,Jerimum de Cima,105899,7.00,8.00,1.00,SAP,,,0.00,,,,,,,,,,,,,,,,,,,,,,,,,,,,,,,,,,,,,,,,,,,,,,,,,,,,,
HOLE_059,Jerimum de Cima,105900,8.00,9.00,1.00,SAP,,,0.00,,,,,,,,,,,,,,,,,,,,,,,,,,,,,,,,,,,,,,,,,,,,,,,,,,,,,
HOLE_059,Jerimum de Cima,105901,9.00,10.00,1.00,SAP,SAP,PV,0.24,,,,,,,,,,,,,,,,,,,,,,,,,,,,,,,,,,,,,,,,,,,,,,,,,,,,,
HOLE_059,Jerimum de Cima,105902,10.00,11.00,1.00,SAP,SAP,PV,0.23,,,,,,,,,,,,,,,,,,,,,,,,,,,,,,,,,,,,,,,,,,,,,,,,,,,,,
HOLE_059,Jerimum de Cima,105903,11.00,12.00,1.00,SAP,SAP,PV,0.01,,,,,,,,,,,,,,,,,,,,,,,,,,,,,,,,,,,,,,,,,,,,,,,,,,,,,
HOLE_059,Jerimum de Cima,105904,12.00,13.00,1.00,SAP,SAP,PV,0.18,,,,,,,,,,,,,,,,,,,,,,,,,,,,,,,,,,,,,,,,,,,,,,,,,,,,,
HOLE_059,Jerimum de Cima,105905,13.00,14.00,1.00,SAP,SAP,PV,0.06,,,,,,,,,,,,,,,,,,,,,,,,,,,,,,,,,,,,,,,,,,,,,,,,,,,,,
HOLE_059,Jerimum de Cima,105906,14.00,15.00,1.00,SAP,SAP,PV,0.03,,,,,,,,,,,,,,,,,,,,,,,,,,,,,,,,,,,,,,,,,,,,,,,,,,,,,
HOLE_059,Jerimum de Cima,105907,15.00,16.00,1.00,SAP,SAP,PV,0.32,,,,,,,,,,,,,,,,,,,,,,,,,,,,,,,,,,,,,,,,,,,,,,,,,,,,,
HOLE_059,Jerimum de Cima,105908,16.00,17.00,1.00,SAP,SAP,PV,0.08,,,,,,,,,,,,,,,,,,,,,,,,,,,,,,,,,,,,,,,,,,,,,,,,,,,,,
HOLE_059,Jerimum de Cima,105909,17.00,18.00,1.00,SAP,SAP,PV,0.04,,,,,,,,,,,,,,,,,,,,,,,,,,,,,,,,,,,,,,,,,,,,,,,,,,,,,
HOLE_059,Jerimum de Cima,105910,18.00,19.00,1.00,SAP,SAP,PV,1.18,,,,,,,,,,,,,,,,,,,,,,,,,,,,,,,,,,,,,,,,,,,,,,,,,,,,,
HOLE_059,Jerimum de Cima,105911,19.00,20.00,1.00,SAP,SAP,PV,1.15,,,,,,,,,,,,,,,,,,,,,,,,,,,,,,,,,,,,,,,,,,,,,,,,,,,,,
HOLE_059,Jerimum de Cima,105912,20.00,21.00,1.00,SAP,SAP,PV,0.07,,,,,,,,,,,,,,,,,,,,,,,,,,,,,,,,,,,,,,,,,,,,,,,,,,,,,
HOLE_059,Jerimum de Cima,105913,21.00,22.00,1.00,SAP,SAP,PV,0.00,,,,,,,,,,,,,,,,,,,,,,,,,,,,,,,,,,,,,,,,,,,,,,,,,,,,,
HOLE_059,Jerimum de Cima,105914,22.00,23.00,1.00,SAP,SAP,PV,0.04,,,,,,,,,,,,,,,,,,,,,,,,,,,,,,,,,,,,,,,,,,,,,,,,,,,,,
HOLE_059,Jerimum de Cima,105915,23.00,24.00,1.00,SAP,SAP,PV,0.02,,,,,,,,,,,,,,,,,,,,,,,,,,,,,,,,,,,,,,,,,,,,,,,,,,,,,
HOLE_059,Jerimum de Cima,105916,24.00,25.00,1.00,SAP,SAP,PV,0.02,,,,,,,,,,,,,,,,,,,,,,,,,,,,,,,,,,,,,,,,,,,,,,,,,,,,,
HOLE_059,Jerimum de Cima,105917,25.00,26.00,1.00,SAP,SAP,PV,0.00,,,,,,,,,,,,,,,,,,,,,,,,,,,,,,,,,,,,,,,,,,,,,,,,,,,,,
HOLE_059,Jerimum de Cima,105918,26.00,27.00,1.00,SAP,SAP,PV,0.00,,,,,,,,,,,,,,,,,,,,,,,,,,,,,,,,,,,,,,,,,,,,,,,,,,,,,
HOLE_059,Jerimum de Cima,105919,27.00,28.00,1.00,SAP,SAP,PV,0.68,,,,,,,,,,,,,,,,,,,,,,,,,,,,,,,,,,,,,,,,,,,,,,,,,,,,,
HOLE_059,Jerimum de Cima,105920,28.00,29.00,1.00,SAP,SAP,PV,0.96,,,,,,,,,,,,,,,,,,,,,,,,,,,,,,,,,,,,,,,,,,,,,,,,,,,,,
HOLE_059,Jerimum de Cima,105921,29.00,30.00,1.00,SAP,SAP,PV,0.07,,,,,,,,,,,,,,,,,,,,,,,,,,,,,,,,,,,,,,,,,,,,,,,,,,,,,
HOLE_059,Jerimum de Cima,105922,30.00,31.00,1.00,SAP,SAP,PV,0.25,,,,,,,,,,,,,,,,,,,,,,,,,,,,,,,,,,,,,,,,,,,,,,,,,,,,,
HOLE_059,Jerimum de Cima,105923,31.00,32.00,1.00,SAP,SAP,PV,0.00,,,,,,,,,,,,,,,,,,,,,,,,,,,,,,,,,,,,,,,,,,,,,,,,,,,,,
HOLE_059,Jerimum de Cima,105924,32.00,33.00,1.00,SAP,SAP,PV,0.00,,,,,,,,,,,,,,,,,,,,,,,,,,,,,,,,,,,,,,,,,,,,,,,,,,,,,
HOLE_059,Jerimum de Cima,105925,33.00,34.00,1.00,SAP,SAP,PV,0.00,,,,,,,,,,,,,,,,,,,,,,,,,,,,,,,,,,,,,,,,,,,,,,,,,,,,,
HOLE_059,Jerimum de Cima,105926,34.00,35.00,1.00,SAP,SAP,PV,0.00,,,,,,,,,,,,,,,,,,,,,,,,,,,,,,,,,,,,,,,,,,,,,,,,,,,,,
HOLE_059,Jerimum de Cima,105927,35.00,36.00,1.00,SAP,SAP,PV,0.00,,,,,,,,,,,,,,,,,,,,,,,,,,,,,,,,,,,,,,,,,,,,,,,,,,,,,
HOLE_059,Jerimum de Cima,105928,36.00,37.00,1.00,SAP,SAP,PV,0.10,,,,,,,,,,,,,,,,,,,,,,,,,,,,,,,,,,,,,,,,,,,,,,,,,,,,,
HOLE_059,Jerimum de Cima,105929,37.00,38.00,1.00,SAP,SAP,PV,1.71,,,,,,,,,,,,,,,,,,,,,,,,,,,,,,,,,,,,,,,,,,,,,,,,,,,,,
HOLE_059,Jerimum de Cima,105930,38.00,39.00,1.00,SAP,SAP,PV,0.14,,,,,,,,,,,,,,,,,,,,,,,,,,,,,,,,,,,,,,,,,,,,,,,,,,,,,
HOLE_059,Jerimum de Cima,105931,39.00,40.00,1.00,SAP,SAP,PV,0.11,,,,,,,,,,,,,,,,,,,,,,,,,,,,,,,,,,,,,,,,,,,,,,,,,,,,,
HOLE_059,Jerimum de Cima,105932,40.00,41.00,1.00,SAP,SAP,PV,0.00,,,,,,,,,,,,,,,,,,,,,,,,,,,,,,,,,,,,,,,,,,,,,,,,,,,,,
HOLE_059,Jerimum de Cima,105933,41.00,42.00,1.00,SAP,SAP,PV,0.08,,,,,,,,,,,,,,,,,,,,,,,,,,,,,,,,,,,,,,,,,,,,,,,,,,,,,
HOLE_059,Jerimum de Cima,105934,42.00,43.00,1.00,SAP,SAP,PV,0.20,,,,,,,,,,,,,,,,,,,,,,,,,,,,,,,,,,,,,,,,,,,,,,,,,,,,,
HOLE_059,Jerimum de Cima,105935,43.00,44.00,1.00,SAP,SAP,PV,0.00,,,,,,,,,,,,,,,,,,,,,,,,,,,,,,,,,,,,,,,,,,,,,,,,,,,,,
HOLE_059,Jerimum de Cima,105936,44.00,45.00,1.00,SAP,SAP,PV,0.25,,,,,,,,,,,,,,,,,,,,,,,,,,,,,,,,,,,,,,,,,,,,,,,,,,,,,
HOLE_059,Jerimum de Cima,105937,45.00,46.00,1.00,SAP,SAP,PV,0.05,,,,,,,,,,,,,,,,,,,,,,,,,,,,,,,,,,,,,,,,,,,,,,,,,,,,,
HOLE_059,Jerimum de Cima,105938,46.00,47.00,1.00,SAP,SAP,PV,0.02,,,,,,,,,,,,,,,,,,,,,,,,,,,,,,,,,,,,,,,,,,,,,,,,,,,,,
HOLE_059,Jerimum de Cima,105939,47.00,48.00,1.00,SAP,SAP,PV,0.00,,,,,,,,,,,,,,,,,,,,,,,,,,,,,,,,,,,,,,,,,,,,,,,,,,,,,
HOLE_059,Jerimum de Cima,105940,48.00,49.00,1.00,SAP,SAP,PV,0.00,,,,,,,,,,,,,,,,,,,,,,,,,,,,,,,,,,,,,,,,,,,,,,,,,,,,,
HOLE_059,Jerimum de Cima,105941,49.00,50.00,1.00,SAP,SAP,PV,0.20,,,,,,,,,,,,,,,,,,,,,,,,,,,,,,,,,,,,,,,,,,,,,,,,,,,,,
HOLE_059,Jerimum de Cima,105942,50.00,51.00,1.00,SAP,SAP,PV,0.21,,,,,,,,,,,,,,,,,,,,,,,,,,,,,,,,,,,,,,,,,,,,,,,,,,,,,
HOLE_059,Jerimum de Cima,105943,51.00,52.00,1.00,SAP,SAP,PV,0.10,,,,,,,,,,,,,,,,,,,,,,,,,,,,,,,,,,,,,,,,,,,,,,,,,,,,,
HOLE_059,Jerimum de Cima,105944,52.00,53.00,1.00,SAP,SAP,PV,0.07,,,,,,,,,,,,,,,,,,,,,,,,,,,,,,,,,,,,,,,,,,,,,,,,,,,,,
HOLE_059,Jerimum de Cima,105945,53.00,54.00,1.00,SAP,SAP,PV,0.09,,,,,,,,,,,,,,,,,,,,,,,,,,,,,,,,,,,,,,,,,,,,,,,,,,,,,
HOLE_059,Jerimum de Cima,105946,54.00,55.00,1.00,SAP,SAP,PV,0.42,,,,,,,,,,,,,,,,,,,,,,,,,,,,,,,,,,,,,,,,,,,,,,,,,,,,,
HOLE_059,Jerimum de Cima,105947,55.00,56.00,1.00,SAP,SAP,PV,0.23,,,,,,,,,,,,,,,,,,,,,,,,,,,,,,,,,,,,,,,,,,,,,,,,,,,,,
HOLE_059,Jerimum de Cima,105948,56.00,57.00,1.00,SAP,SAP,PV,0.49,,,,,,,,,,,,,,,,,,,,,,,,,,,,,,,,,,,,,,,,,,,,,,,,,,,,,
HOLE_059,Jerimum de Cima,105949,57.00,58.00,1.00,SAP,SAP,PV,0.22,,,,,,,,,,,,,,,,,,,,,,,,,,,,,,,,,,,,,,,,,,,,,,,,,,,,,
HOLE_059,Jerimum de Cima,105950,58.00,59.00,1.00,SAP,SAP,PV,0.39,,,,,,,,,,,,,,,,,,,,,,,,,,,,,,,,,,,,,,,,,,,,,,,,,,,,,
HOLE_059,Jerimum de Cima,105951,59.00,60.00,1.00,SAP,SAP,PV,0.48,,,,,,,,,,,,,,,,,,,,,,,,,,,,,,,,,,,,,,,,,,,,,,,,,,,,,
HOLE_059,Jerimum de Cima,105952,60.00,61.00,1.00,SAP,SAP,PV,0.01,,,,,,,,,,,,,,,,,,,,,,,,,,,,,,,,,,,,,,,,,,,,,,,,,,,,,
HOLE_059,Jerimum de Cima,105953,61.00,62.00,1.00,SAP,SAP,PV,0.10,,,,,,,,,,,,,,,,,,,,,,,,,,,,,,,,,,,,,,,,,,,,,,,,,,,,,
HOLE_059,Jerimum de Cima,105954,62.00,63.00,1.00,SAP,SAP,PV,0.00,,,,,,,,,,,,,,,,,,,,,,,,,,,,,,,,,,,,,,,,,,,,,,,,,,,,,
HOLE_059,Jerimum de Cima,105955,63.00,64.00,1.00,SAP,SAP,PV,0.00,,,,,,,,,,,,,,,,,,,,,,,,,,,,,,,,,,,,,,,,,,,,,,,,,,,,,
HOLE_059,Jerimum de Cima,105956,64.00,65.00,1.00,SAP,SAP,PV,0.27,,,,,,,,,,,,,,,,,,,,,,,,,,,,,,,,,,,,,,,,,,,,,,,,,,,,,
HOLE_059,Jerimum de Cima,105957,65.00,66.00,1.00,SAP,SAP,PV,0.13,,,,,,,,,,,,,,,,,,,,,,,,,,,,,,,,,,,,,,,,,,,,,,,,,,,,,
HOLE_059,Jerimum de Cima,105958,66.00,67.00,1.00,SAP,SAP,PV,0.00,,,,,,,,,,,,,,,,,,,,,,,,,,,,,,,,,,,,,,,,,,,,,,,,,,,,,
HOLE_059,Jerimum de Cima,105959,67.00,68.00,1.00,SAP,SAP,PV,0.29,,,,,,,,,,,,,,,,,,,,,,,,,,,,,,,,,,,,,,,,,,,,,,,,,,,,,
HOLE_059,Jerimum de Cima,105960,68.00,69.00,1.00,SAP,SAP,PV,0.02,,,,,,,,,,,,,,,,,,,,,,,,,,,,,,,,,,,,,,,,,,,,,,,,,,,,,
HOLE_059,Jerimum de Cima,105961,69.00,70.00,1.00,SAP,SAP,PV,0.00,,,,,,,,,,,,,,,,,,,,,,,,,,,,,,,,,,,,,,,,,,,,,,,,,,,,,
HOLE_059,Jerimum de Cima,105962,70.00,71.00,1.00,SAP,SAP,PV,0.00,,,,,,,,,,,,,,,,,,,,,,,,,,,,,,,,,,,,,,,,,,,,,,,,,,,,,
HOLE_059,Jerimum de Cima,105963,71.00,72.00,1.00,SAP,SAP,PV,0.00,,,,,,,,,,,,,,,,,,,,,,,,,,,,,,,,,,,,,,,,,,,,,,,,,,,,,
HOLE_059,Jerimum de Cima,105964,72.00,73.00,1.00,SAP,SAP,PV,0.30,,,,,,,,,,,,,,,,,,,,,,,,,,,,,,,,,,,,,,,,,,,,,,,,,,,,,
HOLE_059,Jerimum de Cima,105965,73.00,74.00,1.00,SAP,SAP,PV,0.15,,,,,,,,,,,,,,,,,,,,,,,,,,,,,,,,,,,,,,,,,,,,,,,,,,,,,
HOLE_059,Jerimum de Cima,105966,74.00,75.00,1.00,SAP,SAP,PV,0.82,,,,,,,,,,,,,,,,,,,,,,,,,,,,,,,,,,,,,,,,,,,,,,,,,,,,,
HOLE_059,Jerimum de Cima,105967,75.00,76.00,1.00,SAP,SAP,PV,0.52,,,,,,,,,,,,,,,,,,,,,,,,,,,,,,,,,,,,,,,,,,,,,,,,,,,,,
HOLE_059,Jerimum de Cima,105968,76.00,77.00,1.00,SAP,SAP,PV,0.19,,,,,,,,,,,,,,,,,,,,,,,,,,,,,,,,,,,,,,,,,,,,,,,,,,,,,
HOLE_059,Jerimum de Cima,105969,77.00,78.00,1.00,SAP,SAP,PV,0.04,,,,,,,,,,,,,,,,,,,,,,,,,,,,,,,,,,,,,,,,,,,,,,,,,,,,,
HOLE_059,Jerimum de Cima,105970,78.00,79.00,1.00,SAP,SAP,PV,0.03,,,,,,,,,,,,,,,,,,,,,,,,,,,,,,,,,,,,,,,,,,,,,,,,,,,,,
HOLE_059,Jerimum de Cima,105971,79.00,80.00,1.00,SAP,SAP,PV,0.33,,,,,,,,,,,,,,,,,,,,,,,,,,,,,,,,,,,,,,,,,,,,,,,,,,,,,
HOLE_059,Jerimum de Cima,105972,80.00,81.00,1.00,SAP,SAP,PV,0.16,,,,,,,,,,,,,,,,,,,,,,,,,,,,,,,,,,,,,,,,,,,,,,,,,,,,,
HOLE_059,Jerimum de Cima,105973,81.00,82.00,1.00,SAP,SAP,PV,0.11,,,,,,,,,,,,,,,,,,,,,,,,,,,,,,,,,,,,,,,,,,,,,,,,,,,,,
HOLE_059,Jerimum de Cima,105974,82.00,83.00,1.00,SAP,SAP,PV,0.20,,,,,,,,,,,,,,,,,,,,,,,,,,,,,,,,,,,,,,,,,,,,,,,,,,,,,
HOLE_059,Jerimum de Cima,105975,83.00,84.00,1.00,SAP,SAP,PV,0.47,,,,,,,,,,,,,,,,,,,,,,,,,,,,,,,,,,,,,,,,,,,,,,,,,,,,,
HOLE_059,Jerimum de Cima,105976,84.00,85.00,1.00,SAP,SAP,PV,2.84,,,,,,,,,,,,,,,,,,,,,,,,,,,,,,,,,,,,,,,,,,,,,,,,,,,,,
HOLE_059,Jerimum de Cima,105977,85.00,86.00,1.00,SAP,SAP,PV,0.48,,,,,,,,,,,,,,,,,,,,,,,,,,,,,,,,,,,,,,,,,,,,,,,,,,,,,
HOLE_059,Jerimum de Cima,105978,86.00,87.00,1.00,SAP,SAP,PV,0.43,,,,,,,,,,,,,,,,,,,,,,,,,,,,,,,,,,,,,,,,,,,,,,,,,,,,,
HOLE_059,Jerimum de Cima,105979,87.00,88.00,1.00,SAP,SAP,PV,0.13,,,,,,,,,,,,,,,,,,,,,,,,,,,,,,,,,,,,,,,,,,,,,,,,,,,,,
HOLE_059,Jerimum de Cima,105980,88.00,89.00,1.00,IG,SER,MT,0.15,,,,,,,,,,,,,,,,,,,,,,,,,,,,,,,,,,,,,,,,,,,,,,,,,,,,,
HOLE_059,Jerimum de Cima,105981,89.00,90.00,1.00,IG,SER,MT,0.27,,,,,,,,,,,,,,,,,,,,,,,,,,,,,,,,,,,,,,,,,,,,,,,,,,,,,
HOLE_060,Jerimum de Cima,105982,0.00,1.00,1.00,SAP,,,0.14,,,,,,,,,,,,,,,,,,,,,,,,,,,,,,,,,,,,,,,,,,,,,,,,,,,,,
HOLE_060,Jerimum de Cima,105983,1.00,2.00,1.00,SAP,,,0.03,,,,,,,,,,,,,,,,,,,,,,,,,,,,,,,,,,,,,,,,,,,,,,,,,,,,,
HOLE_060,Jerimum de Cima,105984,2.00,3.00,1.00,SAP,,,0.07,,,,,,,,,,,,,,,,,,,,,,,,,,,,,,,,,,,,,,,,,,,,,,,,,,,,,
HOLE_060,Jerimum de Cima,105985,3.00,4.00,1.00,SAP,,,0.04,,,,,,,,,,,,,,,,,,,,,,,,,,,,,,,,,,,,,,,,,,,,,,,,,,,,,
HOLE_060,Jerimum de Cima,105986,4.00,5.00,1.00,SAP,,,0.11,,,,,,,,,,,,,,,,,,,,,,,,,,,,,,,,,,,,,,,,,,,,,,,,,,,,,
HOLE_060,Jerimum de Cima,105987,5.00,6.00,1.00,SAP,,,0.02,,,,,,,,,,,,,,,,,,,,,,,,,,,,,,,,,,,,,,,,,,,,,,,,,,,,,
HOLE_060,Jerimum de Cima,105988,6.00,7.00,1.00,SAP,SAP,PV,0.04,,,,,,,,,,,,,,,,,,,,,,,,,,,,,,,,,,,,,,,,,,,,,,,,,,,,,
HOLE_060,Jerimum de Cima,105989,7.00,8.00,1.00,SAP,SAP,PV,8.09,,,,,,,,,,,,,,,,,,,,,,,,,,,,,,,,,,,,,,,,,,,,,,,,,,,,,
HOLE_060,Jerimum de Cima,105990,8.00,9.00,1.00,SAP,SAP,PV,0.05,,,,,,,,,,,,,,,,,,,,,,,,,,,,,,,,,,,,,,,,,,,,,,,,,,,,,
HOLE_060,Jerimum de Cima,105991,9.00,10.00,1.00,SAP,SAP,PV,0.52,,,,,,,,,,,,,,,,,,,,,,,,,,,,,,,,,,,,,,,,,,,,,,,,,,,,,
HOLE_060,Jerimum de Cima,105992,10.00,11.00,1.00,SAP,SAP,PV,0.49,,,,,,,,,,,,,,,,,,,,,,,,,,,,,,,,,,,,,,,,,,,,,,,,,,,,,
HOLE_060,Jerimum de Cima,105993,11.00,12.00,1.00,SAP,SAP,PV,2.31,,,,,,,,,,,,,,,,,,,,,,,,,,,,,,,,,,,,,,,,,,,,,,,,,,,,,
HOLE_060,Jerimum de Cima,105994,12.00,13.00,1.00,SAP,SAP,PV,0.29,,,,,,,,,,,,,,,,,,,,,,,,,,,,,,,,,,,,,,,,,,,,,,,,,,,,,
HOLE_060,Jerimum de Cima,105995,13.00,14.00,1.00,SAP,SAP,PV,0.32,,,,,,,,,,,,,,,,,,,,,,,,,,,,,,,,,,,,,,,,,,,,,,,,,,,,,
HOLE_060,Jerimum de Cima,105996,14.00,15.00,1.00,SAP,SAP,PV,0.10,,,,,,,,,,,,,,,,,,,,,,,,,,,,,,,,,,,,,,,,,,,,,,,,,,,,,
HOLE_060,Jerimum de Cima,105997,15.00,16.00,1.00,SAP,SAP,PV,0.06,,,,,,,,,,,,,,,,,,,,,,,,,,,,,,,,,,,,,,,,,,,,,,,,,,,,,
HOLE_060,Jerimum de Cima,105998,16.00,17.00,1.00,SAP,SAP,PV,0.76,,,,,,,,,,,,,,,,,,,,,,,,,,,,,,,,,,,,,,,,,,,,,,,,,,,,,
HOLE_060,Jerimum de Cima,105999,17.00,18.00,1.00,SAP,SAP,PV,0.64,,,,,,,,,,,,,,,,,,,,,,,,,,,,,,,,,,,,,,,,,,,,,,,,,,,,,
HOLE_060,Jerimum de Cima,106000,18.00,19.00,1.00,SAP,SAP,PV,0.07,,,,,,,,,,,,,,,,,,,,,,,,,,,,,,,,,,,,,,,,,,,,,,,,,,,,,
HOLE_060,Jerimum de Cima,106001,19.00,20.00,1.00,SAP,SAP,PV,0.13,,,,,,,,,,,,,,,,,,,,,,,,,,,,,,,,,,,,,,,,,,,,,,,,,,,,,
HOLE_060,Jerimum de Cima,106002,20.00,21.00,1.00,SAP,SAP,PV,0.07,,,,,,,,,,,,,,,,,,,,,,,,,,,,,,,,,,,,,,,,,,,,,,,,,,,,,
HOLE_060,Jerimum de Cima,106003,21.00,22.00,1.00,SAP,SAP,PV,0.30,,,,,,,,,,,,,,,,,,,,,,,,,,,,,,,,,,,,,,,,,,,,,,,,,,,,,
HOLE_060,Jerimum de Cima,106004,22.00,23.00,1.00,SAP,SAP,PV,57.00,,,,,,,,,,,,,,,,,,,,,,,,,,,,,,,,,,,,,,,,,,,,,,,,,,,,,
HOLE_060,Jerimum de Cima,106005,23.00,24.00,1.00,SAP,SAP,PV,0.37,,,,,,,,,,,,,,,,,,,,,,,,,,,,,,,,,,,,,,,,,,,,,,,,,,,,,
HOLE_060,Jerimum de Cima,106006,24.00,25.00,1.00,SAP,SAP,PV,0.03,,,,,,,,,,,,,,,,,,,,,,,,,,,,,,,,,,,,,,,,,,,,,,,,,,,,,
HOLE_060,Jerimum de Cima,106007,25.00,26.00,1.00,SAP,SAP,PV,0.62,,,,,,,,,,,,,,,,,,,,,,,,,,,,,,,,,,,,,,,,,,,,,,,,,,,,,
HOLE_060,Jerimum de Cima,106008,26.00,27.00,1.00,SAP,SAP,PV,2.97,,,,,,,,,,,,,,,,,,,,,,,,,,,,,,,,,,,,,,,,,,,,,,,,,,,,,
HOLE_060,Jerimum de Cima,106009,27.00,28.00,1.00,SAP,SAP,PV,5.40,,,,,,,,,,,,,,,,,,,,,,,,,,,,,,,,,,,,,,,,,,,,,,,,,,,,,
HOLE_060,Jerimum de Cima,106010,28.00,29.00,1.00,SAP,SAP,PV,0.02,,,,,,,,,,,,,,,,,,,,,,,,,,,,,,,,,,,,,,,,,,,,,,,,,,,,,
HOLE_060,Jerimum de Cima,106011,29.00,30.00,1.00,SAP,SAP,PV,0.08,,,,,,,,,,,,,,,,,,,,,,,,,,,,,,,,,,,,,,,,,,,,,,,,,,,,,
HOLE_060,Jerimum de Cima,106012,30.00,31.00,1.00,SAP,SAP,PV,0.16,,,,,,,,,,,,,,,,,,,,,,,,,,,,,,,,,,,,,,,,,,,,,,,,,,,,,
HOLE_060,Jerimum de Cima,106013,31.00,32.00,1.00,SAP,SAP,PV,0.26,,,,,,,,,,,,,,,,,,,,,,,,,,,,,,,,,,,,,,,,,,,,,,,,,,,,,
HOLE_060,Jerimum de Cima,106014,32.00,33.00,1.00,SAP,SAP,PV,0.22,,,,,,,,,,,,,,,,,,,,,,,,,,,,,,,,,,,,,,,,,,,,,,,,,,,,,
HOLE_060,Jerimum de Cima,106015,33.00,34.00,1.00,SAP,SAP,PV,0.41,,,,,,,,,,,,,,,,,,,,,,,,,,,,,,,,,,,,,,,,,,,,,,,,,,,,,
HOLE_060,Jerimum de Cima,106016,34.00,35.00,1.00,SAP,SAP,PV,0.22,,,,,,,,,,,,,,,,,,,,,,,,,,,,,,,,,,,,,,,,,,,,,,,,,,,,,
HOLE_060,Jerimum de Cima,106017,35.00,36.00,1.00,SAP,SAP,PV,7.13,,,,,,,,,,,,,,,,,,,,,,,,,,,,,,,,,,,,,,,,,,,,,,,,,,,,,
HOLE_060,Jerimum de Cima,106018,36.00,37.00,1.00,SAP,SAP,PV,1.26,,,,,,,,,,,,,,,,,,,,,,,,,,,,,,,,,,,,,,,,,,,,,,,,,,,,,
HOLE_060,Jerimum de Cima,106019,37.00,38.00,1.00,SAP,SAP,PV,0.84,,,,,,,,,,,,,,,,,,,,,,,,,,,,,,,,,,,,,,,,,,,,,,,,,,,,,
HOLE_060,Jerimum de Cima,106020,38.00,39.00,1.00,SAP,SAP,PV,0.50,,,,,,,,,,,,,,,,,,,,,,,,,,,,,,,,,,,,,,,,,,,,,,,,,,,,,
HOLE_060,Jerimum de Cima,106021,39.00,40.00,1.00,SAP,SAP,PV,0.05,,,,,,,,,,,,,,,,,,,,,,,,,,,,,,,,,,,,,,,,,,,,,,,,,,,,,
HOLE_060,Jerimum de Cima,106022,40.00,41.00,1.00,SAP,SAP,PV,0.02,,,,,,,,,,,,,,,,,,,,,,,,,,,,,,,,,,,,,,,,,,,,,,,,,,,,,
HOLE_060,Jerimum de Cima,106023,41.00,42.00,1.00,SAP,SAP,PV,0.03,,,,,,,,,,,,,,,,,,,,,,,,,,,,,,,,,,,,,,,,,,,,,,,,,,,,,
HOLE_060,Jerimum de Cima,106024,42.00,43.00,1.00,SAP,SAP,PV,0.52,,,,,,,,,,,,,,,,,,,,,,,,,,,,,,,,,,,,,,,,,,,,,,,,,,,,,
HOLE_060,Jerimum de Cima,106025,43.00,44.00,1.00,SAP,SAP,PV,0.24,,,,,,,,,,,,,,,,,,,,,,,,,,,,,,,,,,,,,,,,,,,,,,,,,,,,,
HOLE_060,Jerimum de Cima,106026,44.00,45.00,1.00,SAP,SAP,PV,0.33,,,,,,,,,,,,,,,,,,,,,,,,,,,,,,,,,,,,,,,,,,,,,,,,,,,,,
HOLE_060,Jerimum de Cima,106027,45.00,46.00,1.00,SAP,SAP,PV,0.09,,,,,,,,,,,,,,,,,,,,,,,,,,,,,,,,,,,,,,,,,,,,,,,,,,,,,
HOLE_060,Jerimum de Cima,106028,46.00,47.00,1.00,SAP,SAP,PV,0.29,,,,,,,,,,,,,,,,,,,,,,,,,,,,,,,,,,,,,,,,,,,,,,,,,,,,,
HOLE_060,Jerimum de Cima,106029,47.00,48.00,1.00,SAP,SAP,PV,0.09,,,,,,,,,,,,,,,,,,,,,,,,,,,,,,,,,,,,,,,,,,,,,,,,,,,,,
HOLE_060,Jerimum de Cima,106030,48.00,49.00,1.00,SAP,SAP,PV,0.08,,,,,,,,,,,,,,,,,,,,,,,,,,,,,,,,,,,,,,,,,,,,,,,,,,,,,
HOLE_060,Jerimum de Cima,106031,49.00,50.00,1.00,SAP,SAP,PV,0.60,,,,,,,,,,,,,,,,,,,,,,,,,,,,,,,,,,,,,,,,,,,,,,,,,,,,,
HOLE_060,Jerimum de Cima,106032,50.00,51.00,1.00,SAP,SAP,PV,0.03,,,,,,,,,,,,,,,,,,,,,,,,,,,,,,,,,,,,,,,,,,,,,,,,,,,,,
HOLE_060,Jerimum de Cima,106033,51.00,52.00,1.00,SAP,SAP,PV,0.02,,,,,,,,,,,,,,,,,,,,,,,,,,,,,,,,,,,,,,,,,,,,,,,,,,,,,
HOLE_060,Jerimum de Cima,106034,52.00,53.00,1.00,SAP,SAP,PV,0.09,,,,,,,,,,,,,,,,,,,,,,,,,,,,,,,,,,,,,,,,,,,,,,,,,,,,,
HOLE_060,Jerimum de Cima,106035,53.00,54.00,1.00,SAP,SAP,PV,0.02,,,,,,,,,,,,,,,,,,,,,,,,,,,,,,,,,,,,,,,,,,,,,,,,,,,,,
HOLE_060,Jerimum de Cima,106036,54.00,55.00,1.00,SAP,SAP,PV,0.10,,,,,,,,,,,,,,,,,,,,,,,,,,,,,,,,,,,,,,,,,,,,,,,,,,,,,
HOLE_060,Jerimum de Cima,106037,55.00,56.00,1.00,SAP,SAP,PV,0.03,,,,,,,,,,,,,,,,,,,,,,,,,,,,,,,,,,,,,,,,,,,,,,,,,,,,,
HOLE_060,Jerimum de Cima,106038,56.00,57.00,1.00,SAP,SAP,PV,0.02,,,,,,,,,,,,,,,,,,,,,,,,,,,,,,,,,,,,,,,,,,,,,,,,,,,,,
HOLE_060,Jerimum de Cima,106039,57.00,58.00,1.00,SAP,SAP,PV,0.00,,,,,,,,,,,,,,,,,,,,,,,,,,,,,,,,,,,,,,,,,,,,,,,,,,,,,
HOLE_060,Jerimum de Cima,106040,58.00,59.00,1.00,SAP,SAP,PV,0.03,,,,,,,,,,,,,,,,,,,,,,,,,,,,,,,,,,,,,,,,,,,,,,,,,,,,,
HOLE_060,Jerimum de Cima,106041,59.00,60.00,1.00,SAP,SAP,PV,0.02,,,,,,,,,,,,,,,,,,,,,,,,,,,,,,,,,,,,,,,,,,,,,,,,,,,,,
HOLE_060,Jerimum de Cima,106042,60.00,61.00,1.00,SAP,SAP,PV,0.00,,,,,,,,,,,,,,,,,,,,,,,,,,,,,,,,,,,,,,,,,,,,,,,,,,,,,
HOLE_060,Jerimum de Cima,106043,61.00,62.00,1.00,SAP,SAP,PV,0.01,,,,,,,,,,,,,,,,,,,,,,,,,,,,,,,,,,,,,,,,,,,,,,,,,,,,,
HOLE_060,Jerimum de Cima,106044,62.00,63.00,1.00,SAP,SAP,PV,0.01,,,,,,,,,,,,,,,,,,,,,,,,,,,,,,,,,,,,,,,,,,,,,,,,,,,,,
HOLE_060,Jerimum de Cima,106045,63.00,64.00,1.00,SAP,SAP,PV,0.00,,,,,,,,,,,,,,,,,,,,,,,,,,,,,,,,,,,,,,,,,,,,,,,,,,,,,
HOLE_060,Jerimum de Cima,106046,64.00,65.00,1.00,SAP,SAP,PV,0.00,,,,,,,,,,,,,,,,,,,,,,,,,,,,,,,,,,,,,,,,,,,,,,,,,,,,,
HOLE_060,Jerimum de Cima,106047,65.00,66.00,1.00,SAP,SAP,PV,0.00,,,,,,,,,,,,,,,,,,,,,,,,,,,,,,,,,,,,,,,,,,,,,,,,,,,,,
HOLE_060,Jerimum de Cima,106048,66.00,67.00,1.00,SAP,SAP,PV,0.00,,,,,,,,,,,,,,,,,,,,,,,,,,,,,,,,,,,,,,,,,,,,,,,,,,,,,
HOLE_060,Jerimum de Cima,106049,67.00,68.00,1.00,SAP,SAP,PV,0.55,,,,,,,,,,,,,,,,,,,,,,,,,,,,,,,,,,,,,,,,,,,,,,,,,,,,,
HOLE_060,Jerimum de Cima,106050,68.00,69.00,1.00,SAP,SAP,PV,0.10,,,,,,,,,,,,,,,,,,,,,,,,,,,,,,,,,,,,,,,,,,,,,,,,,,,,,
HOLE_060,Jerimum de Cima,106051,69.00,70.00,1.00,SAP,SAP,PV,0.00,,,,,,,,,,,,,,,,,,,,,,,,,,,,,,,,,,,,,,,,,,,,,,,,,,,,,
HOLE_060,Jerimum de Cima,106052,70.00,71.00,1.00,SAP,SAP,PV,0.15,,,,,,,,,,,,,,,,,,,,,,,,,,,,,,,,,,,,,,,,,,,,,,,,,,,,,
HOLE_060,Jerimum de Cima,106053,71.00,72.00,1.00,SAP,SAP,PV,0.03,,,,,,,,,,,,,,,,,,,,,,,,,,,,,,,,,,,,,,,,,,,,,,,,,,,,,
HOLE_060,Jerimum de Cima,106054,72.00,73.00,1.00,SAP,SAP,PV,0.03,,,,,,,,,,,,,,,,,,,,,,,,,,,,,,,,,,,,,,,,,,,,,,,,,,,,,
HOLE_060,Jerimum de Cima,106055,73.00,74.00,1.00,SAP,SAP,PV,0.31,,,,,,,,,,,,,,,,,,,,,,,,,,,,,,,,,,,,,,,,,,,,,,,,,,,,,
HOLE_060,Jerimum de Cima,106056,74.00,75.00,1.00,SAP,SAP,PV,0.01,,,,,,,,,,,,,,,,,,,,,,,,,,,,,,,,,,,,,,,,,,,,,,,,,,,,,
HOLE_060,Jerimum de Cima,106057,75.00,76.00,1.00,SAP,SAP,PV,0.05,,,,,,,,,,,,,,,,,,,,,,,,,,,,,,,,,,,,,,,,,,,,,,,,,,,,,
HOLE_060,Jerimum de Cima,106058,76.00,77.00,1.00,SAP,SAP,PV,0.03,,,,,,,,,,,,,,,,,,,,,,,,,,,,,,,,,,,,,,,,,,,,,,,,,,,,,
HOLE_060,Jerimum de Cima,106059,77.00,78.00,1.00,SAP,SAP,PV,0.02,,,,,,,,,,,,,,,,,,,,,,,,,,,,,,,,,,,,,,,,,,,,,,,,,,,,,
HOLE_060,Jerimum de Cima,106060,78.00,79.00,1.00,SAP,SAP,PV,0.64,,,,,,,,,,,,,,,,,,,,,,,,,,,,,,,,,,,,,,,,,,,,,,,,,,,,,
HOLE_060,Jerimum de Cima,106061,79.00,80.00,1.00,IGD,HM,MT,0.16,,,,,,,,,,,,,,,,,,,,,,,,,,,,,,,,,,,,,,,,,,,,,,,,,,,,,
HOLE_060,Jerimum de Cima,106062,80.00,81.00,1.00,IGD,HM,MT,0.17,,,,,,,,,,,,,,,,,,,,,,,,,,,,,,,,,,,,,,,,,,,,,,,,,,,,,
HOLE_060,Jerimum de Cima,106063,81.00,82.00,1.00,IGD,HM,MT,0.05,,,,,,,,,,,,,,,,,,,,,,,,,,,,,,,,,,,,,,,,,,,,,,,,,,,,,
HOLE_060,Jerimum de Cima,106064,82.00,83.00,1.00,IGD,HM,MT,0.03,,,,,,,,,,,,,,,,,,,,,,,,,,,,,,,,,,,,,,,,,,,,,,,,,,,,,
HOLE_060,Jerimum de Cima,106065,83.00,83.50,0.50,IGD,HM,MT,0.09,,,,,,,,,,,,,,,,,,,,,,,,,,,,,,,,,,,,,,,,,,,,,,,,,,,,,
HOLE_061,Jerimum de Cima,106066,0.00,1.00,1.00,SAP,SAP,PV,0.24,,,,,,,,,,,,,,,,,,,,,,,,,,,,,,,,,,,,,,,,,,,,,,,,,,,,,
HOLE_061,Jerimum de Cima,106067,1.00,2.00,1.00,SAP,SAP,PV,0.01,,,,,,,,,,,,,,,,,,,,,,,,,,,,,,,,,,,,,,,,,,,,,,,,,,,,,
HOLE_061,Jerimum de Cima,106068,2.00,3.00,1.00,SAP,SAP,PV,0.03,,,,,,,,,,,,,,,,,,,,,,,,,,,,,,,,,,,,,,,,,,,,,,,,,,,,,
HOLE_061,Jerimum de Cima,106069,3.00,4.00,1.00,SAP,SAP,PV,0.09,,,,,,,,,,,,,,,,,,,,,,,,,,,,,,,,,,,,,,,,,,,,,,,,,,,,,
HOLE_061,Jerimum de Cima,106070,4.00,5.00,1.00,SAP,SAP,PV,0.15,,,,,,,,,,,,,,,,,,,,,,,,,,,,,,,,,,,,,,,,,,,,,,,,,,,,,
HOLE_061,Jerimum de Cima,106071,5.00,6.00,1.00,SAP,SAP,PV,0.08,,,,,,,,,,,,,,,,,,,,,,,,,,,,,,,,,,,,,,,,,,,,,,,,,,,,,
HOLE_061,Jerimum de Cima,106072,6.00,7.00,1.00,SAP,SAP,PV,0.00,,,,,,,,,,,,,,,,,,,,,,,,,,,,,,,,,,,,,,,,,,,,,,,,,,,,,
HOLE_061,Jerimum de Cima,106073,7.00,8.00,1.00,SAP,SAP,PV,0.00,,,,,,,,,,,,,,,,,,,,,,,,,,,,,,,,,,,,,,,,,,,,,,,,,,,,,
HOLE_061,Jerimum de Cima,106074,8.00,9.00,1.00,SAP,SAP,PV,0.01,,,,,,,,,,,,,,,,,,,,,,,,,,,,,,,,,,,,,,,,,,,,,,,,,,,,,
HOLE_061,Jerimum de Cima,106075,9.00,10.00,1.00,SAP,SAP,PV,0.01,,,,,,,,,,,,,,,,,,,,,,,,,,,,,,,,,,,,,,,,,,,,,,,,,,,,,
HOLE_061,Jerimum de Cima,106076,10.00,11.00,1.00,SAP,SAP,PV,0.00,,,,,,,,,,,,,,,,,,,,,,,,,,,,,,,,,,,,,,,,,,,,,,,,,,,,,
HOLE_061,Jerimum de Cima,106077,11.00,12.00,1.00,SAP,SAP,PV,0.00,,,,,,,,,,,,,,,,,,,,,,,,,,,,,,,,,,,,,,,,,,,,,,,,,,,,,
HOLE_061,Jerimum de Cima,106078,12.00,13.00,1.00,SAP,SAP,PV,0.00,,,,,,,,,,,,,,,,,,,,,,,,,,,,,,,,,,,,,,,,,,,,,,,,,,,,,
HOLE_061,Jerimum de Cima,106079,13.00,14.00,1.00,SAP,SAP,PV,0.22,,,,,,,,,,,,,,,,,,,,,,,,,,,,,,,,,,,,,,,,,,,,,,,,,,,,,
HOLE_061,Jerimum de Cima,106080,14.00,15.00,1.00,SAP,SAP,PV,0.03,,,,,,,,,,,,,,,,,,,,,,,,,,,,,,,,,,,,,,,,,,,,,,,,,,,,,
HOLE_061,Jerimum de Cima,106081,15.00,16.00,1.00,SAP,SAP,PV,0.02,,,,,,,,,,,,,,,,,,,,,,,,,,,,,,,,,,,,,,,,,,,,,,,,,,,,,
HOLE_061,Jerimum de Cima,106082,16.00,17.00,1.00,SAP,SAP,PV,0.03,,,,,,,,,,,,,,,,,,,,,,,,,,,,,,,,,,,,,,,,,,,,,,,,,,,,,
HOLE_061,Jerimum de Cima,106083,17.00,18.00,1.00,SAP,SAP,PV,0.01,,,,,,,,,,,,,,,,,,,,,,,,,,,,,,,,,,,,,,,,,,,,,,,,,,,,,
HOLE_061,Jerimum de Cima,106084,18.00,19.00,1.00,SAP,SAP,PV,0.00,,,,,,,,,,,,,,,,,,,,,,,,,,,,,,,,,,,,,,,,,,,,,,,,,,,,,
HOLE_061,Jerimum de Cima,106085,19.00,20.00,1.00,SAP,SAP,PV,0.01,,,,,,,,,,,,,,,,,,,,,,,,,,,,,,,,,,,,,,,,,,,,,,,,,,,,,
HOLE_061,Jerimum de Cima,106086,20.00,21.00,1.00,SAP,SAP,PV,0.01,,,,,,,,,,,,,,,,,,,,,,,,,,,,,,,,,,,,,,,,,,,,,,,,,,,,,
HOLE_061,Jerimum de Cima,106087,21.00,22.00,1.00,SAP,SAP,PV,0.00,,,,,,,,,,,,,,,,,,,,,,,,,,,,,,,,,,,,,,,,,,,,,,,,,,,,,
HOLE_061,Jerimum de Cima,106088,22.00,23.00,1.00,SAP,SAP,PV,0.06,,,,,,,,,,,,,,,,,,,,,,,,,,,,,,,,,,,,,,,,,,,,,,,,,,,,,
HOLE_061,Jerimum de Cima,106089,23.00,24.00,1.00,SAP,SAP,PV,1.09,,,,,,,,,,,,,,,,,,,,,,,,,,,,,,,,,,,,,,,,,,,,,,,,,,,,,
HOLE_061,Jerimum de Cima,106090,24.00,25.00,1.00,SAP,SAP,PV,0.07,,,,,,,,,,,,,,,,,,,,,,,,,,,,,,,,,,,,,,,,,,,,,,,,,,,,,
HOLE_061,Jerimum de Cima,106091,25.00,26.00,1.00,SAP,SAP,PV,0.02,,,,,,,,,,,,,,,,,,,,,,,,,,,,,,,,,,,,,,,,,,,,,,,,,,,,,
HOLE_061,Jerimum de Cima,106092,26.00,27.00,1.00,SAP,SAP,PV,0.02,,,,,,,,,,,,,,,,,,,,,,,,,,,,,,,,,,,,,,,,,,,,,,,,,,,,,
HOLE_061,Jerimum de Cima,106093,27.00,28.00,1.00,SAP,SAP,PV,0.03,,,,,,,,,,,,,,,,,,,,,,,,,,,,,,,,,,,,,,,,,,,,,,,,,,,,,
HOLE_061,Jerimum de Cima,106094,28.00,29.00,1.00,SAP,SAP,PV,0.01,,,,,,,,,,,,,,,,,,,,,,,,,,,,,,,,,,,,,,,,,,,,,,,,,,,,,
HOLE_061,Jerimum de Cima,106095,29.00,30.00,1.00,SAP,SAP,PV,0.00,,,,,,,,,,,,,,,,,,,,,,,,,,,,,,,,,,,,,,,,,,,,,,,,,,,,,
HOLE_061,Jerimum de Cima,106096,30.00,31.00,1.00,SAP,SAP,PV,0.00,,,,,,,,,,,,,,,,,,,,,,,,,,,,,,,,,,,,,,,,,,,,,,,,,,,,,
HOLE_061,Jerimum de Cima,106097,31.00,32.00,1.00,SAP,SAP,PV,0.92,,,,,,,,,,,,,,,,,,,,,,,,,,,,,,,,,,,,,,,,,,,,,,,,,,,,,
HOLE_061,Jerimum de Cima,106098,32.00,33.00,1.00,SAP,SAP,PV,0.12,,,,,,,,,,,,,,,,,,,,,,,,,,,,,,,,,,,,,,,,,,,,,,,,,,,,,
HOLE_061,Jerimum de Cima,106099,33.00,34.00,1.00,SAP,SAP,PV,0.05,,,,,,,,,,,,,,,,,,,,,,,,,,,,,,,,,,,,,,,,,,,,,,,,,,,,,
HOLE_061,Jerimum de Cima,106100,34.00,35.00,1.00,SAP,SAP,PV,0.01,,,,,,,,,,,,,,,,,,,,,,,,,,,,,,,,,,,,,,,,,,,,,,,,,,,,,
HOLE_061,Jerimum de Cima,106101,35.00,36.00,1.00,SAP,SAP,PV,0.01,,,,,,,,,,,,,,,,,,,,,,,,,,,,,,,,,,,,,,,,,,,,,,,,,,,,,
HOLE_061,Jerimum de Cima,106102,36.00,37.00,1.00,SAP,SAP,PV,0.00,,,,,,,,,,,,,,,,,,,,,,,,,,,,,,,,,,,,,,,,,,,,,,,,,,,,,
HOLE_061,Jerimum de Cima,106103,37.00,38.00,1.00,SAP,SAP,PV,0.01,,,,,,,,,,,,,,,,,,,,,,,,,,,,,,,,,,,,,,,,,,,,,,,,,,,,,
HOLE_061,Jerimum de Cima,106104,38.00,39.00,1.00,SAP,SAP,PV,0.25,,,,,,,,,,,,,,,,,,,,,,,,,,,,,,,,,,,,,,,,,,,,,,,,,,,,,
HOLE_061,Jerimum de Cima,106105,39.00,40.00,1.00,SAP,SAP,PV,0.19,,,,,,,,,,,,,,,,,,,,,,,,,,,,,,,,,,,,,,,,,,,,,,,,,,,,,
HOLE_061,Jerimum de Cima,106106,40.00,41.00,1.00,SAP,SAP,PV,0.01,,,,,,,,,,,,,,,,,,,,,,,,,,,,,,,,,,,,,,,,,,,,,,,,,,,,,
HOLE_061,Jerimum de Cima,106107,41.00,42.00,1.00,SAP,SAP,PV,0.00,,,,,,,,,,,,,,,,,,,,,,,,,,,,,,,,,,,,,,,,,,,,,,,,,,,,,
HOLE_061,Jerimum de Cima,106108,42.00,43.00,1.00,SAP,SAP,PV,0.00,,,,,,,,,,,,,,,,,,,,,,,,,,,,,,,,,,,,,,,,,,,,,,,,,,,,,
HOLE_061,Jerimum de Cima,106109,43.00,44.00,1.00,SAP,SAP,PV,0.00,,,,,,,,,,,,,,,,,,,,,,,,,,,,,,,,,,,,,,,,,,,,,,,,,,,,,
HOLE_061,Jerimum de Cima,106110,44.00,45.00,1.00,SAP,SAP,PV,0.00,,,,,,,,,,,,,,,,,,,,,,,,,,,,,,,,,,,,,,,,,,,,,,,,,,,,,
HOLE_061,Jerimum de Cima,106111,45.00,46.00,1.00,SAP,SAP,PV,0.00,,,,,,,,,,,,,,,,,,,,,,,,,,,,,,,,,,,,,,,,,,,,,,,,,,,,,
HOLE_061,Jerimum de Cima,106112,46.00,47.00,1.00,SAP,SAP,PV,0.00,,,,,,,,,,,,,,,,,,,,,,,,,,,,,,,,,,,,,,,,,,,,,,,,,,,,,
HOLE_061,Jerimum de Cima,106113,47.00,48.00,1.00,SAP,SAP,PV,0.00,,,,,,,,,,,,,,,,,,,,,,,,,,,,,,,,,,,,,,,,,,,,,,,,,,,,,
HOLE_061,Jerimum de Cima,106114,48.00,49.00,1.00,SAP,SAP,PV,0.00,,,,,,,,,,,,,,,,,,,,,,,,,,,,,,,,,,,,,,,,,,,,,,,,,,,,,
HOLE_061,Jerimum de Cima,106115,49.00,50.00,1.00,SAP,SAP,PV,0.01,,,,,,,,,,,,,,,,,,,,,,,,,,,,,,,,,,,,,,,,,,,,,,,,,,,,,
HOLE_061,Jerimum de Cima,106116,50.00,51.00,1.00,SAP,SAP,PV,0.05,,,,,,,,,,,,,,,,,,,,,,,,,,,,,,,,,,,,,,,,,,,,,,,,,,,,,
HOLE_061,Jerimum de Cima,106117,51.00,52.00,1.00,SAP,SAP,PV,1.02,,,,,,,,,,,,,,,,,,,,,,,,,,,,,,,,,,,,,,,,,,,,,,,,,,,,,
HOLE_061,Jerimum de Cima,106118,52.00,53.00,1.00,SAP,SAP,PV,0.04,,,,,,,,,,,,,,,,,,,,,,,,,,,,,,,,,,,,,,,,,,,,,,,,,,,,,
HOLE_061,Jerimum de Cima,106119,53.00,54.00,1.00,SAP,SAP,PV,0.02,,,,,,,,,,,,,,,,,,,,,,,,,,,,,,,,,,,,,,,,,,,,,,,,,,,,,
HOLE_061,Jerimum de Cima,106120,54.00,55.00,1.00,SAP,SAP,PV,0.03,,,,,,,,,,,,,,,,,,,,,,,,,,,,,,,,,,,,,,,,,,,,,,,,,,,,,
HOLE_061,Jerimum de Cima,106121,55.00,56.00,1.00,SAP,SAP,PV,0.19,,,,,,,,,,,,,,,,,,,,,,,,,,,,,,,,,,,,,,,,,,,,,,,,,,,,,
HOLE_061,Jerimum de Cima,106122,56.00,57.00,1.00,SAP,SAP,PV,0.11,,,,,,,,,,,,,,,,,,,,,,,,,,,,,,,,,,,,,,,,,,,,,,,,,,,,,
HOLE_061,Jerimum de Cima,106123,57.00,58.00,1.00,SAP,SAP,PV,0.04,,,,,,,,,,,,,,,,,,,,,,,,,,,,,,,,,,,,,,,,,,,,,,,,,,,,,
HOLE_061,Jerimum de Cima,106124,58.00,59.00,1.00,SAP,SAP,PV,0.02,,,,,,,,,,,,,,,,,,,,,,,,,,,,,,,,,,,,,,,,,,,,,,,,,,,,,
HOLE_061,Jerimum de Cima,106125,59.00,60.00,1.00,SAP,SAP,PV,0.01,,,,,,,,,,,,,,,,,,,,,,,,,,,,,,,,,,,,,,,,,,,,,,,,,,,,,
HOLE_061,Jerimum de Cima,106126,60.00,61.00,1.00,SAP,SAP,PV,0.01,,,,,,,,,,,,,,,,,,,,,,,,,,,,,,,,,,,,,,,,,,,,,,,,,,,,,
HOLE_061,Jerimum de Cima,106127,61.00,62.00,1.00,SAP,SAP,PV,0.01,,,,,,,,,,,,,,,,,,,,,,,,,,,,,,,,,,,,,,,,,,,,,,,,,,,,,
HOLE_061,Jerimum de Cima,106128,62.00,63.00,1.00,SAP,SAP,PV,0.01,,,,,,,,,,,,,,,,,,,,,,,,,,,,,,,,,,,,,,,,,,,,,,,,,,,,,
HOLE_061,Jerimum de Cima,106129,63.00,64.00,1.00,SAP,SAP,PV,0.01,,,,,,,,,,,,,,,,,,,,,,,,,,,,,,,,,,,,,,,,,,,,,,,,,,,,,
HOLE_061,Jerimum de Cima,106130,64.00,65.00,1.00,SAP,SAP,PV,0.00,,,,,,,,,,,,,,,,,,,,,,,,,,,,,,,,,,,,,,,,,,,,,,,,,,,,,
HOLE_061,Jerimum de Cima,106131,65.00,66.00,1.00,SAP,SAP,PV,0.02,,,,,,,,,,,,,,,,,,,,,,,,,,,,,,,,,,,,,,,,,,,,,,,,,,,,,
HOLE_061,Jerimum de Cima,106132,66.00,67.00,1.00,SAP,SAP,PV,0.02,,,,,,,,,,,,,,,,,,,,,,,,,,,,,,,,,,,,,,,,,,,,,,,,,,,,,
HOLE_061,Jerimum de Cima,106133,67.00,68.00,1.00,SAP,SAP,PV,0.00,,,,,,,,,,,,,,,,,,,,,,,,,,,,,,,,,,,,,,,,,,,,,,,,,,,,,
HOLE_061,Jerimum de Cima,106134,68.00,69.00,1.00,SAP,SAP,PV,0.00,,,,,,,,,,,,,,,,,,,,,,,,,,,,,,,,,,,,,,,,,,,,,,,,,,,,,
HOLE_061,Jerimum de Cima,106135,69.00,70.00,1.00,SAP,SAP,PV,0.00,,,,,,,,,,,,,,,,,,,,,,,,,,,,,,,,,,,,,,,,,,,,,,,,,,,,,
HOLE_061,Jerimum de Cima,106136,70.00,71.00,1.00,SAP,SAP,PV,0.00,,,,,,,,,,,,,,,,,,,,,,,,,,,,,,,,,,,,,,,,,,,,,,,,,,,,,
HOLE_061,Jerimum de Cima,106137,71.00,72.00,1.00,IG,SAP,PV,0.00,,,,,,,,,,,,,,,,,,,,,,,,,,,,,,,,,,,,,,,,,,,,,,,,,,,,,
HOLE_061,Jerimum de Cima,106138,72.00,73.00,1.00,IG,SAP,PV,0.00,,,,,,,,,,,,,,,,,,,,,,,,,,,,,,,,,,,,,,,,,,,,,,,,,,,,,
HOLE_061,Jerimum de Cima,106139,73.00,74.00,1.00,IG,SAP,PV,0.00,,,,,,,,,,,,,,,,,,,,,,,,,,,,,,,,,,,,,,,,,,,,,,,,,,,,,
HOLE_062,Jerimum de Cima,106140,5.90,6.50,0.60,SAP,,,0.04,,,,,,,,,,,,,,,,,,,,,,,,,,,,,,,,,,,,,,,,,,,,,,,,,,,,,
HOLE_063,Jerimum de Cima,106141,10.50,11.50,1.00,SAP,,,0.06,,,,,,,,,,,,,,,,,,,,,,,,,,,,,,,,,,,,,,,,,,,,,,,,,,,,,
HOLE_063,Jerimum de Cima,106142,11.50,12.50,1.00,SAP,,,0.10,,,,,,,,,,,,,,,,,,,,,,,,,,,,,,,,,,,,,,,,,,,,,,,,,,,,,
HOLE_063,Jerimum de Cima,106143,12.50,13.50,1.00,SAP,,,0.07,,,,,,,,,,,,,,,,,,,,,,,,,,,,,,,,,,,,,,,,,,,,,,,,,,,,,
HOLE_064,Jerimum de Cima,106144,9.80,11.00,1.20,QCM,,,0.14,,,,,,,,,,,,,,,,,,,,,,,,,,,,,,,,,,,,,,,,,,,,,,,,,,,,,
HOLE_064,Jerimum de Cima,106145,14.00,17.00,3.00,SAP,,,0.12,,,,,,,,,,,,,,,,,,,,,,,,,,,,,,,,,,,,,,,,,,,,,,,,,,,,,
HOLE_065,Jerimum de Cima,106146,6.20,8.50,2.30,QCM,,,0.03,,,,,,,,,,,,,,,,,,,,,,,,,,,,,,,,,,,,,,,,,,,,,,,,,,,,,
HOLE_065,Jerimum de Cima,106147,15.50,18.50,3.00,SAP,,,0.00,,,,,,,,,,,,,,,,,,,,,,,,,,,,,,,,,,,,,,,,,,,,,,,,,,,,,
HOLE_066,Jerimum de Cima,106148,2.80,7.00,4.20,QC,,,0.01,,,,,,,,,,,,,,,,,,,,,,,,,,,,,,,,,,,,,,,,,,,,,,,,,,,,,
HOLE_066,Jerimum de Cima,106149,7.00,10.00,3.00,SAP,,,0.01,,,,,,,,,,,,,,,,,,,,,,,,,,,,,,,,,,,,,,,,,,,,,,,,,,,,,
HOLE_067,Jerimum de Cima,106150,7.00,7.50,0.50,QC,,,0.02,,,,,,,,,,,,,,,,,,,,,,,,,,,,,,,,,,,,,,,,,,,,,,,,,,,,,
HOLE_067,Jerimum de Cima,106151,7.50,10.50,3.00,SAP,,,0.01,,,,,,,,,,,,,,,,,,,,,,,,,,,,,,,,,,,,,,,,,,,,,,,,,,,,,
HOLE_068,Jerimum de Cima,106152,3.10,6.00,2.90,QC,,,0.01,,,,,,,,,,,,,,,,,,,,,,,,,,,,,,,,,,,,,,,,,,,,,,,,,,,,,
HOLE_068,Jerimum de Cima,106153,6.00,9.00,3.00,SAP,,,0.01,,,,,,,,,,,,,,,,,,,,,,,,,,,,,,,,,,,,,,,,,,,,,,,,,,,,,
HOLE_069,Jerimum de Cima,106154,5.30,7.00,1.70,QC,,,0.67,,,,,,,,,,,,,,,,,,,,,,,,,,,,,,,,,,,,,,,,,,,,,,,,,,,,,
HOLE_069,Jerimum de Cima,106155,7.00,10.00,3.00,SAP,,,0.19,,,,,,,,,,,,,,,,,,,,,,,,,,,,,,,,,,,,,,,,,,,,,,,,,,,,,
HOLE_070,Jerimum de Cima,106156,2.50,5.30,2.80,QC,,,0.01,,,,,,,,,,,,,,,,,,,,,,,,,,,,,,,,,,,,,,,,,,,,,,,,,,,,,
HOLE_070,Jerimum de Cima,106157,5.30,7.50,2.20,SAP,,,0.01,,,,,,,,,,,,,,,,,,,,,,,,,,,,,,,,,,,,,,,,,,,,,,,,,,,,,
HOLE_071,Jerimum de Cima,106158,5.35,6.00,0.65,QC,,,0.10,,,,,,,,,,,,,,,,,,,,,,,,,,,,,,,,,,,,,,,,,,,,,,,,,,,,,
HOLE_071,Jerimum de Cima,106159,6.00,9.00,3.00,SAP,,,0.00,,,,,,,,,,,,,,,,,,,,,,,,,,,,,,,,,,,,,,,,,,,,,,,,,,,,,
HOLE_072,Jerimum de Cima,106160,0.50,2.20,1.70,QC,,,0.03,,,,,,,,,,,,,,,,,,,,,,,,,,,,,,,,,,,,,,,,,,,,,,,,,,,,,
HOLE_072,Jerimum de Cima,106161,2.20,5.20,3.00,SAP,,,0.01,,,,,,,,,,,,,,,,,,,,,,,,,,,,,,,,,,,,,,,,,,,,,,,,,,,,,
HOLE_073,Jerimum de Cima,106162,4.50,5.20,0.70,QC,,,0.89,,,,,,,,,,,,,,,,,,,,,,,,,,,,,,,,,,,,,,,,,,,,,,,,,,,,,
HOLE_073,Jerimum de Cima,106163,5.20,8.20,3.00,SAP,,,0.06,,,,,,,,,,,,,,,,,,,,,,,,,,,,,,,,,,,,,,,,,,,,,,,,,,,,,
HOLE_074,Jerimum de Cima,106164,3.50,5.00,1.50,QC,,,0.03,,,,,,,,,,,,,,,,,,,,,,,,,,,,,,,,,,,,,,,,,,,,,,,,,,,,,
HOLE_074,Jerimum de Cima,106165,5.00,8.00,3.00,SAP,,,0.00,,,,,,,,,,,,,,,,,,,,,,,,,,,,,,,,,,,,,,,,,,,,,,,,,,,,,
HOLE_075,Jerimum de Cima,106166,6.85,7.50,0.65,QC,,,0.25,,,,,,,,,,,,,,,,,,,,,,,,,,,,,,,,,,,,,,,,,,,,,,,,,,,,,
HOLE_075,Jerimum de Cima,106167,7.50,10.50,3.00,SAP,,,0.01,,,,,,,,,,,,,,,,,,,,,,,,,,,,,,,,,,,,,,,,,,,,,,,,,,,,,
HOLE_076,Jerimum de Cima,106168,1.85,4.85,3.00,SAP,,,0.00,,,,,,,,,,,,,,,,,,,,,,,,,,,,,,,,,,,,,,,,,,,,,,,,,,,,,
HOLE_077,Jerimum de Cima,106169,6.00,9.00,3.00,SAP,,,0.05,,,,,,,,,,,,,,,,,,,,,,,,,,,,,,,,,,,,,,,,,,,,,,,,,,,,,
HOLE_078,Jerimum de Cima,106170,0.90,1.80,0.90,QC,,,0.02,,,,,,,,,,,,,,,,,,,,,,,,,,,,,,,,,,,,,,,,,,,,,,,,,,,,,
HOLE_078,Jerimum de Cima,106171,1.80,4.80,3.00,SAP,,,0.01,,,,,,,,,,,,,,,,,,,,,,,,,,,,,,,,,,,,,,,,,,,,,,,,,,,,,
HOLE_079,Jerimum de Cima,106172,1.95,4.95,3.00,SAP,,,0.00,,,,,,,,,,,,,,,,,,,,,,,,,,,,,,,,,,,,,,,,,,,,,,,,,,,,,
HOLE_080,Jerimum de Cima,106173,6.00,6.30,0.30,QC,,,0.07,,,,,,,,,,,,,,,,,,,,,,,,,,,,,,,,,,,,,,,,,,,,,,,,,,,,,
HOLE_080,Jerimum de Cima,106174,6.30,9.30,3.00,SAP,,,0.01,,,,,,,,,,,,,,,,,,,,,,,,,,,,,,,,,,,,,,,,,,,,,,,,,,,,,
HOLE_081,Jerimum de Cima,106175,4.00,7.00,3.00,SAP,,,0.02,,,,,,,,,,,,,,,,,,,,,,,,,,,,,,,,,,,,,,,,,,,,,,,,,,,,,
HOLE_082,Jerimum de Cima,106176,3.00,6.00,3.00,SAP,,,0.00,,,,,,,,,,,,,,,,,,,,,,,,,,,,,,,,,,,,,,,,,,,,,,,,,,,,,
HOLE_083,Jerimum de Cima,106177,5.00,8.00,3.00,SAP,,,0.01,,,,,,,,,,,,,,,,,,,,,,,,,,,,,,,,,,,,,,,,,,,,,,,,,,,,,
HOLE_084,Jerimum de Cima,106178,1.00,4.00,3.00,SAP,,,0.00,,,,,,,,,,,,,,,,,,,,,,,,,,,,,,,,,,,,,,,,,,,,,,,,,,,,,
HOLE_085,Jerimum de Cima,106179,5.30,7.00,1.70,QC,,,0.00,,,,,,,,,,,,,,,,,,,,,,,,,,,,,,,,,,,,,,,,,,,,,,,,,,,,,
HOLE_085,Jerimum de Cima,106180,7.00,10.00,3.00,SAP,,,0.00,,,,,,,,,,,,,,,,,,,,,,,,,,,,,,,,,,,,,,,,,,,,,,,,,,,,,
HOLE_086,Jerimum de Cima,106181,6.00,9.00,3.00,QCM,,,0.03,,,,,,,,,,,,,,,,,,,,,,,,,,,,,,,,,,,,,,,,,,,,,,,,,,,,,
HOLE_086,Jerimum de Cima,106182,9.50,12.25,2.75,CB,,,0.02,,,,,,,,,,,,,,,,,,,,,,,,,,,,,,,,,,,,,,,,,,,,,,,,,,,,,
HOLE_086,Jerimum de Cima,106183,12.25,15.25,3.00,SAP,,,0.16,,,,,,,,,,,,,,,,,,,,,,,,,,,,,,,,,,,,,,,,,,,,,,,,,,,,,
HOLE_087,Jerimum de Cima,106184,5.30,6.30,1.00,QCM,,,0.09,,,,,,,,,,,,,,,,,,,,,,,,,,,,,,,,,,,,,,,,,,,,,,,,,,,,,
HOLE_087,Jerimum de Cima,106185,7.20,9.50,2.30,CB,,,0.02,,,,,,,,,,,,,,,,,,,,,,,,,,,,,,,,,,,,,,,,,,,,,,,,,,,,,
HOLE_087,Jerimum de Cima,106186,9.50,12.50,3.00,SAP,,,0.02,,,,,,,,,,,,,,,,,,,,,,,,,,,,,,,,,,,,,,,,,,,,,,,,,,,,,
HOLE_088,Jerimum de Cima,106187,3.50,4.35,0.85,QC,,,0.30,,,,,,,,,,,,,,,,,,,,,,,,,,,,,,,,,,,,,,,,,,,,,,,,,,,,,
HOLE_088,Jerimum de Cima,106188,5.00,8.00,3.00,SAP,,,0.08,,,,,,,,,,,,,,,,,,,,,,,,,,,,,,,,,,,,,,,,,,,,,,,,,,,,,
HOLE_089,Jerimum de Cima,106189,3.00,3.50,0.50,QC,,,0.02,,,,,,,,,,,,,,,,,,,,,,,,,,,,,,,,,,,,,,,,,,,,,,,,,,,,,
HOLE_089,Jerimum de Cima,106190,3.50,6.50,3.00,SAP,,,0.01,,,,,,,,,,,,,,,,,,,,,,,,,,,,,,,,,,,,,,,,,,,,,,,,,,,,,
HOLE_090,Jerimum de Cima,106191,4.50,7.00,2.50,QCM,,,0.05,,,,,,,,,,,,,,,,,,,,,,,,,,,,,,,,,,,,,,,,,,,,,,,,,,,,,
HOLE_090,Jerimum de Cima,106192,9.00,9.30,0.30,CB,,,0.05,,,,,,,,,,,,,,,,,,,,,,,,,,,,,,,,,,,,,,,,,,,,,,,,,,,,,
HOLE_090,Jerimum de Cima,106193,9.30,12.30,3.00,SAP,,,0.00,,,,,,,,,,,,,,,,,,,,,,,,,,,,,,,,,,,,,,,,,,,,,,,,,,,,,
HOLE_091,Jerimum de Cima,106194,8.00,9.00,1.00,QCM,,,0.09,,,,,,,,,,,,,,,,,,,,,,,,,,,,,,,,,,,,,,,,,,,,,,,,,,,,,
HOLE_091,Jerimum de Cima,106195,12.50,14.00,1.50,CB,,,0.02,,,,,,,,,,,,,,,,,,,,,,,,,,,,,,,,,,,,,,,,,,,,,,,,,,,,,
HOLE_092,Jerimum de Cima,106196,9.40,9.90,0.50,QCM,,,0.12,,,,,,,,,,,,,,,,,,,,,,,,,,,,,,,,,,,,,,,,,,,,,,,,,,,,,
HOLE_092,Jerimum de Cima,106197,26.50,29.50,3.00,SAP,,,0.00,,,,,,,,,,,,,,,,,,,,,,,,,,,,,,,,,,,,,,,,,,,,,,,,,,,,,
HOLE_093,Jerimum de Cima,106198,8.50,10.00,1.50,QC,,,0.09,,,,,,,,,,,,,,,,,,,,,,,,,,,,,,,,,,,,,,,,,,,,,,,,,,,,,
HOLE_093,Jerimum de Cima,106199,34.00,34.30,0.30,SAP,,,0.01,,,,,,,,,,,,,,,,,,,,,,,,,,,,,,,,,,,,,,,,,,,,,,,,,,,,,
HOLE_094,Jerimum de Cima,106200,3.00,4.00,1.00,QC,,,0.09,,,,,,,,,,,,,,,,,,,,,,,,,,,,,,,,,,,,,,,,,,,,,,,,,,,,,
HOLE_094,Jerimum de Cima,106201,4.00,7.00,3.00,SAP,,,0.04,,,,,,,,,,,,,,,,,,,,,,,,,,,,,,,,,,,,,,,,,,,,,,,,,,,,,
HOLE_095,Jerimum de Cima,106202,5.00,5.50,0.50,QC,,,0.08,,,,,,,,,,,,,,,,,,,,,,,,,,,,,,,,,,,,,,,,,,,,,,,,,,,,,
HOLE_095,Jerimum de Cima,106203,5.50,8.50,3.00,SAP,,,0.15,,,,,,,,,,,,,,,,,,,,,,,,,,,,,,,,,,,,,,,,,,,,,,,,,,,,,
HOLE_096,Jerimum de Cima,106204,7.30,7.70,0.40,QC,,,0.05,,,,,,,,,,,,,,,,,,,,,,,,,,,,,,,,,,,,,,,,,,,,,,,,,,,,,
HOLE_096,Jerimum de Cima,106205,7.70,10.70,3.00,SAP,,,0.07,,,,,,,,,,,,,,,,,,,,,,,,,,,,,,,,,,,,,,,,,,,,,,,,,,,,,
HOLE_097,Jerimum de Cima,106206,6.00,7.00,1.00,QC,,,0.02,,,,,,,,,,,,,,,,,,,,,,,,,,,,,,,,,,,,,,,,,,,,,,,,,,,,,
HOLE_097,Jerimum de Cima,106207,7.00,10.00,3.00,SAP,,,0.01,,,,,,,,,,,,,,,,,,,,,,,,,,,,,,,,,,,,,,,,,,,,,,,,,,,,,
HOLE_098,Jerimum de Cima,106208,4.50,5.00,0.50,QC,,,0.03,,,,,,,,,,,,,,,,,,,,,,,,,,,,,,,,,,,,,,,,,,,,,,,,,,,,,
HOLE_098,Jerimum de Cima,106209,5.00,8.00,3.00,SAP,,,0.02,,,,,,,,,,,,,,,,,,,,,,,,,,,,,,,,,,,,,,,,,,,,,,,,,,,,,
HOLE_099,Jerimum de Cima,106210,10.00,11.00,1.00,QCM,,,0.31,,,,,,,,,,,,,,,,,,,,,,,,,,,,,,,,,,,,,,,,,,,,,,,,,,,,,
HOLE_099,Jerimum de Cima,106211,22.50,25.50,3.00,SAP,,,0.08,,,,,,,,,,,,,,,,,,,,,,,,,,,,,,,,,,,,,,,,,,,,,,,,,,,,,
HOLE_100,Jerimum de Cima,106212,6.10,7.00,0.90,QC,,,0.02,,,,,,,,,,,,,,,,,,,,,,,,,,,,,,,,,,,,,,,,,,,,,,,,,,,,,
HOLE_100,Jerimum de Cima,106213,7.00,10.00,3.00,SAP,,,0.00,,,,,,,,,,,,,,,,,,,,,,,,,,,,,,,,,,,,,,,,,,,,,,,,,,,,,
HOLE_101,Jerimum de Cima,106214,3.60,4.60,1.00,QC,,,0.01,,,,,,,,,,,,,,,,,,,,,,,,,,,,,,,,,,,,,,,,,,,,,,,,,,,,,
HOLE_101,Jerimum de Cima,106215,4.60,7.60,3.00,SAP,,,0.01,,,,,,,,,,,,,,,,,,,,,,,,,,,,,,,,,,,,,,,,,,,,,,,,,,,,,
HOLE_102,Jerimum de Cima,106216,0.00,1.00,1.00,DUMP,,,0.57,,,,,,,,,,,,,,,,,,,,,,,,,,,,,,,,,,,,,,,,,,,,,,,,,,,,,
HOLE_102,Jerimum de Cima,106217,1.00,2.00,1.00,DUMP,,,0.06,,,,,,,,,,,,,,,,,,,,,,,,,,,,,,,,,,,,,,,,,,,,,,,,,,,,,
HOLE_102,Jerimum de Cima,106218,2.00,3.00,1.00,QS,,,0.09,,,,,,,,,,,,,,,,,,,,,,,,,,,,,,,,,,,,,,,,,,,,,,,,,,,,,
HOLE_102,Jerimum de Cima,106219,3.00,4.00,1.00,QS,,,0.07,,,,,,,,,,,,,,,,,,,,,,,,,,,,,,,,,,,,,,,,,,,,,,,,,,,,,
HOLE_102,Jerimum de Cima,106220,4.00,5.00,1.00,QS,,,0.62,,,,,,,,,,,,,,,,,,,,,,,,,,,,,,,,,,,,,,,,,,,,,,,,,,,,,
HOLE_102,Jerimum de Cima,106221,5.00,6.00,1.00,QS,,,0.06,,,,,,,,,,,,,,,,,,,,,,,,,,,,,,,,,,,,,,,,,,,,,,,,,,,,,
HOLE_102,Jerimum de Cima,106222,6.00,7.00,1.00,QS,,,0.11,,,,,,,,,,,,,,,,,,,,,,,,,,,,,,,,,,,,,,,,,,,,,,,,,,,,,
HOLE_102,Jerimum de Cima,106223,7.00,8.00,1.00,QS,,,0.08,,,,,,,,,,,,,,,,,,,,,,,,,,,,,,,,,,,,,,,,,,,,,,,,,,,,,
HOLE_102,Jerimum de Cima,106224,8.00,9.00,1.00,QS,,,0.24,,,,,,,,,,,,,,,,,,,,,,,,,,,,,,,,,,,,,,,,,,,,,,,,,,,,,
HOLE_102,Jerimum de Cima,106225,9.00,10.00,1.00,QC,,,0.97,,,,,,,,,,,,,,,,,,,,,,,,,,,,,,,,,,,,,,,,,,,,,,,,,,,,,
HOLE_102,Jerimum de Cima,106226,10.00,11.00,1.00,SAP,SAP,PV,0.58,,,,,,,,,,,,,,,,,,,,,,,,,,,,,,,,,,,,,,,,,,,,,,,,,,,,,
HOLE_102,Jerimum de Cima,106227,11.00,12.00,1.00,SAP,SAP,PV,0.05,,,,,,,,,,,,,,,,,,,,,,,,,,,,,,,,,,,,,,,,,,,,,,,,,,,,,
HOLE_102,Jerimum de Cima,106228,12.00,12.50,0.50,SAP,SAP,PV,0.31,,,,,,,,,,,,,,,,,,,,,,,,,,,,,,,,,,,,,,,,,,,,,,,,,,,,,
HOLE_103,Jerimum de Cima,106229,0.00,1.00,1.00,QS,,,0.19,,,,,,,,,,,,,,,,,,,,,,,,,,,,,,,,,,,,,,,,,,,,,,,,,,,,,
HOLE_103,Jerimum de Cima,106230,1.00,2.00,1.00,QS,,,0.07,,,,,,,,,,,,,,,,,,,,,,,,,,,,,,,,,,,,,,,,,,,,,,,,,,,,,
HOLE_103,Jerimum de Cima,106231,2.00,3.00,1.00,QS,,,0.05,,,,,,,,,,,,,,,,,,,,,,,,,,,,,,,,,,,,,,,,,,,,,,,,,,,,,
HOLE_103,Jerimum de Cima,106232,3.00,4.00,1.00,QS,,,0.07,,,,,,,,,,,,,,,,,,,,,,,,,,,,,,,,,,,,,,,,,,,,,,,,,,,,,
HOLE_103,Jerimum de Cima,106233,4.00,5.00,1.00,QS,,,0.05,,,,,,,,,,,,,,,,,,,,,,,,,,,,,,,,,,,,,,,,,,,,,,,,,,,,,
HOLE_103,Jerimum de Cima,106234,5.00,6.00,1.00,QS,,,0.08,,,,,,,,,,,,,,,,,,,,,,,,,,,,,,,,,,,,,,,,,,,,,,,,,,,,,
HOLE_103,Jerimum de Cima,106235,6.00,7.00,1.00,QS,,,0.07,,,,,,,,,,,,,,,,,,,,,,,,,,,,,,,,,,,,,,,,,,,,,,,,,,,,,
HOLE_103,Jerimum de Cima,106236,7.00,8.00,1.00,QC,,,0.10,,,,,,,,,,,,,,,,,,,,,,,,,,,,,,,,,,,,,,,,,,,,,,,,,,,,,
HOLE_103,Jerimum de Cima,106237,8.00,9.00,1.00,SAP,SAP,PV,0.02,,,,,,,,,,,,,,,,,,,,,,,,,,,,,,,,,,,,,,,,,,,,,,,,,,,,,
HOLE_103,Jerimum de Cima,106238,9.00,10.00,1.00,SAP,SAP,PV,0.01,,,,,,,,,,,,,,,,,,,,,,,,,,,,,,,,,,,,,,,,,,,,,,,,,,,,,
HOLE_104,Jerimum de Cima,106239,0.00,1.00,1.00,QS,,,0.09,,,,,,,,,,,,,,,,,,,,,,,,,,,,,,,,,,,,,,,,,,,,,,,,,,,,,
HOLE_104,Jerimum de Cima,106240,1.00,2.00,1.00,QS,,,0.16,,,,,,,,,,,,,,,,,,,,,,,,,,,,,,,,,,,,,,,,,,,,,,,,,,,,,
HOLE_104,Jerimum de Cima,106241,2.00,3.00,1.00,QS,,,0.16,,,,,,,,,,,,,,,,,,,,,,,,,,,,,,,,,,,,,,,,,,,,,,,,,,,,,
HOLE_104,Jerimum de Cima,106242,3.00,4.00,1.00,QS,,,0.14,,,,,,,,,,,,,,,,,,,,,,,,,,,,,,,,,,,,,,,,,,,,,,,,,,,,,
HOLE_104,Jerimum de Cima,106243,4.00,5.00,1.00,QS,,,0.59,,,,,,,,,,,,,,,,,,,,,,,,,,,,,,,,,,,,,,,,,,,,,,,,,,,,,
HOLE_104,Jerimum de Cima,106244,5.00,6.00,1.00,QC,QZ,CL,0.08,,,,,,,,,,,,,,,,,,,,,,,,,,,,,,,,,,,,,,,,,,,,,,,,,,,,,
HOLE_104,Jerimum de Cima,106245,6.00,7.00,1.00,SAP,SAP,PV,0.42,,,,,,,,,,,,,,,,,,,,,,,,,,,,,,,,,,,,,,,,,,,,,,,,,,,,,
HOLE_104,Jerimum de Cima,106246,7.00,8.00,1.00,SAP,SAP,PV,0.04,,,,,,,,,,,,,,,,,,,,,,,,,,,,,,,,,,,,,,,,,,,,,,,,,,,,,
HOLE_104,Jerimum de Cima,106247,8.00,9.00,1.00,SAP,SAP,PV,0.21,,,,,,,,,,,,,,,,,,,,,,,,,,,,,,,,,,,,,,,,,,,,,,,,,,,,,
HOLE_104,Jerimum de Cima,106248,9.00,10.00,1.00,SAP,SAP,PV,0.04,,,,,,,,,,,,,,,,,,,,,,,,,,,,,,,,,,,,,,,,,,,,,,,,,,,,,
HOLE_105,Jerimum de Cima,106249,0.00,1.00,1.00,QS,,,0.47,,,,,,,,,,,,,,,,,,,,,,,,,,,,,,,,,,,,,,,,,,,,,,,,,,,,,
HOLE_105,Jerimum de Cima,106250,1.00,2.00,1.00,QS,,,0.07,,,,,,,,,,,,,,,,,,,,,,,,,,,,,,,,,,,,,,,,,,,,,,,,,,,,,
HOLE_105,Jerimum de Cima,106251,2.00,3.00,1.00,QS,,,0.07,,,,,,,,,,,,,,,,,,,,,,,,,,,,,,,,,,,,,,,,,,,,,,,,,,,,,
HOLE_105,Jerimum de Cima,106252,3.00,4.00,1.00,QS,,,0.09,,,,,,,,,,,,,,,,,,,,,,,,,,,,,,,,,,,,,,,,,,,,,,,,,,,,,
HOLE_105,Jerimum de Cima,106253,4.00,5.00,1.00,QS,,,0.09,,,,,,,,,,,,,,,,,,,,,,,,,,,,,,,,,,,,,,,,,,,,,,,,,,,,,
HOLE_105,Jerimum de Cima,106254,5.00,6.00,1.00,QS,,,0.12,,,,,,,,,,,,,,,,,,,,,,,,,,,,,,,,,,,,,,,,,,,,,,,,,,,,,
HOLE_105,Jerimum de Cima,106255,6.00,7.00,1.00,SAP,SAP,PV,0.09,,,,,,,,,,,,,,,,,,,,,,,,,,,,,,,,,,,,,,,,,,,,,,,,,,,,,
HOLE_105,Jerimum de Cima,106256,7.00,8.00,1.00,SAP,SAP,PV,0.81,,,,,,,,,,,,,,,,,,,,,,,,,,,,,,,,,,,,,,,,,,,,,,,,,,,,,
HOLE_105,Jerimum de Cima,106257,8.00,9.00,1.00,SAP,SAP,PV,0.02,,,,,,,,,,,,,,,,,,,,,,,,,,,,,,,,,,,,,,,,,,,,,,,,,,,,,
HOLE_105,Jerimum de Cima,106258,9.00,10.00,1.00,SAP,SAP,PV,0.02,,,,,,,,,,,,,,,,,,,,,,,,,,,,,,,,,,,,,,,,,,,,,,,,,,,,,
HOLE_106,Jerimum de Cima,106259,0.00,1.00,1.00,QS,,,0.05,,,,,,,,,,,,,,,,,,,,,,,,,,,,,,,,,,,,,,,,,,,,,,,,,,,,,
HOLE_106,Jerimum de Cima,106260,1.00,2.00,1.00,QS,,,0.04,,,,,,,,,,,,,,,,,,,,,,,,,,,,,,,,,,,,,,,,,,,,,,,,,,,,,
HOLE_106,Jerimum de Cima,106261,2.00,3.00,1.00,QS,,,0.04,,,,,,,,,,,,,,,,,,,,,,,,,,,,,,,,,,,,,,,,,,,,,,,,,,,,,
HOLE_106,Jerimum de Cima,106262,3.00,4.00,1.00,QS,,,0.05,,,,,,,,,,,,,,,,,,,,,,,,,,,,,,,,,,,,,,,,,,,,,,,,,,,,,
HOLE_106,Jerimum de Cima,106263,4.00,5.00,1.00,QS,,,0.06,,,,,,,,,,,,,,,,,,,,,,,,,,,,,,,,,,,,,,,,,,,,,,,,,,,,,
HOLE_106,Jerimum de Cima,106264,5.00,6.00,1.00,QS,,,0.04,,,,,,,,,,,,,,,,,,,,,,,,,,,,,,,,,,,,,,,,,,,,,,,,,,,,,
HOLE_106,Jerimum de Cima,106265,6.00,7.00,1.00,QS,,,0.53,,,,,,,,,,,,,,,,,,,,,,,,,,,,,,,,,,,,,,,,,,,,,,,,,,,,,
HOLE_106,Jerimum de Cima,106266,7.00,8.00,1.00,SAP,SAP,PV,0.05,,,,,,,,,,,,,,,,,,,,,,,,,,,,,,,,,,,,,,,,,,,,,,,,,,,,,
HOLE_106,Jerimum de Cima,106267,8.00,9.00,1.00,SAP,SAP,PV,0.02,,,,,,,,,,,,,,,,,,,,,,,,,,,,,,,,,,,,,,,,,,,,,,,,,,,,,
HOLE_106,Jerimum de Cima,106268,9.00,10.00,1.00,SAP,SAP,PV,0.02,,,,,,,,,,,,,,,,,,,,,,,,,,,,,,,,,,,,,,,,,,,,,,,,,,,,,
HOLE_107,Jerimum de Cima,106269,0.00,1.00,1.00,QS,,,0.06,,,,,,,,,,,,,,,,,,,,,,,,,,,,,,,,,,,,,,,,,,,,,,,,,,,,,
HOLE_107,Jerimum de Cima,106270,1.00,2.00,1.00,QS,,,0.04,,,,,,,,,,,,,,,,,,,,,,,,,,,,,,,,,,,,,,,,,,,,,,,,,,,,,
HOLE_107,Jerimum de Cima,106271,2.00,3.00,1.00,QS,,,0.06,,,,,,,,,,,,,,,,,,,,,,,,,,,,,,,,,,,,,,,,,,,,,,,,,,,,,
HOLE_107,Jerimum de Cima,106272,3.00,4.00,1.00,QS,,,0.07,,,,,,,,,,,,,,,,,,,,,,,,,,,,,,,,,,,,,,,,,,,,,,,,,,,,,
HOLE_107,Jerimum de Cima,106273,4.00,5.00,1.00,QC,QZ,CL,0.06,,,,,,,,,,,,,,,,,,,,,,,,,,,,,,,,,,,,,,,,,,,,,,,,,,,,,
HOLE_107,Jerimum de Cima,106274,5.00,6.00,1.00,QC,QZ,CL,0.04,,,,,,,,,,,,,,,,,,,,,,,,,,,,,,,,,,,,,,,,,,,,,,,,,,,,,
HOLE_107,Jerimum de Cima,106275,6.00,7.00,1.00,SAP,SAP,PV,0.04,,,,,,,,,,,,,,,,,,,,,,,,,,,,,,,,,,,,,,,,,,,,,,,,,,,,,
HOLE_107,Jerimum de Cima,106276,7.00,8.00,1.00,SAP,SAP,PV,0.21,,,,,,,,,,,,,,,,,,,,,,,,,,,,,,,,,,,,,,,,,,,,,,,,,,,,,
HOLE_107,Jerimum de Cima,106277,8.00,9.00,1.00,SAP,SAP,PV,0.04,,,,,,,,,,,,,,,,,,,,,,,,,,,,,,,,,,,,,,,,,,,,,,,,,,,,,
HOLE_107,Jerimum de Cima,106278,9.00,10.00,1.00,SAP,SAP,PV,0.05,,,,,,,,,,,,,,,,,,,,,,,,,,,,,,,,,,,,,,,,,,,,,,,,,,,,,
HOLE_108,Jerimum de Cima,106279,0.00,1.00,1.00,QS,,,0.03,,,,,,,,,,,,,,,,,,,,,,,,,,,,,,,,,,,,,,,,,,,,,,,,,,,,,
HOLE_108,Jerimum de Cima,106280,1.00,2.00,1.00,QS,,,0.02,,,,,,,,,,,,,,,,,,,,,,,,,,,,,,,,,,,,,,,,,,,,,,,,,,,,,
HOLE_108,Jerimum de Cima,106281,2.00,3.00,1.00,QS,,,0.02,,,,,,,,,,,,,,,,,,,,,,,,,,,,,,,,,,,,,,,,,,,,,,,,,,,,,
HOLE_108,Jerimum de Cima,106282,3.00,4.00,1.00,QC,,,0.02,,,,,,,,,,,,,,,,,,,,,,,,,,,,,,,,,,,,,,,,,,,,,,,,,,,,,
HOLE_108,Jerimum de Cima,106283,4.00,5.00,1.00,SAP,SAP,PV,0.02,,,,,,,,,,,,,,,,,,,,,,,,,,,,,,,,,,,,,,,,,,,,,,,,,,,,,
HOLE_108,Jerimum de Cima,106284,5.00,6.00,1.00,SAP,SAP,PV,0.01,,,,,,,,,,,,,,,,,,,,,,,,,,,,,,,,,,,,,,,,,,,,,,,,,,,,,
HOLE_108,Jerimum de Cima,106285,6.00,7.00,1.00,SAP,SAP,PV,0.01,,,,,,,,,,,,,,,,,,,,,,,,,,,,,,,,,,,,,,,,,,,,,,,,,,,,,
HOLE_108,Jerimum de Cima,106286,7.00,8.00,1.00,SAP,SAP,PV,0.06,,,,,,,,,,,,,,,,,,,,,,,,,,,,,,,,,,,,,,,,,,,,,,,,,,,,,
HOLE_109,Jerimum de Cima,106287,0.00,1.00,1.00,QS,,,0.05,,,,,,,,,,,,,,,,,,,,,,,,,,,,,,,,,,,,,,,,,,,,,,,,,,,,,
HOLE_109,Jerimum de Cima,106288,1.00,2.00,1.00,QS,,,0.04,,,,,,,,,,,,,,,,,,,,,,,,,,,,,,,,,,,,,,,,,,,,,,,,,,,,,
HOLE_109,Jerimum de Cima,106289,2.00,3.00,1.00,QS,,,0.05,,,,,,,,,,,,,,,,,,,,,,,,,,,,,,,,,,,,,,,,,,,,,,,,,,,,,
HOLE_109,Jerimum de Cima,106290,3.00,4.00,1.00,QS,,,0.03,,,,,,,,,,,,,,,,,,,,,,,,,,,,,,,,,,,,,,,,,,,,,,,,,,,,,
HOLE_109,Jerimum de Cima,106291,4.00,5.00,1.00,QS,,,0.04,,,,,,,,,,,,,,,,,,,,,,,,,,,,,,,,,,,,,,,,,,,,,,,,,,,,,
HOLE_109,Jerimum de Cima,106292,5.00,6.00,1.00,QS,,,0.19,,,,,,,,,,,,,,,,,,,,,,,,,,,,,,,,,,,,,,,,,,,,,,,,,,,,,
HOLE_109,Jerimum de Cima,106293,6.00,7.00,1.00,QS,,,0.16,,,,,,,,,,,,,,,,,,,,,,,,,,,,,,,,,,,,,,,,,,,,,,,,,,,,,
HOLE_109,Jerimum de Cima,106294,7.00,8.00,1.00,QC,,,0.12,,,,,,,,,,,,,,,,,,,,,,,,,,,,,,,,,,,,,,,,,,,,,,,,,,,,,
HOLE_110,Jerimum de Cima,106295,0.00,1.00,1.00,QS,,,0.03,,,,,,,,,,,,,,,,,,,,,,,,,,,,,,,,,,,,,,,,,,,,,,,,,,,,,
HOLE_110,Jerimum de Cima,106296,1.00,2.00,1.00,QS,,,0.07,,,,,,,,,,,,,,,,,,,,,,,,,,,,,,,,,,,,,,,,,,,,,,,,,,,,,
HOLE_110,Jerimum de Cima,106297,2.00,3.00,1.00,QS,,,0.04,,,,,,,,,,,,,,,,,,,,,,,,,,,,,,,,,,,,,,,,,,,,,,,,,,,,,
HOLE_110,Jerimum de Cima,106298,3.00,4.00,1.00,QS,,,0.04,,,,,,,,,,,,,,,,,,,,,,,,,,,,,,,,,,,,,,,,,,,,,,,,,,,,,
HOLE_110,Jerimum de Cima,106299,4.00,5.00,1.00,QS,,,0.03,,,,,,,,,,,,,,,,,,,,,,,,,,,,,,,,,,,,,,,,,,,,,,,,,,,,,
HOLE_110,Jerimum de Cima,106300,5.00,6.00,1.00,QS,,,0.03,,,,,,,,,,,,,,,,,,,,,,,,,,,,,,,,,,,,,,,,,,,,,,,,,,,,,
HOLE_110,Jerimum de Cima,106301,6.00,7.00,1.00,QS,,,0.04,,,,,,,,,,,,,,,,,,,,,,,,,,,,,,,,,,,,,,,,,,,,,,,,,,,,,
HOLE_110,Jerimum de Cima,106302,7.00,8.00,1.00,QC,,,0.01,,,,,,,,,,,,,,,,,,,,,,,,,,,,,,,,,,,,,,,,,,,,,,,,,,,,,
HOLE_110,Jerimum de Cima,106303,8.00,9.00,1.00,SAP,SAP,PV,0.02,,,,,,,,,,,,,,,,,,,,,,,,,,,,,,,,,,,,,,,,,,,,,,,,,,,,,
HOLE_111,Jerimum de Cima,106304,0.00,1.00,1.00,QS,,,0.07,,,,,,,,,,,,,,,,,,,,,,,,,,,,,,,,,,,,,,,,,,,,,,,,,,,,,
HOLE_111,Jerimum de Cima,106305,1.00,2.00,1.00,QS,,,0.09,,,,,,,,,,,,,,,,,,,,,,,,,,,,,,,,,,,,,,,,,,,,,,,,,,,,,
HOLE_111,Jerimum de Cima,106306,2.00,3.00,1.00,QS,,,0.06,,,,,,,,,,,,,,,,,,,,,,,,,,,,,,,,,,,,,,,,,,,,,,,,,,,,,
HOLE_111,Jerimum de Cima,106307,3.00,4.00,1.00,QS,,,0.07,,,,,,,,,,,,,,,,,,,,,,,,,,,,,,,,,,,,,,,,,,,,,,,,,,,,,
HOLE_111,Jerimum de Cima,106308,4.00,5.00,1.00,QS,,,0.10,,,,,,,,,,,,,,,,,,,,,,,,,,,,,,,,,,,,,,,,,,,,,,,,,,,,,
HOLE_111,Jerimum de Cima,106309,5.00,6.00,1.00,QS,,,0.15,,,,,,,,,,,,,,,,,,,,,,,,,,,,,,,,,,,,,,,,,,,,,,,,,,,,,
HOLE_111,Jerimum de Cima,106310,6.00,7.00,1.00,SAP,SAP,PV,0.04,,,,,,,,,,,,,,,,,,,,,,,,,,,,,,,,,,,,,,,,,,,,,,,,,,,,,
HOLE_111,Jerimum de Cima,106311,7.00,8.00,1.00,SAP,SAP,PV,0.04,,,,,,,,,,,,,,,,,,,,,,,,,,,,,,,,,,,,,,,,,,,,,,,,,,,,,
HOLE_111,Jerimum de Cima,106312,8.00,9.00,1.00,SAP,SAP,PV,0.05,,,,,,,,,,,,,,,,,,,,,,,,,,,,,,,,,,,,,,,,,,,,,,,,,,,,,
HOLE_112,Jerimum de Cima,106313,0.00,1.00,1.00,QS,,,0.35,,,,,,,,,,,,,,,,,,,,,,,,,,,,,,,,,,,,,,,,,,,,,,,,,,,,,
HOLE_112,Jerimum de Cima,106314,1.00,2.00,1.00,QS,,,0.10,,,,,,,,,,,,,,,,,,,,,,,,,,,,,,,,,,,,,,,,,,,,,,,,,,,,,
HOLE_112,Jerimum de Cima,106315,2.00,3.00,1.00,QS,,,0.49,,,,,,,,,,,,,,,,,,,,,,,,,,,,,,,,,,,,,,,,,,,,,,,,,,,,,
HOLE_112,Jerimum de Cima,106316,3.00,4.00,1.00,QC,,,2.39,,,,,,,,,,,,,,,,,,,,,,,,,,,,,,,,,,,,,,,,,,,,,,,,,,,,,
HOLE_112,Jerimum de Cima,106317,4.00,5.00,1.00,QC,,,0.96,,,,,,,,,,,,,,,,,,,,,,,,,,,,,,,,,,,,,,,,,,,,,,,,,,,,,
HOLE_112,Jerimum de Cima,106318,5.00,6.00,1.00,QC,,,0.03,,,,,,,,,,,,,,,,,,,,,,,,,,,,,,,,,,,,,,,,,,,,,,,,,,,,,
HOLE_112,Jerimum de Cima,106319,6.00,7.00,1.00,QC,,,0.03,,,,,,,,,,,,,,,,,,,,,,,,,,,,,,,,,,,,,,,,,,,,,,,,,,,,,
HOLE_112,Jerimum de Cima,106320,7.00,8.00,1.00,SAP,SAP,PV,0.03,,,,,,,,,,,,,,,,,,,,,,,,,,,,,,,,,,,,,,,,,,,,,,,,,,,,,
HOLE_113,Jerimum de Cima,106321,6.00,7.00,1.00,QC,,,0.05,,,,,,,,,,,,,,,,,,,,,,,,,,,,,,,,,,,,,,,,,,,,,,,,,,,,,
HOLE_113,Jerimum de Cima,106322,7.00,8.30,1.30,SAP,,,0.06,,,,,,,,,,,,,,,,,,,,,,,,,,,,,,,,,,,,,,,,,,,,,,,,,,,,,
HOLE_114,Jerimum de Cima,106323,8.00,8.80,0.80,QC,,,0.17,,,,,,,,,,,,,,,,,,,,,,,,,,,,,,,,,,,,,,,,,,,,,,,,,,,,,
HOLE_115,Jerimum de Cima,106324,10.00,10.94,0.94,QC,,,0.22,,,,,,,,,,,,,,,,,,,,,,,,,,,,,,,,,,,,,,,,,,,,,,,,,,,,,
HOLE_115,Jerimum de Cima,106325,10.94,11.64,0.70,SAP,,,0.47,,,,,,,,,,,,,,,,,,,,,,,,,,,,,,,,,,,,,,,,,,,,,,,,,,,,,
HOLE_116,Jerimum de Cima,106326,1.00,1.37,0.37,QC,,,1.49,,,,,,,,,,,,,,,,,,,,,,,,,,,,,,,,,,,,,,,,,,,,,,,,,,,,,
HOLE_117,Jerimum de Cima,106327,6.00,6.56,0.56,QC,,,2.24,,,,,,,,,,,,,,,,,,,,,,,,,,,,,,,,,,,,,,,,,,,,,,,,,,,,,
HOLE_117,Jerimum de Cima,106328,6.56,7.70,1.14,SAP,,,0.16,,,,,,,,,,,,,,,,,,,,,,,,,,,,,,,,,,,,,,,,,,,,,,,,,,,,,
HOLE_118,Jerimum de Cima,106329,4.00,4.80,0.80,QC,,,1.12,,,,,,,,,,,,,,,,,,,,,,,,,,,,,,,,,,,,,,,,,,,,,,,,,,,,,
HOLE_118,Jerimum de Cima,106330,4.80,5.70,0.90,SAP,,,0.03,,,,,,,,,,,,,,,,,,,,,,,,,,,,,,,,,,,,,,,,,,,,,,,,,,,,,
HOLE_119,Jerimum de Cima,106331,4.00,4.50,0.50,QC,,,0.18,,,,,,,,,,,,,,,,,,,,,,,,,,,,,,,,,,,,,,,,,,,,,,,,,,,,,
